image,image_id,role,view,source_identifier
data/processed/cvbra_v1/images/train/target_0001_original.jpg,1,target,original,1
data/processed/cvbra_v1/images/train/target_0001_fog_0p6.png,1,target,fog_0p6,1
data/processed/cvbra_v1/images/train/target_0001_fog_1p0.png,1,target,fog_1p0,1
data/processed/cvbra_v1/images/train/target_0002_original.jpg,2,target,original,2
data/processed/cvbra_v1/images/train/target_0002_fog_0p6.png,2,target,fog_0p6,2
data/processed/cvbra_v1/images/train/target_0002_fog_1p0.png,2,target,fog_1p0,2
data/processed/cvbra_v1/images/train/target_0003_original.jpg,3,target,original,3
data/processed/cvbra_v1/images/train/target_0003_fog_0p6.png,3,target,fog_0p6,3
data/processed/cvbra_v1/images/train/target_0003_fog_1p0.png,3,target,fog_1p0,3
data/processed/cvbra_v1/images/train/target_0004_original.jpg,4,target,original,4
data/processed/cvbra_v1/images/train/target_0004_fog_0p6.png,4,target,fog_0p6,4
data/processed/cvbra_v1/images/train/target_0004_fog_1p0.png,4,target,fog_1p0,4
data/processed/cvbra_v1/images/train/target_0005_original.jpg,5,target,original,5
data/processed/cvbra_v1/images/train/target_0005_fog_0p6.png,5,target,fog_0p6,5
data/processed/cvbra_v1/images/train/target_0005_fog_1p0.png,5,target,fog_1p0,5
data/processed/cvbra_v1/images/train/target_0006_original.jpg,6,target,original,6
data/processed/cvbra_v1/images/train/target_0006_fog_0p6.png,6,target,fog_0p6,6
data/processed/cvbra_v1/images/train/target_0006_fog_1p0.png,6,target,fog_1p0,6
data/processed/cvbra_v1/images/train/target_0007_original.jpg,7,target,original,7
data/processed/cvbra_v1/images/train/target_0007_fog_0p6.png,7,target,fog_0p6,7
data/processed/cvbra_v1/images/train/target_0007_fog_1p0.png,7,target,fog_1p0,7
data/processed/cvbra_v1/images/train/target_0008_original.jpg,8,target,original,8
data/processed/cvbra_v1/images/train/target_0008_fog_0p6.png,8,target,fog_0p6,8
data/processed/cvbra_v1/images/train/target_0008_fog_1p0.png,8,target,fog_1p0,8
data/processed/cvbra_v1/images/train/target_0009_original.jpg,9,target,original,9
data/processed/cvbra_v1/images/train/target_0009_fog_0p6.png,9,target,fog_0p6,9
data/processed/cvbra_v1/images/train/target_0009_fog_1p0.png,9,target,fog_1p0,9
data/processed/cvbra_v1/images/train/target_0010_original.jpg,10,target,original,10
data/processed/cvbra_v1/images/train/target_0010_fog_0p6.png,10,target,fog_0p6,10
data/processed/cvbra_v1/images/train/target_0010_fog_1p0.png,10,target,fog_1p0,10
data/processed/cvbra_v1/images/train/target_0011_original.jpg,11,target,original,11
data/processed/cvbra_v1/images/train/target_0011_fog_0p6.png,11,target,fog_0p6,11
data/processed/cvbra_v1/images/train/target_0011_fog_1p0.png,11,target,fog_1p0,11
data/processed/cvbra_v1/images/train/target_0012_original.jpg,12,target,original,12
data/processed/cvbra_v1/images/train/target_0012_fog_0p6.png,12,target,fog_0p6,12
data/processed/cvbra_v1/images/train/target_0012_fog_1p0.png,12,target,fog_1p0,12
data/processed/cvbra_v1/images/train/target_0013_original.jpg,13,target,original,13
data/processed/cvbra_v1/images/train/target_0013_fog_0p6.png,13,target,fog_0p6,13
data/processed/cvbra_v1/images/train/target_0013_fog_1p0.png,13,target,fog_1p0,13
data/processed/cvbra_v1/images/train/target_0014_original.jpg,14,target,original,14
data/processed/cvbra_v1/images/train/target_0014_fog_0p6.png,14,target,fog_0p6,14
data/processed/cvbra_v1/images/train/target_0014_fog_1p0.png,14,target,fog_1p0,14
data/processed/cvbra_v1/images/train/target_0015_original.jpg,15,target,original,15
data/processed/cvbra_v1/images/train/target_0015_fog_0p6.png,15,target,fog_0p6,15
data/processed/cvbra_v1/images/train/target_0015_fog_1p0.png,15,target,fog_1p0,15
data/processed/cvbra_v1/images/train/target_0016_original.jpg,16,target,original,16
data/processed/cvbra_v1/images/train/target_0016_fog_0p6.png,16,target,fog_0p6,16
data/processed/cvbra_v1/images/train/target_0016_fog_1p0.png,16,target,fog_1p0,16
data/processed/cvbra_v1/images/train/target_0017_original.jpg,17,target,original,17
data/processed/cvbra_v1/images/train/target_0017_fog_0p6.png,17,target,fog_0p6,17
data/processed/cvbra_v1/images/train/target_0017_fog_1p0.png,17,target,fog_1p0,17
data/processed/cvbra_v1/images/train/target_0018_original.jpg,18,target,original,18
data/processed/cvbra_v1/images/train/target_0018_fog_0p6.png,18,target,fog_0p6,18
data/processed/cvbra_v1/images/train/target_0018_fog_1p0.png,18,target,fog_1p0,18
data/processed/cvbra_v1/images/train/target_0019_original.jpg,19,target,original,19
data/processed/cvbra_v1/images/train/target_0019_fog_0p6.png,19,target,fog_0p6,19
data/processed/cvbra_v1/images/train/target_0019_fog_1p0.png,19,target,fog_1p0,19
data/processed/cvbra_v1/images/train/target_0020_original.jpg,20,target,original,20
data/processed/cvbra_v1/images/train/target_0020_fog_0p6.png,20,target,fog_0p6,20
data/processed/cvbra_v1/images/train/target_0020_fog_1p0.png,20,target,fog_1p0,20
data/processed/cvbra_v1/images/train/target_0021_original.jpg,21,target,original,21
data/processed/cvbra_v1/images/train/target_0021_fog_0p6.png,21,target,fog_0p6,21
data/processed/cvbra_v1/images/train/target_0021_fog_1p0.png,21,target,fog_1p0,21
data/processed/cvbra_v1/images/train/target_0022_original.jpg,22,target,original,22
data/processed/cvbra_v1/images/train/target_0022_fog_0p6.png,22,target,fog_0p6,22
data/processed/cvbra_v1/images/train/target_0022_fog_1p0.png,22,target,fog_1p0,22
data/processed/cvbra_v1/images/train/target_0023_original.jpg,23,target,original,23
data/processed/cvbra_v1/images/train/target_0023_fog_0p6.png,23,target,fog_0p6,23
data/processed/cvbra_v1/images/train/target_0023_fog_1p0.png,23,target,fog_1p0,23
data/processed/cvbra_v1/images/train/target_0024_original.jpg,24,target,original,24
data/processed/cvbra_v1/images/train/target_0024_fog_0p6.png,24,target,fog_0p6,24
data/processed/cvbra_v1/images/train/target_0024_fog_1p0.png,24,target,fog_1p0,24
data/processed/cvbra_v1/images/train/target_0025_original.jpg,25,target,original,25
data/processed/cvbra_v1/images/train/target_0025_fog_0p6.png,25,target,fog_0p6,25
data/processed/cvbra_v1/images/train/target_0025_fog_1p0.png,25,target,fog_1p0,25
data/processed/cvbra_v1/images/train/target_0026_original.jpg,26,target,original,26
data/processed/cvbra_v1/images/train/target_0026_fog_0p6.png,26,target,fog_0p6,26
data/processed/cvbra_v1/images/train/target_0026_fog_1p0.png,26,target,fog_1p0,26
data/processed/cvbra_v1/images/train/target_0027_original.jpg,27,target,original,27
data/processed/cvbra_v1/images/train/target_0027_fog_0p6.png,27,target,fog_0p6,27
data/processed/cvbra_v1/images/train/target_0027_fog_1p0.png,27,target,fog_1p0,27
data/processed/cvbra_v1/images/train/target_0028_original.jpg,28,target,original,28
data/processed/cvbra_v1/images/train/target_0028_fog_0p6.png,28,target,fog_0p6,28
data/processed/cvbra_v1/images/train/target_0028_fog_1p0.png,28,target,fog_1p0,28
data/processed/cvbra_v1/images/train/target_0029_original.jpg,29,target,original,29
data/processed/cvbra_v1/images/train/target_0029_fog_0p6.png,29,target,fog_0p6,29
data/processed/cvbra_v1/images/train/target_0029_fog_1p0.png,29,target,fog_1p0,29
data/processed/cvbra_v1/images/train/target_0030_original.jpg,30,target,original,30
data/processed/cvbra_v1/images/train/target_0030_fog_0p6.png,30,target,fog_0p6,30
data/processed/cvbra_v1/images/train/target_0030_fog_1p0.png,30,target,fog_1p0,30
data/processed/cvbra_v1/images/train/target_0031_original.jpg,31,target,original,31
data/processed/cvbra_v1/images/train/target_0031_fog_0p6.png,31,target,fog_0p6,31
data/processed/cvbra_v1/images/train/target_0031_fog_1p0.png,31,target,fog_1p0,31
data/processed/cvbra_v1/images/train/target_0032_original.jpg,32,target,original,32
data/processed/cvbra_v1/images/train/target_0032_fog_0p6.png,32,target,fog_0p6,32
data/processed/cvbra_v1/images/train/target_0032_fog_1p0.png,32,target,fog_1p0,32
data/processed/cvbra_v1/images/train/target_0033_original.jpg,33,target,original,33
data/processed/cvbra_v1/images/train/target_0033_fog_0p6.png,33,target,fog_0p6,33
data/processed/cvbra_v1/images/train/target_0033_fog_1p0.png,33,target,fog_1p0,33
data/processed/cvbra_v1/images/train/target_0034_original.jpg,34,target,original,34
data/processed/cvbra_v1/images/train/target_0034_fog_0p6.png,34,target,fog_0p6,34
data/processed/cvbra_v1/images/train/target_0034_fog_1p0.png,34,target,fog_1p0,34
data/processed/cvbra_v1/images/train/target_0035_original.jpg,35,target,original,35
data/processed/cvbra_v1/images/train/target_0035_fog_0p6.png,35,target,fog_0p6,35
data/processed/cvbra_v1/images/train/target_0035_fog_1p0.png,35,target,fog_1p0,35
data/processed/cvbra_v1/images/train/target_0036_original.jpg,36,target,original,36
data/processed/cvbra_v1/images/train/target_0036_fog_0p6.png,36,target,fog_0p6,36
data/processed/cvbra_v1/images/train/target_0036_fog_1p0.png,36,target,fog_1p0,36
data/processed/cvbra_v1/images/train/target_0037_original.jpg,37,target,original,37
data/processed/cvbra_v1/images/train/target_0037_fog_0p6.png,37,target,fog_0p6,37
data/processed/cvbra_v1/images/train/target_0037_fog_1p0.png,37,target,fog_1p0,37
data/processed/cvbra_v1/images/train/target_0038_original.jpg,38,target,original,38
data/processed/cvbra_v1/images/train/target_0038_fog_0p6.png,38,target,fog_0p6,38
data/processed/cvbra_v1/images/train/target_0038_fog_1p0.png,38,target,fog_1p0,38
data/processed/cvbra_v1/images/train/target_0039_original.jpg,39,target,original,39
data/processed/cvbra_v1/images/train/target_0039_fog_0p6.png,39,target,fog_0p6,39
data/processed/cvbra_v1/images/train/target_0039_fog_1p0.png,39,target,fog_1p0,39
data/processed/cvbra_v1/images/train/target_0040_original.jpg,40,target,original,40
data/processed/cvbra_v1/images/train/target_0040_fog_0p6.png,40,target,fog_0p6,40
data/processed/cvbra_v1/images/train/target_0040_fog_1p0.png,40,target,fog_1p0,40
data/processed/cvbra_v1/images/train/target_0041_original.jpg,41,target,original,41
data/processed/cvbra_v1/images/train/target_0041_fog_0p6.png,41,target,fog_0p6,41
data/processed/cvbra_v1/images/train/target_0041_fog_1p0.png,41,target,fog_1p0,41
data/processed/cvbra_v1/images/train/target_0042_original.jpg,42,target,original,42
data/processed/cvbra_v1/images/train/target_0042_fog_0p6.png,42,target,fog_0p6,42
data/processed/cvbra_v1/images/train/target_0042_fog_1p0.png,42,target,fog_1p0,42
data/processed/cvbra_v1/images/train/target_0043_original.jpg,43,target,original,43
data/processed/cvbra_v1/images/train/target_0043_fog_0p6.png,43,target,fog_0p6,43
data/processed/cvbra_v1/images/train/target_0043_fog_1p0.png,43,target,fog_1p0,43
data/processed/cvbra_v1/images/train/target_0044_original.jpg,44,target,original,44
data/processed/cvbra_v1/images/train/target_0044_fog_0p6.png,44,target,fog_0p6,44
data/processed/cvbra_v1/images/train/target_0044_fog_1p0.png,44,target,fog_1p0,44
data/processed/cvbra_v1/images/train/target_0045_original.jpg,45,target,original,45
data/processed/cvbra_v1/images/train/target_0045_fog_0p6.png,45,target,fog_0p6,45
data/processed/cvbra_v1/images/train/target_0045_fog_1p0.png,45,target,fog_1p0,45
data/processed/cvbra_v1/images/train/target_0046_original.jpg,46,target,original,46
data/processed/cvbra_v1/images/train/target_0046_fog_0p6.png,46,target,fog_0p6,46
data/processed/cvbra_v1/images/train/target_0046_fog_1p0.png,46,target,fog_1p0,46
data/processed/cvbra_v1/images/train/target_0047_original.jpg,47,target,original,47
data/processed/cvbra_v1/images/train/target_0047_fog_0p6.png,47,target,fog_0p6,47
data/processed/cvbra_v1/images/train/target_0047_fog_1p0.png,47,target,fog_1p0,47
data/processed/cvbra_v1/images/train/target_0048_original.jpg,48,target,original,48
data/processed/cvbra_v1/images/train/target_0048_fog_0p6.png,48,target,fog_0p6,48
data/processed/cvbra_v1/images/train/target_0048_fog_1p0.png,48,target,fog_1p0,48
data/processed/cvbra_v1/images/train/target_0049_original.jpg,49,target,original,49
data/processed/cvbra_v1/images/train/target_0049_fog_0p6.png,49,target,fog_0p6,49
data/processed/cvbra_v1/images/train/target_0049_fog_1p0.png,49,target,fog_1p0,49
data/processed/cvbra_v1/images/train/target_0050_original.jpg,50,target,original,50
data/processed/cvbra_v1/images/train/target_0050_fog_0p6.png,50,target,fog_0p6,50
data/processed/cvbra_v1/images/train/target_0050_fog_1p0.png,50,target,fog_1p0,50
data/processed/cvbra_v1/images/train/target_0051_original.jpg,51,target,original,51
data/processed/cvbra_v1/images/train/target_0051_fog_0p6.png,51,target,fog_0p6,51
data/processed/cvbra_v1/images/train/target_0051_fog_1p0.png,51,target,fog_1p0,51
data/processed/cvbra_v1/images/train/target_0052_original.jpg,52,target,original,52
data/processed/cvbra_v1/images/train/target_0052_fog_0p6.png,52,target,fog_0p6,52
data/processed/cvbra_v1/images/train/target_0052_fog_1p0.png,52,target,fog_1p0,52
data/processed/cvbra_v1/images/train/target_0053_original.jpg,53,target,original,53
data/processed/cvbra_v1/images/train/target_0053_fog_0p6.png,53,target,fog_0p6,53
data/processed/cvbra_v1/images/train/target_0053_fog_1p0.png,53,target,fog_1p0,53
data/processed/cvbra_v1/images/train/target_0054_original.jpg,54,target,original,54
data/processed/cvbra_v1/images/train/target_0054_fog_0p6.png,54,target,fog_0p6,54
data/processed/cvbra_v1/images/train/target_0054_fog_1p0.png,54,target,fog_1p0,54
data/processed/cvbra_v1/images/train/target_0055_original.jpg,55,target,original,55
data/processed/cvbra_v1/images/train/target_0055_fog_0p6.png,55,target,fog_0p6,55
data/processed/cvbra_v1/images/train/target_0055_fog_1p0.png,55,target,fog_1p0,55
data/processed/cvbra_v1/images/train/target_0056_original.jpg,56,target,original,56
data/processed/cvbra_v1/images/train/target_0056_fog_0p6.png,56,target,fog_0p6,56
data/processed/cvbra_v1/images/train/target_0056_fog_1p0.png,56,target,fog_1p0,56
data/processed/cvbra_v1/images/train/target_0057_original.jpg,57,target,original,57
data/processed/cvbra_v1/images/train/target_0057_fog_0p6.png,57,target,fog_0p6,57
data/processed/cvbra_v1/images/train/target_0057_fog_1p0.png,57,target,fog_1p0,57
data/processed/cvbra_v1/images/train/target_0058_original.jpg,58,target,original,58
data/processed/cvbra_v1/images/train/target_0058_fog_0p6.png,58,target,fog_0p6,58
data/processed/cvbra_v1/images/train/target_0058_fog_1p0.png,58,target,fog_1p0,58
data/processed/cvbra_v1/images/train/target_0059_original.jpg,59,target,original,59
data/processed/cvbra_v1/images/train/target_0059_fog_0p6.png,59,target,fog_0p6,59
data/processed/cvbra_v1/images/train/target_0059_fog_1p0.png,59,target,fog_1p0,59
data/processed/cvbra_v1/images/train/target_0060_original.jpg,60,target,original,60
data/processed/cvbra_v1/images/train/target_0060_fog_0p6.png,60,target,fog_0p6,60
data/processed/cvbra_v1/images/train/target_0060_fog_1p0.png,60,target,fog_1p0,60
data/processed/cvbra_v1/images/train/target_0061_original.jpg,61,target,original,61
data/processed/cvbra_v1/images/train/target_0061_fog_0p6.png,61,target,fog_0p6,61
data/processed/cvbra_v1/images/train/target_0061_fog_1p0.png,61,target,fog_1p0,61
data/processed/cvbra_v1/images/train/target_0062_original.jpg,62,target,original,62
data/processed/cvbra_v1/images/train/target_0062_fog_0p6.png,62,target,fog_0p6,62
data/processed/cvbra_v1/images/train/target_0062_fog_1p0.png,62,target,fog_1p0,62
data/processed/cvbra_v1/images/train/target_0063_original.jpg,63,target,original,63
data/processed/cvbra_v1/images/train/target_0063_fog_0p6.png,63,target,fog_0p6,63
data/processed/cvbra_v1/images/train/target_0063_fog_1p0.png,63,target,fog_1p0,63
data/processed/cvbra_v1/images/train/target_0064_original.jpg,64,target,original,64
data/processed/cvbra_v1/images/train/target_0064_fog_0p6.png,64,target,fog_0p6,64
data/processed/cvbra_v1/images/train/target_0064_fog_1p0.png,64,target,fog_1p0,64
data/processed/cvbra_v1/images/train/target_0065_original.jpg,65,target,original,65
data/processed/cvbra_v1/images/train/target_0065_fog_0p6.png,65,target,fog_0p6,65
data/processed/cvbra_v1/images/train/target_0065_fog_1p0.png,65,target,fog_1p0,65
data/processed/cvbra_v1/images/train/target_0066_original.jpg,66,target,original,66
data/processed/cvbra_v1/images/train/target_0066_fog_0p6.png,66,target,fog_0p6,66
data/processed/cvbra_v1/images/train/target_0066_fog_1p0.png,66,target,fog_1p0,66
data/processed/cvbra_v1/images/train/target_0067_original.jpg,67,target,original,67
data/processed/cvbra_v1/images/train/target_0067_fog_0p6.png,67,target,fog_0p6,67
data/processed/cvbra_v1/images/train/target_0067_fog_1p0.png,67,target,fog_1p0,67
data/processed/cvbra_v1/images/train/target_0068_original.jpg,68,target,original,68
data/processed/cvbra_v1/images/train/target_0068_fog_0p6.png,68,target,fog_0p6,68
data/processed/cvbra_v1/images/train/target_0068_fog_1p0.png,68,target,fog_1p0,68
data/processed/cvbra_v1/images/train/target_0069_original.jpg,69,target,original,69
data/processed/cvbra_v1/images/train/target_0069_fog_0p6.png,69,target,fog_0p6,69
data/processed/cvbra_v1/images/train/target_0069_fog_1p0.png,69,target,fog_1p0,69
data/processed/cvbra_v1/images/train/target_0070_original.jpg,70,target,original,70
data/processed/cvbra_v1/images/train/target_0070_fog_0p6.png,70,target,fog_0p6,70
data/processed/cvbra_v1/images/train/target_0070_fog_1p0.png,70,target,fog_1p0,70
data/processed/cvbra_v1/images/train/target_0071_original.jpg,71,target,original,71
data/processed/cvbra_v1/images/train/target_0071_fog_0p6.png,71,target,fog_0p6,71
data/processed/cvbra_v1/images/train/target_0071_fog_1p0.png,71,target,fog_1p0,71
data/processed/cvbra_v1/images/train/target_0072_original.jpg,72,target,original,72
data/processed/cvbra_v1/images/train/target_0072_fog_0p6.png,72,target,fog_0p6,72
data/processed/cvbra_v1/images/train/target_0072_fog_1p0.png,72,target,fog_1p0,72
data/processed/cvbra_v1/images/train/target_0073_original.jpg,73,target,original,73
data/processed/cvbra_v1/images/train/target_0073_fog_0p6.png,73,target,fog_0p6,73
data/processed/cvbra_v1/images/train/target_0073_fog_1p0.png,73,target,fog_1p0,73
data/processed/cvbra_v1/images/train/target_0074_original.jpg,74,target,original,74
data/processed/cvbra_v1/images/train/target_0074_fog_0p6.png,74,target,fog_0p6,74
data/processed/cvbra_v1/images/train/target_0074_fog_1p0.png,74,target,fog_1p0,74
data/processed/cvbra_v1/images/train/target_0075_original.jpg,75,target,original,75
data/processed/cvbra_v1/images/train/target_0075_fog_0p6.png,75,target,fog_0p6,75
data/processed/cvbra_v1/images/train/target_0075_fog_1p0.png,75,target,fog_1p0,75
data/processed/cvbra_v1/images/train/target_0076_original.jpg,76,target,original,76
data/processed/cvbra_v1/images/train/target_0076_fog_0p6.png,76,target,fog_0p6,76
data/processed/cvbra_v1/images/train/target_0076_fog_1p0.png,76,target,fog_1p0,76
data/processed/cvbra_v1/images/train/target_0077_original.jpg,77,target,original,77
data/processed/cvbra_v1/images/train/target_0077_fog_0p6.png,77,target,fog_0p6,77
data/processed/cvbra_v1/images/train/target_0077_fog_1p0.png,77,target,fog_1p0,77
data/processed/cvbra_v1/images/train/target_0078_original.jpg,78,target,original,78
data/processed/cvbra_v1/images/train/target_0078_fog_0p6.png,78,target,fog_0p6,78
data/processed/cvbra_v1/images/train/target_0078_fog_1p0.png,78,target,fog_1p0,78
data/processed/cvbra_v1/images/train/target_0079_original.jpg,79,target,original,79
data/processed/cvbra_v1/images/train/target_0079_fog_0p6.png,79,target,fog_0p6,79
data/processed/cvbra_v1/images/train/target_0079_fog_1p0.png,79,target,fog_1p0,79
data/processed/cvbra_v1/images/train/target_0080_original.jpg,80,target,original,80
data/processed/cvbra_v1/images/train/target_0080_fog_0p6.png,80,target,fog_0p6,80
data/processed/cvbra_v1/images/train/target_0080_fog_1p0.png,80,target,fog_1p0,80
data/processed/cvbra_v1/images/train/target_0081_original.jpg,81,target,original,81
data/processed/cvbra_v1/images/train/target_0081_fog_0p6.png,81,target,fog_0p6,81
data/processed/cvbra_v1/images/train/target_0081_fog_1p0.png,81,target,fog_1p0,81
data/processed/cvbra_v1/images/train/target_0082_original.jpg,82,target,original,82
data/processed/cvbra_v1/images/train/target_0082_fog_0p6.png,82,target,fog_0p6,82
data/processed/cvbra_v1/images/train/target_0082_fog_1p0.png,82,target,fog_1p0,82
data/processed/cvbra_v1/images/train/target_0083_original.jpg,83,target,original,83
data/processed/cvbra_v1/images/train/target_0083_fog_0p6.png,83,target,fog_0p6,83
data/processed/cvbra_v1/images/train/target_0083_fog_1p0.png,83,target,fog_1p0,83
data/processed/cvbra_v1/images/train/target_0084_original.jpg,84,target,original,84
data/processed/cvbra_v1/images/train/target_0084_fog_0p6.png,84,target,fog_0p6,84
data/processed/cvbra_v1/images/train/target_0084_fog_1p0.png,84,target,fog_1p0,84
data/processed/cvbra_v1/images/train/target_0085_original.jpg,85,target,original,85
data/processed/cvbra_v1/images/train/target_0085_fog_0p6.png,85,target,fog_0p6,85
data/processed/cvbra_v1/images/train/target_0085_fog_1p0.png,85,target,fog_1p0,85
data/processed/cvbra_v1/images/train/target_0086_original.jpg,86,target,original,86
data/processed/cvbra_v1/images/train/target_0086_fog_0p6.png,86,target,fog_0p6,86
data/processed/cvbra_v1/images/train/target_0086_fog_1p0.png,86,target,fog_1p0,86
data/processed/cvbra_v1/images/train/target_0087_original.jpg,87,target,original,87
data/processed/cvbra_v1/images/train/target_0087_fog_0p6.png,87,target,fog_0p6,87
data/processed/cvbra_v1/images/train/target_0087_fog_1p0.png,87,target,fog_1p0,87
data/processed/cvbra_v1/images/train/target_0088_original.jpg,88,target,original,88
data/processed/cvbra_v1/images/train/target_0088_fog_0p6.png,88,target,fog_0p6,88
data/processed/cvbra_v1/images/train/target_0088_fog_1p0.png,88,target,fog_1p0,88
data/processed/cvbra_v1/images/train/target_0089_original.jpg,89,target,original,89
data/processed/cvbra_v1/images/train/target_0089_fog_0p6.png,89,target,fog_0p6,89
data/processed/cvbra_v1/images/train/target_0089_fog_1p0.png,89,target,fog_1p0,89
data/processed/cvbra_v1/images/train/target_0090_original.jpg,90,target,original,90
data/processed/cvbra_v1/images/train/target_0090_fog_0p6.png,90,target,fog_0p6,90
data/processed/cvbra_v1/images/train/target_0090_fog_1p0.png,90,target,fog_1p0,90
data/processed/cvbra_v1/images/train/target_0091_original.jpg,91,target,original,91
data/processed/cvbra_v1/images/train/target_0091_fog_0p6.png,91,target,fog_0p6,91
data/processed/cvbra_v1/images/train/target_0091_fog_1p0.png,91,target,fog_1p0,91
data/processed/cvbra_v1/images/train/target_0092_original.jpg,92,target,original,92
data/processed/cvbra_v1/images/train/target_0092_fog_0p6.png,92,target,fog_0p6,92
data/processed/cvbra_v1/images/train/target_0092_fog_1p0.png,92,target,fog_1p0,92
data/processed/cvbra_v1/images/train/target_0093_original.jpg,93,target,original,93
data/processed/cvbra_v1/images/train/target_0093_fog_0p6.png,93,target,fog_0p6,93
data/processed/cvbra_v1/images/train/target_0093_fog_1p0.png,93,target,fog_1p0,93
data/processed/cvbra_v1/images/train/target_0094_original.jpg,94,target,original,94
data/processed/cvbra_v1/images/train/target_0094_fog_0p6.png,94,target,fog_0p6,94
data/processed/cvbra_v1/images/train/target_0094_fog_1p0.png,94,target,fog_1p0,94
data/processed/cvbra_v1/images/train/target_0095_original.jpg,95,target,original,95
data/processed/cvbra_v1/images/train/target_0095_fog_0p6.png,95,target,fog_0p6,95
data/processed/cvbra_v1/images/train/target_0095_fog_1p0.png,95,target,fog_1p0,95
data/processed/cvbra_v1/images/train/target_0096_original.jpg,96,target,original,96
data/processed/cvbra_v1/images/train/target_0096_fog_0p6.png,96,target,fog_0p6,96
data/processed/cvbra_v1/images/train/target_0096_fog_1p0.png,96,target,fog_1p0,96
data/processed/cvbra_v1/images/train/target_0097_original.jpg,97,target,original,97
data/processed/cvbra_v1/images/train/target_0097_fog_0p6.png,97,target,fog_0p6,97
data/processed/cvbra_v1/images/train/target_0097_fog_1p0.png,97,target,fog_1p0,97
data/processed/cvbra_v1/images/train/target_0098_original.jpg,98,target,original,98
data/processed/cvbra_v1/images/train/target_0098_fog_0p6.png,98,target,fog_0p6,98
data/processed/cvbra_v1/images/train/target_0098_fog_1p0.png,98,target,fog_1p0,98
data/processed/cvbra_v1/images/train/target_0099_original.jpg,99,target,original,99
data/processed/cvbra_v1/images/train/target_0099_fog_0p6.png,99,target,fog_0p6,99
data/processed/cvbra_v1/images/train/target_0099_fog_1p0.png,99,target,fog_1p0,99
data/processed/cvbra_v1/images/train/target_0100_original.jpg,100,target,original,100
data/processed/cvbra_v1/images/train/target_0100_fog_0p6.png,100,target,fog_0p6,100
data/processed/cvbra_v1/images/train/target_0100_fog_1p0.png,100,target,fog_1p0,100
data/processed/cvbra_v1/images/train/target_0101_original.jpg,101,target,original,101
data/processed/cvbra_v1/images/train/target_0101_fog_0p6.png,101,target,fog_0p6,101
data/processed/cvbra_v1/images/train/target_0101_fog_1p0.png,101,target,fog_1p0,101
data/processed/cvbra_v1/images/train/target_0102_original.jpg,102,target,original,102
data/processed/cvbra_v1/images/train/target_0102_fog_0p6.png,102,target,fog_0p6,102
data/processed/cvbra_v1/images/train/target_0102_fog_1p0.png,102,target,fog_1p0,102
data/processed/cvbra_v1/images/train/target_0103_original.jpg,103,target,original,103
data/processed/cvbra_v1/images/train/target_0103_fog_0p6.png,103,target,fog_0p6,103
data/processed/cvbra_v1/images/train/target_0103_fog_1p0.png,103,target,fog_1p0,103
data/processed/cvbra_v1/images/train/target_0104_original.jpg,104,target,original,104
data/processed/cvbra_v1/images/train/target_0104_fog_0p6.png,104,target,fog_0p6,104
data/processed/cvbra_v1/images/train/target_0104_fog_1p0.png,104,target,fog_1p0,104
data/processed/cvbra_v1/images/train/target_0105_original.jpg,105,target,original,105
data/processed/cvbra_v1/images/train/target_0105_fog_0p6.png,105,target,fog_0p6,105
data/processed/cvbra_v1/images/train/target_0105_fog_1p0.png,105,target,fog_1p0,105
data/processed/cvbra_v1/images/train/target_0106_original.jpg,106,target,original,106
data/processed/cvbra_v1/images/train/target_0106_fog_0p6.png,106,target,fog_0p6,106
data/processed/cvbra_v1/images/train/target_0106_fog_1p0.png,106,target,fog_1p0,106
data/processed/cvbra_v1/images/train/target_0107_original.jpg,107,target,original,107
data/processed/cvbra_v1/images/train/target_0107_fog_0p6.png,107,target,fog_0p6,107
data/processed/cvbra_v1/images/train/target_0107_fog_1p0.png,107,target,fog_1p0,107
data/processed/cvbra_v1/images/train/target_0108_original.jpg,108,target,original,108
data/processed/cvbra_v1/images/train/target_0108_fog_0p6.png,108,target,fog_0p6,108
data/processed/cvbra_v1/images/train/target_0108_fog_1p0.png,108,target,fog_1p0,108
data/processed/cvbra_v1/images/train/target_0109_original.jpg,109,target,original,109
data/processed/cvbra_v1/images/train/target_0109_fog_0p6.png,109,target,fog_0p6,109
data/processed/cvbra_v1/images/train/target_0109_fog_1p0.png,109,target,fog_1p0,109
data/processed/cvbra_v1/images/train/target_0110_original.jpg,110,target,original,110
data/processed/cvbra_v1/images/train/target_0110_fog_0p6.png,110,target,fog_0p6,110
data/processed/cvbra_v1/images/train/target_0110_fog_1p0.png,110,target,fog_1p0,110
data/processed/cvbra_v1/images/train/target_0111_original.jpg,111,target,original,111
data/processed/cvbra_v1/images/train/target_0111_fog_0p6.png,111,target,fog_0p6,111
data/processed/cvbra_v1/images/train/target_0111_fog_1p0.png,111,target,fog_1p0,111
data/processed/cvbra_v1/images/train/target_0112_original.jpg,112,target,original,112
data/processed/cvbra_v1/images/train/target_0112_fog_0p6.png,112,target,fog_0p6,112
data/processed/cvbra_v1/images/train/target_0112_fog_1p0.png,112,target,fog_1p0,112
data/processed/cvbra_v1/images/train/target_0113_original.jpg,113,target,original,113
data/processed/cvbra_v1/images/train/target_0113_fog_0p6.png,113,target,fog_0p6,113
data/processed/cvbra_v1/images/train/target_0113_fog_1p0.png,113,target,fog_1p0,113
data/processed/cvbra_v1/images/train/target_0114_original.jpg,114,target,original,114
data/processed/cvbra_v1/images/train/target_0114_fog_0p6.png,114,target,fog_0p6,114
data/processed/cvbra_v1/images/train/target_0114_fog_1p0.png,114,target,fog_1p0,114
data/processed/cvbra_v1/images/train/target_0115_original.jpg,115,target,original,115
data/processed/cvbra_v1/images/train/target_0115_fog_0p6.png,115,target,fog_0p6,115
data/processed/cvbra_v1/images/train/target_0115_fog_1p0.png,115,target,fog_1p0,115
data/processed/cvbra_v1/images/train/target_0116_original.jpg,116,target,original,116
data/processed/cvbra_v1/images/train/target_0116_fog_0p6.png,116,target,fog_0p6,116
data/processed/cvbra_v1/images/train/target_0116_fog_1p0.png,116,target,fog_1p0,116
data/processed/cvbra_v1/images/train/target_0117_original.jpg,117,target,original,117
data/processed/cvbra_v1/images/train/target_0117_fog_0p6.png,117,target,fog_0p6,117
data/processed/cvbra_v1/images/train/target_0117_fog_1p0.png,117,target,fog_1p0,117
data/processed/cvbra_v1/images/train/target_0118_original.jpg,118,target,original,118
data/processed/cvbra_v1/images/train/target_0118_fog_0p6.png,118,target,fog_0p6,118
data/processed/cvbra_v1/images/train/target_0118_fog_1p0.png,118,target,fog_1p0,118
data/processed/cvbra_v1/images/train/target_0119_original.jpg,119,target,original,119
data/processed/cvbra_v1/images/train/target_0119_fog_0p6.png,119,target,fog_0p6,119
data/processed/cvbra_v1/images/train/target_0119_fog_1p0.png,119,target,fog_1p0,119
data/processed/cvbra_v1/images/train/target_0120_original.jpg,120,target,original,120
data/processed/cvbra_v1/images/train/target_0120_fog_0p6.png,120,target,fog_0p6,120
data/processed/cvbra_v1/images/train/target_0120_fog_1p0.png,120,target,fog_1p0,120
data/processed/cvbra_v1/images/train/target_0121_original.jpg,121,target,original,121
data/processed/cvbra_v1/images/train/target_0121_fog_0p6.png,121,target,fog_0p6,121
data/processed/cvbra_v1/images/train/target_0121_fog_1p0.png,121,target,fog_1p0,121
data/processed/cvbra_v1/images/train/target_0122_original.jpg,122,target,original,122
data/processed/cvbra_v1/images/train/target_0122_fog_0p6.png,122,target,fog_0p6,122
data/processed/cvbra_v1/images/train/target_0122_fog_1p0.png,122,target,fog_1p0,122
data/processed/cvbra_v1/images/train/target_0123_original.jpg,123,target,original,123
data/processed/cvbra_v1/images/train/target_0123_fog_0p6.png,123,target,fog_0p6,123
data/processed/cvbra_v1/images/train/target_0123_fog_1p0.png,123,target,fog_1p0,123
data/processed/cvbra_v1/images/train/target_0124_original.jpg,124,target,original,124
data/processed/cvbra_v1/images/train/target_0124_fog_0p6.png,124,target,fog_0p6,124
data/processed/cvbra_v1/images/train/target_0124_fog_1p0.png,124,target,fog_1p0,124
data/processed/cvbra_v1/images/train/target_0125_original.jpg,125,target,original,125
data/processed/cvbra_v1/images/train/target_0125_fog_0p6.png,125,target,fog_0p6,125
data/processed/cvbra_v1/images/train/target_0125_fog_1p0.png,125,target,fog_1p0,125
data/processed/cvbra_v1/images/train/target_0126_original.jpg,126,target,original,126
data/processed/cvbra_v1/images/train/target_0126_fog_0p6.png,126,target,fog_0p6,126
data/processed/cvbra_v1/images/train/target_0126_fog_1p0.png,126,target,fog_1p0,126
data/processed/cvbra_v1/images/train/target_0127_original.jpg,127,target,original,127
data/processed/cvbra_v1/images/train/target_0127_fog_0p6.png,127,target,fog_0p6,127
data/processed/cvbra_v1/images/train/target_0127_fog_1p0.png,127,target,fog_1p0,127
data/processed/cvbra_v1/images/train/target_0128_original.jpg,128,target,original,128
data/processed/cvbra_v1/images/train/target_0128_fog_0p6.png,128,target,fog_0p6,128
data/processed/cvbra_v1/images/train/target_0128_fog_1p0.png,128,target,fog_1p0,128
data/processed/cvbra_v1/images/train/target_0129_original.jpg,129,target,original,129
data/processed/cvbra_v1/images/train/target_0129_fog_0p6.png,129,target,fog_0p6,129
data/processed/cvbra_v1/images/train/target_0129_fog_1p0.png,129,target,fog_1p0,129
data/processed/cvbra_v1/images/train/target_0130_original.jpg,130,target,original,130
data/processed/cvbra_v1/images/train/target_0130_fog_0p6.png,130,target,fog_0p6,130
data/processed/cvbra_v1/images/train/target_0130_fog_1p0.png,130,target,fog_1p0,130
data/processed/cvbra_v1/images/train/target_0131_original.jpg,131,target,original,131
data/processed/cvbra_v1/images/train/target_0131_fog_0p6.png,131,target,fog_0p6,131
data/processed/cvbra_v1/images/train/target_0131_fog_1p0.png,131,target,fog_1p0,131
data/processed/cvbra_v1/images/train/target_0132_original.jpg,132,target,original,132
data/processed/cvbra_v1/images/train/target_0132_fog_0p6.png,132,target,fog_0p6,132
data/processed/cvbra_v1/images/train/target_0132_fog_1p0.png,132,target,fog_1p0,132
data/processed/cvbra_v1/images/train/target_0133_original.jpg,133,target,original,133
data/processed/cvbra_v1/images/train/target_0133_fog_0p6.png,133,target,fog_0p6,133
data/processed/cvbra_v1/images/train/target_0133_fog_1p0.png,133,target,fog_1p0,133
data/processed/cvbra_v1/images/train/target_0134_original.jpg,134,target,original,134
data/processed/cvbra_v1/images/train/target_0134_fog_0p6.png,134,target,fog_0p6,134
data/processed/cvbra_v1/images/train/target_0134_fog_1p0.png,134,target,fog_1p0,134
data/processed/cvbra_v1/images/train/target_0135_original.jpg,135,target,original,135
data/processed/cvbra_v1/images/train/target_0135_fog_0p6.png,135,target,fog_0p6,135
data/processed/cvbra_v1/images/train/target_0135_fog_1p0.png,135,target,fog_1p0,135
data/processed/cvbra_v1/images/train/target_0136_original.jpg,136,target,original,136
data/processed/cvbra_v1/images/train/target_0136_fog_0p6.png,136,target,fog_0p6,136
data/processed/cvbra_v1/images/train/target_0136_fog_1p0.png,136,target,fog_1p0,136
data/processed/cvbra_v1/images/train/target_0137_original.jpg,137,target,original,137
data/processed/cvbra_v1/images/train/target_0137_fog_0p6.png,137,target,fog_0p6,137
data/processed/cvbra_v1/images/train/target_0137_fog_1p0.png,137,target,fog_1p0,137
data/processed/cvbra_v1/images/train/target_0138_original.jpg,138,target,original,138
data/processed/cvbra_v1/images/train/target_0138_fog_0p6.png,138,target,fog_0p6,138
data/processed/cvbra_v1/images/train/target_0138_fog_1p0.png,138,target,fog_1p0,138
data/processed/cvbra_v1/images/train/target_0139_original.jpg,139,target,original,139
data/processed/cvbra_v1/images/train/target_0139_fog_0p6.png,139,target,fog_0p6,139
data/processed/cvbra_v1/images/train/target_0139_fog_1p0.png,139,target,fog_1p0,139
data/processed/cvbra_v1/images/train/target_0140_original.jpg,140,target,original,140
data/processed/cvbra_v1/images/train/target_0140_fog_0p6.png,140,target,fog_0p6,140
data/processed/cvbra_v1/images/train/target_0140_fog_1p0.png,140,target,fog_1p0,140
data/processed/cvbra_v1/images/train/target_0141_original.jpg,141,target,original,141
data/processed/cvbra_v1/images/train/target_0141_fog_0p6.png,141,target,fog_0p6,141
data/processed/cvbra_v1/images/train/target_0141_fog_1p0.png,141,target,fog_1p0,141
data/processed/cvbra_v1/images/train/target_0142_original.jpg,142,target,original,142
data/processed/cvbra_v1/images/train/target_0142_fog_0p6.png,142,target,fog_0p6,142
data/processed/cvbra_v1/images/train/target_0142_fog_1p0.png,142,target,fog_1p0,142
data/processed/cvbra_v1/images/train/target_0143_original.jpg,143,target,original,143
data/processed/cvbra_v1/images/train/target_0143_fog_0p6.png,143,target,fog_0p6,143
data/processed/cvbra_v1/images/train/target_0143_fog_1p0.png,143,target,fog_1p0,143
data/processed/cvbra_v1/images/train/target_0144_original.jpg,144,target,original,144
data/processed/cvbra_v1/images/train/target_0144_fog_0p6.png,144,target,fog_0p6,144
data/processed/cvbra_v1/images/train/target_0144_fog_1p0.png,144,target,fog_1p0,144
data/processed/cvbra_v1/images/train/target_0145_original.jpg,145,target,original,145
data/processed/cvbra_v1/images/train/target_0145_fog_0p6.png,145,target,fog_0p6,145
data/processed/cvbra_v1/images/train/target_0145_fog_1p0.png,145,target,fog_1p0,145
data/processed/cvbra_v1/images/train/target_0146_original.jpg,146,target,original,146
data/processed/cvbra_v1/images/train/target_0146_fog_0p6.png,146,target,fog_0p6,146
data/processed/cvbra_v1/images/train/target_0146_fog_1p0.png,146,target,fog_1p0,146
data/processed/cvbra_v1/images/train/target_0147_original.jpg,147,target,original,147
data/processed/cvbra_v1/images/train/target_0147_fog_0p6.png,147,target,fog_0p6,147
data/processed/cvbra_v1/images/train/target_0147_fog_1p0.png,147,target,fog_1p0,147
data/processed/cvbra_v1/images/train/target_0148_original.jpg,148,target,original,148
data/processed/cvbra_v1/images/train/target_0148_fog_0p6.png,148,target,fog_0p6,148
data/processed/cvbra_v1/images/train/target_0148_fog_1p0.png,148,target,fog_1p0,148
data/processed/cvbra_v1/images/train/target_0149_original.jpg,149,target,original,149
data/processed/cvbra_v1/images/train/target_0149_fog_0p6.png,149,target,fog_0p6,149
data/processed/cvbra_v1/images/train/target_0149_fog_1p0.png,149,target,fog_1p0,149
data/processed/cvbra_v1/images/train/target_0150_original.jpg,150,target,original,150
data/processed/cvbra_v1/images/train/target_0150_fog_0p6.png,150,target,fog_0p6,150
data/processed/cvbra_v1/images/train/target_0150_fog_1p0.png,150,target,fog_1p0,150
data/processed/cvbra_v1/images/train/target_0151_original.jpg,151,target,original,151
data/processed/cvbra_v1/images/train/target_0151_fog_0p6.png,151,target,fog_0p6,151
data/processed/cvbra_v1/images/train/target_0151_fog_1p0.png,151,target,fog_1p0,151
data/processed/cvbra_v1/images/train/target_0152_original.jpg,152,target,original,152
data/processed/cvbra_v1/images/train/target_0152_fog_0p6.png,152,target,fog_0p6,152
data/processed/cvbra_v1/images/train/target_0152_fog_1p0.png,152,target,fog_1p0,152
data/processed/cvbra_v1/images/train/target_0153_original.jpg,153,target,original,153
data/processed/cvbra_v1/images/train/target_0153_fog_0p6.png,153,target,fog_0p6,153
data/processed/cvbra_v1/images/train/target_0153_fog_1p0.png,153,target,fog_1p0,153
data/processed/cvbra_v1/images/train/target_0154_original.jpg,154,target,original,154
data/processed/cvbra_v1/images/train/target_0154_fog_0p6.png,154,target,fog_0p6,154
data/processed/cvbra_v1/images/train/target_0154_fog_1p0.png,154,target,fog_1p0,154
data/processed/cvbra_v1/images/train/target_0155_original.jpg,155,target,original,155
data/processed/cvbra_v1/images/train/target_0155_fog_0p6.png,155,target,fog_0p6,155
data/processed/cvbra_v1/images/train/target_0155_fog_1p0.png,155,target,fog_1p0,155
data/processed/cvbra_v1/images/train/target_0156_original.jpg,156,target,original,156
data/processed/cvbra_v1/images/train/target_0156_fog_0p6.png,156,target,fog_0p6,156
data/processed/cvbra_v1/images/train/target_0156_fog_1p0.png,156,target,fog_1p0,156
data/processed/cvbra_v1/images/train/target_0157_original.jpg,157,target,original,157
data/processed/cvbra_v1/images/train/target_0157_fog_0p6.png,157,target,fog_0p6,157
data/processed/cvbra_v1/images/train/target_0157_fog_1p0.png,157,target,fog_1p0,157
data/processed/cvbra_v1/images/train/target_0158_original.jpg,158,target,original,158
data/processed/cvbra_v1/images/train/target_0158_fog_0p6.png,158,target,fog_0p6,158
data/processed/cvbra_v1/images/train/target_0158_fog_1p0.png,158,target,fog_1p0,158
data/processed/cvbra_v1/images/train/target_0159_original.jpg,159,target,original,159
data/processed/cvbra_v1/images/train/target_0159_fog_0p6.png,159,target,fog_0p6,159
data/processed/cvbra_v1/images/train/target_0159_fog_1p0.png,159,target,fog_1p0,159
data/processed/cvbra_v1/images/train/target_0160_original.jpg,160,target,original,160
data/processed/cvbra_v1/images/train/target_0160_fog_0p6.png,160,target,fog_0p6,160
data/processed/cvbra_v1/images/train/target_0160_fog_1p0.png,160,target,fog_1p0,160
data/processed/cvbra_v1/images/train/target_0161_original.jpg,161,target,original,161
data/processed/cvbra_v1/images/train/target_0161_fog_0p6.png,161,target,fog_0p6,161
data/processed/cvbra_v1/images/train/target_0161_fog_1p0.png,161,target,fog_1p0,161
data/processed/cvbra_v1/images/train/target_0162_original.jpg,162,target,original,162
data/processed/cvbra_v1/images/train/target_0162_fog_0p6.png,162,target,fog_0p6,162
data/processed/cvbra_v1/images/train/target_0162_fog_1p0.png,162,target,fog_1p0,162
data/processed/cvbra_v1/images/train/target_0163_original.jpg,163,target,original,163
data/processed/cvbra_v1/images/train/target_0163_fog_0p6.png,163,target,fog_0p6,163
data/processed/cvbra_v1/images/train/target_0163_fog_1p0.png,163,target,fog_1p0,163
data/processed/cvbra_v1/images/train/target_0164_original.jpg,164,target,original,164
data/processed/cvbra_v1/images/train/target_0164_fog_0p6.png,164,target,fog_0p6,164
data/processed/cvbra_v1/images/train/target_0164_fog_1p0.png,164,target,fog_1p0,164
data/processed/cvbra_v1/images/train/target_0165_original.jpg,165,target,original,165
data/processed/cvbra_v1/images/train/target_0165_fog_0p6.png,165,target,fog_0p6,165
data/processed/cvbra_v1/images/train/target_0165_fog_1p0.png,165,target,fog_1p0,165
data/processed/cvbra_v1/images/train/target_0166_original.jpg,166,target,original,166
data/processed/cvbra_v1/images/train/target_0166_fog_0p6.png,166,target,fog_0p6,166
data/processed/cvbra_v1/images/train/target_0166_fog_1p0.png,166,target,fog_1p0,166
data/processed/cvbra_v1/images/train/target_0167_original.jpg,167,target,original,167
data/processed/cvbra_v1/images/train/target_0167_fog_0p6.png,167,target,fog_0p6,167
data/processed/cvbra_v1/images/train/target_0167_fog_1p0.png,167,target,fog_1p0,167
data/processed/cvbra_v1/images/train/target_0168_original.jpg,168,target,original,168
data/processed/cvbra_v1/images/train/target_0168_fog_0p6.png,168,target,fog_0p6,168
data/processed/cvbra_v1/images/train/target_0168_fog_1p0.png,168,target,fog_1p0,168
data/processed/cvbra_v1/images/train/target_0169_original.jpg,169,target,original,169
data/processed/cvbra_v1/images/train/target_0169_fog_0p6.png,169,target,fog_0p6,169
data/processed/cvbra_v1/images/train/target_0169_fog_1p0.png,169,target,fog_1p0,169
data/processed/cvbra_v1/images/train/target_0170_original.jpg,170,target,original,170
data/processed/cvbra_v1/images/train/target_0170_fog_0p6.png,170,target,fog_0p6,170
data/processed/cvbra_v1/images/train/target_0170_fog_1p0.png,170,target,fog_1p0,170
data/processed/cvbra_v1/images/train/target_0171_original.jpg,171,target,original,171
data/processed/cvbra_v1/images/train/target_0171_fog_0p6.png,171,target,fog_0p6,171
data/processed/cvbra_v1/images/train/target_0171_fog_1p0.png,171,target,fog_1p0,171
data/processed/cvbra_v1/images/train/target_0172_original.jpg,172,target,original,172
data/processed/cvbra_v1/images/train/target_0172_fog_0p6.png,172,target,fog_0p6,172
data/processed/cvbra_v1/images/train/target_0172_fog_1p0.png,172,target,fog_1p0,172
data/processed/cvbra_v1/images/train/target_0173_original.jpg,173,target,original,173
data/processed/cvbra_v1/images/train/target_0173_fog_0p6.png,173,target,fog_0p6,173
data/processed/cvbra_v1/images/train/target_0173_fog_1p0.png,173,target,fog_1p0,173
data/processed/cvbra_v1/images/train/target_0174_original.jpg,174,target,original,174
data/processed/cvbra_v1/images/train/target_0174_fog_0p6.png,174,target,fog_0p6,174
data/processed/cvbra_v1/images/train/target_0174_fog_1p0.png,174,target,fog_1p0,174
data/processed/cvbra_v1/images/train/target_0175_original.jpg,175,target,original,175
data/processed/cvbra_v1/images/train/target_0175_fog_0p6.png,175,target,fog_0p6,175
data/processed/cvbra_v1/images/train/target_0175_fog_1p0.png,175,target,fog_1p0,175
data/processed/cvbra_v1/images/train/target_0176_original.jpg,176,target,original,176
data/processed/cvbra_v1/images/train/target_0176_fog_0p6.png,176,target,fog_0p6,176
data/processed/cvbra_v1/images/train/target_0176_fog_1p0.png,176,target,fog_1p0,176
data/processed/cvbra_v1/images/train/target_0177_original.jpg,177,target,original,177
data/processed/cvbra_v1/images/train/target_0177_fog_0p6.png,177,target,fog_0p6,177
data/processed/cvbra_v1/images/train/target_0177_fog_1p0.png,177,target,fog_1p0,177
data/processed/cvbra_v1/images/train/target_0178_original.jpg,178,target,original,178
data/processed/cvbra_v1/images/train/target_0178_fog_0p6.png,178,target,fog_0p6,178
data/processed/cvbra_v1/images/train/target_0178_fog_1p0.png,178,target,fog_1p0,178
data/processed/cvbra_v1/images/train/target_0179_original.jpg,179,target,original,179
data/processed/cvbra_v1/images/train/target_0179_fog_0p6.png,179,target,fog_0p6,179
data/processed/cvbra_v1/images/train/target_0179_fog_1p0.png,179,target,fog_1p0,179
data/processed/cvbra_v1/images/train/target_0180_original.jpg,180,target,original,180
data/processed/cvbra_v1/images/train/target_0180_fog_0p6.png,180,target,fog_0p6,180
data/processed/cvbra_v1/images/train/target_0180_fog_1p0.png,180,target,fog_1p0,180
data/processed/cvbra_v1/images/train/target_0181_original.jpg,181,target,original,181
data/processed/cvbra_v1/images/train/target_0181_fog_0p6.png,181,target,fog_0p6,181
data/processed/cvbra_v1/images/train/target_0181_fog_1p0.png,181,target,fog_1p0,181
data/processed/cvbra_v1/images/train/target_0182_original.jpg,182,target,original,182
data/processed/cvbra_v1/images/train/target_0182_fog_0p6.png,182,target,fog_0p6,182
data/processed/cvbra_v1/images/train/target_0182_fog_1p0.png,182,target,fog_1p0,182
data/processed/cvbra_v1/images/train/target_0183_original.jpg,183,target,original,183
data/processed/cvbra_v1/images/train/target_0183_fog_0p6.png,183,target,fog_0p6,183
data/processed/cvbra_v1/images/train/target_0183_fog_1p0.png,183,target,fog_1p0,183
data/processed/cvbra_v1/images/train/target_0184_original.jpg,184,target,original,184
data/processed/cvbra_v1/images/train/target_0184_fog_0p6.png,184,target,fog_0p6,184
data/processed/cvbra_v1/images/train/target_0184_fog_1p0.png,184,target,fog_1p0,184
data/processed/cvbra_v1/images/train/target_0185_original.jpg,185,target,original,185
data/processed/cvbra_v1/images/train/target_0185_fog_0p6.png,185,target,fog_0p6,185
data/processed/cvbra_v1/images/train/target_0185_fog_1p0.png,185,target,fog_1p0,185
data/processed/cvbra_v1/images/train/target_0186_original.jpg,186,target,original,186
data/processed/cvbra_v1/images/train/target_0186_fog_0p6.png,186,target,fog_0p6,186
data/processed/cvbra_v1/images/train/target_0186_fog_1p0.png,186,target,fog_1p0,186
data/processed/cvbra_v1/images/train/target_0187_original.jpg,187,target,original,187
data/processed/cvbra_v1/images/train/target_0187_fog_0p6.png,187,target,fog_0p6,187
data/processed/cvbra_v1/images/train/target_0187_fog_1p0.png,187,target,fog_1p0,187
data/processed/cvbra_v1/images/train/target_0188_original.jpg,188,target,original,188
data/processed/cvbra_v1/images/train/target_0188_fog_0p6.png,188,target,fog_0p6,188
data/processed/cvbra_v1/images/train/target_0188_fog_1p0.png,188,target,fog_1p0,188
data/processed/cvbra_v1/images/train/target_0189_original.jpg,189,target,original,189
data/processed/cvbra_v1/images/train/target_0189_fog_0p6.png,189,target,fog_0p6,189
data/processed/cvbra_v1/images/train/target_0189_fog_1p0.png,189,target,fog_1p0,189
data/processed/cvbra_v1/images/train/target_0190_original.jpg,190,target,original,190
data/processed/cvbra_v1/images/train/target_0190_fog_0p6.png,190,target,fog_0p6,190
data/processed/cvbra_v1/images/train/target_0190_fog_1p0.png,190,target,fog_1p0,190
data/processed/cvbra_v1/images/train/target_0191_original.jpg,191,target,original,191
data/processed/cvbra_v1/images/train/target_0191_fog_0p6.png,191,target,fog_0p6,191
data/processed/cvbra_v1/images/train/target_0191_fog_1p0.png,191,target,fog_1p0,191
data/processed/cvbra_v1/images/train/target_0192_original.jpg,192,target,original,192
data/processed/cvbra_v1/images/train/target_0192_fog_0p6.png,192,target,fog_0p6,192
data/processed/cvbra_v1/images/train/target_0192_fog_1p0.png,192,target,fog_1p0,192
data/processed/cvbra_v1/images/train/target_0193_original.jpg,193,target,original,193
data/processed/cvbra_v1/images/train/target_0193_fog_0p6.png,193,target,fog_0p6,193
data/processed/cvbra_v1/images/train/target_0193_fog_1p0.png,193,target,fog_1p0,193
data/processed/cvbra_v1/images/train/target_0194_original.jpg,194,target,original,194
data/processed/cvbra_v1/images/train/target_0194_fog_0p6.png,194,target,fog_0p6,194
data/processed/cvbra_v1/images/train/target_0194_fog_1p0.png,194,target,fog_1p0,194
data/processed/cvbra_v1/images/train/target_0195_original.jpg,195,target,original,195
data/processed/cvbra_v1/images/train/target_0195_fog_0p6.png,195,target,fog_0p6,195
data/processed/cvbra_v1/images/train/target_0195_fog_1p0.png,195,target,fog_1p0,195
data/processed/cvbra_v1/images/train/target_0196_original.jpg,196,target,original,196
data/processed/cvbra_v1/images/train/target_0196_fog_0p6.png,196,target,fog_0p6,196
data/processed/cvbra_v1/images/train/target_0196_fog_1p0.png,196,target,fog_1p0,196
data/processed/cvbra_v1/images/train/target_0197_original.jpg,197,target,original,197
data/processed/cvbra_v1/images/train/target_0197_fog_0p6.png,197,target,fog_0p6,197
data/processed/cvbra_v1/images/train/target_0197_fog_1p0.png,197,target,fog_1p0,197
data/processed/cvbra_v1/images/train/target_0198_original.jpg,198,target,original,198
data/processed/cvbra_v1/images/train/target_0198_fog_0p6.png,198,target,fog_0p6,198
data/processed/cvbra_v1/images/train/target_0198_fog_1p0.png,198,target,fog_1p0,198
data/processed/cvbra_v1/images/train/target_0199_original.jpg,199,target,original,199
data/processed/cvbra_v1/images/train/target_0199_fog_0p6.png,199,target,fog_0p6,199
data/processed/cvbra_v1/images/train/target_0199_fog_1p0.png,199,target,fog_1p0,199
data/processed/cvbra_v1/images/train/target_0200_original.jpg,200,target,original,200
data/processed/cvbra_v1/images/train/target_0200_fog_0p6.png,200,target,fog_0p6,200
data/processed/cvbra_v1/images/train/target_0200_fog_1p0.png,200,target,fog_1p0,200
data/processed/cvbra_v1/images/train/target_0201_original.jpg,201,target,original,201
data/processed/cvbra_v1/images/train/target_0201_fog_0p6.png,201,target,fog_0p6,201
data/processed/cvbra_v1/images/train/target_0201_fog_1p0.png,201,target,fog_1p0,201
data/processed/cvbra_v1/images/train/target_0202_original.jpg,202,target,original,202
data/processed/cvbra_v1/images/train/target_0202_fog_0p6.png,202,target,fog_0p6,202
data/processed/cvbra_v1/images/train/target_0202_fog_1p0.png,202,target,fog_1p0,202
data/processed/cvbra_v1/images/train/target_0203_original.jpg,203,target,original,203
data/processed/cvbra_v1/images/train/target_0203_fog_0p6.png,203,target,fog_0p6,203
data/processed/cvbra_v1/images/train/target_0203_fog_1p0.png,203,target,fog_1p0,203
data/processed/cvbra_v1/images/train/target_0204_original.jpg,204,target,original,204
data/processed/cvbra_v1/images/train/target_0204_fog_0p6.png,204,target,fog_0p6,204
data/processed/cvbra_v1/images/train/target_0204_fog_1p0.png,204,target,fog_1p0,204
data/processed/cvbra_v1/images/train/target_0205_original.jpg,205,target,original,205
data/processed/cvbra_v1/images/train/target_0205_fog_0p6.png,205,target,fog_0p6,205
data/processed/cvbra_v1/images/train/target_0205_fog_1p0.png,205,target,fog_1p0,205
data/processed/cvbra_v1/images/train/target_0206_original.jpg,206,target,original,206
data/processed/cvbra_v1/images/train/target_0206_fog_0p6.png,206,target,fog_0p6,206
data/processed/cvbra_v1/images/train/target_0206_fog_1p0.png,206,target,fog_1p0,206
data/processed/cvbra_v1/images/train/target_0207_original.jpg,207,target,original,207
data/processed/cvbra_v1/images/train/target_0207_fog_0p6.png,207,target,fog_0p6,207
data/processed/cvbra_v1/images/train/target_0207_fog_1p0.png,207,target,fog_1p0,207
data/processed/cvbra_v1/images/train/target_0208_original.jpg,208,target,original,208
data/processed/cvbra_v1/images/train/target_0208_fog_0p6.png,208,target,fog_0p6,208
data/processed/cvbra_v1/images/train/target_0208_fog_1p0.png,208,target,fog_1p0,208
data/processed/cvbra_v1/images/train/target_0209_original.jpg,209,target,original,209
data/processed/cvbra_v1/images/train/target_0209_fog_0p6.png,209,target,fog_0p6,209
data/processed/cvbra_v1/images/train/target_0209_fog_1p0.png,209,target,fog_1p0,209
data/processed/cvbra_v1/images/train/target_0210_original.jpg,210,target,original,210
data/processed/cvbra_v1/images/train/target_0210_fog_0p6.png,210,target,fog_0p6,210
data/processed/cvbra_v1/images/train/target_0210_fog_1p0.png,210,target,fog_1p0,210
data/processed/cvbra_v1/images/train/target_0211_original.jpg,211,target,original,211
data/processed/cvbra_v1/images/train/target_0211_fog_0p6.png,211,target,fog_0p6,211
data/processed/cvbra_v1/images/train/target_0211_fog_1p0.png,211,target,fog_1p0,211
data/processed/cvbra_v1/images/train/target_0212_original.jpg,212,target,original,212
data/processed/cvbra_v1/images/train/target_0212_fog_0p6.png,212,target,fog_0p6,212
data/processed/cvbra_v1/images/train/target_0212_fog_1p0.png,212,target,fog_1p0,212
data/processed/cvbra_v1/images/train/target_0213_original.jpg,213,target,original,213
data/processed/cvbra_v1/images/train/target_0213_fog_0p6.png,213,target,fog_0p6,213
data/processed/cvbra_v1/images/train/target_0213_fog_1p0.png,213,target,fog_1p0,213
data/processed/cvbra_v1/images/train/target_0214_original.jpg,214,target,original,214
data/processed/cvbra_v1/images/train/target_0214_fog_0p6.png,214,target,fog_0p6,214
data/processed/cvbra_v1/images/train/target_0214_fog_1p0.png,214,target,fog_1p0,214
data/processed/cvbra_v1/images/train/target_0215_original.jpg,215,target,original,215
data/processed/cvbra_v1/images/train/target_0215_fog_0p6.png,215,target,fog_0p6,215
data/processed/cvbra_v1/images/train/target_0215_fog_1p0.png,215,target,fog_1p0,215
data/processed/cvbra_v1/images/train/target_0216_original.jpg,216,target,original,216
data/processed/cvbra_v1/images/train/target_0216_fog_0p6.png,216,target,fog_0p6,216
data/processed/cvbra_v1/images/train/target_0216_fog_1p0.png,216,target,fog_1p0,216
data/processed/cvbra_v1/images/train/target_0217_original.jpg,217,target,original,217
data/processed/cvbra_v1/images/train/target_0217_fog_0p6.png,217,target,fog_0p6,217
data/processed/cvbra_v1/images/train/target_0217_fog_1p0.png,217,target,fog_1p0,217
data/processed/cvbra_v1/images/train/target_0218_original.jpg,218,target,original,218
data/processed/cvbra_v1/images/train/target_0218_fog_0p6.png,218,target,fog_0p6,218
data/processed/cvbra_v1/images/train/target_0218_fog_1p0.png,218,target,fog_1p0,218
data/processed/cvbra_v1/images/train/target_0219_original.jpg,219,target,original,219
data/processed/cvbra_v1/images/train/target_0219_fog_0p6.png,219,target,fog_0p6,219
data/processed/cvbra_v1/images/train/target_0219_fog_1p0.png,219,target,fog_1p0,219
data/processed/cvbra_v1/images/train/target_0220_original.jpg,220,target,original,220
data/processed/cvbra_v1/images/train/target_0220_fog_0p6.png,220,target,fog_0p6,220
data/processed/cvbra_v1/images/train/target_0220_fog_1p0.png,220,target,fog_1p0,220
data/processed/cvbra_v1/images/train/target_0221_original.jpg,221,target,original,221
data/processed/cvbra_v1/images/train/target_0221_fog_0p6.png,221,target,fog_0p6,221
data/processed/cvbra_v1/images/train/target_0221_fog_1p0.png,221,target,fog_1p0,221
data/processed/cvbra_v1/images/train/target_0222_original.jpg,222,target,original,222
data/processed/cvbra_v1/images/train/target_0222_fog_0p6.png,222,target,fog_0p6,222
data/processed/cvbra_v1/images/train/target_0222_fog_1p0.png,222,target,fog_1p0,222
data/processed/cvbra_v1/images/train/target_0223_original.jpg,223,target,original,223
data/processed/cvbra_v1/images/train/target_0223_fog_0p6.png,223,target,fog_0p6,223
data/processed/cvbra_v1/images/train/target_0223_fog_1p0.png,223,target,fog_1p0,223
data/processed/cvbra_v1/images/train/target_0224_original.jpg,224,target,original,224
data/processed/cvbra_v1/images/train/target_0224_fog_0p6.png,224,target,fog_0p6,224
data/processed/cvbra_v1/images/train/target_0224_fog_1p0.png,224,target,fog_1p0,224
data/processed/cvbra_v1/images/train/target_0225_original.jpg,225,target,original,225
data/processed/cvbra_v1/images/train/target_0225_fog_0p6.png,225,target,fog_0p6,225
data/processed/cvbra_v1/images/train/target_0225_fog_1p0.png,225,target,fog_1p0,225
data/processed/cvbra_v1/images/train/target_0226_original.jpg,226,target,original,226
data/processed/cvbra_v1/images/train/target_0226_fog_0p6.png,226,target,fog_0p6,226
data/processed/cvbra_v1/images/train/target_0226_fog_1p0.png,226,target,fog_1p0,226
data/processed/cvbra_v1/images/train/target_0227_original.jpg,227,target,original,227
data/processed/cvbra_v1/images/train/target_0227_fog_0p6.png,227,target,fog_0p6,227
data/processed/cvbra_v1/images/train/target_0227_fog_1p0.png,227,target,fog_1p0,227
data/processed/cvbra_v1/images/train/target_0228_original.jpg,228,target,original,228
data/processed/cvbra_v1/images/train/target_0228_fog_0p6.png,228,target,fog_0p6,228
data/processed/cvbra_v1/images/train/target_0228_fog_1p0.png,228,target,fog_1p0,228
data/processed/cvbra_v1/images/train/target_0229_original.jpg,229,target,original,229
data/processed/cvbra_v1/images/train/target_0229_fog_0p6.png,229,target,fog_0p6,229
data/processed/cvbra_v1/images/train/target_0229_fog_1p0.png,229,target,fog_1p0,229
data/processed/cvbra_v1/images/train/target_0230_original.jpg,230,target,original,230
data/processed/cvbra_v1/images/train/target_0230_fog_0p6.png,230,target,fog_0p6,230
data/processed/cvbra_v1/images/train/target_0230_fog_1p0.png,230,target,fog_1p0,230
data/processed/cvbra_v1/images/train/target_0231_original.jpg,231,target,original,231
data/processed/cvbra_v1/images/train/target_0231_fog_0p6.png,231,target,fog_0p6,231
data/processed/cvbra_v1/images/train/target_0231_fog_1p0.png,231,target,fog_1p0,231
data/processed/cvbra_v1/images/train/target_0232_original.jpg,232,target,original,232
data/processed/cvbra_v1/images/train/target_0232_fog_0p6.png,232,target,fog_0p6,232
data/processed/cvbra_v1/images/train/target_0232_fog_1p0.png,232,target,fog_1p0,232
data/processed/cvbra_v1/images/train/target_0233_original.jpg,233,target,original,233
data/processed/cvbra_v1/images/train/target_0233_fog_0p6.png,233,target,fog_0p6,233
data/processed/cvbra_v1/images/train/target_0233_fog_1p0.png,233,target,fog_1p0,233
data/processed/cvbra_v1/images/train/target_0234_original.jpg,234,target,original,234
data/processed/cvbra_v1/images/train/target_0234_fog_0p6.png,234,target,fog_0p6,234
data/processed/cvbra_v1/images/train/target_0234_fog_1p0.png,234,target,fog_1p0,234
data/processed/cvbra_v1/images/train/target_0235_original.jpg,235,target,original,235
data/processed/cvbra_v1/images/train/target_0235_fog_0p6.png,235,target,fog_0p6,235
data/processed/cvbra_v1/images/train/target_0235_fog_1p0.png,235,target,fog_1p0,235
data/processed/cvbra_v1/images/train/target_0236_original.jpg,236,target,original,236
data/processed/cvbra_v1/images/train/target_0236_fog_0p6.png,236,target,fog_0p6,236
data/processed/cvbra_v1/images/train/target_0236_fog_1p0.png,236,target,fog_1p0,236
data/processed/cvbra_v1/images/train/target_0237_original.jpg,237,target,original,237
data/processed/cvbra_v1/images/train/target_0237_fog_0p6.png,237,target,fog_0p6,237
data/processed/cvbra_v1/images/train/target_0237_fog_1p0.png,237,target,fog_1p0,237
data/processed/cvbra_v1/images/train/target_0238_original.jpg,238,target,original,238
data/processed/cvbra_v1/images/train/target_0238_fog_0p6.png,238,target,fog_0p6,238
data/processed/cvbra_v1/images/train/target_0238_fog_1p0.png,238,target,fog_1p0,238
data/processed/cvbra_v1/images/train/target_0239_original.jpg,239,target,original,239
data/processed/cvbra_v1/images/train/target_0239_fog_0p6.png,239,target,fog_0p6,239
data/processed/cvbra_v1/images/train/target_0239_fog_1p0.png,239,target,fog_1p0,239
data/processed/cvbra_v1/images/train/target_0240_original.jpg,240,target,original,240
data/processed/cvbra_v1/images/train/target_0240_fog_0p6.png,240,target,fog_0p6,240
data/processed/cvbra_v1/images/train/target_0240_fog_1p0.png,240,target,fog_1p0,240
data/processed/cvbra_v1/images/train/target_0241_original.jpg,241,target,original,241
data/processed/cvbra_v1/images/train/target_0241_fog_0p6.png,241,target,fog_0p6,241
data/processed/cvbra_v1/images/train/target_0241_fog_1p0.png,241,target,fog_1p0,241
data/processed/cvbra_v1/images/train/target_0242_original.jpg,242,target,original,242
data/processed/cvbra_v1/images/train/target_0242_fog_0p6.png,242,target,fog_0p6,242
data/processed/cvbra_v1/images/train/target_0242_fog_1p0.png,242,target,fog_1p0,242
data/processed/cvbra_v1/images/train/target_0243_original.jpg,243,target,original,243
data/processed/cvbra_v1/images/train/target_0243_fog_0p6.png,243,target,fog_0p6,243
data/processed/cvbra_v1/images/train/target_0243_fog_1p0.png,243,target,fog_1p0,243
data/processed/cvbra_v1/images/train/target_0244_original.jpg,244,target,original,244
data/processed/cvbra_v1/images/train/target_0244_fog_0p6.png,244,target,fog_0p6,244
data/processed/cvbra_v1/images/train/target_0244_fog_1p0.png,244,target,fog_1p0,244
data/processed/cvbra_v1/images/train/target_0245_original.jpg,245,target,original,245
data/processed/cvbra_v1/images/train/target_0245_fog_0p6.png,245,target,fog_0p6,245
data/processed/cvbra_v1/images/train/target_0245_fog_1p0.png,245,target,fog_1p0,245
data/processed/cvbra_v1/images/train/target_0246_original.jpg,246,target,original,246
data/processed/cvbra_v1/images/train/target_0246_fog_0p6.png,246,target,fog_0p6,246
data/processed/cvbra_v1/images/train/target_0246_fog_1p0.png,246,target,fog_1p0,246
data/processed/cvbra_v1/images/train/target_0247_original.jpg,247,target,original,247
data/processed/cvbra_v1/images/train/target_0247_fog_0p6.png,247,target,fog_0p6,247
data/processed/cvbra_v1/images/train/target_0247_fog_1p0.png,247,target,fog_1p0,247
data/processed/cvbra_v1/images/train/target_0248_original.jpg,248,target,original,248
data/processed/cvbra_v1/images/train/target_0248_fog_0p6.png,248,target,fog_0p6,248
data/processed/cvbra_v1/images/train/target_0248_fog_1p0.png,248,target,fog_1p0,248
data/processed/cvbra_v1/images/train/target_0249_original.jpg,249,target,original,249
data/processed/cvbra_v1/images/train/target_0249_fog_0p6.png,249,target,fog_0p6,249
data/processed/cvbra_v1/images/train/target_0249_fog_1p0.png,249,target,fog_1p0,249
data/processed/cvbra_v1/images/train/target_0250_original.jpg,250,target,original,250
data/processed/cvbra_v1/images/train/target_0250_fog_0p6.png,250,target,fog_0p6,250
data/processed/cvbra_v1/images/train/target_0250_fog_1p0.png,250,target,fog_1p0,250
data/processed/cvbra_v1/images/train/target_0251_original.jpg,251,target,original,251
data/processed/cvbra_v1/images/train/target_0251_fog_0p6.png,251,target,fog_0p6,251
data/processed/cvbra_v1/images/train/target_0251_fog_1p0.png,251,target,fog_1p0,251
data/processed/cvbra_v1/images/train/target_0252_original.jpg,252,target,original,252
data/processed/cvbra_v1/images/train/target_0252_fog_0p6.png,252,target,fog_0p6,252
data/processed/cvbra_v1/images/train/target_0252_fog_1p0.png,252,target,fog_1p0,252
data/processed/cvbra_v1/images/train/target_0253_original.jpg,253,target,original,253
data/processed/cvbra_v1/images/train/target_0253_fog_0p6.png,253,target,fog_0p6,253
data/processed/cvbra_v1/images/train/target_0253_fog_1p0.png,253,target,fog_1p0,253
data/processed/cvbra_v1/images/train/target_0254_original.jpg,254,target,original,254
data/processed/cvbra_v1/images/train/target_0254_fog_0p6.png,254,target,fog_0p6,254
data/processed/cvbra_v1/images/train/target_0254_fog_1p0.png,254,target,fog_1p0,254
data/processed/cvbra_v1/images/train/target_0255_original.jpg,255,target,original,255
data/processed/cvbra_v1/images/train/target_0255_fog_0p6.png,255,target,fog_0p6,255
data/processed/cvbra_v1/images/train/target_0255_fog_1p0.png,255,target,fog_1p0,255
data/processed/cvbra_v1/images/train/target_0256_original.jpg,256,target,original,256
data/processed/cvbra_v1/images/train/target_0256_fog_0p6.png,256,target,fog_0p6,256
data/processed/cvbra_v1/images/train/target_0256_fog_1p0.png,256,target,fog_1p0,256
data/processed/cvbra_v1/images/train/target_0257_original.jpg,257,target,original,257
data/processed/cvbra_v1/images/train/target_0257_fog_0p6.png,257,target,fog_0p6,257
data/processed/cvbra_v1/images/train/target_0257_fog_1p0.png,257,target,fog_1p0,257
data/processed/cvbra_v1/images/train/target_0258_original.jpg,258,target,original,258
data/processed/cvbra_v1/images/train/target_0258_fog_0p6.png,258,target,fog_0p6,258
data/processed/cvbra_v1/images/train/target_0258_fog_1p0.png,258,target,fog_1p0,258
data/processed/cvbra_v1/images/train/target_0259_original.jpg,259,target,original,259
data/processed/cvbra_v1/images/train/target_0259_fog_0p6.png,259,target,fog_0p6,259
data/processed/cvbra_v1/images/train/target_0259_fog_1p0.png,259,target,fog_1p0,259
data/processed/cvbra_v1/images/train/target_0260_original.jpg,260,target,original,260
data/processed/cvbra_v1/images/train/target_0260_fog_0p6.png,260,target,fog_0p6,260
data/processed/cvbra_v1/images/train/target_0260_fog_1p0.png,260,target,fog_1p0,260
data/processed/cvbra_v1/images/train/target_0261_original.jpg,261,target,original,261
data/processed/cvbra_v1/images/train/target_0261_fog_0p6.png,261,target,fog_0p6,261
data/processed/cvbra_v1/images/train/target_0261_fog_1p0.png,261,target,fog_1p0,261
data/processed/cvbra_v1/images/train/target_0262_original.jpg,262,target,original,262
data/processed/cvbra_v1/images/train/target_0262_fog_0p6.png,262,target,fog_0p6,262
data/processed/cvbra_v1/images/train/target_0262_fog_1p0.png,262,target,fog_1p0,262
data/processed/cvbra_v1/images/train/target_0263_original.jpg,263,target,original,263
data/processed/cvbra_v1/images/train/target_0263_fog_0p6.png,263,target,fog_0p6,263
data/processed/cvbra_v1/images/train/target_0263_fog_1p0.png,263,target,fog_1p0,263
data/processed/cvbra_v1/images/train/target_0264_original.jpg,264,target,original,264
data/processed/cvbra_v1/images/train/target_0264_fog_0p6.png,264,target,fog_0p6,264
data/processed/cvbra_v1/images/train/target_0264_fog_1p0.png,264,target,fog_1p0,264
data/processed/cvbra_v1/images/train/target_0265_original.jpg,265,target,original,265
data/processed/cvbra_v1/images/train/target_0265_fog_0p6.png,265,target,fog_0p6,265
data/processed/cvbra_v1/images/train/target_0265_fog_1p0.png,265,target,fog_1p0,265
data/processed/cvbra_v1/images/train/target_0266_original.jpg,266,target,original,266
data/processed/cvbra_v1/images/train/target_0266_fog_0p6.png,266,target,fog_0p6,266
data/processed/cvbra_v1/images/train/target_0266_fog_1p0.png,266,target,fog_1p0,266
data/processed/cvbra_v1/images/train/target_0267_original.jpg,267,target,original,267
data/processed/cvbra_v1/images/train/target_0267_fog_0p6.png,267,target,fog_0p6,267
data/processed/cvbra_v1/images/train/target_0267_fog_1p0.png,267,target,fog_1p0,267
data/processed/cvbra_v1/images/train/target_0268_original.jpg,268,target,original,268
data/processed/cvbra_v1/images/train/target_0268_fog_0p6.png,268,target,fog_0p6,268
data/processed/cvbra_v1/images/train/target_0268_fog_1p0.png,268,target,fog_1p0,268
data/processed/cvbra_v1/images/train/target_0269_original.jpg,269,target,original,269
data/processed/cvbra_v1/images/train/target_0269_fog_0p6.png,269,target,fog_0p6,269
data/processed/cvbra_v1/images/train/target_0269_fog_1p0.png,269,target,fog_1p0,269
data/processed/cvbra_v1/images/train/target_0270_original.jpg,270,target,original,270
data/processed/cvbra_v1/images/train/target_0270_fog_0p6.png,270,target,fog_0p6,270
data/processed/cvbra_v1/images/train/target_0270_fog_1p0.png,270,target,fog_1p0,270
data/processed/cvbra_v1/images/train/target_0271_original.jpg,271,target,original,271
data/processed/cvbra_v1/images/train/target_0271_fog_0p6.png,271,target,fog_0p6,271
data/processed/cvbra_v1/images/train/target_0271_fog_1p0.png,271,target,fog_1p0,271
data/processed/cvbra_v1/images/train/target_0272_original.jpg,272,target,original,272
data/processed/cvbra_v1/images/train/target_0272_fog_0p6.png,272,target,fog_0p6,272
data/processed/cvbra_v1/images/train/target_0272_fog_1p0.png,272,target,fog_1p0,272
data/processed/cvbra_v1/images/train/target_0273_original.jpg,273,target,original,273
data/processed/cvbra_v1/images/train/target_0273_fog_0p6.png,273,target,fog_0p6,273
data/processed/cvbra_v1/images/train/target_0273_fog_1p0.png,273,target,fog_1p0,273
data/processed/cvbra_v1/images/train/target_0274_original.jpg,274,target,original,274
data/processed/cvbra_v1/images/train/target_0274_fog_0p6.png,274,target,fog_0p6,274
data/processed/cvbra_v1/images/train/target_0274_fog_1p0.png,274,target,fog_1p0,274
data/processed/cvbra_v1/images/train/target_0275_original.jpg,275,target,original,275
data/processed/cvbra_v1/images/train/target_0275_fog_0p6.png,275,target,fog_0p6,275
data/processed/cvbra_v1/images/train/target_0275_fog_1p0.png,275,target,fog_1p0,275
data/processed/cvbra_v1/images/train/target_0276_original.jpg,276,target,original,276
data/processed/cvbra_v1/images/train/target_0276_fog_0p6.png,276,target,fog_0p6,276
data/processed/cvbra_v1/images/train/target_0276_fog_1p0.png,276,target,fog_1p0,276
data/processed/cvbra_v1/images/train/target_0277_original.jpg,277,target,original,277
data/processed/cvbra_v1/images/train/target_0277_fog_0p6.png,277,target,fog_0p6,277
data/processed/cvbra_v1/images/train/target_0277_fog_1p0.png,277,target,fog_1p0,277
data/processed/cvbra_v1/images/train/target_0278_original.jpg,278,target,original,278
data/processed/cvbra_v1/images/train/target_0278_fog_0p6.png,278,target,fog_0p6,278
data/processed/cvbra_v1/images/train/target_0278_fog_1p0.png,278,target,fog_1p0,278
data/processed/cvbra_v1/images/train/target_0279_original.jpg,279,target,original,279
data/processed/cvbra_v1/images/train/target_0279_fog_0p6.png,279,target,fog_0p6,279
data/processed/cvbra_v1/images/train/target_0279_fog_1p0.png,279,target,fog_1p0,279
data/processed/cvbra_v1/images/train/target_0280_original.jpg,280,target,original,280
data/processed/cvbra_v1/images/train/target_0280_fog_0p6.png,280,target,fog_0p6,280
data/processed/cvbra_v1/images/train/target_0280_fog_1p0.png,280,target,fog_1p0,280
data/processed/cvbra_v1/images/train/target_0281_original.jpg,281,target,original,281
data/processed/cvbra_v1/images/train/target_0281_fog_0p6.png,281,target,fog_0p6,281
data/processed/cvbra_v1/images/train/target_0281_fog_1p0.png,281,target,fog_1p0,281
data/processed/cvbra_v1/images/train/target_0282_original.jpg,282,target,original,282
data/processed/cvbra_v1/images/train/target_0282_fog_0p6.png,282,target,fog_0p6,282
data/processed/cvbra_v1/images/train/target_0282_fog_1p0.png,282,target,fog_1p0,282
data/processed/cvbra_v1/images/train/target_0283_original.jpg,283,target,original,283
data/processed/cvbra_v1/images/train/target_0283_fog_0p6.png,283,target,fog_0p6,283
data/processed/cvbra_v1/images/train/target_0283_fog_1p0.png,283,target,fog_1p0,283
data/processed/cvbra_v1/images/train/target_0284_original.jpg,284,target,original,284
data/processed/cvbra_v1/images/train/target_0284_fog_0p6.png,284,target,fog_0p6,284
data/processed/cvbra_v1/images/train/target_0284_fog_1p0.png,284,target,fog_1p0,284
data/processed/cvbra_v1/images/train/target_0285_original.jpg,285,target,original,285
data/processed/cvbra_v1/images/train/target_0285_fog_0p6.png,285,target,fog_0p6,285
data/processed/cvbra_v1/images/train/target_0285_fog_1p0.png,285,target,fog_1p0,285
data/processed/cvbra_v1/images/train/target_0286_original.jpg,286,target,original,286
data/processed/cvbra_v1/images/train/target_0286_fog_0p6.png,286,target,fog_0p6,286
data/processed/cvbra_v1/images/train/target_0286_fog_1p0.png,286,target,fog_1p0,286
data/processed/cvbra_v1/images/train/target_0287_original.jpg,287,target,original,287
data/processed/cvbra_v1/images/train/target_0287_fog_0p6.png,287,target,fog_0p6,287
data/processed/cvbra_v1/images/train/target_0287_fog_1p0.png,287,target,fog_1p0,287
data/processed/cvbra_v1/images/train/target_0288_original.jpg,288,target,original,288
data/processed/cvbra_v1/images/train/target_0288_fog_0p6.png,288,target,fog_0p6,288
data/processed/cvbra_v1/images/train/target_0288_fog_1p0.png,288,target,fog_1p0,288
data/processed/cvbra_v1/images/train/target_0289_original.jpg,289,target,original,289
data/processed/cvbra_v1/images/train/target_0289_fog_0p6.png,289,target,fog_0p6,289
data/processed/cvbra_v1/images/train/target_0289_fog_1p0.png,289,target,fog_1p0,289
data/processed/cvbra_v1/images/train/target_0290_original.jpg,290,target,original,290
data/processed/cvbra_v1/images/train/target_0290_fog_0p6.png,290,target,fog_0p6,290
data/processed/cvbra_v1/images/train/target_0290_fog_1p0.png,290,target,fog_1p0,290
data/processed/cvbra_v1/images/train/target_0291_original.jpg,291,target,original,291
data/processed/cvbra_v1/images/train/target_0291_fog_0p6.png,291,target,fog_0p6,291
data/processed/cvbra_v1/images/train/target_0291_fog_1p0.png,291,target,fog_1p0,291
data/processed/cvbra_v1/images/train/target_0292_original.jpg,292,target,original,292
data/processed/cvbra_v1/images/train/target_0292_fog_0p6.png,292,target,fog_0p6,292
data/processed/cvbra_v1/images/train/target_0292_fog_1p0.png,292,target,fog_1p0,292
data/processed/cvbra_v1/images/train/target_0293_original.jpg,293,target,original,293
data/processed/cvbra_v1/images/train/target_0293_fog_0p6.png,293,target,fog_0p6,293
data/processed/cvbra_v1/images/train/target_0293_fog_1p0.png,293,target,fog_1p0,293
data/processed/cvbra_v1/images/train/target_0294_original.jpg,294,target,original,294
data/processed/cvbra_v1/images/train/target_0294_fog_0p6.png,294,target,fog_0p6,294
data/processed/cvbra_v1/images/train/target_0294_fog_1p0.png,294,target,fog_1p0,294
data/processed/cvbra_v1/images/train/target_0295_original.jpg,295,target,original,295
data/processed/cvbra_v1/images/train/target_0295_fog_0p6.png,295,target,fog_0p6,295
data/processed/cvbra_v1/images/train/target_0295_fog_1p0.png,295,target,fog_1p0,295
data/processed/cvbra_v1/images/train/target_0296_original.jpg,296,target,original,296
data/processed/cvbra_v1/images/train/target_0296_fog_0p6.png,296,target,fog_0p6,296
data/processed/cvbra_v1/images/train/target_0296_fog_1p0.png,296,target,fog_1p0,296
data/processed/cvbra_v1/images/train/target_0297_original.jpg,297,target,original,297
data/processed/cvbra_v1/images/train/target_0297_fog_0p6.png,297,target,fog_0p6,297
data/processed/cvbra_v1/images/train/target_0297_fog_1p0.png,297,target,fog_1p0,297
data/processed/cvbra_v1/images/train/target_0298_original.jpg,298,target,original,298
data/processed/cvbra_v1/images/train/target_0298_fog_0p6.png,298,target,fog_0p6,298
data/processed/cvbra_v1/images/train/target_0298_fog_1p0.png,298,target,fog_1p0,298
data/processed/cvbra_v1/images/train/target_0299_original.jpg,299,target,original,299
data/processed/cvbra_v1/images/train/target_0299_fog_0p6.png,299,target,fog_0p6,299
data/processed/cvbra_v1/images/train/target_0299_fog_1p0.png,299,target,fog_1p0,299
data/processed/cvbra_v1/images/train/target_0300_original.jpg,300,target,original,300
data/processed/cvbra_v1/images/train/target_0300_fog_0p6.png,300,target,fog_0p6,300
data/processed/cvbra_v1/images/train/target_0300_fog_1p0.png,300,target,fog_1p0,300
data/processed/cvbra_v1/images/train/target_0301_original.jpg,301,target,original,301
data/processed/cvbra_v1/images/train/target_0301_fog_0p6.png,301,target,fog_0p6,301
data/processed/cvbra_v1/images/train/target_0301_fog_1p0.png,301,target,fog_1p0,301
data/processed/cvbra_v1/images/train/target_0302_original.jpg,302,target,original,302
data/processed/cvbra_v1/images/train/target_0302_fog_0p6.png,302,target,fog_0p6,302
data/processed/cvbra_v1/images/train/target_0302_fog_1p0.png,302,target,fog_1p0,302
data/processed/cvbra_v1/images/train/target_0303_original.jpg,303,target,original,303
data/processed/cvbra_v1/images/train/target_0303_fog_0p6.png,303,target,fog_0p6,303
data/processed/cvbra_v1/images/train/target_0303_fog_1p0.png,303,target,fog_1p0,303
data/processed/cvbra_v1/images/train/target_0304_original.jpg,304,target,original,304
data/processed/cvbra_v1/images/train/target_0304_fog_0p6.png,304,target,fog_0p6,304
data/processed/cvbra_v1/images/train/target_0304_fog_1p0.png,304,target,fog_1p0,304
data/processed/cvbra_v1/images/train/target_0305_original.jpg,305,target,original,305
data/processed/cvbra_v1/images/train/target_0305_fog_0p6.png,305,target,fog_0p6,305
data/processed/cvbra_v1/images/train/target_0305_fog_1p0.png,305,target,fog_1p0,305
data/processed/cvbra_v1/images/train/target_0306_original.jpg,306,target,original,306
data/processed/cvbra_v1/images/train/target_0306_fog_0p6.png,306,target,fog_0p6,306
data/processed/cvbra_v1/images/train/target_0306_fog_1p0.png,306,target,fog_1p0,306
data/processed/cvbra_v1/images/train/target_0307_original.jpg,307,target,original,307
data/processed/cvbra_v1/images/train/target_0307_fog_0p6.png,307,target,fog_0p6,307
data/processed/cvbra_v1/images/train/target_0307_fog_1p0.png,307,target,fog_1p0,307
data/processed/cvbra_v1/images/train/target_0308_original.jpg,308,target,original,308
data/processed/cvbra_v1/images/train/target_0308_fog_0p6.png,308,target,fog_0p6,308
data/processed/cvbra_v1/images/train/target_0308_fog_1p0.png,308,target,fog_1p0,308
data/processed/cvbra_v1/images/train/target_0309_original.jpg,309,target,original,309
data/processed/cvbra_v1/images/train/target_0309_fog_0p6.png,309,target,fog_0p6,309
data/processed/cvbra_v1/images/train/target_0309_fog_1p0.png,309,target,fog_1p0,309
data/processed/cvbra_v1/images/train/target_0310_original.jpg,310,target,original,310
data/processed/cvbra_v1/images/train/target_0310_fog_0p6.png,310,target,fog_0p6,310
data/processed/cvbra_v1/images/train/target_0310_fog_1p0.png,310,target,fog_1p0,310
data/processed/cvbra_v1/images/train/target_0311_original.jpg,311,target,original,311
data/processed/cvbra_v1/images/train/target_0311_fog_0p6.png,311,target,fog_0p6,311
data/processed/cvbra_v1/images/train/target_0311_fog_1p0.png,311,target,fog_1p0,311
data/processed/cvbra_v1/images/train/target_0312_original.jpg,312,target,original,312
data/processed/cvbra_v1/images/train/target_0312_fog_0p6.png,312,target,fog_0p6,312
data/processed/cvbra_v1/images/train/target_0312_fog_1p0.png,312,target,fog_1p0,312
data/processed/cvbra_v1/images/train/target_0313_original.jpg,313,target,original,313
data/processed/cvbra_v1/images/train/target_0313_fog_0p6.png,313,target,fog_0p6,313
data/processed/cvbra_v1/images/train/target_0313_fog_1p0.png,313,target,fog_1p0,313
data/processed/cvbra_v1/images/train/target_0314_original.jpg,314,target,original,314
data/processed/cvbra_v1/images/train/target_0314_fog_0p6.png,314,target,fog_0p6,314
data/processed/cvbra_v1/images/train/target_0314_fog_1p0.png,314,target,fog_1p0,314
data/processed/cvbra_v1/images/train/target_0315_original.jpg,315,target,original,315
data/processed/cvbra_v1/images/train/target_0315_fog_0p6.png,315,target,fog_0p6,315
data/processed/cvbra_v1/images/train/target_0315_fog_1p0.png,315,target,fog_1p0,315
data/processed/cvbra_v1/images/train/target_0316_original.jpg,316,target,original,316
data/processed/cvbra_v1/images/train/target_0316_fog_0p6.png,316,target,fog_0p6,316
data/processed/cvbra_v1/images/train/target_0316_fog_1p0.png,316,target,fog_1p0,316
data/processed/cvbra_v1/images/train/target_0317_original.jpg,317,target,original,317
data/processed/cvbra_v1/images/train/target_0317_fog_0p6.png,317,target,fog_0p6,317
data/processed/cvbra_v1/images/train/target_0317_fog_1p0.png,317,target,fog_1p0,317
data/processed/cvbra_v1/images/train/target_0318_original.jpg,318,target,original,318
data/processed/cvbra_v1/images/train/target_0318_fog_0p6.png,318,target,fog_0p6,318
data/processed/cvbra_v1/images/train/target_0318_fog_1p0.png,318,target,fog_1p0,318
data/processed/cvbra_v1/images/train/target_0319_original.jpg,319,target,original,319
data/processed/cvbra_v1/images/train/target_0319_fog_0p6.png,319,target,fog_0p6,319
data/processed/cvbra_v1/images/train/target_0319_fog_1p0.png,319,target,fog_1p0,319
data/processed/cvbra_v1/images/train/target_0320_original.jpg,320,target,original,320
data/processed/cvbra_v1/images/train/target_0320_fog_0p6.png,320,target,fog_0p6,320
data/processed/cvbra_v1/images/train/target_0320_fog_1p0.png,320,target,fog_1p0,320
data/processed/cvbra_v1/images/train/target_0321_original.jpg,321,target,original,321
data/processed/cvbra_v1/images/train/target_0321_fog_0p6.png,321,target,fog_0p6,321
data/processed/cvbra_v1/images/train/target_0321_fog_1p0.png,321,target,fog_1p0,321
data/processed/cvbra_v1/images/train/target_0322_original.jpg,322,target,original,322
data/processed/cvbra_v1/images/train/target_0322_fog_0p6.png,322,target,fog_0p6,322
data/processed/cvbra_v1/images/train/target_0322_fog_1p0.png,322,target,fog_1p0,322
data/processed/cvbra_v1/images/train/target_0323_original.jpg,323,target,original,323
data/processed/cvbra_v1/images/train/target_0323_fog_0p6.png,323,target,fog_0p6,323
data/processed/cvbra_v1/images/train/target_0323_fog_1p0.png,323,target,fog_1p0,323
data/processed/cvbra_v1/images/train/target_0324_original.jpg,324,target,original,324
data/processed/cvbra_v1/images/train/target_0324_fog_0p6.png,324,target,fog_0p6,324
data/processed/cvbra_v1/images/train/target_0324_fog_1p0.png,324,target,fog_1p0,324
data/processed/cvbra_v1/images/train/target_0325_original.jpg,325,target,original,325
data/processed/cvbra_v1/images/train/target_0325_fog_0p6.png,325,target,fog_0p6,325
data/processed/cvbra_v1/images/train/target_0325_fog_1p0.png,325,target,fog_1p0,325
data/processed/cvbra_v1/images/train/target_0326_original.jpg,326,target,original,326
data/processed/cvbra_v1/images/train/target_0326_fog_0p6.png,326,target,fog_0p6,326
data/processed/cvbra_v1/images/train/target_0326_fog_1p0.png,326,target,fog_1p0,326
data/processed/cvbra_v1/images/train/target_0327_original.jpg,327,target,original,327
data/processed/cvbra_v1/images/train/target_0327_fog_0p6.png,327,target,fog_0p6,327
data/processed/cvbra_v1/images/train/target_0327_fog_1p0.png,327,target,fog_1p0,327
data/processed/cvbra_v1/images/train/target_0328_original.jpg,328,target,original,328
data/processed/cvbra_v1/images/train/target_0328_fog_0p6.png,328,target,fog_0p6,328
data/processed/cvbra_v1/images/train/target_0328_fog_1p0.png,328,target,fog_1p0,328
data/processed/cvbra_v1/images/train/target_0329_original.jpg,329,target,original,329
data/processed/cvbra_v1/images/train/target_0329_fog_0p6.png,329,target,fog_0p6,329
data/processed/cvbra_v1/images/train/target_0329_fog_1p0.png,329,target,fog_1p0,329
data/processed/cvbra_v1/images/train/target_0330_original.jpg,330,target,original,330
data/processed/cvbra_v1/images/train/target_0330_fog_0p6.png,330,target,fog_0p6,330
data/processed/cvbra_v1/images/train/target_0330_fog_1p0.png,330,target,fog_1p0,330
data/processed/cvbra_v1/images/train/target_0331_original.jpg,331,target,original,331
data/processed/cvbra_v1/images/train/target_0331_fog_0p6.png,331,target,fog_0p6,331
data/processed/cvbra_v1/images/train/target_0331_fog_1p0.png,331,target,fog_1p0,331
data/processed/cvbra_v1/images/train/target_0332_original.jpg,332,target,original,332
data/processed/cvbra_v1/images/train/target_0332_fog_0p6.png,332,target,fog_0p6,332
data/processed/cvbra_v1/images/train/target_0332_fog_1p0.png,332,target,fog_1p0,332
data/processed/cvbra_v1/images/train/target_0333_original.jpg,333,target,original,333
data/processed/cvbra_v1/images/train/target_0333_fog_0p6.png,333,target,fog_0p6,333
data/processed/cvbra_v1/images/train/target_0333_fog_1p0.png,333,target,fog_1p0,333
data/processed/cvbra_v1/images/train/target_0334_original.jpg,334,target,original,334
data/processed/cvbra_v1/images/train/target_0334_fog_0p6.png,334,target,fog_0p6,334
data/processed/cvbra_v1/images/train/target_0334_fog_1p0.png,334,target,fog_1p0,334
data/processed/cvbra_v1/images/train/target_0335_original.jpg,335,target,original,335
data/processed/cvbra_v1/images/train/target_0335_fog_0p6.png,335,target,fog_0p6,335
data/processed/cvbra_v1/images/train/target_0335_fog_1p0.png,335,target,fog_1p0,335
data/processed/cvbra_v1/images/train/target_0336_original.jpg,336,target,original,336
data/processed/cvbra_v1/images/train/target_0336_fog_0p6.png,336,target,fog_0p6,336
data/processed/cvbra_v1/images/train/target_0336_fog_1p0.png,336,target,fog_1p0,336
data/processed/cvbra_v1/images/train/target_0337_original.jpg,337,target,original,337
data/processed/cvbra_v1/images/train/target_0337_fog_0p6.png,337,target,fog_0p6,337
data/processed/cvbra_v1/images/train/target_0337_fog_1p0.png,337,target,fog_1p0,337
data/processed/cvbra_v1/images/train/target_0338_original.jpg,338,target,original,338
data/processed/cvbra_v1/images/train/target_0338_fog_0p6.png,338,target,fog_0p6,338
data/processed/cvbra_v1/images/train/target_0338_fog_1p0.png,338,target,fog_1p0,338
data/processed/cvbra_v1/images/train/target_0339_original.jpg,339,target,original,339
data/processed/cvbra_v1/images/train/target_0339_fog_0p6.png,339,target,fog_0p6,339
data/processed/cvbra_v1/images/train/target_0339_fog_1p0.png,339,target,fog_1p0,339
data/processed/cvbra_v1/images/train/target_0340_original.jpg,340,target,original,340
data/processed/cvbra_v1/images/train/target_0340_fog_0p6.png,340,target,fog_0p6,340
data/processed/cvbra_v1/images/train/target_0340_fog_1p0.png,340,target,fog_1p0,340
data/processed/cvbra_v1/images/train/target_0341_original.jpg,341,target,original,341
data/processed/cvbra_v1/images/train/target_0341_fog_0p6.png,341,target,fog_0p6,341
data/processed/cvbra_v1/images/train/target_0341_fog_1p0.png,341,target,fog_1p0,341
data/processed/cvbra_v1/images/train/target_0342_original.jpg,342,target,original,342
data/processed/cvbra_v1/images/train/target_0342_fog_0p6.png,342,target,fog_0p6,342
data/processed/cvbra_v1/images/train/target_0342_fog_1p0.png,342,target,fog_1p0,342
data/processed/cvbra_v1/images/train/target_0343_original.jpg,343,target,original,343
data/processed/cvbra_v1/images/train/target_0343_fog_0p6.png,343,target,fog_0p6,343
data/processed/cvbra_v1/images/train/target_0343_fog_1p0.png,343,target,fog_1p0,343
data/processed/cvbra_v1/images/train/target_0344_original.jpg,344,target,original,344
data/processed/cvbra_v1/images/train/target_0344_fog_0p6.png,344,target,fog_0p6,344
data/processed/cvbra_v1/images/train/target_0344_fog_1p0.png,344,target,fog_1p0,344
data/processed/cvbra_v1/images/train/target_0345_original.jpg,345,target,original,345
data/processed/cvbra_v1/images/train/target_0345_fog_0p6.png,345,target,fog_0p6,345
data/processed/cvbra_v1/images/train/target_0345_fog_1p0.png,345,target,fog_1p0,345
data/processed/cvbra_v1/images/train/target_0346_original.jpg,346,target,original,346
data/processed/cvbra_v1/images/train/target_0346_fog_0p6.png,346,target,fog_0p6,346
data/processed/cvbra_v1/images/train/target_0346_fog_1p0.png,346,target,fog_1p0,346
data/processed/cvbra_v1/images/train/target_0347_original.jpg,347,target,original,347
data/processed/cvbra_v1/images/train/target_0347_fog_0p6.png,347,target,fog_0p6,347
data/processed/cvbra_v1/images/train/target_0347_fog_1p0.png,347,target,fog_1p0,347
data/processed/cvbra_v1/images/train/target_0348_original.jpg,348,target,original,348
data/processed/cvbra_v1/images/train/target_0348_fog_0p6.png,348,target,fog_0p6,348
data/processed/cvbra_v1/images/train/target_0348_fog_1p0.png,348,target,fog_1p0,348
data/processed/cvbra_v1/images/train/target_0349_original.jpg,349,target,original,349
data/processed/cvbra_v1/images/train/target_0349_fog_0p6.png,349,target,fog_0p6,349
data/processed/cvbra_v1/images/train/target_0349_fog_1p0.png,349,target,fog_1p0,349
data/processed/cvbra_v1/images/train/target_0350_original.jpg,350,target,original,350
data/processed/cvbra_v1/images/train/target_0350_fog_0p6.png,350,target,fog_0p6,350
data/processed/cvbra_v1/images/train/target_0350_fog_1p0.png,350,target,fog_1p0,350
data/processed/cvbra_v1/images/train/target_0351_original.jpg,351,target,original,351
data/processed/cvbra_v1/images/train/target_0351_fog_0p6.png,351,target,fog_0p6,351
data/processed/cvbra_v1/images/train/target_0351_fog_1p0.png,351,target,fog_1p0,351
data/processed/cvbra_v1/images/train/target_0352_original.jpg,352,target,original,352
data/processed/cvbra_v1/images/train/target_0352_fog_0p6.png,352,target,fog_0p6,352
data/processed/cvbra_v1/images/train/target_0352_fog_1p0.png,352,target,fog_1p0,352
data/processed/cvbra_v1/images/train/target_0353_original.jpg,353,target,original,353
data/processed/cvbra_v1/images/train/target_0353_fog_0p6.png,353,target,fog_0p6,353
data/processed/cvbra_v1/images/train/target_0353_fog_1p0.png,353,target,fog_1p0,353
data/processed/cvbra_v1/images/train/target_0354_original.jpg,354,target,original,354
data/processed/cvbra_v1/images/train/target_0354_fog_0p6.png,354,target,fog_0p6,354
data/processed/cvbra_v1/images/train/target_0354_fog_1p0.png,354,target,fog_1p0,354
data/processed/cvbra_v1/images/train/target_0355_original.jpg,355,target,original,355
data/processed/cvbra_v1/images/train/target_0355_fog_0p6.png,355,target,fog_0p6,355
data/processed/cvbra_v1/images/train/target_0355_fog_1p0.png,355,target,fog_1p0,355
data/processed/cvbra_v1/images/train/target_0356_original.jpg,356,target,original,356
data/processed/cvbra_v1/images/train/target_0356_fog_0p6.png,356,target,fog_0p6,356
data/processed/cvbra_v1/images/train/target_0356_fog_1p0.png,356,target,fog_1p0,356
data/processed/cvbra_v1/images/train/target_0357_original.jpg,357,target,original,357
data/processed/cvbra_v1/images/train/target_0357_fog_0p6.png,357,target,fog_0p6,357
data/processed/cvbra_v1/images/train/target_0357_fog_1p0.png,357,target,fog_1p0,357
data/processed/cvbra_v1/images/train/target_0358_original.jpg,358,target,original,358
data/processed/cvbra_v1/images/train/target_0358_fog_0p6.png,358,target,fog_0p6,358
data/processed/cvbra_v1/images/train/target_0358_fog_1p0.png,358,target,fog_1p0,358
data/processed/cvbra_v1/images/train/target_0359_original.jpg,359,target,original,359
data/processed/cvbra_v1/images/train/target_0359_fog_0p6.png,359,target,fog_0p6,359
data/processed/cvbra_v1/images/train/target_0359_fog_1p0.png,359,target,fog_1p0,359
data/processed/cvbra_v1/images/train/target_0360_original.jpg,360,target,original,360
data/processed/cvbra_v1/images/train/target_0360_fog_0p6.png,360,target,fog_0p6,360
data/processed/cvbra_v1/images/train/target_0360_fog_1p0.png,360,target,fog_1p0,360
data/processed/cvbra_v1/images/train/target_0361_original.jpg,361,target,original,361
data/processed/cvbra_v1/images/train/target_0361_fog_0p6.png,361,target,fog_0p6,361
data/processed/cvbra_v1/images/train/target_0361_fog_1p0.png,361,target,fog_1p0,361
data/processed/cvbra_v1/images/train/target_0362_original.jpg,362,target,original,362
data/processed/cvbra_v1/images/train/target_0362_fog_0p6.png,362,target,fog_0p6,362
data/processed/cvbra_v1/images/train/target_0362_fog_1p0.png,362,target,fog_1p0,362
data/processed/cvbra_v1/images/train/target_0363_original.jpg,363,target,original,363
data/processed/cvbra_v1/images/train/target_0363_fog_0p6.png,363,target,fog_0p6,363
data/processed/cvbra_v1/images/train/target_0363_fog_1p0.png,363,target,fog_1p0,363
data/processed/cvbra_v1/images/train/target_0364_original.jpg,364,target,original,364
data/processed/cvbra_v1/images/train/target_0364_fog_0p6.png,364,target,fog_0p6,364
data/processed/cvbra_v1/images/train/target_0364_fog_1p0.png,364,target,fog_1p0,364
data/processed/cvbra_v1/images/train/target_0365_original.jpg,365,target,original,365
data/processed/cvbra_v1/images/train/target_0365_fog_0p6.png,365,target,fog_0p6,365
data/processed/cvbra_v1/images/train/target_0365_fog_1p0.png,365,target,fog_1p0,365
data/processed/cvbra_v1/images/train/target_0366_original.jpg,366,target,original,366
data/processed/cvbra_v1/images/train/target_0366_fog_0p6.png,366,target,fog_0p6,366
data/processed/cvbra_v1/images/train/target_0366_fog_1p0.png,366,target,fog_1p0,366
data/processed/cvbra_v1/images/train/target_0367_original.jpg,367,target,original,367
data/processed/cvbra_v1/images/train/target_0367_fog_0p6.png,367,target,fog_0p6,367
data/processed/cvbra_v1/images/train/target_0367_fog_1p0.png,367,target,fog_1p0,367
data/processed/cvbra_v1/images/train/target_0368_original.jpg,368,target,original,368
data/processed/cvbra_v1/images/train/target_0368_fog_0p6.png,368,target,fog_0p6,368
data/processed/cvbra_v1/images/train/target_0368_fog_1p0.png,368,target,fog_1p0,368
data/processed/cvbra_v1/images/train/target_0369_original.jpg,369,target,original,369
data/processed/cvbra_v1/images/train/target_0369_fog_0p6.png,369,target,fog_0p6,369
data/processed/cvbra_v1/images/train/target_0369_fog_1p0.png,369,target,fog_1p0,369
data/processed/cvbra_v1/images/train/target_0370_original.jpg,370,target,original,370
data/processed/cvbra_v1/images/train/target_0370_fog_0p6.png,370,target,fog_0p6,370
data/processed/cvbra_v1/images/train/target_0370_fog_1p0.png,370,target,fog_1p0,370
data/processed/cvbra_v1/images/train/target_0371_original.jpg,371,target,original,371
data/processed/cvbra_v1/images/train/target_0371_fog_0p6.png,371,target,fog_0p6,371
data/processed/cvbra_v1/images/train/target_0371_fog_1p0.png,371,target,fog_1p0,371
data/processed/cvbra_v1/images/train/target_0372_original.jpg,372,target,original,372
data/processed/cvbra_v1/images/train/target_0372_fog_0p6.png,372,target,fog_0p6,372
data/processed/cvbra_v1/images/train/target_0372_fog_1p0.png,372,target,fog_1p0,372
data/processed/cvbra_v1/images/train/target_0373_original.jpg,373,target,original,373
data/processed/cvbra_v1/images/train/target_0373_fog_0p6.png,373,target,fog_0p6,373
data/processed/cvbra_v1/images/train/target_0373_fog_1p0.png,373,target,fog_1p0,373
data/processed/cvbra_v1/images/train/target_0374_original.jpg,374,target,original,374
data/processed/cvbra_v1/images/train/target_0374_fog_0p6.png,374,target,fog_0p6,374
data/processed/cvbra_v1/images/train/target_0374_fog_1p0.png,374,target,fog_1p0,374
data/processed/cvbra_v1/images/train/target_0375_original.jpg,375,target,original,375
data/processed/cvbra_v1/images/train/target_0375_fog_0p6.png,375,target,fog_0p6,375
data/processed/cvbra_v1/images/train/target_0375_fog_1p0.png,375,target,fog_1p0,375
data/processed/cvbra_v1/images/train/target_0376_original.jpg,376,target,original,376
data/processed/cvbra_v1/images/train/target_0376_fog_0p6.png,376,target,fog_0p6,376
data/processed/cvbra_v1/images/train/target_0376_fog_1p0.png,376,target,fog_1p0,376
data/processed/cvbra_v1/images/train/target_0377_original.jpg,377,target,original,377
data/processed/cvbra_v1/images/train/target_0377_fog_0p6.png,377,target,fog_0p6,377
data/processed/cvbra_v1/images/train/target_0377_fog_1p0.png,377,target,fog_1p0,377
data/processed/cvbra_v1/images/train/target_0378_original.jpg,378,target,original,378
data/processed/cvbra_v1/images/train/target_0378_fog_0p6.png,378,target,fog_0p6,378
data/processed/cvbra_v1/images/train/target_0378_fog_1p0.png,378,target,fog_1p0,378
data/processed/cvbra_v1/images/train/target_0379_original.jpg,379,target,original,379
data/processed/cvbra_v1/images/train/target_0379_fog_0p6.png,379,target,fog_0p6,379
data/processed/cvbra_v1/images/train/target_0379_fog_1p0.png,379,target,fog_1p0,379
data/processed/cvbra_v1/images/train/target_0380_original.jpg,380,target,original,380
data/processed/cvbra_v1/images/train/target_0380_fog_0p6.png,380,target,fog_0p6,380
data/processed/cvbra_v1/images/train/target_0380_fog_1p0.png,380,target,fog_1p0,380
data/processed/cvbra_v1/images/train/target_0381_original.jpg,381,target,original,381
data/processed/cvbra_v1/images/train/target_0381_fog_0p6.png,381,target,fog_0p6,381
data/processed/cvbra_v1/images/train/target_0381_fog_1p0.png,381,target,fog_1p0,381
data/processed/cvbra_v1/images/train/target_0382_original.jpg,382,target,original,382
data/processed/cvbra_v1/images/train/target_0382_fog_0p6.png,382,target,fog_0p6,382
data/processed/cvbra_v1/images/train/target_0382_fog_1p0.png,382,target,fog_1p0,382
data/processed/cvbra_v1/images/train/target_0383_original.jpg,383,target,original,383
data/processed/cvbra_v1/images/train/target_0383_fog_0p6.png,383,target,fog_0p6,383
data/processed/cvbra_v1/images/train/target_0383_fog_1p0.png,383,target,fog_1p0,383
data/processed/cvbra_v1/images/train/target_0384_original.jpg,384,target,original,384
data/processed/cvbra_v1/images/train/target_0384_fog_0p6.png,384,target,fog_0p6,384
data/processed/cvbra_v1/images/train/target_0384_fog_1p0.png,384,target,fog_1p0,384
data/processed/cvbra_v1/images/train/target_0385_original.jpg,385,target,original,385
data/processed/cvbra_v1/images/train/target_0385_fog_0p6.png,385,target,fog_0p6,385
data/processed/cvbra_v1/images/train/target_0385_fog_1p0.png,385,target,fog_1p0,385
data/processed/cvbra_v1/images/train/target_0386_original.jpg,386,target,original,386
data/processed/cvbra_v1/images/train/target_0386_fog_0p6.png,386,target,fog_0p6,386
data/processed/cvbra_v1/images/train/target_0386_fog_1p0.png,386,target,fog_1p0,386
data/processed/cvbra_v1/images/train/target_0387_original.jpg,387,target,original,387
data/processed/cvbra_v1/images/train/target_0387_fog_0p6.png,387,target,fog_0p6,387
data/processed/cvbra_v1/images/train/target_0387_fog_1p0.png,387,target,fog_1p0,387
data/processed/cvbra_v1/images/train/target_0388_original.jpg,388,target,original,388
data/processed/cvbra_v1/images/train/target_0388_fog_0p6.png,388,target,fog_0p6,388
data/processed/cvbra_v1/images/train/target_0388_fog_1p0.png,388,target,fog_1p0,388
data/processed/cvbra_v1/images/train/target_0389_original.jpg,389,target,original,389
data/processed/cvbra_v1/images/train/target_0389_fog_0p6.png,389,target,fog_0p6,389
data/processed/cvbra_v1/images/train/target_0389_fog_1p0.png,389,target,fog_1p0,389
data/processed/cvbra_v1/images/train/target_0390_original.jpg,390,target,original,390
data/processed/cvbra_v1/images/train/target_0390_fog_0p6.png,390,target,fog_0p6,390
data/processed/cvbra_v1/images/train/target_0390_fog_1p0.png,390,target,fog_1p0,390
data/processed/cvbra_v1/images/train/target_0391_original.jpg,391,target,original,391
data/processed/cvbra_v1/images/train/target_0391_fog_0p6.png,391,target,fog_0p6,391
data/processed/cvbra_v1/images/train/target_0391_fog_1p0.png,391,target,fog_1p0,391
data/processed/cvbra_v1/images/train/target_0392_original.jpg,392,target,original,392
data/processed/cvbra_v1/images/train/target_0392_fog_0p6.png,392,target,fog_0p6,392
data/processed/cvbra_v1/images/train/target_0392_fog_1p0.png,392,target,fog_1p0,392
data/processed/cvbra_v1/images/train/target_0393_original.jpg,393,target,original,393
data/processed/cvbra_v1/images/train/target_0393_fog_0p6.png,393,target,fog_0p6,393
data/processed/cvbra_v1/images/train/target_0393_fog_1p0.png,393,target,fog_1p0,393
data/processed/cvbra_v1/images/train/target_0394_original.jpg,394,target,original,394
data/processed/cvbra_v1/images/train/target_0394_fog_0p6.png,394,target,fog_0p6,394
data/processed/cvbra_v1/images/train/target_0394_fog_1p0.png,394,target,fog_1p0,394
data/processed/cvbra_v1/images/train/target_0395_original.jpg,395,target,original,395
data/processed/cvbra_v1/images/train/target_0395_fog_0p6.png,395,target,fog_0p6,395
data/processed/cvbra_v1/images/train/target_0395_fog_1p0.png,395,target,fog_1p0,395
data/processed/cvbra_v1/images/train/target_0396_original.jpg,396,target,original,396
data/processed/cvbra_v1/images/train/target_0396_fog_0p6.png,396,target,fog_0p6,396
data/processed/cvbra_v1/images/train/target_0396_fog_1p0.png,396,target,fog_1p0,396
data/processed/cvbra_v1/images/train/target_0397_original.jpg,397,target,original,397
data/processed/cvbra_v1/images/train/target_0397_fog_0p6.png,397,target,fog_0p6,397
data/processed/cvbra_v1/images/train/target_0397_fog_1p0.png,397,target,fog_1p0,397
data/processed/cvbra_v1/images/train/target_0398_original.jpg,398,target,original,398
data/processed/cvbra_v1/images/train/target_0398_fog_0p6.png,398,target,fog_0p6,398
data/processed/cvbra_v1/images/train/target_0398_fog_1p0.png,398,target,fog_1p0,398
data/processed/cvbra_v1/images/train/target_0399_original.jpg,399,target,original,399
data/processed/cvbra_v1/images/train/target_0399_fog_0p6.png,399,target,fog_0p6,399
data/processed/cvbra_v1/images/train/target_0399_fog_1p0.png,399,target,fog_1p0,399
data/processed/cvbra_v1/images/train/target_0400_original.jpg,400,target,original,400
data/processed/cvbra_v1/images/train/target_0400_fog_0p6.png,400,target,fog_0p6,400
data/processed/cvbra_v1/images/train/target_0400_fog_1p0.png,400,target,fog_1p0,400
data/processed/cvbra_v1/images/train/target_0401_original.jpg,401,target,original,401
data/processed/cvbra_v1/images/train/target_0401_fog_0p6.png,401,target,fog_0p6,401
data/processed/cvbra_v1/images/train/target_0401_fog_1p0.png,401,target,fog_1p0,401
data/processed/cvbra_v1/images/train/target_0402_original.jpg,402,target,original,402
data/processed/cvbra_v1/images/train/target_0402_fog_0p6.png,402,target,fog_0p6,402
data/processed/cvbra_v1/images/train/target_0402_fog_1p0.png,402,target,fog_1p0,402
data/processed/cvbra_v1/images/train/target_0403_original.jpg,403,target,original,403
data/processed/cvbra_v1/images/train/target_0403_fog_0p6.png,403,target,fog_0p6,403
data/processed/cvbra_v1/images/train/target_0403_fog_1p0.png,403,target,fog_1p0,403
data/processed/cvbra_v1/images/train/target_0404_original.jpg,404,target,original,404
data/processed/cvbra_v1/images/train/target_0404_fog_0p6.png,404,target,fog_0p6,404
data/processed/cvbra_v1/images/train/target_0404_fog_1p0.png,404,target,fog_1p0,404
data/processed/cvbra_v1/images/train/target_0405_original.jpg,405,target,original,405
data/processed/cvbra_v1/images/train/target_0405_fog_0p6.png,405,target,fog_0p6,405
data/processed/cvbra_v1/images/train/target_0405_fog_1p0.png,405,target,fog_1p0,405
data/processed/cvbra_v1/images/train/target_0406_original.jpg,406,target,original,406
data/processed/cvbra_v1/images/train/target_0406_fog_0p6.png,406,target,fog_0p6,406
data/processed/cvbra_v1/images/train/target_0406_fog_1p0.png,406,target,fog_1p0,406
data/processed/cvbra_v1/images/train/target_0407_original.jpg,407,target,original,407
data/processed/cvbra_v1/images/train/target_0407_fog_0p6.png,407,target,fog_0p6,407
data/processed/cvbra_v1/images/train/target_0407_fog_1p0.png,407,target,fog_1p0,407
data/processed/cvbra_v1/images/train/target_0408_original.jpg,408,target,original,408
data/processed/cvbra_v1/images/train/target_0408_fog_0p6.png,408,target,fog_0p6,408
data/processed/cvbra_v1/images/train/target_0408_fog_1p0.png,408,target,fog_1p0,408
data/processed/cvbra_v1/images/train/target_0409_original.jpg,409,target,original,409
data/processed/cvbra_v1/images/train/target_0409_fog_0p6.png,409,target,fog_0p6,409
data/processed/cvbra_v1/images/train/target_0409_fog_1p0.png,409,target,fog_1p0,409
data/processed/cvbra_v1/images/train/target_0410_original.jpg,410,target,original,410
data/processed/cvbra_v1/images/train/target_0410_fog_0p6.png,410,target,fog_0p6,410
data/processed/cvbra_v1/images/train/target_0410_fog_1p0.png,410,target,fog_1p0,410
data/processed/cvbra_v1/images/train/target_0411_original.jpg,411,target,original,411
data/processed/cvbra_v1/images/train/target_0411_fog_0p6.png,411,target,fog_0p6,411
data/processed/cvbra_v1/images/train/target_0411_fog_1p0.png,411,target,fog_1p0,411
data/processed/cvbra_v1/images/train/target_0412_original.jpg,412,target,original,412
data/processed/cvbra_v1/images/train/target_0412_fog_0p6.png,412,target,fog_0p6,412
data/processed/cvbra_v1/images/train/target_0412_fog_1p0.png,412,target,fog_1p0,412
data/processed/cvbra_v1/images/train/target_0413_original.jpg,413,target,original,413
data/processed/cvbra_v1/images/train/target_0413_fog_0p6.png,413,target,fog_0p6,413
data/processed/cvbra_v1/images/train/target_0413_fog_1p0.png,413,target,fog_1p0,413
data/processed/cvbra_v1/images/train/target_0414_original.jpg,414,target,original,414
data/processed/cvbra_v1/images/train/target_0414_fog_0p6.png,414,target,fog_0p6,414
data/processed/cvbra_v1/images/train/target_0414_fog_1p0.png,414,target,fog_1p0,414
data/processed/cvbra_v1/images/train/target_0415_original.jpg,415,target,original,415
data/processed/cvbra_v1/images/train/target_0415_fog_0p6.png,415,target,fog_0p6,415
data/processed/cvbra_v1/images/train/target_0415_fog_1p0.png,415,target,fog_1p0,415
data/processed/cvbra_v1/images/train/target_0416_original.jpg,416,target,original,416
data/processed/cvbra_v1/images/train/target_0416_fog_0p6.png,416,target,fog_0p6,416
data/processed/cvbra_v1/images/train/target_0416_fog_1p0.png,416,target,fog_1p0,416
data/processed/cvbra_v1/images/train/target_0417_original.jpg,417,target,original,417
data/processed/cvbra_v1/images/train/target_0417_fog_0p6.png,417,target,fog_0p6,417
data/processed/cvbra_v1/images/train/target_0417_fog_1p0.png,417,target,fog_1p0,417
data/processed/cvbra_v1/images/train/target_0418_original.jpg,418,target,original,418
data/processed/cvbra_v1/images/train/target_0418_fog_0p6.png,418,target,fog_0p6,418
data/processed/cvbra_v1/images/train/target_0418_fog_1p0.png,418,target,fog_1p0,418
data/processed/cvbra_v1/images/train/target_0419_original.jpg,419,target,original,419
data/processed/cvbra_v1/images/train/target_0419_fog_0p6.png,419,target,fog_0p6,419
data/processed/cvbra_v1/images/train/target_0419_fog_1p0.png,419,target,fog_1p0,419
data/processed/cvbra_v1/images/train/target_0420_original.jpg,420,target,original,420
data/processed/cvbra_v1/images/train/target_0420_fog_0p6.png,420,target,fog_0p6,420
data/processed/cvbra_v1/images/train/target_0420_fog_1p0.png,420,target,fog_1p0,420
data/processed/cvbra_v1/images/train/target_0421_original.jpg,421,target,original,421
data/processed/cvbra_v1/images/train/target_0421_fog_0p6.png,421,target,fog_0p6,421
data/processed/cvbra_v1/images/train/target_0421_fog_1p0.png,421,target,fog_1p0,421
data/processed/cvbra_v1/images/train/target_0422_original.jpg,422,target,original,422
data/processed/cvbra_v1/images/train/target_0422_fog_0p6.png,422,target,fog_0p6,422
data/processed/cvbra_v1/images/train/target_0422_fog_1p0.png,422,target,fog_1p0,422
data/processed/cvbra_v1/images/train/target_0423_original.jpg,423,target,original,423
data/processed/cvbra_v1/images/train/target_0423_fog_0p6.png,423,target,fog_0p6,423
data/processed/cvbra_v1/images/train/target_0423_fog_1p0.png,423,target,fog_1p0,423
data/processed/cvbra_v1/images/train/target_0424_original.jpg,424,target,original,424
data/processed/cvbra_v1/images/train/target_0424_fog_0p6.png,424,target,fog_0p6,424
data/processed/cvbra_v1/images/train/target_0424_fog_1p0.png,424,target,fog_1p0,424
data/processed/cvbra_v1/images/train/target_0425_original.jpg,425,target,original,425
data/processed/cvbra_v1/images/train/target_0425_fog_0p6.png,425,target,fog_0p6,425
data/processed/cvbra_v1/images/train/target_0425_fog_1p0.png,425,target,fog_1p0,425
data/processed/cvbra_v1/images/train/target_0426_original.jpg,426,target,original,426
data/processed/cvbra_v1/images/train/target_0426_fog_0p6.png,426,target,fog_0p6,426
data/processed/cvbra_v1/images/train/target_0426_fog_1p0.png,426,target,fog_1p0,426
data/processed/cvbra_v1/images/train/target_0427_original.jpg,427,target,original,427
data/processed/cvbra_v1/images/train/target_0427_fog_0p6.png,427,target,fog_0p6,427
data/processed/cvbra_v1/images/train/target_0427_fog_1p0.png,427,target,fog_1p0,427
data/processed/cvbra_v1/images/train/target_0428_original.jpg,428,target,original,428
data/processed/cvbra_v1/images/train/target_0428_fog_0p6.png,428,target,fog_0p6,428
data/processed/cvbra_v1/images/train/target_0428_fog_1p0.png,428,target,fog_1p0,428
data/processed/cvbra_v1/images/train/target_0429_original.jpg,429,target,original,429
data/processed/cvbra_v1/images/train/target_0429_fog_0p6.png,429,target,fog_0p6,429
data/processed/cvbra_v1/images/train/target_0429_fog_1p0.png,429,target,fog_1p0,429
data/processed/cvbra_v1/images/train/target_0430_original.jpg,430,target,original,430
data/processed/cvbra_v1/images/train/target_0430_fog_0p6.png,430,target,fog_0p6,430
data/processed/cvbra_v1/images/train/target_0430_fog_1p0.png,430,target,fog_1p0,430
data/processed/cvbra_v1/images/train/target_0431_original.jpg,431,target,original,431
data/processed/cvbra_v1/images/train/target_0431_fog_0p6.png,431,target,fog_0p6,431
data/processed/cvbra_v1/images/train/target_0431_fog_1p0.png,431,target,fog_1p0,431
data/processed/cvbra_v1/images/train/target_0432_original.jpg,432,target,original,432
data/processed/cvbra_v1/images/train/target_0432_fog_0p6.png,432,target,fog_0p6,432
data/processed/cvbra_v1/images/train/target_0432_fog_1p0.png,432,target,fog_1p0,432
data/processed/cvbra_v1/images/train/target_0433_original.jpg,433,target,original,433
data/processed/cvbra_v1/images/train/target_0433_fog_0p6.png,433,target,fog_0p6,433
data/processed/cvbra_v1/images/train/target_0433_fog_1p0.png,433,target,fog_1p0,433
data/processed/cvbra_v1/images/train/target_0434_original.jpg,434,target,original,434
data/processed/cvbra_v1/images/train/target_0434_fog_0p6.png,434,target,fog_0p6,434
data/processed/cvbra_v1/images/train/target_0434_fog_1p0.png,434,target,fog_1p0,434
data/processed/cvbra_v1/images/train/target_0435_original.jpg,435,target,original,435
data/processed/cvbra_v1/images/train/target_0435_fog_0p6.png,435,target,fog_0p6,435
data/processed/cvbra_v1/images/train/target_0435_fog_1p0.png,435,target,fog_1p0,435
data/processed/cvbra_v1/images/train/target_0436_original.jpg,436,target,original,436
data/processed/cvbra_v1/images/train/target_0436_fog_0p6.png,436,target,fog_0p6,436
data/processed/cvbra_v1/images/train/target_0436_fog_1p0.png,436,target,fog_1p0,436
data/processed/cvbra_v1/images/train/target_0437_original.jpg,437,target,original,437
data/processed/cvbra_v1/images/train/target_0437_fog_0p6.png,437,target,fog_0p6,437
data/processed/cvbra_v1/images/train/target_0437_fog_1p0.png,437,target,fog_1p0,437
data/processed/cvbra_v1/images/train/target_0438_original.jpg,438,target,original,438
data/processed/cvbra_v1/images/train/target_0438_fog_0p6.png,438,target,fog_0p6,438
data/processed/cvbra_v1/images/train/target_0438_fog_1p0.png,438,target,fog_1p0,438
data/processed/cvbra_v1/images/train/target_0439_original.jpg,439,target,original,439
data/processed/cvbra_v1/images/train/target_0439_fog_0p6.png,439,target,fog_0p6,439
data/processed/cvbra_v1/images/train/target_0439_fog_1p0.png,439,target,fog_1p0,439
data/processed/cvbra_v1/images/train/target_0440_original.jpg,440,target,original,440
data/processed/cvbra_v1/images/train/target_0440_fog_0p6.png,440,target,fog_0p6,440
data/processed/cvbra_v1/images/train/target_0440_fog_1p0.png,440,target,fog_1p0,440
data/processed/cvbra_v1/images/train/target_0441_original.jpg,441,target,original,441
data/processed/cvbra_v1/images/train/target_0441_fog_0p6.png,441,target,fog_0p6,441
data/processed/cvbra_v1/images/train/target_0441_fog_1p0.png,441,target,fog_1p0,441
data/processed/cvbra_v1/images/train/target_0442_original.jpg,442,target,original,442
data/processed/cvbra_v1/images/train/target_0442_fog_0p6.png,442,target,fog_0p6,442
data/processed/cvbra_v1/images/train/target_0442_fog_1p0.png,442,target,fog_1p0,442
data/processed/cvbra_v1/images/train/target_0443_original.jpg,443,target,original,443
data/processed/cvbra_v1/images/train/target_0443_fog_0p6.png,443,target,fog_0p6,443
data/processed/cvbra_v1/images/train/target_0443_fog_1p0.png,443,target,fog_1p0,443
data/processed/cvbra_v1/images/train/target_0444_original.jpg,444,target,original,444
data/processed/cvbra_v1/images/train/target_0444_fog_0p6.png,444,target,fog_0p6,444
data/processed/cvbra_v1/images/train/target_0444_fog_1p0.png,444,target,fog_1p0,444
data/processed/cvbra_v1/images/train/target_0445_original.jpg,445,target,original,445
data/processed/cvbra_v1/images/train/target_0445_fog_0p6.png,445,target,fog_0p6,445
data/processed/cvbra_v1/images/train/target_0445_fog_1p0.png,445,target,fog_1p0,445
data/processed/cvbra_v1/images/train/target_0446_original.jpg,446,target,original,446
data/processed/cvbra_v1/images/train/target_0446_fog_0p6.png,446,target,fog_0p6,446
data/processed/cvbra_v1/images/train/target_0446_fog_1p0.png,446,target,fog_1p0,446
data/processed/cvbra_v1/images/train/target_0447_original.jpg,447,target,original,447
data/processed/cvbra_v1/images/train/target_0447_fog_0p6.png,447,target,fog_0p6,447
data/processed/cvbra_v1/images/train/target_0447_fog_1p0.png,447,target,fog_1p0,447
data/processed/cvbra_v1/images/train/target_0448_original.jpg,448,target,original,448
data/processed/cvbra_v1/images/train/target_0448_fog_0p6.png,448,target,fog_0p6,448
data/processed/cvbra_v1/images/train/target_0448_fog_1p0.png,448,target,fog_1p0,448
data/processed/cvbra_v1/images/train/target_0449_original.jpg,449,target,original,449
data/processed/cvbra_v1/images/train/target_0449_fog_0p6.png,449,target,fog_0p6,449
data/processed/cvbra_v1/images/train/target_0449_fog_1p0.png,449,target,fog_1p0,449
data/processed/cvbra_v1/images/train/target_0450_original.jpg,450,target,original,450
data/processed/cvbra_v1/images/train/target_0450_fog_0p6.png,450,target,fog_0p6,450
data/processed/cvbra_v1/images/train/target_0450_fog_1p0.png,450,target,fog_1p0,450
data/processed/cvbra_v1/images/train/target_0451_original.jpg,451,target,original,451
data/processed/cvbra_v1/images/train/target_0451_fog_0p6.png,451,target,fog_0p6,451
data/processed/cvbra_v1/images/train/target_0451_fog_1p0.png,451,target,fog_1p0,451
data/processed/cvbra_v1/images/train/target_0452_original.jpg,452,target,original,452
data/processed/cvbra_v1/images/train/target_0452_fog_0p6.png,452,target,fog_0p6,452
data/processed/cvbra_v1/images/train/target_0452_fog_1p0.png,452,target,fog_1p0,452
data/processed/cvbra_v1/images/train/target_0453_original.jpg,453,target,original,453
data/processed/cvbra_v1/images/train/target_0453_fog_0p6.png,453,target,fog_0p6,453
data/processed/cvbra_v1/images/train/target_0453_fog_1p0.png,453,target,fog_1p0,453
data/processed/cvbra_v1/images/train/target_0454_original.jpg,454,target,original,454
data/processed/cvbra_v1/images/train/target_0454_fog_0p6.png,454,target,fog_0p6,454
data/processed/cvbra_v1/images/train/target_0454_fog_1p0.png,454,target,fog_1p0,454
data/processed/cvbra_v1/images/train/target_0455_original.jpg,455,target,original,455
data/processed/cvbra_v1/images/train/target_0455_fog_0p6.png,455,target,fog_0p6,455
data/processed/cvbra_v1/images/train/target_0455_fog_1p0.png,455,target,fog_1p0,455
data/processed/cvbra_v1/images/train/target_0456_original.jpg,456,target,original,456
data/processed/cvbra_v1/images/train/target_0456_fog_0p6.png,456,target,fog_0p6,456
data/processed/cvbra_v1/images/train/target_0456_fog_1p0.png,456,target,fog_1p0,456
data/processed/cvbra_v1/images/train/target_0457_original.jpg,457,target,original,457
data/processed/cvbra_v1/images/train/target_0457_fog_0p6.png,457,target,fog_0p6,457
data/processed/cvbra_v1/images/train/target_0457_fog_1p0.png,457,target,fog_1p0,457
data/processed/cvbra_v1/images/train/target_0458_original.jpg,458,target,original,458
data/processed/cvbra_v1/images/train/target_0458_fog_0p6.png,458,target,fog_0p6,458
data/processed/cvbra_v1/images/train/target_0458_fog_1p0.png,458,target,fog_1p0,458
data/processed/cvbra_v1/images/train/target_0459_original.jpg,459,target,original,459
data/processed/cvbra_v1/images/train/target_0459_fog_0p6.png,459,target,fog_0p6,459
data/processed/cvbra_v1/images/train/target_0459_fog_1p0.png,459,target,fog_1p0,459
data/processed/cvbra_v1/images/train/target_0460_original.jpg,460,target,original,460
data/processed/cvbra_v1/images/train/target_0460_fog_0p6.png,460,target,fog_0p6,460
data/processed/cvbra_v1/images/train/target_0460_fog_1p0.png,460,target,fog_1p0,460
data/processed/cvbra_v1/images/train/target_0461_original.jpg,461,target,original,461
data/processed/cvbra_v1/images/train/target_0461_fog_0p6.png,461,target,fog_0p6,461
data/processed/cvbra_v1/images/train/target_0461_fog_1p0.png,461,target,fog_1p0,461
data/processed/cvbra_v1/images/train/target_0462_original.jpg,462,target,original,462
data/processed/cvbra_v1/images/train/target_0462_fog_0p6.png,462,target,fog_0p6,462
data/processed/cvbra_v1/images/train/target_0462_fog_1p0.png,462,target,fog_1p0,462
data/processed/cvbra_v1/images/train/target_0463_original.jpg,463,target,original,463
data/processed/cvbra_v1/images/train/target_0463_fog_0p6.png,463,target,fog_0p6,463
data/processed/cvbra_v1/images/train/target_0463_fog_1p0.png,463,target,fog_1p0,463
data/processed/cvbra_v1/images/train/target_0464_original.jpg,464,target,original,464
data/processed/cvbra_v1/images/train/target_0464_fog_0p6.png,464,target,fog_0p6,464
data/processed/cvbra_v1/images/train/target_0464_fog_1p0.png,464,target,fog_1p0,464
data/processed/cvbra_v1/images/train/target_0465_original.jpg,465,target,original,465
data/processed/cvbra_v1/images/train/target_0465_fog_0p6.png,465,target,fog_0p6,465
data/processed/cvbra_v1/images/train/target_0465_fog_1p0.png,465,target,fog_1p0,465
data/processed/cvbra_v1/images/train/target_0466_original.jpg,466,target,original,466
data/processed/cvbra_v1/images/train/target_0466_fog_0p6.png,466,target,fog_0p6,466
data/processed/cvbra_v1/images/train/target_0466_fog_1p0.png,466,target,fog_1p0,466
data/processed/cvbra_v1/images/train/target_0467_original.jpg,467,target,original,467
data/processed/cvbra_v1/images/train/target_0467_fog_0p6.png,467,target,fog_0p6,467
data/processed/cvbra_v1/images/train/target_0467_fog_1p0.png,467,target,fog_1p0,467
data/processed/cvbra_v1/images/train/target_0468_original.jpg,468,target,original,468
data/processed/cvbra_v1/images/train/target_0468_fog_0p6.png,468,target,fog_0p6,468
data/processed/cvbra_v1/images/train/target_0468_fog_1p0.png,468,target,fog_1p0,468
data/processed/cvbra_v1/images/train/target_0469_original.jpg,469,target,original,469
data/processed/cvbra_v1/images/train/target_0469_fog_0p6.png,469,target,fog_0p6,469
data/processed/cvbra_v1/images/train/target_0469_fog_1p0.png,469,target,fog_1p0,469
data/processed/cvbra_v1/images/train/target_0470_original.jpg,470,target,original,470
data/processed/cvbra_v1/images/train/target_0470_fog_0p6.png,470,target,fog_0p6,470
data/processed/cvbra_v1/images/train/target_0470_fog_1p0.png,470,target,fog_1p0,470
data/processed/cvbra_v1/images/train/target_0471_original.jpg,471,target,original,471
data/processed/cvbra_v1/images/train/target_0471_fog_0p6.png,471,target,fog_0p6,471
data/processed/cvbra_v1/images/train/target_0471_fog_1p0.png,471,target,fog_1p0,471
data/processed/cvbra_v1/images/train/target_0472_original.jpg,472,target,original,472
data/processed/cvbra_v1/images/train/target_0472_fog_0p6.png,472,target,fog_0p6,472
data/processed/cvbra_v1/images/train/target_0472_fog_1p0.png,472,target,fog_1p0,472
data/processed/cvbra_v1/images/train/target_0473_original.jpg,473,target,original,473
data/processed/cvbra_v1/images/train/target_0473_fog_0p6.png,473,target,fog_0p6,473
data/processed/cvbra_v1/images/train/target_0473_fog_1p0.png,473,target,fog_1p0,473
data/processed/cvbra_v1/images/train/target_0474_original.jpg,474,target,original,474
data/processed/cvbra_v1/images/train/target_0474_fog_0p6.png,474,target,fog_0p6,474
data/processed/cvbra_v1/images/train/target_0474_fog_1p0.png,474,target,fog_1p0,474
data/processed/cvbra_v1/images/train/target_0475_original.jpg,475,target,original,475
data/processed/cvbra_v1/images/train/target_0475_fog_0p6.png,475,target,fog_0p6,475
data/processed/cvbra_v1/images/train/target_0475_fog_1p0.png,475,target,fog_1p0,475
data/processed/cvbra_v1/images/train/target_0476_original.jpg,476,target,original,476
data/processed/cvbra_v1/images/train/target_0476_fog_0p6.png,476,target,fog_0p6,476
data/processed/cvbra_v1/images/train/target_0476_fog_1p0.png,476,target,fog_1p0,476
data/processed/cvbra_v1/images/train/target_0477_original.jpg,477,target,original,477
data/processed/cvbra_v1/images/train/target_0477_fog_0p6.png,477,target,fog_0p6,477
data/processed/cvbra_v1/images/train/target_0477_fog_1p0.png,477,target,fog_1p0,477
data/processed/cvbra_v1/images/train/target_0478_original.jpg,478,target,original,478
data/processed/cvbra_v1/images/train/target_0478_fog_0p6.png,478,target,fog_0p6,478
data/processed/cvbra_v1/images/train/target_0478_fog_1p0.png,478,target,fog_1p0,478
data/processed/cvbra_v1/images/train/target_0479_original.jpg,479,target,original,479
data/processed/cvbra_v1/images/train/target_0479_fog_0p6.png,479,target,fog_0p6,479
data/processed/cvbra_v1/images/train/target_0479_fog_1p0.png,479,target,fog_1p0,479
data/processed/cvbra_v1/images/train/target_0480_original.jpg,480,target,original,480
data/processed/cvbra_v1/images/train/target_0480_fog_0p6.png,480,target,fog_0p6,480
data/processed/cvbra_v1/images/train/target_0480_fog_1p0.png,480,target,fog_1p0,480
data/processed/cvbra_v1/images/train/target_0481_original.jpg,481,target,original,481
data/processed/cvbra_v1/images/train/target_0481_fog_0p6.png,481,target,fog_0p6,481
data/processed/cvbra_v1/images/train/target_0481_fog_1p0.png,481,target,fog_1p0,481
data/processed/cvbra_v1/images/train/target_0482_original.jpg,482,target,original,482
data/processed/cvbra_v1/images/train/target_0482_fog_0p6.png,482,target,fog_0p6,482
data/processed/cvbra_v1/images/train/target_0482_fog_1p0.png,482,target,fog_1p0,482
data/processed/cvbra_v1/images/train/target_0483_original.jpg,483,target,original,483
data/processed/cvbra_v1/images/train/target_0483_fog_0p6.png,483,target,fog_0p6,483
data/processed/cvbra_v1/images/train/target_0483_fog_1p0.png,483,target,fog_1p0,483
data/processed/cvbra_v1/images/train/target_0484_original.jpg,484,target,original,484
data/processed/cvbra_v1/images/train/target_0484_fog_0p6.png,484,target,fog_0p6,484
data/processed/cvbra_v1/images/train/target_0484_fog_1p0.png,484,target,fog_1p0,484
data/processed/cvbra_v1/images/train/target_0485_original.jpg,485,target,original,485
data/processed/cvbra_v1/images/train/target_0485_fog_0p6.png,485,target,fog_0p6,485
data/processed/cvbra_v1/images/train/target_0485_fog_1p0.png,485,target,fog_1p0,485
data/processed/cvbra_v1/images/train/target_0486_original.jpg,486,target,original,486
data/processed/cvbra_v1/images/train/target_0486_fog_0p6.png,486,target,fog_0p6,486
data/processed/cvbra_v1/images/train/target_0486_fog_1p0.png,486,target,fog_1p0,486
data/processed/cvbra_v1/images/train/target_0487_original.jpg,487,target,original,487
data/processed/cvbra_v1/images/train/target_0487_fog_0p6.png,487,target,fog_0p6,487
data/processed/cvbra_v1/images/train/target_0487_fog_1p0.png,487,target,fog_1p0,487
data/processed/cvbra_v1/images/train/target_0488_original.jpg,488,target,original,488
data/processed/cvbra_v1/images/train/target_0488_fog_0p6.png,488,target,fog_0p6,488
data/processed/cvbra_v1/images/train/target_0488_fog_1p0.png,488,target,fog_1p0,488
data/processed/cvbra_v1/images/train/target_0489_original.jpg,489,target,original,489
data/processed/cvbra_v1/images/train/target_0489_fog_0p6.png,489,target,fog_0p6,489
data/processed/cvbra_v1/images/train/target_0489_fog_1p0.png,489,target,fog_1p0,489
data/processed/cvbra_v1/images/train/target_0490_original.jpg,490,target,original,490
data/processed/cvbra_v1/images/train/target_0490_fog_0p6.png,490,target,fog_0p6,490
data/processed/cvbra_v1/images/train/target_0490_fog_1p0.png,490,target,fog_1p0,490
data/processed/cvbra_v1/images/train/target_0491_original.jpg,491,target,original,491
data/processed/cvbra_v1/images/train/target_0491_fog_0p6.png,491,target,fog_0p6,491
data/processed/cvbra_v1/images/train/target_0491_fog_1p0.png,491,target,fog_1p0,491
data/processed/cvbra_v1/images/train/target_0492_original.jpg,492,target,original,492
data/processed/cvbra_v1/images/train/target_0492_fog_0p6.png,492,target,fog_0p6,492
data/processed/cvbra_v1/images/train/target_0492_fog_1p0.png,492,target,fog_1p0,492
data/processed/cvbra_v1/images/train/target_0493_original.jpg,493,target,original,493
data/processed/cvbra_v1/images/train/target_0493_fog_0p6.png,493,target,fog_0p6,493
data/processed/cvbra_v1/images/train/target_0493_fog_1p0.png,493,target,fog_1p0,493
data/processed/cvbra_v1/images/train/target_0494_original.jpg,494,target,original,494
data/processed/cvbra_v1/images/train/target_0494_fog_0p6.png,494,target,fog_0p6,494
data/processed/cvbra_v1/images/train/target_0494_fog_1p0.png,494,target,fog_1p0,494
data/processed/cvbra_v1/images/train/target_0495_original.jpg,495,target,original,495
data/processed/cvbra_v1/images/train/target_0495_fog_0p6.png,495,target,fog_0p6,495
data/processed/cvbra_v1/images/train/target_0495_fog_1p0.png,495,target,fog_1p0,495
data/processed/cvbra_v1/images/train/target_0496_original.jpg,496,target,original,496
data/processed/cvbra_v1/images/train/target_0496_fog_0p6.png,496,target,fog_0p6,496
data/processed/cvbra_v1/images/train/target_0496_fog_1p0.png,496,target,fog_1p0,496
data/processed/cvbra_v1/images/train/target_0497_original.jpg,497,target,original,497
data/processed/cvbra_v1/images/train/target_0497_fog_0p6.png,497,target,fog_0p6,497
data/processed/cvbra_v1/images/train/target_0497_fog_1p0.png,497,target,fog_1p0,497
data/processed/cvbra_v1/images/train/target_0498_original.jpg,498,target,original,498
data/processed/cvbra_v1/images/train/target_0498_fog_0p6.png,498,target,fog_0p6,498
data/processed/cvbra_v1/images/train/target_0498_fog_1p0.png,498,target,fog_1p0,498
data/processed/cvbra_v1/images/train/target_0499_original.jpg,499,target,original,499
data/processed/cvbra_v1/images/train/target_0499_fog_0p6.png,499,target,fog_0p6,499
data/processed/cvbra_v1/images/train/target_0499_fog_1p0.png,499,target,fog_1p0,499
data/processed/cvbra_v1/images/train/target_0500_original.jpg,500,target,original,500
data/processed/cvbra_v1/images/train/target_0500_fog_0p6.png,500,target,fog_0p6,500
data/processed/cvbra_v1/images/train/target_0500_fog_1p0.png,500,target,fog_1p0,500
data/processed/cvbra_v1/images/train/target_0501_original.jpg,501,target,original,501
data/processed/cvbra_v1/images/train/target_0501_fog_0p6.png,501,target,fog_0p6,501
data/processed/cvbra_v1/images/train/target_0501_fog_1p0.png,501,target,fog_1p0,501
data/processed/cvbra_v1/images/train/target_0502_original.jpg,502,target,original,502
data/processed/cvbra_v1/images/train/target_0502_fog_0p6.png,502,target,fog_0p6,502
data/processed/cvbra_v1/images/train/target_0502_fog_1p0.png,502,target,fog_1p0,502
data/processed/cvbra_v1/images/train/target_0503_original.jpg,503,target,original,503
data/processed/cvbra_v1/images/train/target_0503_fog_0p6.png,503,target,fog_0p6,503
data/processed/cvbra_v1/images/train/target_0503_fog_1p0.png,503,target,fog_1p0,503
data/processed/cvbra_v1/images/train/target_0504_original.jpg,504,target,original,504
data/processed/cvbra_v1/images/train/target_0504_fog_0p6.png,504,target,fog_0p6,504
data/processed/cvbra_v1/images/train/target_0504_fog_1p0.png,504,target,fog_1p0,504
data/processed/cvbra_v1/images/train/target_0505_original.jpg,505,target,original,505
data/processed/cvbra_v1/images/train/target_0505_fog_0p6.png,505,target,fog_0p6,505
data/processed/cvbra_v1/images/train/target_0505_fog_1p0.png,505,target,fog_1p0,505
data/processed/cvbra_v1/images/train/target_0506_original.jpg,506,target,original,506
data/processed/cvbra_v1/images/train/target_0506_fog_0p6.png,506,target,fog_0p6,506
data/processed/cvbra_v1/images/train/target_0506_fog_1p0.png,506,target,fog_1p0,506
data/processed/cvbra_v1/images/train/target_0507_original.jpg,507,target,original,507
data/processed/cvbra_v1/images/train/target_0507_fog_0p6.png,507,target,fog_0p6,507
data/processed/cvbra_v1/images/train/target_0507_fog_1p0.png,507,target,fog_1p0,507
data/processed/cvbra_v1/images/train/target_0508_original.jpg,508,target,original,508
data/processed/cvbra_v1/images/train/target_0508_fog_0p6.png,508,target,fog_0p6,508
data/processed/cvbra_v1/images/train/target_0508_fog_1p0.png,508,target,fog_1p0,508
data/processed/cvbra_v1/images/train/target_0509_original.jpg,509,target,original,509
data/processed/cvbra_v1/images/train/target_0509_fog_0p6.png,509,target,fog_0p6,509
data/processed/cvbra_v1/images/train/target_0509_fog_1p0.png,509,target,fog_1p0,509
data/processed/cvbra_v1/images/train/target_0510_original.jpg,510,target,original,510
data/processed/cvbra_v1/images/train/target_0510_fog_0p6.png,510,target,fog_0p6,510
data/processed/cvbra_v1/images/train/target_0510_fog_1p0.png,510,target,fog_1p0,510
data/processed/cvbra_v1/images/train/target_0511_original.jpg,511,target,original,511
data/processed/cvbra_v1/images/train/target_0511_fog_0p6.png,511,target,fog_0p6,511
data/processed/cvbra_v1/images/train/target_0511_fog_1p0.png,511,target,fog_1p0,511
data/processed/cvbra_v1/images/train/target_0512_original.jpg,512,target,original,512
data/processed/cvbra_v1/images/train/target_0512_fog_0p6.png,512,target,fog_0p6,512
data/processed/cvbra_v1/images/train/target_0512_fog_1p0.png,512,target,fog_1p0,512
data/processed/cvbra_v1/images/train/target_0513_original.jpg,513,target,original,513
data/processed/cvbra_v1/images/train/target_0513_fog_0p6.png,513,target,fog_0p6,513
data/processed/cvbra_v1/images/train/target_0513_fog_1p0.png,513,target,fog_1p0,513
data/processed/cvbra_v1/images/train/target_0514_original.jpg,514,target,original,514
data/processed/cvbra_v1/images/train/target_0514_fog_0p6.png,514,target,fog_0p6,514
data/processed/cvbra_v1/images/train/target_0514_fog_1p0.png,514,target,fog_1p0,514
data/processed/cvbra_v1/images/train/target_0515_original.jpg,515,target,original,515
data/processed/cvbra_v1/images/train/target_0515_fog_0p6.png,515,target,fog_0p6,515
data/processed/cvbra_v1/images/train/target_0515_fog_1p0.png,515,target,fog_1p0,515
data/processed/cvbra_v1/images/train/target_0516_original.jpg,516,target,original,516
data/processed/cvbra_v1/images/train/target_0516_fog_0p6.png,516,target,fog_0p6,516
data/processed/cvbra_v1/images/train/target_0516_fog_1p0.png,516,target,fog_1p0,516
data/processed/cvbra_v1/images/train/target_0517_original.jpg,517,target,original,517
data/processed/cvbra_v1/images/train/target_0517_fog_0p6.png,517,target,fog_0p6,517
data/processed/cvbra_v1/images/train/target_0517_fog_1p0.png,517,target,fog_1p0,517
data/processed/cvbra_v1/images/train/target_0518_original.jpg,518,target,original,518
data/processed/cvbra_v1/images/train/target_0518_fog_0p6.png,518,target,fog_0p6,518
data/processed/cvbra_v1/images/train/target_0518_fog_1p0.png,518,target,fog_1p0,518
data/processed/cvbra_v1/images/train/target_0519_original.jpg,519,target,original,519
data/processed/cvbra_v1/images/train/target_0519_fog_0p6.png,519,target,fog_0p6,519
data/processed/cvbra_v1/images/train/target_0519_fog_1p0.png,519,target,fog_1p0,519
data/processed/cvbra_v1/images/train/target_0520_original.jpg,520,target,original,520
data/processed/cvbra_v1/images/train/target_0520_fog_0p6.png,520,target,fog_0p6,520
data/processed/cvbra_v1/images/train/target_0520_fog_1p0.png,520,target,fog_1p0,520
data/processed/cvbra_v1/images/train/target_0521_original.jpg,521,target,original,521
data/processed/cvbra_v1/images/train/target_0521_fog_0p6.png,521,target,fog_0p6,521
data/processed/cvbra_v1/images/train/target_0521_fog_1p0.png,521,target,fog_1p0,521
data/processed/cvbra_v1/images/train/target_0522_original.jpg,522,target,original,522
data/processed/cvbra_v1/images/train/target_0522_fog_0p6.png,522,target,fog_0p6,522
data/processed/cvbra_v1/images/train/target_0522_fog_1p0.png,522,target,fog_1p0,522
data/processed/cvbra_v1/images/train/target_0523_original.jpg,523,target,original,523
data/processed/cvbra_v1/images/train/target_0523_fog_0p6.png,523,target,fog_0p6,523
data/processed/cvbra_v1/images/train/target_0523_fog_1p0.png,523,target,fog_1p0,523
data/processed/cvbra_v1/images/train/target_0524_original.jpg,524,target,original,524
data/processed/cvbra_v1/images/train/target_0524_fog_0p6.png,524,target,fog_0p6,524
data/processed/cvbra_v1/images/train/target_0524_fog_1p0.png,524,target,fog_1p0,524
data/processed/cvbra_v1/images/train/target_0525_original.jpg,525,target,original,525
data/processed/cvbra_v1/images/train/target_0525_fog_0p6.png,525,target,fog_0p6,525
data/processed/cvbra_v1/images/train/target_0525_fog_1p0.png,525,target,fog_1p0,525
data/processed/cvbra_v1/images/train/target_0526_original.jpg,526,target,original,526
data/processed/cvbra_v1/images/train/target_0526_fog_0p6.png,526,target,fog_0p6,526
data/processed/cvbra_v1/images/train/target_0526_fog_1p0.png,526,target,fog_1p0,526
data/processed/cvbra_v1/images/train/target_0527_original.jpg,527,target,original,527
data/processed/cvbra_v1/images/train/target_0527_fog_0p6.png,527,target,fog_0p6,527
data/processed/cvbra_v1/images/train/target_0527_fog_1p0.png,527,target,fog_1p0,527
data/processed/cvbra_v1/images/train/target_0528_original.jpg,528,target,original,528
data/processed/cvbra_v1/images/train/target_0528_fog_0p6.png,528,target,fog_0p6,528
data/processed/cvbra_v1/images/train/target_0528_fog_1p0.png,528,target,fog_1p0,528
data/processed/cvbra_v1/images/train/target_0529_original.jpg,529,target,original,529
data/processed/cvbra_v1/images/train/target_0529_fog_0p6.png,529,target,fog_0p6,529
data/processed/cvbra_v1/images/train/target_0529_fog_1p0.png,529,target,fog_1p0,529
data/processed/cvbra_v1/images/train/target_0530_original.jpg,530,target,original,530
data/processed/cvbra_v1/images/train/target_0530_fog_0p6.png,530,target,fog_0p6,530
data/processed/cvbra_v1/images/train/target_0530_fog_1p0.png,530,target,fog_1p0,530
data/processed/cvbra_v1/images/train/target_0531_original.jpg,531,target,original,531
data/processed/cvbra_v1/images/train/target_0531_fog_0p6.png,531,target,fog_0p6,531
data/processed/cvbra_v1/images/train/target_0531_fog_1p0.png,531,target,fog_1p0,531
data/processed/cvbra_v1/images/train/target_0532_original.jpg,532,target,original,532
data/processed/cvbra_v1/images/train/target_0532_fog_0p6.png,532,target,fog_0p6,532
data/processed/cvbra_v1/images/train/target_0532_fog_1p0.png,532,target,fog_1p0,532
data/processed/cvbra_v1/images/train/target_0533_original.jpg,533,target,original,533
data/processed/cvbra_v1/images/train/target_0533_fog_0p6.png,533,target,fog_0p6,533
data/processed/cvbra_v1/images/train/target_0533_fog_1p0.png,533,target,fog_1p0,533
data/processed/cvbra_v1/images/train/target_0534_original.jpg,534,target,original,534
data/processed/cvbra_v1/images/train/target_0534_fog_0p6.png,534,target,fog_0p6,534
data/processed/cvbra_v1/images/train/target_0534_fog_1p0.png,534,target,fog_1p0,534
data/processed/cvbra_v1/images/train/target_0535_original.jpg,535,target,original,535
data/processed/cvbra_v1/images/train/target_0535_fog_0p6.png,535,target,fog_0p6,535
data/processed/cvbra_v1/images/train/target_0535_fog_1p0.png,535,target,fog_1p0,535
data/processed/cvbra_v1/images/train/target_0536_original.jpg,536,target,original,536
data/processed/cvbra_v1/images/train/target_0536_fog_0p6.png,536,target,fog_0p6,536
data/processed/cvbra_v1/images/train/target_0536_fog_1p0.png,536,target,fog_1p0,536
data/processed/cvbra_v1/images/train/target_0537_original.jpg,537,target,original,537
data/processed/cvbra_v1/images/train/target_0537_fog_0p6.png,537,target,fog_0p6,537
data/processed/cvbra_v1/images/train/target_0537_fog_1p0.png,537,target,fog_1p0,537
data/processed/cvbra_v1/images/train/target_0538_original.jpg,538,target,original,538
data/processed/cvbra_v1/images/train/target_0538_fog_0p6.png,538,target,fog_0p6,538
data/processed/cvbra_v1/images/train/target_0538_fog_1p0.png,538,target,fog_1p0,538
data/processed/cvbra_v1/images/train/target_0539_original.jpg,539,target,original,539
data/processed/cvbra_v1/images/train/target_0539_fog_0p6.png,539,target,fog_0p6,539
data/processed/cvbra_v1/images/train/target_0539_fog_1p0.png,539,target,fog_1p0,539
data/processed/cvbra_v1/images/train/target_0540_original.jpg,540,target,original,540
data/processed/cvbra_v1/images/train/target_0540_fog_0p6.png,540,target,fog_0p6,540
data/processed/cvbra_v1/images/train/target_0540_fog_1p0.png,540,target,fog_1p0,540
data/processed/cvbra_v1/images/train/target_0541_original.jpg,541,target,original,541
data/processed/cvbra_v1/images/train/target_0541_fog_0p6.png,541,target,fog_0p6,541
data/processed/cvbra_v1/images/train/target_0541_fog_1p0.png,541,target,fog_1p0,541
data/processed/cvbra_v1/images/train/target_0542_original.jpg,542,target,original,542
data/processed/cvbra_v1/images/train/target_0542_fog_0p6.png,542,target,fog_0p6,542
data/processed/cvbra_v1/images/train/target_0542_fog_1p0.png,542,target,fog_1p0,542
data/processed/cvbra_v1/images/train/target_0543_original.jpg,543,target,original,543
data/processed/cvbra_v1/images/train/target_0543_fog_0p6.png,543,target,fog_0p6,543
data/processed/cvbra_v1/images/train/target_0543_fog_1p0.png,543,target,fog_1p0,543
data/processed/cvbra_v1/images/train/target_0544_original.jpg,544,target,original,544
data/processed/cvbra_v1/images/train/target_0544_fog_0p6.png,544,target,fog_0p6,544
data/processed/cvbra_v1/images/train/target_0544_fog_1p0.png,544,target,fog_1p0,544
data/processed/cvbra_v1/images/train/target_0545_original.jpg,545,target,original,545
data/processed/cvbra_v1/images/train/target_0545_fog_0p6.png,545,target,fog_0p6,545
data/processed/cvbra_v1/images/train/target_0545_fog_1p0.png,545,target,fog_1p0,545
data/processed/cvbra_v1/images/train/target_0546_original.jpg,546,target,original,546
data/processed/cvbra_v1/images/train/target_0546_fog_0p6.png,546,target,fog_0p6,546
data/processed/cvbra_v1/images/train/target_0546_fog_1p0.png,546,target,fog_1p0,546
data/processed/cvbra_v1/images/train/target_0547_original.jpg,547,target,original,547
data/processed/cvbra_v1/images/train/target_0547_fog_0p6.png,547,target,fog_0p6,547
data/processed/cvbra_v1/images/train/target_0547_fog_1p0.png,547,target,fog_1p0,547
data/processed/cvbra_v1/images/train/target_0548_original.jpg,548,target,original,548
data/processed/cvbra_v1/images/train/target_0548_fog_0p6.png,548,target,fog_0p6,548
data/processed/cvbra_v1/images/train/target_0548_fog_1p0.png,548,target,fog_1p0,548
data/processed/cvbra_v1/images/train/target_0549_original.jpg,549,target,original,549
data/processed/cvbra_v1/images/train/target_0549_fog_0p6.png,549,target,fog_0p6,549
data/processed/cvbra_v1/images/train/target_0549_fog_1p0.png,549,target,fog_1p0,549
data/processed/cvbra_v1/images/train/target_0550_original.jpg,550,target,original,550
data/processed/cvbra_v1/images/train/target_0550_fog_0p6.png,550,target,fog_0p6,550
data/processed/cvbra_v1/images/train/target_0550_fog_1p0.png,550,target,fog_1p0,550
data/processed/cvbra_v1/images/train/target_0551_original.jpg,551,target,original,551
data/processed/cvbra_v1/images/train/target_0551_fog_0p6.png,551,target,fog_0p6,551
data/processed/cvbra_v1/images/train/target_0551_fog_1p0.png,551,target,fog_1p0,551
data/processed/cvbra_v1/images/train/target_0552_original.jpg,552,target,original,552
data/processed/cvbra_v1/images/train/target_0552_fog_0p6.png,552,target,fog_0p6,552
data/processed/cvbra_v1/images/train/target_0552_fog_1p0.png,552,target,fog_1p0,552
data/processed/cvbra_v1/images/train/target_0553_original.jpg,553,target,original,553
data/processed/cvbra_v1/images/train/target_0553_fog_0p6.png,553,target,fog_0p6,553
data/processed/cvbra_v1/images/train/target_0553_fog_1p0.png,553,target,fog_1p0,553
data/processed/cvbra_v1/images/train/target_0554_original.jpg,554,target,original,554
data/processed/cvbra_v1/images/train/target_0554_fog_0p6.png,554,target,fog_0p6,554
data/processed/cvbra_v1/images/train/target_0554_fog_1p0.png,554,target,fog_1p0,554
data/processed/cvbra_v1/images/train/target_0555_original.jpg,555,target,original,555
data/processed/cvbra_v1/images/train/target_0555_fog_0p6.png,555,target,fog_0p6,555
data/processed/cvbra_v1/images/train/target_0555_fog_1p0.png,555,target,fog_1p0,555
data/processed/cvbra_v1/images/train/target_0556_original.jpg,556,target,original,556
data/processed/cvbra_v1/images/train/target_0556_fog_0p6.png,556,target,fog_0p6,556
data/processed/cvbra_v1/images/train/target_0556_fog_1p0.png,556,target,fog_1p0,556
data/processed/cvbra_v1/images/train/target_0557_original.jpg,557,target,original,557
data/processed/cvbra_v1/images/train/target_0557_fog_0p6.png,557,target,fog_0p6,557
data/processed/cvbra_v1/images/train/target_0557_fog_1p0.png,557,target,fog_1p0,557
data/processed/cvbra_v1/images/train/target_0558_original.jpg,558,target,original,558
data/processed/cvbra_v1/images/train/target_0558_fog_0p6.png,558,target,fog_0p6,558
data/processed/cvbra_v1/images/train/target_0558_fog_1p0.png,558,target,fog_1p0,558
data/processed/cvbra_v1/images/train/target_0559_original.jpg,559,target,original,559
data/processed/cvbra_v1/images/train/target_0559_fog_0p6.png,559,target,fog_0p6,559
data/processed/cvbra_v1/images/train/target_0559_fog_1p0.png,559,target,fog_1p0,559
data/processed/cvbra_v1/images/train/target_0560_original.jpg,560,target,original,560
data/processed/cvbra_v1/images/train/target_0560_fog_0p6.png,560,target,fog_0p6,560
data/processed/cvbra_v1/images/train/target_0560_fog_1p0.png,560,target,fog_1p0,560
data/processed/cvbra_v1/images/train/target_0561_original.jpg,561,target,original,561
data/processed/cvbra_v1/images/train/target_0561_fog_0p6.png,561,target,fog_0p6,561
data/processed/cvbra_v1/images/train/target_0561_fog_1p0.png,561,target,fog_1p0,561
data/processed/cvbra_v1/images/train/target_0562_original.jpg,562,target,original,562
data/processed/cvbra_v1/images/train/target_0562_fog_0p6.png,562,target,fog_0p6,562
data/processed/cvbra_v1/images/train/target_0562_fog_1p0.png,562,target,fog_1p0,562
data/processed/cvbra_v1/images/train/target_0563_original.jpg,563,target,original,563
data/processed/cvbra_v1/images/train/target_0563_fog_0p6.png,563,target,fog_0p6,563
data/processed/cvbra_v1/images/train/target_0563_fog_1p0.png,563,target,fog_1p0,563
data/processed/cvbra_v1/images/train/target_0564_original.jpg,564,target,original,564
data/processed/cvbra_v1/images/train/target_0564_fog_0p6.png,564,target,fog_0p6,564
data/processed/cvbra_v1/images/train/target_0564_fog_1p0.png,564,target,fog_1p0,564
data/processed/cvbra_v1/images/train/target_0565_original.jpg,565,target,original,565
data/processed/cvbra_v1/images/train/target_0565_fog_0p6.png,565,target,fog_0p6,565
data/processed/cvbra_v1/images/train/target_0565_fog_1p0.png,565,target,fog_1p0,565
data/processed/cvbra_v1/images/train/target_0566_original.jpg,566,target,original,566
data/processed/cvbra_v1/images/train/target_0566_fog_0p6.png,566,target,fog_0p6,566
data/processed/cvbra_v1/images/train/target_0566_fog_1p0.png,566,target,fog_1p0,566
data/processed/cvbra_v1/images/train/target_0567_original.jpg,567,target,original,567
data/processed/cvbra_v1/images/train/target_0567_fog_0p6.png,567,target,fog_0p6,567
data/processed/cvbra_v1/images/train/target_0567_fog_1p0.png,567,target,fog_1p0,567
data/processed/cvbra_v1/images/train/target_0568_original.jpg,568,target,original,568
data/processed/cvbra_v1/images/train/target_0568_fog_0p6.png,568,target,fog_0p6,568
data/processed/cvbra_v1/images/train/target_0568_fog_1p0.png,568,target,fog_1p0,568
data/processed/cvbra_v1/images/train/target_0569_original.jpg,569,target,original,569
data/processed/cvbra_v1/images/train/target_0569_fog_0p6.png,569,target,fog_0p6,569
data/processed/cvbra_v1/images/train/target_0569_fog_1p0.png,569,target,fog_1p0,569
data/processed/cvbra_v1/images/train/target_0570_original.jpg,570,target,original,570
data/processed/cvbra_v1/images/train/target_0570_fog_0p6.png,570,target,fog_0p6,570
data/processed/cvbra_v1/images/train/target_0570_fog_1p0.png,570,target,fog_1p0,570
data/processed/cvbra_v1/images/train/target_0571_original.jpg,571,target,original,571
data/processed/cvbra_v1/images/train/target_0571_fog_0p6.png,571,target,fog_0p6,571
data/processed/cvbra_v1/images/train/target_0571_fog_1p0.png,571,target,fog_1p0,571
data/processed/cvbra_v1/images/train/target_0572_original.jpg,572,target,original,572
data/processed/cvbra_v1/images/train/target_0572_fog_0p6.png,572,target,fog_0p6,572
data/processed/cvbra_v1/images/train/target_0572_fog_1p0.png,572,target,fog_1p0,572
data/processed/cvbra_v1/images/train/target_0573_original.jpg,573,target,original,573
data/processed/cvbra_v1/images/train/target_0573_fog_0p6.png,573,target,fog_0p6,573
data/processed/cvbra_v1/images/train/target_0573_fog_1p0.png,573,target,fog_1p0,573
data/processed/cvbra_v1/images/train/target_0574_original.jpg,574,target,original,574
data/processed/cvbra_v1/images/train/target_0574_fog_0p6.png,574,target,fog_0p6,574
data/processed/cvbra_v1/images/train/target_0574_fog_1p0.png,574,target,fog_1p0,574
data/processed/cvbra_v1/images/train/target_0575_original.jpg,575,target,original,575
data/processed/cvbra_v1/images/train/target_0575_fog_0p6.png,575,target,fog_0p6,575
data/processed/cvbra_v1/images/train/target_0575_fog_1p0.png,575,target,fog_1p0,575
data/processed/cvbra_v1/images/train/target_0576_original.jpg,576,target,original,576
data/processed/cvbra_v1/images/train/target_0576_fog_0p6.png,576,target,fog_0p6,576
data/processed/cvbra_v1/images/train/target_0576_fog_1p0.png,576,target,fog_1p0,576
data/processed/cvbra_v1/images/train/target_0577_original.jpg,577,target,original,577
data/processed/cvbra_v1/images/train/target_0577_fog_0p6.png,577,target,fog_0p6,577
data/processed/cvbra_v1/images/train/target_0577_fog_1p0.png,577,target,fog_1p0,577
data/processed/cvbra_v1/images/train/target_0578_original.jpg,578,target,original,578
data/processed/cvbra_v1/images/train/target_0578_fog_0p6.png,578,target,fog_0p6,578
data/processed/cvbra_v1/images/train/target_0578_fog_1p0.png,578,target,fog_1p0,578
data/processed/cvbra_v1/images/train/target_0579_original.jpg,579,target,original,579
data/processed/cvbra_v1/images/train/target_0579_fog_0p6.png,579,target,fog_0p6,579
data/processed/cvbra_v1/images/train/target_0579_fog_1p0.png,579,target,fog_1p0,579
data/processed/cvbra_v1/images/train/target_0580_original.jpg,580,target,original,580
data/processed/cvbra_v1/images/train/target_0580_fog_0p6.png,580,target,fog_0p6,580
data/processed/cvbra_v1/images/train/target_0580_fog_1p0.png,580,target,fog_1p0,580
data/processed/cvbra_v1/images/train/target_0581_original.jpg,581,target,original,581
data/processed/cvbra_v1/images/train/target_0581_fog_0p6.png,581,target,fog_0p6,581
data/processed/cvbra_v1/images/train/target_0581_fog_1p0.png,581,target,fog_1p0,581
data/processed/cvbra_v1/images/train/target_0582_original.jpg,582,target,original,582
data/processed/cvbra_v1/images/train/target_0582_fog_0p6.png,582,target,fog_0p6,582
data/processed/cvbra_v1/images/train/target_0582_fog_1p0.png,582,target,fog_1p0,582
data/processed/cvbra_v1/images/train/target_0583_original.jpg,583,target,original,583
data/processed/cvbra_v1/images/train/target_0583_fog_0p6.png,583,target,fog_0p6,583
data/processed/cvbra_v1/images/train/target_0583_fog_1p0.png,583,target,fog_1p0,583
data/processed/cvbra_v1/images/train/target_0584_original.jpg,584,target,original,584
data/processed/cvbra_v1/images/train/target_0584_fog_0p6.png,584,target,fog_0p6,584
data/processed/cvbra_v1/images/train/target_0584_fog_1p0.png,584,target,fog_1p0,584
data/processed/cvbra_v1/images/train/target_0585_original.jpg,585,target,original,585
data/processed/cvbra_v1/images/train/target_0585_fog_0p6.png,585,target,fog_0p6,585
data/processed/cvbra_v1/images/train/target_0585_fog_1p0.png,585,target,fog_1p0,585
data/processed/cvbra_v1/images/train/target_0586_original.jpg,586,target,original,586
data/processed/cvbra_v1/images/train/target_0586_fog_0p6.png,586,target,fog_0p6,586
data/processed/cvbra_v1/images/train/target_0586_fog_1p0.png,586,target,fog_1p0,586
data/processed/cvbra_v1/images/train/target_0587_original.jpg,587,target,original,587
data/processed/cvbra_v1/images/train/target_0587_fog_0p6.png,587,target,fog_0p6,587
data/processed/cvbra_v1/images/train/target_0587_fog_1p0.png,587,target,fog_1p0,587
data/processed/cvbra_v1/images/train/target_0588_original.jpg,588,target,original,588
data/processed/cvbra_v1/images/train/target_0588_fog_0p6.png,588,target,fog_0p6,588
data/processed/cvbra_v1/images/train/target_0588_fog_1p0.png,588,target,fog_1p0,588
data/processed/cvbra_v1/images/train/target_0589_original.jpg,589,target,original,589
data/processed/cvbra_v1/images/train/target_0589_fog_0p6.png,589,target,fog_0p6,589
data/processed/cvbra_v1/images/train/target_0589_fog_1p0.png,589,target,fog_1p0,589
data/processed/cvbra_v1/images/train/target_0590_original.jpg,590,target,original,590
data/processed/cvbra_v1/images/train/target_0590_fog_0p6.png,590,target,fog_0p6,590
data/processed/cvbra_v1/images/train/target_0590_fog_1p0.png,590,target,fog_1p0,590
data/processed/cvbra_v1/images/train/target_0591_original.jpg,591,target,original,591
data/processed/cvbra_v1/images/train/target_0591_fog_0p6.png,591,target,fog_0p6,591
data/processed/cvbra_v1/images/train/target_0591_fog_1p0.png,591,target,fog_1p0,591
data/processed/cvbra_v1/images/train/target_0592_original.jpg,592,target,original,592
data/processed/cvbra_v1/images/train/target_0592_fog_0p6.png,592,target,fog_0p6,592
data/processed/cvbra_v1/images/train/target_0592_fog_1p0.png,592,target,fog_1p0,592
data/processed/cvbra_v1/images/train/target_0593_original.jpg,593,target,original,593
data/processed/cvbra_v1/images/train/target_0593_fog_0p6.png,593,target,fog_0p6,593
data/processed/cvbra_v1/images/train/target_0593_fog_1p0.png,593,target,fog_1p0,593
data/processed/cvbra_v1/images/train/target_0594_original.jpg,594,target,original,594
data/processed/cvbra_v1/images/train/target_0594_fog_0p6.png,594,target,fog_0p6,594
data/processed/cvbra_v1/images/train/target_0594_fog_1p0.png,594,target,fog_1p0,594
data/processed/cvbra_v1/images/train/target_0595_original.jpg,595,target,original,595
data/processed/cvbra_v1/images/train/target_0595_fog_0p6.png,595,target,fog_0p6,595
data/processed/cvbra_v1/images/train/target_0595_fog_1p0.png,595,target,fog_1p0,595
data/processed/cvbra_v1/images/train/target_0596_original.jpg,596,target,original,596
data/processed/cvbra_v1/images/train/target_0596_fog_0p6.png,596,target,fog_0p6,596
data/processed/cvbra_v1/images/train/target_0596_fog_1p0.png,596,target,fog_1p0,596
data/processed/cvbra_v1/images/train/target_0597_original.jpg,597,target,original,597
data/processed/cvbra_v1/images/train/target_0597_fog_0p6.png,597,target,fog_0p6,597
data/processed/cvbra_v1/images/train/target_0597_fog_1p0.png,597,target,fog_1p0,597
data/processed/cvbra_v1/images/train/target_0598_original.jpg,598,target,original,598
data/processed/cvbra_v1/images/train/target_0598_fog_0p6.png,598,target,fog_0p6,598
data/processed/cvbra_v1/images/train/target_0598_fog_1p0.png,598,target,fog_1p0,598
data/processed/cvbra_v1/images/train/target_0599_original.jpg,599,target,original,599
data/processed/cvbra_v1/images/train/target_0599_fog_0p6.png,599,target,fog_0p6,599
data/processed/cvbra_v1/images/train/target_0599_fog_1p0.png,599,target,fog_1p0,599
data/processed/cvbra_v1/images/train/target_0600_original.jpg,600,target,original,600
data/processed/cvbra_v1/images/train/target_0600_fog_0p6.png,600,target,fog_0p6,600
data/processed/cvbra_v1/images/train/target_0600_fog_1p0.png,600,target,fog_1p0,600
data/processed/cvbra_v1/images/train/target_0601_original.jpg,601,target,original,601
data/processed/cvbra_v1/images/train/target_0601_fog_0p6.png,601,target,fog_0p6,601
data/processed/cvbra_v1/images/train/target_0601_fog_1p0.png,601,target,fog_1p0,601
data/processed/cvbra_v1/images/train/target_0602_original.jpg,602,target,original,602
data/processed/cvbra_v1/images/train/target_0602_fog_0p6.png,602,target,fog_0p6,602
data/processed/cvbra_v1/images/train/target_0602_fog_1p0.png,602,target,fog_1p0,602
data/processed/cvbra_v1/images/train/target_0603_original.jpg,603,target,original,603
data/processed/cvbra_v1/images/train/target_0603_fog_0p6.png,603,target,fog_0p6,603
data/processed/cvbra_v1/images/train/target_0603_fog_1p0.png,603,target,fog_1p0,603
data/processed/cvbra_v1/images/train/target_0604_original.jpg,604,target,original,604
data/processed/cvbra_v1/images/train/target_0604_fog_0p6.png,604,target,fog_0p6,604
data/processed/cvbra_v1/images/train/target_0604_fog_1p0.png,604,target,fog_1p0,604
data/processed/cvbra_v1/images/train/target_0605_original.jpg,605,target,original,605
data/processed/cvbra_v1/images/train/target_0605_fog_0p6.png,605,target,fog_0p6,605
data/processed/cvbra_v1/images/train/target_0605_fog_1p0.png,605,target,fog_1p0,605
data/processed/cvbra_v1/images/train/target_0606_original.jpg,606,target,original,606
data/processed/cvbra_v1/images/train/target_0606_fog_0p6.png,606,target,fog_0p6,606
data/processed/cvbra_v1/images/train/target_0606_fog_1p0.png,606,target,fog_1p0,606
data/processed/cvbra_v1/images/train/target_0607_original.jpg,607,target,original,607
data/processed/cvbra_v1/images/train/target_0607_fog_0p6.png,607,target,fog_0p6,607
data/processed/cvbra_v1/images/train/target_0607_fog_1p0.png,607,target,fog_1p0,607
data/processed/cvbra_v1/images/train/target_0608_original.jpg,608,target,original,608
data/processed/cvbra_v1/images/train/target_0608_fog_0p6.png,608,target,fog_0p6,608
data/processed/cvbra_v1/images/train/target_0608_fog_1p0.png,608,target,fog_1p0,608
data/processed/cvbra_v1/images/train/target_0609_original.jpg,609,target,original,609
data/processed/cvbra_v1/images/train/target_0609_fog_0p6.png,609,target,fog_0p6,609
data/processed/cvbra_v1/images/train/target_0609_fog_1p0.png,609,target,fog_1p0,609
data/processed/cvbra_v1/images/train/target_0610_original.jpg,610,target,original,610
data/processed/cvbra_v1/images/train/target_0610_fog_0p6.png,610,target,fog_0p6,610
data/processed/cvbra_v1/images/train/target_0610_fog_1p0.png,610,target,fog_1p0,610
data/processed/cvbra_v1/images/train/target_0611_original.jpg,611,target,original,611
data/processed/cvbra_v1/images/train/target_0611_fog_0p6.png,611,target,fog_0p6,611
data/processed/cvbra_v1/images/train/target_0611_fog_1p0.png,611,target,fog_1p0,611
data/processed/cvbra_v1/images/train/target_0612_original.jpg,612,target,original,612
data/processed/cvbra_v1/images/train/target_0612_fog_0p6.png,612,target,fog_0p6,612
data/processed/cvbra_v1/images/train/target_0612_fog_1p0.png,612,target,fog_1p0,612
data/processed/cvbra_v1/images/train/target_0613_original.jpg,613,target,original,613
data/processed/cvbra_v1/images/train/target_0613_fog_0p6.png,613,target,fog_0p6,613
data/processed/cvbra_v1/images/train/target_0613_fog_1p0.png,613,target,fog_1p0,613
data/processed/cvbra_v1/images/train/target_0614_original.jpg,614,target,original,614
data/processed/cvbra_v1/images/train/target_0614_fog_0p6.png,614,target,fog_0p6,614
data/processed/cvbra_v1/images/train/target_0614_fog_1p0.png,614,target,fog_1p0,614
data/processed/cvbra_v1/images/train/target_0615_original.jpg,615,target,original,615
data/processed/cvbra_v1/images/train/target_0615_fog_0p6.png,615,target,fog_0p6,615
data/processed/cvbra_v1/images/train/target_0615_fog_1p0.png,615,target,fog_1p0,615
data/processed/cvbra_v1/images/train/target_0616_original.jpg,616,target,original,616
data/processed/cvbra_v1/images/train/target_0616_fog_0p6.png,616,target,fog_0p6,616
data/processed/cvbra_v1/images/train/target_0616_fog_1p0.png,616,target,fog_1p0,616
data/processed/cvbra_v1/images/train/target_0617_original.jpg,617,target,original,617
data/processed/cvbra_v1/images/train/target_0617_fog_0p6.png,617,target,fog_0p6,617
data/processed/cvbra_v1/images/train/target_0617_fog_1p0.png,617,target,fog_1p0,617
data/processed/cvbra_v1/images/train/target_0618_original.jpg,618,target,original,618
data/processed/cvbra_v1/images/train/target_0618_fog_0p6.png,618,target,fog_0p6,618
data/processed/cvbra_v1/images/train/target_0618_fog_1p0.png,618,target,fog_1p0,618
data/processed/cvbra_v1/images/train/target_0619_original.jpg,619,target,original,619
data/processed/cvbra_v1/images/train/target_0619_fog_0p6.png,619,target,fog_0p6,619
data/processed/cvbra_v1/images/train/target_0619_fog_1p0.png,619,target,fog_1p0,619
data/processed/cvbra_v1/images/train/target_0620_original.jpg,620,target,original,620
data/processed/cvbra_v1/images/train/target_0620_fog_0p6.png,620,target,fog_0p6,620
data/processed/cvbra_v1/images/train/target_0620_fog_1p0.png,620,target,fog_1p0,620
data/processed/cvbra_v1/images/train/target_0621_original.jpg,621,target,original,621
data/processed/cvbra_v1/images/train/target_0621_fog_0p6.png,621,target,fog_0p6,621
data/processed/cvbra_v1/images/train/target_0621_fog_1p0.png,621,target,fog_1p0,621
data/processed/cvbra_v1/images/train/target_0622_original.jpg,622,target,original,622
data/processed/cvbra_v1/images/train/target_0622_fog_0p6.png,622,target,fog_0p6,622
data/processed/cvbra_v1/images/train/target_0622_fog_1p0.png,622,target,fog_1p0,622
data/processed/cvbra_v1/images/train/target_0623_original.jpg,623,target,original,623
data/processed/cvbra_v1/images/train/target_0623_fog_0p6.png,623,target,fog_0p6,623
data/processed/cvbra_v1/images/train/target_0623_fog_1p0.png,623,target,fog_1p0,623
data/processed/cvbra_v1/images/train/target_0624_original.jpg,624,target,original,624
data/processed/cvbra_v1/images/train/target_0624_fog_0p6.png,624,target,fog_0p6,624
data/processed/cvbra_v1/images/train/target_0624_fog_1p0.png,624,target,fog_1p0,624
data/processed/cvbra_v1/images/train/target_0625_original.jpg,625,target,original,625
data/processed/cvbra_v1/images/train/target_0625_fog_0p6.png,625,target,fog_0p6,625
data/processed/cvbra_v1/images/train/target_0625_fog_1p0.png,625,target,fog_1p0,625
data/processed/cvbra_v1/images/train/target_0626_original.jpg,626,target,original,626
data/processed/cvbra_v1/images/train/target_0626_fog_0p6.png,626,target,fog_0p6,626
data/processed/cvbra_v1/images/train/target_0626_fog_1p0.png,626,target,fog_1p0,626
data/processed/cvbra_v1/images/train/target_0627_original.jpg,627,target,original,627
data/processed/cvbra_v1/images/train/target_0627_fog_0p6.png,627,target,fog_0p6,627
data/processed/cvbra_v1/images/train/target_0627_fog_1p0.png,627,target,fog_1p0,627
data/processed/cvbra_v1/images/train/target_0628_original.jpg,628,target,original,628
data/processed/cvbra_v1/images/train/target_0628_fog_0p6.png,628,target,fog_0p6,628
data/processed/cvbra_v1/images/train/target_0628_fog_1p0.png,628,target,fog_1p0,628
data/processed/cvbra_v1/images/train/target_0629_original.jpg,629,target,original,629
data/processed/cvbra_v1/images/train/target_0629_fog_0p6.png,629,target,fog_0p6,629
data/processed/cvbra_v1/images/train/target_0629_fog_1p0.png,629,target,fog_1p0,629
data/processed/cvbra_v1/images/train/target_0630_original.jpg,630,target,original,630
data/processed/cvbra_v1/images/train/target_0630_fog_0p6.png,630,target,fog_0p6,630
data/processed/cvbra_v1/images/train/target_0630_fog_1p0.png,630,target,fog_1p0,630
data/processed/cvbra_v1/images/train/target_0631_original.jpg,631,target,original,631
data/processed/cvbra_v1/images/train/target_0631_fog_0p6.png,631,target,fog_0p6,631
data/processed/cvbra_v1/images/train/target_0631_fog_1p0.png,631,target,fog_1p0,631
data/processed/cvbra_v1/images/train/target_0632_original.jpg,632,target,original,632
data/processed/cvbra_v1/images/train/target_0632_fog_0p6.png,632,target,fog_0p6,632
data/processed/cvbra_v1/images/train/target_0632_fog_1p0.png,632,target,fog_1p0,632
data/processed/cvbra_v1/images/train/target_0633_original.jpg,633,target,original,633
data/processed/cvbra_v1/images/train/target_0633_fog_0p6.png,633,target,fog_0p6,633
data/processed/cvbra_v1/images/train/target_0633_fog_1p0.png,633,target,fog_1p0,633
data/processed/cvbra_v1/images/train/target_0634_original.jpg,634,target,original,634
data/processed/cvbra_v1/images/train/target_0634_fog_0p6.png,634,target,fog_0p6,634
data/processed/cvbra_v1/images/train/target_0634_fog_1p0.png,634,target,fog_1p0,634
data/processed/cvbra_v1/images/train/target_0635_original.jpg,635,target,original,635
data/processed/cvbra_v1/images/train/target_0635_fog_0p6.png,635,target,fog_0p6,635
data/processed/cvbra_v1/images/train/target_0635_fog_1p0.png,635,target,fog_1p0,635
data/processed/cvbra_v1/images/train/target_0636_original.jpg,636,target,original,636
data/processed/cvbra_v1/images/train/target_0636_fog_0p6.png,636,target,fog_0p6,636
data/processed/cvbra_v1/images/train/target_0636_fog_1p0.png,636,target,fog_1p0,636
data/processed/cvbra_v1/images/train/target_0637_original.jpg,637,target,original,637
data/processed/cvbra_v1/images/train/target_0637_fog_0p6.png,637,target,fog_0p6,637
data/processed/cvbra_v1/images/train/target_0637_fog_1p0.png,637,target,fog_1p0,637
data/processed/cvbra_v1/images/train/target_0638_original.jpg,638,target,original,638
data/processed/cvbra_v1/images/train/target_0638_fog_0p6.png,638,target,fog_0p6,638
data/processed/cvbra_v1/images/train/target_0638_fog_1p0.png,638,target,fog_1p0,638
data/processed/cvbra_v1/images/train/target_0639_original.jpg,639,target,original,639
data/processed/cvbra_v1/images/train/target_0639_fog_0p6.png,639,target,fog_0p6,639
data/processed/cvbra_v1/images/train/target_0639_fog_1p0.png,639,target,fog_1p0,639
data/processed/cvbra_v1/images/train/target_0640_original.jpg,640,target,original,640
data/processed/cvbra_v1/images/train/target_0640_fog_0p6.png,640,target,fog_0p6,640
data/processed/cvbra_v1/images/train/target_0640_fog_1p0.png,640,target,fog_1p0,640
data/processed/cvbra_v1/images/train/target_0641_original.jpg,641,target,original,641
data/processed/cvbra_v1/images/train/target_0641_fog_0p6.png,641,target,fog_0p6,641
data/processed/cvbra_v1/images/train/target_0641_fog_1p0.png,641,target,fog_1p0,641
data/processed/cvbra_v1/images/train/target_0642_original.jpg,642,target,original,642
data/processed/cvbra_v1/images/train/target_0642_fog_0p6.png,642,target,fog_0p6,642
data/processed/cvbra_v1/images/train/target_0642_fog_1p0.png,642,target,fog_1p0,642
data/processed/cvbra_v1/images/train/target_0643_original.jpg,643,target,original,643
data/processed/cvbra_v1/images/train/target_0643_fog_0p6.png,643,target,fog_0p6,643
data/processed/cvbra_v1/images/train/target_0643_fog_1p0.png,643,target,fog_1p0,643
data/processed/cvbra_v1/images/train/target_0644_original.jpg,644,target,original,644
data/processed/cvbra_v1/images/train/target_0644_fog_0p6.png,644,target,fog_0p6,644
data/processed/cvbra_v1/images/train/target_0644_fog_1p0.png,644,target,fog_1p0,644
data/processed/cvbra_v1/images/train/target_0645_original.jpg,645,target,original,645
data/processed/cvbra_v1/images/train/target_0645_fog_0p6.png,645,target,fog_0p6,645
data/processed/cvbra_v1/images/train/target_0645_fog_1p0.png,645,target,fog_1p0,645
data/processed/cvbra_v1/images/train/target_0646_original.jpg,646,target,original,646
data/processed/cvbra_v1/images/train/target_0646_fog_0p6.png,646,target,fog_0p6,646
data/processed/cvbra_v1/images/train/target_0646_fog_1p0.png,646,target,fog_1p0,646
data/processed/cvbra_v1/images/train/target_0647_original.jpg,647,target,original,647
data/processed/cvbra_v1/images/train/target_0647_fog_0p6.png,647,target,fog_0p6,647
data/processed/cvbra_v1/images/train/target_0647_fog_1p0.png,647,target,fog_1p0,647
data/processed/cvbra_v1/images/train/target_0648_original.jpg,648,target,original,648
data/processed/cvbra_v1/images/train/target_0648_fog_0p6.png,648,target,fog_0p6,648
data/processed/cvbra_v1/images/train/target_0648_fog_1p0.png,648,target,fog_1p0,648
data/processed/cvbra_v1/images/train/target_0649_original.jpg,649,target,original,649
data/processed/cvbra_v1/images/train/target_0649_fog_0p6.png,649,target,fog_0p6,649
data/processed/cvbra_v1/images/train/target_0649_fog_1p0.png,649,target,fog_1p0,649
data/processed/cvbra_v1/images/train/target_0650_original.jpg,650,target,original,650
data/processed/cvbra_v1/images/train/target_0650_fog_0p6.png,650,target,fog_0p6,650
data/processed/cvbra_v1/images/train/target_0650_fog_1p0.png,650,target,fog_1p0,650
data/processed/cvbra_v1/images/train/target_0651_original.jpg,651,target,original,651
data/processed/cvbra_v1/images/train/target_0651_fog_0p6.png,651,target,fog_0p6,651
data/processed/cvbra_v1/images/train/target_0651_fog_1p0.png,651,target,fog_1p0,651
data/processed/cvbra_v1/images/train/target_0652_original.jpg,652,target,original,652
data/processed/cvbra_v1/images/train/target_0652_fog_0p6.png,652,target,fog_0p6,652
data/processed/cvbra_v1/images/train/target_0652_fog_1p0.png,652,target,fog_1p0,652
data/processed/cvbra_v1/images/train/target_0653_original.jpg,653,target,original,653
data/processed/cvbra_v1/images/train/target_0653_fog_0p6.png,653,target,fog_0p6,653
data/processed/cvbra_v1/images/train/target_0653_fog_1p0.png,653,target,fog_1p0,653
data/processed/cvbra_v1/images/train/target_0654_original.jpg,654,target,original,654
data/processed/cvbra_v1/images/train/target_0654_fog_0p6.png,654,target,fog_0p6,654
data/processed/cvbra_v1/images/train/target_0654_fog_1p0.png,654,target,fog_1p0,654
data/processed/cvbra_v1/images/train/target_0655_original.jpg,655,target,original,655
data/processed/cvbra_v1/images/train/target_0655_fog_0p6.png,655,target,fog_0p6,655
data/processed/cvbra_v1/images/train/target_0655_fog_1p0.png,655,target,fog_1p0,655
data/processed/cvbra_v1/images/train/target_0656_original.jpg,656,target,original,656
data/processed/cvbra_v1/images/train/target_0656_fog_0p6.png,656,target,fog_0p6,656
data/processed/cvbra_v1/images/train/target_0656_fog_1p0.png,656,target,fog_1p0,656
data/processed/cvbra_v1/images/train/target_0657_original.jpg,657,target,original,657
data/processed/cvbra_v1/images/train/target_0657_fog_0p6.png,657,target,fog_0p6,657
data/processed/cvbra_v1/images/train/target_0657_fog_1p0.png,657,target,fog_1p0,657
data/processed/cvbra_v1/images/train/target_0658_original.jpg,658,target,original,658
data/processed/cvbra_v1/images/train/target_0658_fog_0p6.png,658,target,fog_0p6,658
data/processed/cvbra_v1/images/train/target_0658_fog_1p0.png,658,target,fog_1p0,658
data/processed/cvbra_v1/images/train/target_0659_original.jpg,659,target,original,659
data/processed/cvbra_v1/images/train/target_0659_fog_0p6.png,659,target,fog_0p6,659
data/processed/cvbra_v1/images/train/target_0659_fog_1p0.png,659,target,fog_1p0,659
data/processed/cvbra_v1/images/train/target_0660_original.jpg,660,target,original,660
data/processed/cvbra_v1/images/train/target_0660_fog_0p6.png,660,target,fog_0p6,660
data/processed/cvbra_v1/images/train/target_0660_fog_1p0.png,660,target,fog_1p0,660
data/processed/cvbra_v1/images/train/target_0661_original.jpg,661,target,original,661
data/processed/cvbra_v1/images/train/target_0661_fog_0p6.png,661,target,fog_0p6,661
data/processed/cvbra_v1/images/train/target_0661_fog_1p0.png,661,target,fog_1p0,661
data/processed/cvbra_v1/images/train/target_0662_original.jpg,662,target,original,662
data/processed/cvbra_v1/images/train/target_0662_fog_0p6.png,662,target,fog_0p6,662
data/processed/cvbra_v1/images/train/target_0662_fog_1p0.png,662,target,fog_1p0,662
data/processed/cvbra_v1/images/train/target_0663_original.jpg,663,target,original,663
data/processed/cvbra_v1/images/train/target_0663_fog_0p6.png,663,target,fog_0p6,663
data/processed/cvbra_v1/images/train/target_0663_fog_1p0.png,663,target,fog_1p0,663
data/processed/cvbra_v1/images/train/target_0664_original.jpg,664,target,original,664
data/processed/cvbra_v1/images/train/target_0664_fog_0p6.png,664,target,fog_0p6,664
data/processed/cvbra_v1/images/train/target_0664_fog_1p0.png,664,target,fog_1p0,664
data/processed/cvbra_v1/images/train/target_0665_original.jpg,665,target,original,665
data/processed/cvbra_v1/images/train/target_0665_fog_0p6.png,665,target,fog_0p6,665
data/processed/cvbra_v1/images/train/target_0665_fog_1p0.png,665,target,fog_1p0,665
data/processed/cvbra_v1/images/train/target_0666_original.jpg,666,target,original,666
data/processed/cvbra_v1/images/train/target_0666_fog_0p6.png,666,target,fog_0p6,666
data/processed/cvbra_v1/images/train/target_0666_fog_1p0.png,666,target,fog_1p0,666
data/processed/cvbra_v1/images/train/target_0667_original.jpg,667,target,original,667
data/processed/cvbra_v1/images/train/target_0667_fog_0p6.png,667,target,fog_0p6,667
data/processed/cvbra_v1/images/train/target_0667_fog_1p0.png,667,target,fog_1p0,667
data/processed/cvbra_v1/images/train/target_0668_original.jpg,668,target,original,668
data/processed/cvbra_v1/images/train/target_0668_fog_0p6.png,668,target,fog_0p6,668
data/processed/cvbra_v1/images/train/target_0668_fog_1p0.png,668,target,fog_1p0,668
data/processed/cvbra_v1/images/train/target_0669_original.jpg,669,target,original,669
data/processed/cvbra_v1/images/train/target_0669_fog_0p6.png,669,target,fog_0p6,669
data/processed/cvbra_v1/images/train/target_0669_fog_1p0.png,669,target,fog_1p0,669
data/processed/cvbra_v1/images/train/target_0670_original.jpg,670,target,original,670
data/processed/cvbra_v1/images/train/target_0670_fog_0p6.png,670,target,fog_0p6,670
data/processed/cvbra_v1/images/train/target_0670_fog_1p0.png,670,target,fog_1p0,670
data/processed/cvbra_v1/images/train/target_0671_original.jpg,671,target,original,671
data/processed/cvbra_v1/images/train/target_0671_fog_0p6.png,671,target,fog_0p6,671
data/processed/cvbra_v1/images/train/target_0671_fog_1p0.png,671,target,fog_1p0,671
data/processed/cvbra_v1/images/train/target_0672_original.jpg,672,target,original,672
data/processed/cvbra_v1/images/train/target_0672_fog_0p6.png,672,target,fog_0p6,672
data/processed/cvbra_v1/images/train/target_0672_fog_1p0.png,672,target,fog_1p0,672
data/processed/cvbra_v1/images/train/target_0673_original.jpg,673,target,original,673
data/processed/cvbra_v1/images/train/target_0673_fog_0p6.png,673,target,fog_0p6,673
data/processed/cvbra_v1/images/train/target_0673_fog_1p0.png,673,target,fog_1p0,673
data/processed/cvbra_v1/images/train/target_0674_original.jpg,674,target,original,674
data/processed/cvbra_v1/images/train/target_0674_fog_0p6.png,674,target,fog_0p6,674
data/processed/cvbra_v1/images/train/target_0674_fog_1p0.png,674,target,fog_1p0,674
data/processed/cvbra_v1/images/train/target_0675_original.jpg,675,target,original,675
data/processed/cvbra_v1/images/train/target_0675_fog_0p6.png,675,target,fog_0p6,675
data/processed/cvbra_v1/images/train/target_0675_fog_1p0.png,675,target,fog_1p0,675
data/processed/cvbra_v1/images/train/target_0676_original.jpg,676,target,original,676
data/processed/cvbra_v1/images/train/target_0676_fog_0p6.png,676,target,fog_0p6,676
data/processed/cvbra_v1/images/train/target_0676_fog_1p0.png,676,target,fog_1p0,676
data/processed/cvbra_v1/images/train/target_0677_original.jpg,677,target,original,677
data/processed/cvbra_v1/images/train/target_0677_fog_0p6.png,677,target,fog_0p6,677
data/processed/cvbra_v1/images/train/target_0677_fog_1p0.png,677,target,fog_1p0,677
data/processed/cvbra_v1/images/train/target_0678_original.jpg,678,target,original,678
data/processed/cvbra_v1/images/train/target_0678_fog_0p6.png,678,target,fog_0p6,678
data/processed/cvbra_v1/images/train/target_0678_fog_1p0.png,678,target,fog_1p0,678
data/processed/cvbra_v1/images/train/target_0679_original.jpg,679,target,original,679
data/processed/cvbra_v1/images/train/target_0679_fog_0p6.png,679,target,fog_0p6,679
data/processed/cvbra_v1/images/train/target_0679_fog_1p0.png,679,target,fog_1p0,679
data/processed/cvbra_v1/images/train/target_0680_original.jpg,680,target,original,680
data/processed/cvbra_v1/images/train/target_0680_fog_0p6.png,680,target,fog_0p6,680
data/processed/cvbra_v1/images/train/target_0680_fog_1p0.png,680,target,fog_1p0,680
data/processed/cvbra_v1/images/train/target_0681_original.jpg,681,target,original,681
data/processed/cvbra_v1/images/train/target_0681_fog_0p6.png,681,target,fog_0p6,681
data/processed/cvbra_v1/images/train/target_0681_fog_1p0.png,681,target,fog_1p0,681
data/processed/cvbra_v1/images/train/target_0682_original.jpg,682,target,original,682
data/processed/cvbra_v1/images/train/target_0682_fog_0p6.png,682,target,fog_0p6,682
data/processed/cvbra_v1/images/train/target_0682_fog_1p0.png,682,target,fog_1p0,682
data/processed/cvbra_v1/images/train/target_0683_original.jpg,683,target,original,683
data/processed/cvbra_v1/images/train/target_0683_fog_0p6.png,683,target,fog_0p6,683
data/processed/cvbra_v1/images/train/target_0683_fog_1p0.png,683,target,fog_1p0,683
data/processed/cvbra_v1/images/train/target_0684_original.jpg,684,target,original,684
data/processed/cvbra_v1/images/train/target_0684_fog_0p6.png,684,target,fog_0p6,684
data/processed/cvbra_v1/images/train/target_0684_fog_1p0.png,684,target,fog_1p0,684
data/processed/cvbra_v1/images/train/target_0685_original.jpg,685,target,original,685
data/processed/cvbra_v1/images/train/target_0685_fog_0p6.png,685,target,fog_0p6,685
data/processed/cvbra_v1/images/train/target_0685_fog_1p0.png,685,target,fog_1p0,685
data/processed/cvbra_v1/images/train/target_0686_original.jpg,686,target,original,686
data/processed/cvbra_v1/images/train/target_0686_fog_0p6.png,686,target,fog_0p6,686
data/processed/cvbra_v1/images/train/target_0686_fog_1p0.png,686,target,fog_1p0,686
data/processed/cvbra_v1/images/train/target_0687_original.jpg,687,target,original,687
data/processed/cvbra_v1/images/train/target_0687_fog_0p6.png,687,target,fog_0p6,687
data/processed/cvbra_v1/images/train/target_0687_fog_1p0.png,687,target,fog_1p0,687
data/processed/cvbra_v1/images/train/target_0688_original.jpg,688,target,original,688
data/processed/cvbra_v1/images/train/target_0688_fog_0p6.png,688,target,fog_0p6,688
data/processed/cvbra_v1/images/train/target_0688_fog_1p0.png,688,target,fog_1p0,688
data/processed/cvbra_v1/images/train/target_0689_original.jpg,689,target,original,689
data/processed/cvbra_v1/images/train/target_0689_fog_0p6.png,689,target,fog_0p6,689
data/processed/cvbra_v1/images/train/target_0689_fog_1p0.png,689,target,fog_1p0,689
data/processed/cvbra_v1/images/train/target_0690_original.jpg,690,target,original,690
data/processed/cvbra_v1/images/train/target_0690_fog_0p6.png,690,target,fog_0p6,690
data/processed/cvbra_v1/images/train/target_0690_fog_1p0.png,690,target,fog_1p0,690
data/processed/cvbra_v1/images/train/target_0691_original.jpg,691,target,original,691
data/processed/cvbra_v1/images/train/target_0691_fog_0p6.png,691,target,fog_0p6,691
data/processed/cvbra_v1/images/train/target_0691_fog_1p0.png,691,target,fog_1p0,691
data/processed/cvbra_v1/images/train/target_0692_original.jpg,692,target,original,692
data/processed/cvbra_v1/images/train/target_0692_fog_0p6.png,692,target,fog_0p6,692
data/processed/cvbra_v1/images/train/target_0692_fog_1p0.png,692,target,fog_1p0,692
data/processed/cvbra_v1/images/train/target_0693_original.jpg,693,target,original,693
data/processed/cvbra_v1/images/train/target_0693_fog_0p6.png,693,target,fog_0p6,693
data/processed/cvbra_v1/images/train/target_0693_fog_1p0.png,693,target,fog_1p0,693
data/processed/cvbra_v1/images/train/target_0694_original.jpg,694,target,original,694
data/processed/cvbra_v1/images/train/target_0694_fog_0p6.png,694,target,fog_0p6,694
data/processed/cvbra_v1/images/train/target_0694_fog_1p0.png,694,target,fog_1p0,694
data/processed/cvbra_v1/images/train/target_0695_original.jpg,695,target,original,695
data/processed/cvbra_v1/images/train/target_0695_fog_0p6.png,695,target,fog_0p6,695
data/processed/cvbra_v1/images/train/target_0695_fog_1p0.png,695,target,fog_1p0,695
data/processed/cvbra_v1/images/train/target_0696_original.jpg,696,target,original,696
data/processed/cvbra_v1/images/train/target_0696_fog_0p6.png,696,target,fog_0p6,696
data/processed/cvbra_v1/images/train/target_0696_fog_1p0.png,696,target,fog_1p0,696
data/processed/cvbra_v1/images/train/target_0697_original.jpg,697,target,original,697
data/processed/cvbra_v1/images/train/target_0697_fog_0p6.png,697,target,fog_0p6,697
data/processed/cvbra_v1/images/train/target_0697_fog_1p0.png,697,target,fog_1p0,697
data/processed/cvbra_v1/images/train/target_0698_original.jpg,698,target,original,698
data/processed/cvbra_v1/images/train/target_0698_fog_0p6.png,698,target,fog_0p6,698
data/processed/cvbra_v1/images/train/target_0698_fog_1p0.png,698,target,fog_1p0,698
data/processed/cvbra_v1/images/train/target_0699_original.jpg,699,target,original,699
data/processed/cvbra_v1/images/train/target_0699_fog_0p6.png,699,target,fog_0p6,699
data/processed/cvbra_v1/images/train/target_0699_fog_1p0.png,699,target,fog_1p0,699
data/processed/cvbra_v1/images/train/target_0700_original.jpg,700,target,original,700
data/processed/cvbra_v1/images/train/target_0700_fog_0p6.png,700,target,fog_0p6,700
data/processed/cvbra_v1/images/train/target_0700_fog_1p0.png,700,target,fog_1p0,700
data/processed/cvbra_v1/images/train/target_0701_original.jpg,701,target,original,701
data/processed/cvbra_v1/images/train/target_0701_fog_0p6.png,701,target,fog_0p6,701
data/processed/cvbra_v1/images/train/target_0701_fog_1p0.png,701,target,fog_1p0,701
data/processed/cvbra_v1/images/train/target_0702_original.jpg,702,target,original,702
data/processed/cvbra_v1/images/train/target_0702_fog_0p6.png,702,target,fog_0p6,702
data/processed/cvbra_v1/images/train/target_0702_fog_1p0.png,702,target,fog_1p0,702
data/processed/cvbra_v1/images/train/target_0703_original.jpg,703,target,original,703
data/processed/cvbra_v1/images/train/target_0703_fog_0p6.png,703,target,fog_0p6,703
data/processed/cvbra_v1/images/train/target_0703_fog_1p0.png,703,target,fog_1p0,703
data/processed/cvbra_v1/images/train/target_0704_original.jpg,704,target,original,704
data/processed/cvbra_v1/images/train/target_0704_fog_0p6.png,704,target,fog_0p6,704
data/processed/cvbra_v1/images/train/target_0704_fog_1p0.png,704,target,fog_1p0,704
data/processed/cvbra_v1/images/train/target_0705_original.jpg,705,target,original,705
data/processed/cvbra_v1/images/train/target_0705_fog_0p6.png,705,target,fog_0p6,705
data/processed/cvbra_v1/images/train/target_0705_fog_1p0.png,705,target,fog_1p0,705
data/processed/cvbra_v1/images/train/target_0706_original.jpg,706,target,original,706
data/processed/cvbra_v1/images/train/target_0706_fog_0p6.png,706,target,fog_0p6,706
data/processed/cvbra_v1/images/train/target_0706_fog_1p0.png,706,target,fog_1p0,706
data/processed/cvbra_v1/images/train/target_0707_original.jpg,707,target,original,707
data/processed/cvbra_v1/images/train/target_0707_fog_0p6.png,707,target,fog_0p6,707
data/processed/cvbra_v1/images/train/target_0707_fog_1p0.png,707,target,fog_1p0,707
data/processed/cvbra_v1/images/train/target_0708_original.jpg,708,target,original,708
data/processed/cvbra_v1/images/train/target_0708_fog_0p6.png,708,target,fog_0p6,708
data/processed/cvbra_v1/images/train/target_0708_fog_1p0.png,708,target,fog_1p0,708
data/processed/cvbra_v1/images/train/target_0709_original.jpg,709,target,original,709
data/processed/cvbra_v1/images/train/target_0709_fog_0p6.png,709,target,fog_0p6,709
data/processed/cvbra_v1/images/train/target_0709_fog_1p0.png,709,target,fog_1p0,709
data/processed/cvbra_v1/images/train/target_0710_original.jpg,710,target,original,710
data/processed/cvbra_v1/images/train/target_0710_fog_0p6.png,710,target,fog_0p6,710
data/processed/cvbra_v1/images/train/target_0710_fog_1p0.png,710,target,fog_1p0,710
data/processed/cvbra_v1/images/train/target_0711_original.jpg,711,target,original,711
data/processed/cvbra_v1/images/train/target_0711_fog_0p6.png,711,target,fog_0p6,711
data/processed/cvbra_v1/images/train/target_0711_fog_1p0.png,711,target,fog_1p0,711
data/processed/cvbra_v1/images/train/target_0712_original.jpg,712,target,original,712
data/processed/cvbra_v1/images/train/target_0712_fog_0p6.png,712,target,fog_0p6,712
data/processed/cvbra_v1/images/train/target_0712_fog_1p0.png,712,target,fog_1p0,712
data/processed/cvbra_v1/images/train/target_0713_original.jpg,713,target,original,713
data/processed/cvbra_v1/images/train/target_0713_fog_0p6.png,713,target,fog_0p6,713
data/processed/cvbra_v1/images/train/target_0713_fog_1p0.png,713,target,fog_1p0,713
data/processed/cvbra_v1/images/train/target_0714_original.jpg,714,target,original,714
data/processed/cvbra_v1/images/train/target_0714_fog_0p6.png,714,target,fog_0p6,714
data/processed/cvbra_v1/images/train/target_0714_fog_1p0.png,714,target,fog_1p0,714
data/processed/cvbra_v1/images/train/target_0715_original.jpg,715,target,original,715
data/processed/cvbra_v1/images/train/target_0715_fog_0p6.png,715,target,fog_0p6,715
data/processed/cvbra_v1/images/train/target_0715_fog_1p0.png,715,target,fog_1p0,715
data/processed/cvbra_v1/images/train/target_0716_original.jpg,716,target,original,716
data/processed/cvbra_v1/images/train/target_0716_fog_0p6.png,716,target,fog_0p6,716
data/processed/cvbra_v1/images/train/target_0716_fog_1p0.png,716,target,fog_1p0,716
data/processed/cvbra_v1/images/train/target_0717_original.jpg,717,target,original,717
data/processed/cvbra_v1/images/train/target_0717_fog_0p6.png,717,target,fog_0p6,717
data/processed/cvbra_v1/images/train/target_0717_fog_1p0.png,717,target,fog_1p0,717
data/processed/cvbra_v1/images/train/target_0718_original.jpg,718,target,original,718
data/processed/cvbra_v1/images/train/target_0718_fog_0p6.png,718,target,fog_0p6,718
data/processed/cvbra_v1/images/train/target_0718_fog_1p0.png,718,target,fog_1p0,718
data/processed/cvbra_v1/images/train/target_0719_original.jpg,719,target,original,719
data/processed/cvbra_v1/images/train/target_0719_fog_0p6.png,719,target,fog_0p6,719
data/processed/cvbra_v1/images/train/target_0719_fog_1p0.png,719,target,fog_1p0,719
data/processed/cvbra_v1/images/train/target_0720_original.jpg,720,target,original,720
data/processed/cvbra_v1/images/train/target_0720_fog_0p6.png,720,target,fog_0p6,720
data/processed/cvbra_v1/images/train/target_0720_fog_1p0.png,720,target,fog_1p0,720
data/processed/cvbra_v1/images/train/target_0721_original.jpg,721,target,original,721
data/processed/cvbra_v1/images/train/target_0721_fog_0p6.png,721,target,fog_0p6,721
data/processed/cvbra_v1/images/train/target_0721_fog_1p0.png,721,target,fog_1p0,721
data/processed/cvbra_v1/images/train/target_0722_original.jpg,722,target,original,722
data/processed/cvbra_v1/images/train/target_0722_fog_0p6.png,722,target,fog_0p6,722
data/processed/cvbra_v1/images/train/target_0722_fog_1p0.png,722,target,fog_1p0,722
data/processed/cvbra_v1/images/train/target_0723_original.jpg,723,target,original,723
data/processed/cvbra_v1/images/train/target_0723_fog_0p6.png,723,target,fog_0p6,723
data/processed/cvbra_v1/images/train/target_0723_fog_1p0.png,723,target,fog_1p0,723
data/processed/cvbra_v1/images/train/target_0724_original.jpg,724,target,original,724
data/processed/cvbra_v1/images/train/target_0724_fog_0p6.png,724,target,fog_0p6,724
data/processed/cvbra_v1/images/train/target_0724_fog_1p0.png,724,target,fog_1p0,724
data/processed/cvbra_v1/images/train/target_0725_original.jpg,725,target,original,725
data/processed/cvbra_v1/images/train/target_0725_fog_0p6.png,725,target,fog_0p6,725
data/processed/cvbra_v1/images/train/target_0725_fog_1p0.png,725,target,fog_1p0,725
data/processed/cvbra_v1/images/train/target_0726_original.jpg,726,target,original,726
data/processed/cvbra_v1/images/train/target_0726_fog_0p6.png,726,target,fog_0p6,726
data/processed/cvbra_v1/images/train/target_0726_fog_1p0.png,726,target,fog_1p0,726
data/processed/cvbra_v1/images/train/target_0727_original.jpg,727,target,original,727
data/processed/cvbra_v1/images/train/target_0727_fog_0p6.png,727,target,fog_0p6,727
data/processed/cvbra_v1/images/train/target_0727_fog_1p0.png,727,target,fog_1p0,727
data/processed/cvbra_v1/images/train/target_0728_original.jpg,728,target,original,728
data/processed/cvbra_v1/images/train/target_0728_fog_0p6.png,728,target,fog_0p6,728
data/processed/cvbra_v1/images/train/target_0728_fog_1p0.png,728,target,fog_1p0,728
data/processed/cvbra_v1/images/train/target_0729_original.jpg,729,target,original,729
data/processed/cvbra_v1/images/train/target_0729_fog_0p6.png,729,target,fog_0p6,729
data/processed/cvbra_v1/images/train/target_0729_fog_1p0.png,729,target,fog_1p0,729
data/processed/cvbra_v1/images/train/target_0730_original.jpg,730,target,original,730
data/processed/cvbra_v1/images/train/target_0730_fog_0p6.png,730,target,fog_0p6,730
data/processed/cvbra_v1/images/train/target_0730_fog_1p0.png,730,target,fog_1p0,730
data/processed/cvbra_v1/images/train/target_0731_original.jpg,731,target,original,731
data/processed/cvbra_v1/images/train/target_0731_fog_0p6.png,731,target,fog_0p6,731
data/processed/cvbra_v1/images/train/target_0731_fog_1p0.png,731,target,fog_1p0,731
data/processed/cvbra_v1/images/train/target_0732_original.jpg,732,target,original,732
data/processed/cvbra_v1/images/train/target_0732_fog_0p6.png,732,target,fog_0p6,732
data/processed/cvbra_v1/images/train/target_0732_fog_1p0.png,732,target,fog_1p0,732
data/processed/cvbra_v1/images/train/target_0733_original.jpg,733,target,original,733
data/processed/cvbra_v1/images/train/target_0733_fog_0p6.png,733,target,fog_0p6,733
data/processed/cvbra_v1/images/train/target_0733_fog_1p0.png,733,target,fog_1p0,733
data/processed/cvbra_v1/images/train/target_0734_original.jpg,734,target,original,734
data/processed/cvbra_v1/images/train/target_0734_fog_0p6.png,734,target,fog_0p6,734
data/processed/cvbra_v1/images/train/target_0734_fog_1p0.png,734,target,fog_1p0,734
data/processed/cvbra_v1/images/train/target_0735_original.jpg,735,target,original,735
data/processed/cvbra_v1/images/train/target_0735_fog_0p6.png,735,target,fog_0p6,735
data/processed/cvbra_v1/images/train/target_0735_fog_1p0.png,735,target,fog_1p0,735
data/processed/cvbra_v1/images/train/target_0736_original.jpg,736,target,original,736
data/processed/cvbra_v1/images/train/target_0736_fog_0p6.png,736,target,fog_0p6,736
data/processed/cvbra_v1/images/train/target_0736_fog_1p0.png,736,target,fog_1p0,736
data/processed/cvbra_v1/images/train/target_0737_original.jpg,737,target,original,737
data/processed/cvbra_v1/images/train/target_0737_fog_0p6.png,737,target,fog_0p6,737
data/processed/cvbra_v1/images/train/target_0737_fog_1p0.png,737,target,fog_1p0,737
data/processed/cvbra_v1/images/train/target_0738_original.jpg,738,target,original,738
data/processed/cvbra_v1/images/train/target_0738_fog_0p6.png,738,target,fog_0p6,738
data/processed/cvbra_v1/images/train/target_0738_fog_1p0.png,738,target,fog_1p0,738
data/processed/cvbra_v1/images/train/target_0739_original.jpg,739,target,original,739
data/processed/cvbra_v1/images/train/target_0739_fog_0p6.png,739,target,fog_0p6,739
data/processed/cvbra_v1/images/train/target_0739_fog_1p0.png,739,target,fog_1p0,739
data/processed/cvbra_v1/images/train/target_0740_original.jpg,740,target,original,740
data/processed/cvbra_v1/images/train/target_0740_fog_0p6.png,740,target,fog_0p6,740
data/processed/cvbra_v1/images/train/target_0740_fog_1p0.png,740,target,fog_1p0,740
data/processed/cvbra_v1/images/train/target_0741_original.jpg,741,target,original,741
data/processed/cvbra_v1/images/train/target_0741_fog_0p6.png,741,target,fog_0p6,741
data/processed/cvbra_v1/images/train/target_0741_fog_1p0.png,741,target,fog_1p0,741
data/processed/cvbra_v1/images/train/target_0742_original.jpg,742,target,original,742
data/processed/cvbra_v1/images/train/target_0742_fog_0p6.png,742,target,fog_0p6,742
data/processed/cvbra_v1/images/train/target_0742_fog_1p0.png,742,target,fog_1p0,742
data/processed/cvbra_v1/images/train/target_0743_original.jpg,743,target,original,743
data/processed/cvbra_v1/images/train/target_0743_fog_0p6.png,743,target,fog_0p6,743
data/processed/cvbra_v1/images/train/target_0743_fog_1p0.png,743,target,fog_1p0,743
data/processed/cvbra_v1/images/train/target_0744_original.jpg,744,target,original,744
data/processed/cvbra_v1/images/train/target_0744_fog_0p6.png,744,target,fog_0p6,744
data/processed/cvbra_v1/images/train/target_0744_fog_1p0.png,744,target,fog_1p0,744
data/processed/cvbra_v1/images/train/target_0745_original.jpg,745,target,original,745
data/processed/cvbra_v1/images/train/target_0745_fog_0p6.png,745,target,fog_0p6,745
data/processed/cvbra_v1/images/train/target_0745_fog_1p0.png,745,target,fog_1p0,745
data/processed/cvbra_v1/images/train/target_0746_original.jpg,746,target,original,746
data/processed/cvbra_v1/images/train/target_0746_fog_0p6.png,746,target,fog_0p6,746
data/processed/cvbra_v1/images/train/target_0746_fog_1p0.png,746,target,fog_1p0,746
data/processed/cvbra_v1/images/train/target_0747_original.jpg,747,target,original,747
data/processed/cvbra_v1/images/train/target_0747_fog_0p6.png,747,target,fog_0p6,747
data/processed/cvbra_v1/images/train/target_0747_fog_1p0.png,747,target,fog_1p0,747
data/processed/cvbra_v1/images/train/target_0748_original.jpg,748,target,original,748
data/processed/cvbra_v1/images/train/target_0748_fog_0p6.png,748,target,fog_0p6,748
data/processed/cvbra_v1/images/train/target_0748_fog_1p0.png,748,target,fog_1p0,748
data/processed/cvbra_v1/images/train/target_0749_original.jpg,749,target,original,749
data/processed/cvbra_v1/images/train/target_0749_fog_0p6.png,749,target,fog_0p6,749
data/processed/cvbra_v1/images/train/target_0749_fog_1p0.png,749,target,fog_1p0,749
data/processed/cvbra_v1/images/train/target_0750_original.jpg,750,target,original,750
data/processed/cvbra_v1/images/train/target_0750_fog_0p6.png,750,target,fog_0p6,750
data/processed/cvbra_v1/images/train/target_0750_fog_1p0.png,750,target,fog_1p0,750
data/processed/cvbra_v1/images/train/target_0751_original.jpg,751,target,original,751
data/processed/cvbra_v1/images/train/target_0751_fog_0p6.png,751,target,fog_0p6,751
data/processed/cvbra_v1/images/train/target_0751_fog_1p0.png,751,target,fog_1p0,751
data/processed/cvbra_v1/images/train/target_0752_original.jpg,752,target,original,752
data/processed/cvbra_v1/images/train/target_0752_fog_0p6.png,752,target,fog_0p6,752
data/processed/cvbra_v1/images/train/target_0752_fog_1p0.png,752,target,fog_1p0,752
data/processed/cvbra_v1/images/train/target_0753_original.jpg,753,target,original,753
data/processed/cvbra_v1/images/train/target_0753_fog_0p6.png,753,target,fog_0p6,753
data/processed/cvbra_v1/images/train/target_0753_fog_1p0.png,753,target,fog_1p0,753
data/processed/cvbra_v1/images/train/target_0754_original.jpg,754,target,original,754
data/processed/cvbra_v1/images/train/target_0754_fog_0p6.png,754,target,fog_0p6,754
data/processed/cvbra_v1/images/train/target_0754_fog_1p0.png,754,target,fog_1p0,754
data/processed/cvbra_v1/images/train/target_0755_original.jpg,755,target,original,755
data/processed/cvbra_v1/images/train/target_0755_fog_0p6.png,755,target,fog_0p6,755
data/processed/cvbra_v1/images/train/target_0755_fog_1p0.png,755,target,fog_1p0,755
data/processed/cvbra_v1/images/train/target_0756_original.jpg,756,target,original,756
data/processed/cvbra_v1/images/train/target_0756_fog_0p6.png,756,target,fog_0p6,756
data/processed/cvbra_v1/images/train/target_0756_fog_1p0.png,756,target,fog_1p0,756
data/processed/cvbra_v1/images/train/target_0757_original.jpg,757,target,original,757
data/processed/cvbra_v1/images/train/target_0757_fog_0p6.png,757,target,fog_0p6,757
data/processed/cvbra_v1/images/train/target_0757_fog_1p0.png,757,target,fog_1p0,757
data/processed/cvbra_v1/images/train/target_0758_original.jpg,758,target,original,758
data/processed/cvbra_v1/images/train/target_0758_fog_0p6.png,758,target,fog_0p6,758
data/processed/cvbra_v1/images/train/target_0758_fog_1p0.png,758,target,fog_1p0,758
data/processed/cvbra_v1/images/train/target_0759_original.jpg,759,target,original,759
data/processed/cvbra_v1/images/train/target_0759_fog_0p6.png,759,target,fog_0p6,759
data/processed/cvbra_v1/images/train/target_0759_fog_1p0.png,759,target,fog_1p0,759
data/processed/cvbra_v1/images/train/target_0760_original.jpg,760,target,original,760
data/processed/cvbra_v1/images/train/target_0760_fog_0p6.png,760,target,fog_0p6,760
data/processed/cvbra_v1/images/train/target_0760_fog_1p0.png,760,target,fog_1p0,760
data/processed/cvbra_v1/images/train/target_0761_original.jpg,761,target,original,761
data/processed/cvbra_v1/images/train/target_0761_fog_0p6.png,761,target,fog_0p6,761
data/processed/cvbra_v1/images/train/target_0761_fog_1p0.png,761,target,fog_1p0,761
data/processed/cvbra_v1/images/train/target_0762_original.jpg,762,target,original,762
data/processed/cvbra_v1/images/train/target_0762_fog_0p6.png,762,target,fog_0p6,762
data/processed/cvbra_v1/images/train/target_0762_fog_1p0.png,762,target,fog_1p0,762
data/processed/cvbra_v1/images/train/target_0763_original.jpg,763,target,original,763
data/processed/cvbra_v1/images/train/target_0763_fog_0p6.png,763,target,fog_0p6,763
data/processed/cvbra_v1/images/train/target_0763_fog_1p0.png,763,target,fog_1p0,763
data/processed/cvbra_v1/images/train/target_0764_original.jpg,764,target,original,764
data/processed/cvbra_v1/images/train/target_0764_fog_0p6.png,764,target,fog_0p6,764
data/processed/cvbra_v1/images/train/target_0764_fog_1p0.png,764,target,fog_1p0,764
data/processed/cvbra_v1/images/train/target_0765_original.jpg,765,target,original,765
data/processed/cvbra_v1/images/train/target_0765_fog_0p6.png,765,target,fog_0p6,765
data/processed/cvbra_v1/images/train/target_0765_fog_1p0.png,765,target,fog_1p0,765
data/processed/cvbra_v1/images/train/target_0766_original.jpg,766,target,original,766
data/processed/cvbra_v1/images/train/target_0766_fog_0p6.png,766,target,fog_0p6,766
data/processed/cvbra_v1/images/train/target_0766_fog_1p0.png,766,target,fog_1p0,766
data/processed/cvbra_v1/images/train/target_0767_original.jpg,767,target,original,767
data/processed/cvbra_v1/images/train/target_0767_fog_0p6.png,767,target,fog_0p6,767
data/processed/cvbra_v1/images/train/target_0767_fog_1p0.png,767,target,fog_1p0,767
data/processed/cvbra_v1/images/train/target_0768_original.jpg,768,target,original,768
data/processed/cvbra_v1/images/train/target_0768_fog_0p6.png,768,target,fog_0p6,768
data/processed/cvbra_v1/images/train/target_0768_fog_1p0.png,768,target,fog_1p0,768
data/processed/cvbra_v1/images/train/target_0769_original.jpg,769,target,original,769
data/processed/cvbra_v1/images/train/target_0769_fog_0p6.png,769,target,fog_0p6,769
data/processed/cvbra_v1/images/train/target_0769_fog_1p0.png,769,target,fog_1p0,769
data/processed/cvbra_v1/images/train/target_0770_original.jpg,770,target,original,770
data/processed/cvbra_v1/images/train/target_0770_fog_0p6.png,770,target,fog_0p6,770
data/processed/cvbra_v1/images/train/target_0770_fog_1p0.png,770,target,fog_1p0,770
data/processed/cvbra_v1/images/train/target_0771_original.jpg,771,target,original,771
data/processed/cvbra_v1/images/train/target_0771_fog_0p6.png,771,target,fog_0p6,771
data/processed/cvbra_v1/images/train/target_0771_fog_1p0.png,771,target,fog_1p0,771
data/processed/cvbra_v1/images/train/target_0772_original.jpg,772,target,original,772
data/processed/cvbra_v1/images/train/target_0772_fog_0p6.png,772,target,fog_0p6,772
data/processed/cvbra_v1/images/train/target_0772_fog_1p0.png,772,target,fog_1p0,772
data/processed/cvbra_v1/images/train/target_0773_original.jpg,773,target,original,773
data/processed/cvbra_v1/images/train/target_0773_fog_0p6.png,773,target,fog_0p6,773
data/processed/cvbra_v1/images/train/target_0773_fog_1p0.png,773,target,fog_1p0,773
data/processed/cvbra_v1/images/train/target_0774_original.jpg,774,target,original,774
data/processed/cvbra_v1/images/train/target_0774_fog_0p6.png,774,target,fog_0p6,774
data/processed/cvbra_v1/images/train/target_0774_fog_1p0.png,774,target,fog_1p0,774
data/processed/cvbra_v1/images/train/target_0775_original.jpg,775,target,original,775
data/processed/cvbra_v1/images/train/target_0775_fog_0p6.png,775,target,fog_0p6,775
data/processed/cvbra_v1/images/train/target_0775_fog_1p0.png,775,target,fog_1p0,775
data/processed/cvbra_v1/images/train/target_0776_original.jpg,776,target,original,776
data/processed/cvbra_v1/images/train/target_0776_fog_0p6.png,776,target,fog_0p6,776
data/processed/cvbra_v1/images/train/target_0776_fog_1p0.png,776,target,fog_1p0,776
data/processed/cvbra_v1/images/train/target_0777_original.jpg,777,target,original,777
data/processed/cvbra_v1/images/train/target_0777_fog_0p6.png,777,target,fog_0p6,777
data/processed/cvbra_v1/images/train/target_0777_fog_1p0.png,777,target,fog_1p0,777
data/processed/cvbra_v1/images/train/target_0778_original.jpg,778,target,original,778
data/processed/cvbra_v1/images/train/target_0778_fog_0p6.png,778,target,fog_0p6,778
data/processed/cvbra_v1/images/train/target_0778_fog_1p0.png,778,target,fog_1p0,778
data/processed/cvbra_v1/images/train/target_0779_original.jpg,779,target,original,779
data/processed/cvbra_v1/images/train/target_0779_fog_0p6.png,779,target,fog_0p6,779
data/processed/cvbra_v1/images/train/target_0779_fog_1p0.png,779,target,fog_1p0,779
data/processed/cvbra_v1/images/train/target_0780_original.jpg,780,target,original,780
data/processed/cvbra_v1/images/train/target_0780_fog_0p6.png,780,target,fog_0p6,780
data/processed/cvbra_v1/images/train/target_0780_fog_1p0.png,780,target,fog_1p0,780
data/processed/cvbra_v1/images/train/target_0781_original.jpg,781,target,original,781
data/processed/cvbra_v1/images/train/target_0781_fog_0p6.png,781,target,fog_0p6,781
data/processed/cvbra_v1/images/train/target_0781_fog_1p0.png,781,target,fog_1p0,781
data/processed/cvbra_v1/images/train/target_0782_original.jpg,782,target,original,782
data/processed/cvbra_v1/images/train/target_0782_fog_0p6.png,782,target,fog_0p6,782
data/processed/cvbra_v1/images/train/target_0782_fog_1p0.png,782,target,fog_1p0,782
data/processed/cvbra_v1/images/train/target_0783_original.jpg,783,target,original,783
data/processed/cvbra_v1/images/train/target_0783_fog_0p6.png,783,target,fog_0p6,783
data/processed/cvbra_v1/images/train/target_0783_fog_1p0.png,783,target,fog_1p0,783
data/processed/cvbra_v1/images/train/target_0784_original.jpg,784,target,original,784
data/processed/cvbra_v1/images/train/target_0784_fog_0p6.png,784,target,fog_0p6,784
data/processed/cvbra_v1/images/train/target_0784_fog_1p0.png,784,target,fog_1p0,784
data/processed/cvbra_v1/images/train/target_0785_original.jpg,785,target,original,785
data/processed/cvbra_v1/images/train/target_0785_fog_0p6.png,785,target,fog_0p6,785
data/processed/cvbra_v1/images/train/target_0785_fog_1p0.png,785,target,fog_1p0,785
data/processed/cvbra_v1/images/train/target_0786_original.jpg,786,target,original,786
data/processed/cvbra_v1/images/train/target_0786_fog_0p6.png,786,target,fog_0p6,786
data/processed/cvbra_v1/images/train/target_0786_fog_1p0.png,786,target,fog_1p0,786
data/processed/cvbra_v1/images/train/target_0787_original.jpg,787,target,original,787
data/processed/cvbra_v1/images/train/target_0787_fog_0p6.png,787,target,fog_0p6,787
data/processed/cvbra_v1/images/train/target_0787_fog_1p0.png,787,target,fog_1p0,787
data/processed/cvbra_v1/images/train/target_0788_original.jpg,788,target,original,788
data/processed/cvbra_v1/images/train/target_0788_fog_0p6.png,788,target,fog_0p6,788
data/processed/cvbra_v1/images/train/target_0788_fog_1p0.png,788,target,fog_1p0,788
data/processed/cvbra_v1/images/train/target_0789_original.jpg,789,target,original,789
data/processed/cvbra_v1/images/train/target_0789_fog_0p6.png,789,target,fog_0p6,789
data/processed/cvbra_v1/images/train/target_0789_fog_1p0.png,789,target,fog_1p0,789
data/processed/cvbra_v1/images/train/target_0790_original.jpg,790,target,original,790
data/processed/cvbra_v1/images/train/target_0790_fog_0p6.png,790,target,fog_0p6,790
data/processed/cvbra_v1/images/train/target_0790_fog_1p0.png,790,target,fog_1p0,790
data/processed/cvbra_v1/images/train/target_0791_original.jpg,791,target,original,791
data/processed/cvbra_v1/images/train/target_0791_fog_0p6.png,791,target,fog_0p6,791
data/processed/cvbra_v1/images/train/target_0791_fog_1p0.png,791,target,fog_1p0,791
data/processed/cvbra_v1/images/train/target_0792_original.jpg,792,target,original,792
data/processed/cvbra_v1/images/train/target_0792_fog_0p6.png,792,target,fog_0p6,792
data/processed/cvbra_v1/images/train/target_0792_fog_1p0.png,792,target,fog_1p0,792
data/processed/cvbra_v1/images/train/target_0793_original.jpg,793,target,original,793
data/processed/cvbra_v1/images/train/target_0793_fog_0p6.png,793,target,fog_0p6,793
data/processed/cvbra_v1/images/train/target_0793_fog_1p0.png,793,target,fog_1p0,793
data/processed/cvbra_v1/images/train/target_0794_original.jpg,794,target,original,794
data/processed/cvbra_v1/images/train/target_0794_fog_0p6.png,794,target,fog_0p6,794
data/processed/cvbra_v1/images/train/target_0794_fog_1p0.png,794,target,fog_1p0,794
data/processed/cvbra_v1/images/train/target_0795_original.jpg,795,target,original,795
data/processed/cvbra_v1/images/train/target_0795_fog_0p6.png,795,target,fog_0p6,795
data/processed/cvbra_v1/images/train/target_0795_fog_1p0.png,795,target,fog_1p0,795
data/processed/cvbra_v1/images/train/target_0796_original.jpg,796,target,original,796
data/processed/cvbra_v1/images/train/target_0796_fog_0p6.png,796,target,fog_0p6,796
data/processed/cvbra_v1/images/train/target_0796_fog_1p0.png,796,target,fog_1p0,796
data/processed/cvbra_v1/images/train/target_0797_original.jpg,797,target,original,797
data/processed/cvbra_v1/images/train/target_0797_fog_0p6.png,797,target,fog_0p6,797
data/processed/cvbra_v1/images/train/target_0797_fog_1p0.png,797,target,fog_1p0,797
data/processed/cvbra_v1/images/train/target_0798_original.jpg,798,target,original,798
data/processed/cvbra_v1/images/train/target_0798_fog_0p6.png,798,target,fog_0p6,798
data/processed/cvbra_v1/images/train/target_0798_fog_1p0.png,798,target,fog_1p0,798
data/processed/cvbra_v1/images/train/target_0799_original.jpg,799,target,original,799
data/processed/cvbra_v1/images/train/target_0799_fog_0p6.png,799,target,fog_0p6,799
data/processed/cvbra_v1/images/train/target_0799_fog_1p0.png,799,target,fog_1p0,799
data/processed/cvbra_v1/images/train/target_0800_original.jpg,800,target,original,800
data/processed/cvbra_v1/images/train/target_0800_fog_0p6.png,800,target,fog_0p6,800
data/processed/cvbra_v1/images/train/target_0800_fog_1p0.png,800,target,fog_1p0,800
data/processed/cvbra_v1/images/train/target_0801_original.jpg,801,target,original,801
data/processed/cvbra_v1/images/train/target_0801_fog_0p6.png,801,target,fog_0p6,801
data/processed/cvbra_v1/images/train/target_0801_fog_1p0.png,801,target,fog_1p0,801
data/processed/cvbra_v1/images/train/target_0802_original.jpg,802,target,original,802
data/processed/cvbra_v1/images/train/target_0802_fog_0p6.png,802,target,fog_0p6,802
data/processed/cvbra_v1/images/train/target_0802_fog_1p0.png,802,target,fog_1p0,802
data/processed/cvbra_v1/images/train/target_0803_original.jpg,803,target,original,803
data/processed/cvbra_v1/images/train/target_0803_fog_0p6.png,803,target,fog_0p6,803
data/processed/cvbra_v1/images/train/target_0803_fog_1p0.png,803,target,fog_1p0,803
data/processed/cvbra_v1/images/train/target_0804_original.jpg,804,target,original,804
data/processed/cvbra_v1/images/train/target_0804_fog_0p6.png,804,target,fog_0p6,804
data/processed/cvbra_v1/images/train/target_0804_fog_1p0.png,804,target,fog_1p0,804
data/processed/cvbra_v1/images/train/target_0805_original.jpg,805,target,original,805
data/processed/cvbra_v1/images/train/target_0805_fog_0p6.png,805,target,fog_0p6,805
data/processed/cvbra_v1/images/train/target_0805_fog_1p0.png,805,target,fog_1p0,805
data/processed/cvbra_v1/images/train/target_0806_original.jpg,806,target,original,806
data/processed/cvbra_v1/images/train/target_0806_fog_0p6.png,806,target,fog_0p6,806
data/processed/cvbra_v1/images/train/target_0806_fog_1p0.png,806,target,fog_1p0,806
data/processed/cvbra_v1/images/train/target_0807_original.jpg,807,target,original,807
data/processed/cvbra_v1/images/train/target_0807_fog_0p6.png,807,target,fog_0p6,807
data/processed/cvbra_v1/images/train/target_0807_fog_1p0.png,807,target,fog_1p0,807
data/processed/cvbra_v1/images/train/target_0808_original.jpg,808,target,original,808
data/processed/cvbra_v1/images/train/target_0808_fog_0p6.png,808,target,fog_0p6,808
data/processed/cvbra_v1/images/train/target_0808_fog_1p0.png,808,target,fog_1p0,808
data/processed/cvbra_v1/images/train/target_0809_original.jpg,809,target,original,809
data/processed/cvbra_v1/images/train/target_0809_fog_0p6.png,809,target,fog_0p6,809
data/processed/cvbra_v1/images/train/target_0809_fog_1p0.png,809,target,fog_1p0,809
data/processed/cvbra_v1/images/train/target_0810_original.jpg,810,target,original,810
data/processed/cvbra_v1/images/train/target_0810_fog_0p6.png,810,target,fog_0p6,810
data/processed/cvbra_v1/images/train/target_0810_fog_1p0.png,810,target,fog_1p0,810
data/processed/cvbra_v1/images/train/target_0811_original.jpg,811,target,original,811
data/processed/cvbra_v1/images/train/target_0811_fog_0p6.png,811,target,fog_0p6,811
data/processed/cvbra_v1/images/train/target_0811_fog_1p0.png,811,target,fog_1p0,811
data/processed/cvbra_v1/images/train/target_0812_original.jpg,812,target,original,812
data/processed/cvbra_v1/images/train/target_0812_fog_0p6.png,812,target,fog_0p6,812
data/processed/cvbra_v1/images/train/target_0812_fog_1p0.png,812,target,fog_1p0,812
data/processed/cvbra_v1/images/train/target_0813_original.jpg,813,target,original,813
data/processed/cvbra_v1/images/train/target_0813_fog_0p6.png,813,target,fog_0p6,813
data/processed/cvbra_v1/images/train/target_0813_fog_1p0.png,813,target,fog_1p0,813
data/processed/cvbra_v1/images/train/target_0814_original.jpg,814,target,original,814
data/processed/cvbra_v1/images/train/target_0814_fog_0p6.png,814,target,fog_0p6,814
data/processed/cvbra_v1/images/train/target_0814_fog_1p0.png,814,target,fog_1p0,814
data/processed/cvbra_v1/images/train/target_0815_original.jpg,815,target,original,815
data/processed/cvbra_v1/images/train/target_0815_fog_0p6.png,815,target,fog_0p6,815
data/processed/cvbra_v1/images/train/target_0815_fog_1p0.png,815,target,fog_1p0,815
data/processed/cvbra_v1/images/train/target_0816_original.jpg,816,target,original,816
data/processed/cvbra_v1/images/train/target_0816_fog_0p6.png,816,target,fog_0p6,816
data/processed/cvbra_v1/images/train/target_0816_fog_1p0.png,816,target,fog_1p0,816
data/processed/cvbra_v1/images/train/target_0817_original.jpg,817,target,original,817
data/processed/cvbra_v1/images/train/target_0817_fog_0p6.png,817,target,fog_0p6,817
data/processed/cvbra_v1/images/train/target_0817_fog_1p0.png,817,target,fog_1p0,817
data/processed/cvbra_v1/images/train/target_0818_original.jpg,818,target,original,818
data/processed/cvbra_v1/images/train/target_0818_fog_0p6.png,818,target,fog_0p6,818
data/processed/cvbra_v1/images/train/target_0818_fog_1p0.png,818,target,fog_1p0,818
data/processed/cvbra_v1/images/train/target_0819_original.jpg,819,target,original,819
data/processed/cvbra_v1/images/train/target_0819_fog_0p6.png,819,target,fog_0p6,819
data/processed/cvbra_v1/images/train/target_0819_fog_1p0.png,819,target,fog_1p0,819
data/processed/cvbra_v1/images/train/target_0820_original.jpg,820,target,original,820
data/processed/cvbra_v1/images/train/target_0820_fog_0p6.png,820,target,fog_0p6,820
data/processed/cvbra_v1/images/train/target_0820_fog_1p0.png,820,target,fog_1p0,820
data/processed/cvbra_v1/images/train/target_0821_original.jpg,821,target,original,821
data/processed/cvbra_v1/images/train/target_0821_fog_0p6.png,821,target,fog_0p6,821
data/processed/cvbra_v1/images/train/target_0821_fog_1p0.png,821,target,fog_1p0,821
data/processed/cvbra_v1/images/train/target_0822_original.jpg,822,target,original,822
data/processed/cvbra_v1/images/train/target_0822_fog_0p6.png,822,target,fog_0p6,822
data/processed/cvbra_v1/images/train/target_0822_fog_1p0.png,822,target,fog_1p0,822
data/processed/cvbra_v1/images/train/target_0823_original.jpg,823,target,original,823
data/processed/cvbra_v1/images/train/target_0823_fog_0p6.png,823,target,fog_0p6,823
data/processed/cvbra_v1/images/train/target_0823_fog_1p0.png,823,target,fog_1p0,823
data/processed/cvbra_v1/images/train/target_0824_original.jpg,824,target,original,824
data/processed/cvbra_v1/images/train/target_0824_fog_0p6.png,824,target,fog_0p6,824
data/processed/cvbra_v1/images/train/target_0824_fog_1p0.png,824,target,fog_1p0,824
data/processed/cvbra_v1/images/train/target_0825_original.jpg,825,target,original,825
data/processed/cvbra_v1/images/train/target_0825_fog_0p6.png,825,target,fog_0p6,825
data/processed/cvbra_v1/images/train/target_0825_fog_1p0.png,825,target,fog_1p0,825
data/processed/cvbra_v1/images/train/target_0826_original.jpg,826,target,original,826
data/processed/cvbra_v1/images/train/target_0826_fog_0p6.png,826,target,fog_0p6,826
data/processed/cvbra_v1/images/train/target_0826_fog_1p0.png,826,target,fog_1p0,826
data/processed/cvbra_v1/images/train/target_0827_original.jpg,827,target,original,827
data/processed/cvbra_v1/images/train/target_0827_fog_0p6.png,827,target,fog_0p6,827
data/processed/cvbra_v1/images/train/target_0827_fog_1p0.png,827,target,fog_1p0,827
data/processed/cvbra_v1/images/train/target_0828_original.jpg,828,target,original,828
data/processed/cvbra_v1/images/train/target_0828_fog_0p6.png,828,target,fog_0p6,828
data/processed/cvbra_v1/images/train/target_0828_fog_1p0.png,828,target,fog_1p0,828
data/processed/cvbra_v1/images/train/target_0829_original.jpg,829,target,original,829
data/processed/cvbra_v1/images/train/target_0829_fog_0p6.png,829,target,fog_0p6,829
data/processed/cvbra_v1/images/train/target_0829_fog_1p0.png,829,target,fog_1p0,829
data/processed/cvbra_v1/images/train/target_0830_original.jpg,830,target,original,830
data/processed/cvbra_v1/images/train/target_0830_fog_0p6.png,830,target,fog_0p6,830
data/processed/cvbra_v1/images/train/target_0830_fog_1p0.png,830,target,fog_1p0,830
data/processed/cvbra_v1/images/train/target_0831_original.jpg,831,target,original,831
data/processed/cvbra_v1/images/train/target_0831_fog_0p6.png,831,target,fog_0p6,831
data/processed/cvbra_v1/images/train/target_0831_fog_1p0.png,831,target,fog_1p0,831
data/processed/cvbra_v1/images/train/target_0832_original.jpg,832,target,original,832
data/processed/cvbra_v1/images/train/target_0832_fog_0p6.png,832,target,fog_0p6,832
data/processed/cvbra_v1/images/train/target_0832_fog_1p0.png,832,target,fog_1p0,832
data/processed/cvbra_v1/images/train/target_0833_original.jpg,833,target,original,833
data/processed/cvbra_v1/images/train/target_0833_fog_0p6.png,833,target,fog_0p6,833
data/processed/cvbra_v1/images/train/target_0833_fog_1p0.png,833,target,fog_1p0,833
data/processed/cvbra_v1/images/train/target_0834_original.jpg,834,target,original,834
data/processed/cvbra_v1/images/train/target_0834_fog_0p6.png,834,target,fog_0p6,834
data/processed/cvbra_v1/images/train/target_0834_fog_1p0.png,834,target,fog_1p0,834
data/processed/cvbra_v1/images/train/target_0835_original.jpg,835,target,original,835
data/processed/cvbra_v1/images/train/target_0835_fog_0p6.png,835,target,fog_0p6,835
data/processed/cvbra_v1/images/train/target_0835_fog_1p0.png,835,target,fog_1p0,835
data/processed/cvbra_v1/images/train/target_0836_original.jpg,836,target,original,836
data/processed/cvbra_v1/images/train/target_0836_fog_0p6.png,836,target,fog_0p6,836
data/processed/cvbra_v1/images/train/target_0836_fog_1p0.png,836,target,fog_1p0,836
data/processed/cvbra_v1/images/train/target_0837_original.jpg,837,target,original,837
data/processed/cvbra_v1/images/train/target_0837_fog_0p6.png,837,target,fog_0p6,837
data/processed/cvbra_v1/images/train/target_0837_fog_1p0.png,837,target,fog_1p0,837
data/processed/cvbra_v1/images/train/target_0838_original.jpg,838,target,original,838
data/processed/cvbra_v1/images/train/target_0838_fog_0p6.png,838,target,fog_0p6,838
data/processed/cvbra_v1/images/train/target_0838_fog_1p0.png,838,target,fog_1p0,838
data/processed/cvbra_v1/images/train/target_0839_original.jpg,839,target,original,839
data/processed/cvbra_v1/images/train/target_0839_fog_0p6.png,839,target,fog_0p6,839
data/processed/cvbra_v1/images/train/target_0839_fog_1p0.png,839,target,fog_1p0,839
data/processed/cvbra_v1/images/train/target_0840_original.jpg,840,target,original,840
data/processed/cvbra_v1/images/train/target_0840_fog_0p6.png,840,target,fog_0p6,840
data/processed/cvbra_v1/images/train/target_0840_fog_1p0.png,840,target,fog_1p0,840
data/processed/cvbra_v1/images/train/target_0841_original.jpg,841,target,original,841
data/processed/cvbra_v1/images/train/target_0841_fog_0p6.png,841,target,fog_0p6,841
data/processed/cvbra_v1/images/train/target_0841_fog_1p0.png,841,target,fog_1p0,841
data/processed/cvbra_v1/images/train/target_0842_original.jpg,842,target,original,842
data/processed/cvbra_v1/images/train/target_0842_fog_0p6.png,842,target,fog_0p6,842
data/processed/cvbra_v1/images/train/target_0842_fog_1p0.png,842,target,fog_1p0,842
data/processed/cvbra_v1/images/train/target_0843_original.jpg,843,target,original,843
data/processed/cvbra_v1/images/train/target_0843_fog_0p6.png,843,target,fog_0p6,843
data/processed/cvbra_v1/images/train/target_0843_fog_1p0.png,843,target,fog_1p0,843
data/processed/cvbra_v1/images/train/target_0844_original.jpg,844,target,original,844
data/processed/cvbra_v1/images/train/target_0844_fog_0p6.png,844,target,fog_0p6,844
data/processed/cvbra_v1/images/train/target_0844_fog_1p0.png,844,target,fog_1p0,844
data/processed/cvbra_v1/images/train/target_0845_original.jpg,845,target,original,845
data/processed/cvbra_v1/images/train/target_0845_fog_0p6.png,845,target,fog_0p6,845
data/processed/cvbra_v1/images/train/target_0845_fog_1p0.png,845,target,fog_1p0,845
data/processed/cvbra_v1/images/train/target_0846_original.jpg,846,target,original,846
data/processed/cvbra_v1/images/train/target_0846_fog_0p6.png,846,target,fog_0p6,846
data/processed/cvbra_v1/images/train/target_0846_fog_1p0.png,846,target,fog_1p0,846
data/processed/cvbra_v1/images/train/target_0847_original.jpg,847,target,original,847
data/processed/cvbra_v1/images/train/target_0847_fog_0p6.png,847,target,fog_0p6,847
data/processed/cvbra_v1/images/train/target_0847_fog_1p0.png,847,target,fog_1p0,847
data/processed/cvbra_v1/images/train/target_0848_original.jpg,848,target,original,848
data/processed/cvbra_v1/images/train/target_0848_fog_0p6.png,848,target,fog_0p6,848
data/processed/cvbra_v1/images/train/target_0848_fog_1p0.png,848,target,fog_1p0,848
data/processed/cvbra_v1/images/train/target_0849_original.jpg,849,target,original,849
data/processed/cvbra_v1/images/train/target_0849_fog_0p6.png,849,target,fog_0p6,849
data/processed/cvbra_v1/images/train/target_0849_fog_1p0.png,849,target,fog_1p0,849
data/processed/cvbra_v1/images/train/target_0850_original.jpg,850,target,original,850
data/processed/cvbra_v1/images/train/target_0850_fog_0p6.png,850,target,fog_0p6,850
data/processed/cvbra_v1/images/train/target_0850_fog_1p0.png,850,target,fog_1p0,850
data/processed/cvbra_v1/images/train/target_0851_original.jpg,851,target,original,851
data/processed/cvbra_v1/images/train/target_0851_fog_0p6.png,851,target,fog_0p6,851
data/processed/cvbra_v1/images/train/target_0851_fog_1p0.png,851,target,fog_1p0,851
data/processed/cvbra_v1/images/train/target_0852_original.jpg,852,target,original,852
data/processed/cvbra_v1/images/train/target_0852_fog_0p6.png,852,target,fog_0p6,852
data/processed/cvbra_v1/images/train/target_0852_fog_1p0.png,852,target,fog_1p0,852
data/processed/cvbra_v1/images/train/target_0853_original.jpg,853,target,original,853
data/processed/cvbra_v1/images/train/target_0853_fog_0p6.png,853,target,fog_0p6,853
data/processed/cvbra_v1/images/train/target_0853_fog_1p0.png,853,target,fog_1p0,853
data/processed/cvbra_v1/images/train/target_0854_original.jpg,854,target,original,854
data/processed/cvbra_v1/images/train/target_0854_fog_0p6.png,854,target,fog_0p6,854
data/processed/cvbra_v1/images/train/target_0854_fog_1p0.png,854,target,fog_1p0,854
data/processed/cvbra_v1/images/train/target_0855_original.jpg,855,target,original,855
data/processed/cvbra_v1/images/train/target_0855_fog_0p6.png,855,target,fog_0p6,855
data/processed/cvbra_v1/images/train/target_0855_fog_1p0.png,855,target,fog_1p0,855
data/processed/cvbra_v1/images/train/target_0856_original.jpg,856,target,original,856
data/processed/cvbra_v1/images/train/target_0856_fog_0p6.png,856,target,fog_0p6,856
data/processed/cvbra_v1/images/train/target_0856_fog_1p0.png,856,target,fog_1p0,856
data/processed/cvbra_v1/images/train/target_0857_original.jpg,857,target,original,857
data/processed/cvbra_v1/images/train/target_0857_fog_0p6.png,857,target,fog_0p6,857
data/processed/cvbra_v1/images/train/target_0857_fog_1p0.png,857,target,fog_1p0,857
data/processed/cvbra_v1/images/train/target_0858_original.jpg,858,target,original,858
data/processed/cvbra_v1/images/train/target_0858_fog_0p6.png,858,target,fog_0p6,858
data/processed/cvbra_v1/images/train/target_0858_fog_1p0.png,858,target,fog_1p0,858
data/processed/cvbra_v1/images/train/target_0859_original.jpg,859,target,original,859
data/processed/cvbra_v1/images/train/target_0859_fog_0p6.png,859,target,fog_0p6,859
data/processed/cvbra_v1/images/train/target_0859_fog_1p0.png,859,target,fog_1p0,859
data/processed/cvbra_v1/images/train/target_0860_original.jpg,860,target,original,860
data/processed/cvbra_v1/images/train/target_0860_fog_0p6.png,860,target,fog_0p6,860
data/processed/cvbra_v1/images/train/target_0860_fog_1p0.png,860,target,fog_1p0,860
data/processed/cvbra_v1/images/train/target_0861_original.jpg,861,target,original,861
data/processed/cvbra_v1/images/train/target_0861_fog_0p6.png,861,target,fog_0p6,861
data/processed/cvbra_v1/images/train/target_0861_fog_1p0.png,861,target,fog_1p0,861
data/processed/cvbra_v1/images/train/target_0862_original.jpg,862,target,original,862
data/processed/cvbra_v1/images/train/target_0862_fog_0p6.png,862,target,fog_0p6,862
data/processed/cvbra_v1/images/train/target_0862_fog_1p0.png,862,target,fog_1p0,862
data/processed/cvbra_v1/images/train/target_0863_original.jpg,863,target,original,863
data/processed/cvbra_v1/images/train/target_0863_fog_0p6.png,863,target,fog_0p6,863
data/processed/cvbra_v1/images/train/target_0863_fog_1p0.png,863,target,fog_1p0,863
data/processed/cvbra_v1/images/train/target_0864_original.jpg,864,target,original,864
data/processed/cvbra_v1/images/train/target_0864_fog_0p6.png,864,target,fog_0p6,864
data/processed/cvbra_v1/images/train/target_0864_fog_1p0.png,864,target,fog_1p0,864
data/processed/cvbra_v1/images/train/target_0865_original.jpg,865,target,original,865
data/processed/cvbra_v1/images/train/target_0865_fog_0p6.png,865,target,fog_0p6,865
data/processed/cvbra_v1/images/train/target_0865_fog_1p0.png,865,target,fog_1p0,865
data/processed/cvbra_v1/images/train/target_0866_original.jpg,866,target,original,866
data/processed/cvbra_v1/images/train/target_0866_fog_0p6.png,866,target,fog_0p6,866
data/processed/cvbra_v1/images/train/target_0866_fog_1p0.png,866,target,fog_1p0,866
data/processed/cvbra_v1/images/train/target_0867_original.jpg,867,target,original,867
data/processed/cvbra_v1/images/train/target_0867_fog_0p6.png,867,target,fog_0p6,867
data/processed/cvbra_v1/images/train/target_0867_fog_1p0.png,867,target,fog_1p0,867
data/processed/cvbra_v1/images/train/target_0868_original.jpg,868,target,original,868
data/processed/cvbra_v1/images/train/target_0868_fog_0p6.png,868,target,fog_0p6,868
data/processed/cvbra_v1/images/train/target_0868_fog_1p0.png,868,target,fog_1p0,868
data/processed/cvbra_v1/images/train/target_0869_original.jpg,869,target,original,869
data/processed/cvbra_v1/images/train/target_0869_fog_0p6.png,869,target,fog_0p6,869
data/processed/cvbra_v1/images/train/target_0869_fog_1p0.png,869,target,fog_1p0,869
data/processed/cvbra_v1/images/train/target_0870_original.jpg,870,target,original,870
data/processed/cvbra_v1/images/train/target_0870_fog_0p6.png,870,target,fog_0p6,870
data/processed/cvbra_v1/images/train/target_0870_fog_1p0.png,870,target,fog_1p0,870
data/processed/cvbra_v1/images/train/target_0871_original.jpg,871,target,original,871
data/processed/cvbra_v1/images/train/target_0871_fog_0p6.png,871,target,fog_0p6,871
data/processed/cvbra_v1/images/train/target_0871_fog_1p0.png,871,target,fog_1p0,871
data/processed/cvbra_v1/images/train/target_0872_original.jpg,872,target,original,872
data/processed/cvbra_v1/images/train/target_0872_fog_0p6.png,872,target,fog_0p6,872
data/processed/cvbra_v1/images/train/target_0872_fog_1p0.png,872,target,fog_1p0,872
data/processed/cvbra_v1/images/train/target_0873_original.jpg,873,target,original,873
data/processed/cvbra_v1/images/train/target_0873_fog_0p6.png,873,target,fog_0p6,873
data/processed/cvbra_v1/images/train/target_0873_fog_1p0.png,873,target,fog_1p0,873
data/processed/cvbra_v1/images/train/target_0874_original.jpg,874,target,original,874
data/processed/cvbra_v1/images/train/target_0874_fog_0p6.png,874,target,fog_0p6,874
data/processed/cvbra_v1/images/train/target_0874_fog_1p0.png,874,target,fog_1p0,874
data/processed/cvbra_v1/images/train/target_0875_original.jpg,875,target,original,875
data/processed/cvbra_v1/images/train/target_0875_fog_0p6.png,875,target,fog_0p6,875
data/processed/cvbra_v1/images/train/target_0875_fog_1p0.png,875,target,fog_1p0,875
data/processed/cvbra_v1/images/train/target_0876_original.jpg,876,target,original,876
data/processed/cvbra_v1/images/train/target_0876_fog_0p6.png,876,target,fog_0p6,876
data/processed/cvbra_v1/images/train/target_0876_fog_1p0.png,876,target,fog_1p0,876
data/processed/cvbra_v1/images/train/target_0877_original.jpg,877,target,original,877
data/processed/cvbra_v1/images/train/target_0877_fog_0p6.png,877,target,fog_0p6,877
data/processed/cvbra_v1/images/train/target_0877_fog_1p0.png,877,target,fog_1p0,877
data/processed/cvbra_v1/images/train/target_0878_original.jpg,878,target,original,878
data/processed/cvbra_v1/images/train/target_0878_fog_0p6.png,878,target,fog_0p6,878
data/processed/cvbra_v1/images/train/target_0878_fog_1p0.png,878,target,fog_1p0,878
data/processed/cvbra_v1/images/train/target_0879_original.jpg,879,target,original,879
data/processed/cvbra_v1/images/train/target_0879_fog_0p6.png,879,target,fog_0p6,879
data/processed/cvbra_v1/images/train/target_0879_fog_1p0.png,879,target,fog_1p0,879
data/processed/cvbra_v1/images/train/target_0880_original.jpg,880,target,original,880
data/processed/cvbra_v1/images/train/target_0880_fog_0p6.png,880,target,fog_0p6,880
data/processed/cvbra_v1/images/train/target_0880_fog_1p0.png,880,target,fog_1p0,880
data/processed/cvbra_v1/images/train/target_0881_original.jpg,881,target,original,881
data/processed/cvbra_v1/images/train/target_0881_fog_0p6.png,881,target,fog_0p6,881
data/processed/cvbra_v1/images/train/target_0881_fog_1p0.png,881,target,fog_1p0,881
data/processed/cvbra_v1/images/train/target_0882_original.jpg,882,target,original,882
data/processed/cvbra_v1/images/train/target_0882_fog_0p6.png,882,target,fog_0p6,882
data/processed/cvbra_v1/images/train/target_0882_fog_1p0.png,882,target,fog_1p0,882
data/processed/cvbra_v1/images/train/target_0883_original.jpg,883,target,original,883
data/processed/cvbra_v1/images/train/target_0883_fog_0p6.png,883,target,fog_0p6,883
data/processed/cvbra_v1/images/train/target_0883_fog_1p0.png,883,target,fog_1p0,883
data/processed/cvbra_v1/images/train/target_0884_original.jpg,884,target,original,884
data/processed/cvbra_v1/images/train/target_0884_fog_0p6.png,884,target,fog_0p6,884
data/processed/cvbra_v1/images/train/target_0884_fog_1p0.png,884,target,fog_1p0,884
data/processed/cvbra_v1/images/train/target_0885_original.jpg,885,target,original,885
data/processed/cvbra_v1/images/train/target_0885_fog_0p6.png,885,target,fog_0p6,885
data/processed/cvbra_v1/images/train/target_0885_fog_1p0.png,885,target,fog_1p0,885
data/processed/cvbra_v1/images/train/target_0886_original.jpg,886,target,original,886
data/processed/cvbra_v1/images/train/target_0886_fog_0p6.png,886,target,fog_0p6,886
data/processed/cvbra_v1/images/train/target_0886_fog_1p0.png,886,target,fog_1p0,886
data/processed/cvbra_v1/images/train/target_0887_original.jpg,887,target,original,887
data/processed/cvbra_v1/images/train/target_0887_fog_0p6.png,887,target,fog_0p6,887
data/processed/cvbra_v1/images/train/target_0887_fog_1p0.png,887,target,fog_1p0,887
data/processed/cvbra_v1/images/train/target_0888_original.jpg,888,target,original,888
data/processed/cvbra_v1/images/train/target_0888_fog_0p6.png,888,target,fog_0p6,888
data/processed/cvbra_v1/images/train/target_0888_fog_1p0.png,888,target,fog_1p0,888
data/processed/cvbra_v1/images/train/target_0889_original.jpg,889,target,original,889
data/processed/cvbra_v1/images/train/target_0889_fog_0p6.png,889,target,fog_0p6,889
data/processed/cvbra_v1/images/train/target_0889_fog_1p0.png,889,target,fog_1p0,889
data/processed/cvbra_v1/images/train/target_0890_original.jpg,890,target,original,890
data/processed/cvbra_v1/images/train/target_0890_fog_0p6.png,890,target,fog_0p6,890
data/processed/cvbra_v1/images/train/target_0890_fog_1p0.png,890,target,fog_1p0,890
data/processed/cvbra_v1/images/train/target_0891_original.jpg,891,target,original,891
data/processed/cvbra_v1/images/train/target_0891_fog_0p6.png,891,target,fog_0p6,891
data/processed/cvbra_v1/images/train/target_0891_fog_1p0.png,891,target,fog_1p0,891
data/processed/cvbra_v1/images/train/target_0892_original.jpg,892,target,original,892
data/processed/cvbra_v1/images/train/target_0892_fog_0p6.png,892,target,fog_0p6,892
data/processed/cvbra_v1/images/train/target_0892_fog_1p0.png,892,target,fog_1p0,892
data/processed/cvbra_v1/images/train/target_0893_original.jpg,893,target,original,893
data/processed/cvbra_v1/images/train/target_0893_fog_0p6.png,893,target,fog_0p6,893
data/processed/cvbra_v1/images/train/target_0893_fog_1p0.png,893,target,fog_1p0,893
data/processed/cvbra_v1/images/train/target_0894_original.jpg,894,target,original,894
data/processed/cvbra_v1/images/train/target_0894_fog_0p6.png,894,target,fog_0p6,894
data/processed/cvbra_v1/images/train/target_0894_fog_1p0.png,894,target,fog_1p0,894
data/processed/cvbra_v1/images/train/target_0895_original.jpg,895,target,original,895
data/processed/cvbra_v1/images/train/target_0895_fog_0p6.png,895,target,fog_0p6,895
data/processed/cvbra_v1/images/train/target_0895_fog_1p0.png,895,target,fog_1p0,895
data/processed/cvbra_v1/images/train/target_0896_original.jpg,896,target,original,896
data/processed/cvbra_v1/images/train/target_0896_fog_0p6.png,896,target,fog_0p6,896
data/processed/cvbra_v1/images/train/target_0896_fog_1p0.png,896,target,fog_1p0,896
data/processed/cvbra_v1/images/train/target_0897_original.jpg,897,target,original,897
data/processed/cvbra_v1/images/train/target_0897_fog_0p6.png,897,target,fog_0p6,897
data/processed/cvbra_v1/images/train/target_0897_fog_1p0.png,897,target,fog_1p0,897
data/processed/cvbra_v1/images/train/target_0898_original.jpg,898,target,original,898
data/processed/cvbra_v1/images/train/target_0898_fog_0p6.png,898,target,fog_0p6,898
data/processed/cvbra_v1/images/train/target_0898_fog_1p0.png,898,target,fog_1p0,898
data/processed/cvbra_v1/images/train/target_0899_original.jpg,899,target,original,899
data/processed/cvbra_v1/images/train/target_0899_fog_0p6.png,899,target,fog_0p6,899
data/processed/cvbra_v1/images/train/target_0899_fog_1p0.png,899,target,fog_1p0,899
data/processed/cvbra_v1/images/train/target_0900_original.jpg,900,target,original,900
data/processed/cvbra_v1/images/train/target_0900_fog_0p6.png,900,target,fog_0p6,900
data/processed/cvbra_v1/images/train/target_0900_fog_1p0.png,900,target,fog_1p0,900
data/processed/cvbra_v1/images/train/source_0001_6510.jpg,6510,source_haze_replay,original_haze,006510.jpg
data/processed/cvbra_v1/images/train/source_0002_2546.jpg,2546,source_haze_replay,original_haze,002546.jpg
data/processed/cvbra_v1/images/train/source_0003_5263.jpg,5263,source_haze_replay,original_haze,005263.jpg
data/processed/cvbra_v1/images/train/source_0004_6458.jpg,6458,source_haze_replay,original_haze,006458.jpg
data/processed/cvbra_v1/images/train/source_0005_10900.jpg,10900,source_haze_replay,original_haze,010900.jpg
data/processed/cvbra_v1/images/train/source_0006_2773.jpg,2773,source_haze_replay,original_haze,002773.jpg
data/processed/cvbra_v1/images/train/source_0007_1561.jpg,1561,source_haze_replay,original_haze,001561.jpg
data/processed/cvbra_v1/images/train/source_0008_9513.jpg,9513,source_haze_replay,original_haze,009513.jpg
data/processed/cvbra_v1/images/train/source_0009_4406.jpg,4406,source_haze_replay,original_haze,004406.jpg
data/processed/cvbra_v1/images/train/source_0010_8354.jpg,8354,source_haze_replay,original_haze,008354.jpg
data/processed/cvbra_v1/images/train/source_0011_5680.jpg,5680,source_haze_replay,original_haze,005680.jpg
data/processed/cvbra_v1/images/train/source_0012_8277.jpg,8277,source_haze_replay,original_haze,008277.jpg
data/processed/cvbra_v1/images/train/source_0013_280.jpg,280,source_haze_replay,original_haze,000280.jpg
data/processed/cvbra_v1/images/train/source_0014_10807.jpg,10807,source_haze_replay,original_haze,010807.jpg
data/processed/cvbra_v1/images/train/source_0015_4623.jpg,4623,source_haze_replay,original_haze,004623.jpg
data/processed/cvbra_v1/images/train/source_0016_5556.jpg,5556,source_haze_replay,original_haze,005556.jpg
data/processed/cvbra_v1/images/train/source_0017_3295.jpg,3295,source_haze_replay,original_haze,003295.jpg
data/processed/cvbra_v1/images/train/source_0018_3188.jpg,3188,source_haze_replay,original_haze,003188.jpg
data/processed/cvbra_v1/images/train/source_0019_5410.jpg,5410,source_haze_replay,original_haze,005410.jpg
data/processed/cvbra_v1/images/train/source_0020_2632.jpg,2632,source_haze_replay,original_haze,002632.jpg
data/processed/cvbra_v1/images/train/source_0021_1710.jpg,1710,source_haze_replay,original_haze,001710.jpg
data/processed/cvbra_v1/images/train/source_0022_10345.jpg,10345,source_haze_replay,original_haze,010345.jpg
data/processed/cvbra_v1/images/train/source_0023_7794.jpg,7794,source_haze_replay,original_haze,007794.jpg
data/processed/cvbra_v1/images/train/source_0024_1406.jpg,1406,source_haze_replay,original_haze,001406.jpg
data/processed/cvbra_v1/images/train/source_0025_4655.jpg,4655,source_haze_replay,original_haze,004655.jpg
data/processed/cvbra_v1/images/train/source_0026_10053.jpg,10053,source_haze_replay,original_haze,010053.jpg
data/processed/cvbra_v1/images/train/source_0027_3326.jpg,3326,source_haze_replay,original_haze,003326.jpg
data/processed/cvbra_v1/images/train/source_0028_7500.jpg,7500,source_haze_replay,original_haze,007500.jpg
data/processed/cvbra_v1/images/train/source_0029_11499.jpg,11499,source_haze_replay,original_haze,011499.jpg
data/processed/cvbra_v1/images/train/source_0030_1946.jpg,1946,source_haze_replay,original_haze,001946.jpg
data/processed/cvbra_v1/images/train/source_0031_840.jpg,840,source_haze_replay,original_haze,000840.jpg
data/processed/cvbra_v1/images/train/source_0032_11399.jpg,11399,source_haze_replay,original_haze,011399.jpg
data/processed/cvbra_v1/images/train/source_0033_628.jpg,628,source_haze_replay,original_haze,000628.jpg
data/processed/cvbra_v1/images/train/source_0034_404.jpg,404,source_haze_replay,original_haze,000404.jpg
data/processed/cvbra_v1/images/train/source_0035_3705.jpg,3705,source_haze_replay,original_haze,003705.jpg
data/processed/cvbra_v1/images/train/source_0036_8256.jpg,8256,source_haze_replay,original_haze,008256.jpg
data/processed/cvbra_v1/images/train/source_0037_8488.jpg,8488,source_haze_replay,original_haze,008488.jpg
data/processed/cvbra_v1/images/train/source_0038_7683.jpg,7683,source_haze_replay,original_haze,007683.jpg
data/processed/cvbra_v1/images/train/source_0039_2558.jpg,2558,source_haze_replay,original_haze,002558.jpg
data/processed/cvbra_v1/images/train/source_0040_2396.jpg,2396,source_haze_replay,original_haze,002396.jpg
data/processed/cvbra_v1/images/train/source_0041_11132.jpg,11132,source_haze_replay,original_haze,011132.jpg
data/processed/cvbra_v1/images/train/source_0042_8091.jpg,8091,source_haze_replay,original_haze,008091.jpg
data/processed/cvbra_v1/images/train/source_0043_10299.jpg,10299,source_haze_replay,original_haze,010299.jpg
data/processed/cvbra_v1/images/train/source_0044_261.jpg,261,source_haze_replay,original_haze,000261.jpg
data/processed/cvbra_v1/images/train/source_0045_7306.jpg,7306,source_haze_replay,original_haze,007306.jpg
data/processed/cvbra_v1/images/train/source_0046_10282.jpg,10282,source_haze_replay,original_haze,010282.jpg
data/processed/cvbra_v1/images/train/source_0047_1293.jpg,1293,source_haze_replay,original_haze,001293.jpg
data/processed/cvbra_v1/images/train/source_0048_82.jpg,82,source_haze_replay,original_haze,000082.jpg
data/processed/cvbra_v1/images/train/source_0049_3341.jpg,3341,source_haze_replay,original_haze,003341.jpg
data/processed/cvbra_v1/images/train/source_0050_7739.jpg,7739,source_haze_replay,original_haze,007739.jpg
data/processed/cvbra_v1/images/train/source_0051_5448.jpg,5448,source_haze_replay,original_haze,005448.jpg
data/processed/cvbra_v1/images/train/source_0052_9087.jpg,9087,source_haze_replay,original_haze,009087.jpg
data/processed/cvbra_v1/images/train/source_0053_664.jpg,664,source_haze_replay,original_haze,000664.jpg
data/processed/cvbra_v1/images/train/source_0054_728.jpg,728,source_haze_replay,original_haze,000728.jpg
data/processed/cvbra_v1/images/train/source_0055_5676.jpg,5676,source_haze_replay,original_haze,005676.jpg
data/processed/cvbra_v1/images/train/source_0056_7200.jpg,7200,source_haze_replay,original_haze,007200.jpg
data/processed/cvbra_v1/images/train/source_0057_8048.jpg,8048,source_haze_replay,original_haze,008048.jpg
data/processed/cvbra_v1/images/train/source_0058_9334.jpg,9334,source_haze_replay,original_haze,009334.jpg
data/processed/cvbra_v1/images/train/source_0059_8746.jpg,8746,source_haze_replay,original_haze,008746.jpg
data/processed/cvbra_v1/images/train/source_0060_11457.jpg,11457,source_haze_replay,original_haze,011457.jpg
data/processed/cvbra_v1/images/train/source_0061_11190.jpg,11190,source_haze_replay,original_haze,011190.jpg
data/processed/cvbra_v1/images/train/source_0062_6035.jpg,6035,source_haze_replay,original_haze,006035.jpg
data/processed/cvbra_v1/images/train/source_0063_3084.jpg,3084,source_haze_replay,original_haze,003084.jpg
data/processed/cvbra_v1/images/train/source_0064_3017.jpg,3017,source_haze_replay,original_haze,003017.jpg
data/processed/cvbra_v1/images/train/source_0065_10289.jpg,10289,source_haze_replay,original_haze,010289.jpg
data/processed/cvbra_v1/images/train/source_0066_2152.jpg,2152,source_haze_replay,original_haze,002152.jpg
data/processed/cvbra_v1/images/train/source_0067_11026.jpg,11026,source_haze_replay,original_haze,011026.jpg
data/processed/cvbra_v1/images/train/source_0068_6367.jpg,6367,source_haze_replay,original_haze,006367.jpg
data/processed/cvbra_v1/images/train/source_0069_8347.jpg,8347,source_haze_replay,original_haze,008347.jpg
data/processed/cvbra_v1/images/train/source_0070_11100.jpg,11100,source_haze_replay,original_haze,011100.jpg
data/processed/cvbra_v1/images/train/source_0071_10171.jpg,10171,source_haze_replay,original_haze,010171.jpg
data/processed/cvbra_v1/images/train/source_0072_5554.jpg,5554,source_haze_replay,original_haze,005554.jpg
data/processed/cvbra_v1/images/train/source_0073_12297.jpg,12297,source_haze_replay,original_haze,012297.jpg
data/processed/cvbra_v1/images/train/source_0074_287.jpg,287,source_haze_replay,original_haze,000287.jpg
data/processed/cvbra_v1/images/train/source_0075_11572.jpg,11572,source_haze_replay,original_haze,011572.jpg
data/processed/cvbra_v1/images/train/source_0076_7354.jpg,7354,source_haze_replay,original_haze,007354.jpg
data/processed/cvbra_v1/images/train/source_0077_8316.jpg,8316,source_haze_replay,original_haze,008316.jpg
data/processed/cvbra_v1/images/train/source_0078_1933.jpg,1933,source_haze_replay,original_haze,001933.jpg
data/processed/cvbra_v1/images/train/source_0079_11211.jpg,11211,source_haze_replay,original_haze,011211.jpg
data/processed/cvbra_v1/images/train/source_0080_1993.jpg,1993,source_haze_replay,original_haze,001993.jpg
data/processed/cvbra_v1/images/train/source_0081_8292.jpg,8292,source_haze_replay,original_haze,008292.jpg
data/processed/cvbra_v1/images/train/source_0082_6645.jpg,6645,source_haze_replay,original_haze,006645.jpg
data/processed/cvbra_v1/images/train/source_0083_2040.jpg,2040,source_haze_replay,original_haze,002040.jpg
data/processed/cvbra_v1/images/train/source_0084_380.jpg,380,source_haze_replay,original_haze,000380.jpg
data/processed/cvbra_v1/images/train/source_0085_10271.jpg,10271,source_haze_replay,original_haze,010271.jpg
data/processed/cvbra_v1/images/train/source_0086_1152.jpg,1152,source_haze_replay,original_haze,001152.jpg
data/processed/cvbra_v1/images/train/source_0087_361.jpg,361,source_haze_replay,original_haze,000361.jpg
data/processed/cvbra_v1/images/train/source_0088_11344.jpg,11344,source_haze_replay,original_haze,011344.jpg
data/processed/cvbra_v1/images/train/source_0089_11437.jpg,11437,source_haze_replay,original_haze,011437.jpg
data/processed/cvbra_v1/images/train/source_0090_6456.jpg,6456,source_haze_replay,original_haze,006456.jpg
data/processed/cvbra_v1/images/train/source_0091_12154.jpg,12154,source_haze_replay,original_haze,012154.jpg
data/processed/cvbra_v1/images/train/source_0092_2391.jpg,2391,source_haze_replay,original_haze,002391.jpg
data/processed/cvbra_v1/images/train/source_0093_1547.jpg,1547,source_haze_replay,original_haze,001547.jpg
data/processed/cvbra_v1/images/train/source_0094_2428.jpg,2428,source_haze_replay,original_haze,002428.jpg
data/processed/cvbra_v1/images/train/source_0095_1365.jpg,1365,source_haze_replay,original_haze,001365.jpg
data/processed/cvbra_v1/images/train/source_0096_12554.jpg,12554,source_haze_replay,original_haze,012554.jpg
data/processed/cvbra_v1/images/train/source_0097_10229.jpg,10229,source_haze_replay,original_haze,010229.jpg
data/processed/cvbra_v1/images/train/source_0098_2554.jpg,2554,source_haze_replay,original_haze,002554.jpg
data/processed/cvbra_v1/images/train/source_0099_7929.jpg,7929,source_haze_replay,original_haze,007929.jpg
data/processed/cvbra_v1/images/train/source_0100_8031.jpg,8031,source_haze_replay,original_haze,008031.jpg
data/processed/cvbra_v1/images/train/source_0101_6156.jpg,6156,source_haze_replay,original_haze,006156.jpg
data/processed/cvbra_v1/images/train/source_0102_3485.jpg,3485,source_haze_replay,original_haze,003485.jpg
data/processed/cvbra_v1/images/train/source_0103_9794.jpg,9794,source_haze_replay,original_haze,009794.jpg
data/processed/cvbra_v1/images/train/source_0104_10029.jpg,10029,source_haze_replay,original_haze,010029.jpg
data/processed/cvbra_v1/images/train/source_0105_10237.jpg,10237,source_haze_replay,original_haze,010237.jpg
data/processed/cvbra_v1/images/train/source_0106_6646.jpg,6646,source_haze_replay,original_haze,006646.jpg
data/processed/cvbra_v1/images/train/source_0107_10911.jpg,10911,source_haze_replay,original_haze,010911.jpg
data/processed/cvbra_v1/images/train/source_0108_3363.jpg,3363,source_haze_replay,original_haze,003363.jpg
data/processed/cvbra_v1/images/train/source_0109_11379.jpg,11379,source_haze_replay,original_haze,011379.jpg
data/processed/cvbra_v1/images/train/source_0110_9015.jpg,9015,source_haze_replay,original_haze,009015.jpg
data/processed/cvbra_v1/images/train/source_0111_11896.jpg,11896,source_haze_replay,original_haze,011896.jpg
data/processed/cvbra_v1/images/train/source_0112_9230.jpg,9230,source_haze_replay,original_haze,009230.jpg
data/processed/cvbra_v1/images/train/source_0113_2940.jpg,2940,source_haze_replay,original_haze,002940.jpg
data/processed/cvbra_v1/images/train/source_0114_7347.jpg,7347,source_haze_replay,original_haze,007347.jpg
data/processed/cvbra_v1/images/train/source_0115_10389.jpg,10389,source_haze_replay,original_haze,010389.jpg
data/processed/cvbra_v1/images/train/source_0116_2873.jpg,2873,source_haze_replay,original_haze,002873.jpg
data/processed/cvbra_v1/images/train/source_0117_2383.jpg,2383,source_haze_replay,original_haze,002383.jpg
data/processed/cvbra_v1/images/train/source_0118_8658.jpg,8658,source_haze_replay,original_haze,008658.jpg
data/processed/cvbra_v1/images/train/source_0119_5039.jpg,5039,source_haze_replay,original_haze,005039.jpg
data/processed/cvbra_v1/images/train/source_0120_10264.jpg,10264,source_haze_replay,original_haze,010264.jpg
data/processed/cvbra_v1/images/train/source_0121_4988.jpg,4988,source_haze_replay,original_haze,004988.jpg
data/processed/cvbra_v1/images/train/source_0122_1664.jpg,1664,source_haze_replay,original_haze,001664.jpg
data/processed/cvbra_v1/images/train/source_0123_6113.jpg,6113,source_haze_replay,original_haze,006113.jpg
data/processed/cvbra_v1/images/train/source_0124_3136.jpg,3136,source_haze_replay,original_haze,003136.jpg
data/processed/cvbra_v1/images/train/source_0125_8177.jpg,8177,source_haze_replay,original_haze,008177.jpg
data/processed/cvbra_v1/images/train/source_0126_3382.jpg,3382,source_haze_replay,original_haze,003382.jpg
data/processed/cvbra_v1/images/train/source_0127_11087.jpg,11087,source_haze_replay,original_haze,011087.jpg
data/processed/cvbra_v1/images/train/source_0128_7120.jpg,7120,source_haze_replay,original_haze,007120.jpg
data/processed/cvbra_v1/images/train/source_0129_11578.jpg,11578,source_haze_replay,original_haze,011578.jpg
data/processed/cvbra_v1/images/train/source_0130_368.jpg,368,source_haze_replay,original_haze,000368.jpg
data/processed/cvbra_v1/images/train/source_0131_10863.jpg,10863,source_haze_replay,original_haze,010863.jpg
data/processed/cvbra_v1/images/train/source_0132_12531.jpg,12531,source_haze_replay,original_haze,012531.jpg
data/processed/cvbra_v1/images/train/source_0133_1150.jpg,1150,source_haze_replay,original_haze,001150.jpg
data/processed/cvbra_v1/images/train/source_0134_6539.jpg,6539,source_haze_replay,original_haze,006539.jpg
data/processed/cvbra_v1/images/train/source_0135_991.jpg,991,source_haze_replay,original_haze,000991.jpg
data/processed/cvbra_v1/images/train/source_0136_5788.jpg,5788,source_haze_replay,original_haze,005788.jpg
data/processed/cvbra_v1/images/train/source_0137_4587.jpg,4587,source_haze_replay,original_haze,004587.jpg
data/processed/cvbra_v1/images/train/source_0138_11404.jpg,11404,source_haze_replay,original_haze,011404.jpg
data/processed/cvbra_v1/images/train/source_0139_4060.jpg,4060,source_haze_replay,original_haze,004060.jpg
data/processed/cvbra_v1/images/train/source_0140_888.jpg,888,source_haze_replay,original_haze,000888.jpg
data/processed/cvbra_v1/images/train/source_0141_674.jpg,674,source_haze_replay,original_haze,000674.jpg
data/processed/cvbra_v1/images/train/source_0142_12095.jpg,12095,source_haze_replay,original_haze,012095.jpg
data/processed/cvbra_v1/images/train/source_0143_10581.jpg,10581,source_haze_replay,original_haze,010581.jpg
data/processed/cvbra_v1/images/train/source_0144_8369.jpg,8369,source_haze_replay,original_haze,008369.jpg
data/processed/cvbra_v1/images/train/source_0145_11427.jpg,11427,source_haze_replay,original_haze,011427.jpg
data/processed/cvbra_v1/images/train/source_0146_5196.jpg,5196,source_haze_replay,original_haze,005196.jpg
data/processed/cvbra_v1/images/train/source_0147_7979.jpg,7979,source_haze_replay,original_haze,007979.jpg
data/processed/cvbra_v1/images/train/source_0148_6315.jpg,6315,source_haze_replay,original_haze,006315.jpg
data/processed/cvbra_v1/images/train/source_0149_12438.jpg,12438,source_haze_replay,original_haze,012438.jpg
data/processed/cvbra_v1/images/train/source_0150_2367.jpg,2367,source_haze_replay,original_haze,002367.jpg
data/processed/cvbra_v1/images/train/source_0151_4362.jpg,4362,source_haze_replay,original_haze,004362.jpg
data/processed/cvbra_v1/images/train/source_0152_631.jpg,631,source_haze_replay,original_haze,000631.jpg
data/processed/cvbra_v1/images/train/source_0153_7981.jpg,7981,source_haze_replay,original_haze,007981.jpg
data/processed/cvbra_v1/images/train/source_0154_2797.jpg,2797,source_haze_replay,original_haze,002797.jpg
data/processed/cvbra_v1/images/train/source_0155_5188.jpg,5188,source_haze_replay,original_haze,005188.jpg
data/processed/cvbra_v1/images/train/source_0156_5624.jpg,5624,source_haze_replay,original_haze,005624.jpg
data/processed/cvbra_v1/images/train/source_0157_1738.jpg,1738,source_haze_replay,original_haze,001738.jpg
data/processed/cvbra_v1/images/train/source_0158_8593.jpg,8593,source_haze_replay,original_haze,008593.jpg
data/processed/cvbra_v1/images/train/source_0159_6655.jpg,6655,source_haze_replay,original_haze,006655.jpg
data/processed/cvbra_v1/images/train/source_0160_9727.jpg,9727,source_haze_replay,original_haze,009727.jpg
data/processed/cvbra_v1/images/train/source_0161_5259.jpg,5259,source_haze_replay,original_haze,005259.jpg
data/processed/cvbra_v1/images/train/source_0162_7212.jpg,7212,source_haze_replay,original_haze,007212.jpg
data/processed/cvbra_v1/images/train/source_0163_8132.jpg,8132,source_haze_replay,original_haze,008132.jpg
data/processed/cvbra_v1/images/train/source_0164_4600.jpg,4600,source_haze_replay,original_haze,004600.jpg
data/processed/cvbra_v1/images/train/source_0165_421.jpg,421,source_haze_replay,original_haze,000421.jpg
data/processed/cvbra_v1/images/train/source_0166_6259.jpg,6259,source_haze_replay,original_haze,006259.jpg
data/processed/cvbra_v1/images/train/source_0167_11189.jpg,11189,source_haze_replay,original_haze,011189.jpg
data/processed/cvbra_v1/images/train/source_0168_630.jpg,630,source_haze_replay,original_haze,000630.jpg
data/processed/cvbra_v1/images/train/source_0169_5275.jpg,5275,source_haze_replay,original_haze,005275.jpg
data/processed/cvbra_v1/images/train/source_0170_371.jpg,371,source_haze_replay,original_haze,000371.jpg
data/processed/cvbra_v1/images/train/source_0171_3901.jpg,3901,source_haze_replay,original_haze,003901.jpg
data/processed/cvbra_v1/images/train/source_0172_11914.jpg,11914,source_haze_replay,original_haze,011914.jpg
data/processed/cvbra_v1/images/train/source_0173_5970.jpg,5970,source_haze_replay,original_haze,005970.jpg
data/processed/cvbra_v1/images/train/source_0174_856.jpg,856,source_haze_replay,original_haze,000856.jpg
data/processed/cvbra_v1/images/train/source_0175_7495.jpg,7495,source_haze_replay,original_haze,007495.jpg
data/processed/cvbra_v1/images/train/source_0176_9876.jpg,9876,source_haze_replay,original_haze,009876.jpg
data/processed/cvbra_v1/images/train/source_0177_4648.jpg,4648,source_haze_replay,original_haze,004648.jpg
data/processed/cvbra_v1/images/train/source_0178_2789.jpg,2789,source_haze_replay,original_haze,002789.jpg
data/processed/cvbra_v1/images/train/source_0179_11295.jpg,11295,source_haze_replay,original_haze,011295.jpg
data/processed/cvbra_v1/images/train/source_0180_7002.jpg,7002,source_haze_replay,original_haze,007002.jpg
data/processed/cvbra_v1/images/train/source_0181_9630.jpg,9630,source_haze_replay,original_haze,009630.jpg
data/processed/cvbra_v1/images/train/source_0182_12222.jpg,12222,source_haze_replay,original_haze,012222.jpg
data/processed/cvbra_v1/images/train/source_0183_2289.jpg,2289,source_haze_replay,original_haze,002289.jpg
data/processed/cvbra_v1/images/train/source_0184_4315.jpg,4315,source_haze_replay,original_haze,004315.jpg
data/processed/cvbra_v1/images/train/source_0185_10876.jpg,10876,source_haze_replay,original_haze,010876.jpg
data/processed/cvbra_v1/images/train/source_0186_4044.jpg,4044,source_haze_replay,original_haze,004044.jpg
data/processed/cvbra_v1/images/train/source_0187_8626.jpg,8626,source_haze_replay,original_haze,008626.jpg
data/processed/cvbra_v1/images/train/source_0188_5187.jpg,5187,source_haze_replay,original_haze,005187.jpg
data/processed/cvbra_v1/images/train/source_0189_5662.jpg,5662,source_haze_replay,original_haze,005662.jpg
data/processed/cvbra_v1/images/train/source_0190_1448.jpg,1448,source_haze_replay,original_haze,001448.jpg
data/processed/cvbra_v1/images/train/source_0191_665.jpg,665,source_haze_replay,original_haze,000665.jpg
data/processed/cvbra_v1/images/train/source_0192_4490.jpg,4490,source_haze_replay,original_haze,004490.jpg
data/processed/cvbra_v1/images/train/source_0193_12426.jpg,12426,source_haze_replay,original_haze,012426.jpg
data/processed/cvbra_v1/images/train/source_0194_6072.jpg,6072,source_haze_replay,original_haze,006072.jpg
data/processed/cvbra_v1/images/train/source_0195_2519.jpg,2519,source_haze_replay,original_haze,002519.jpg
data/processed/cvbra_v1/images/train/source_0196_9706.jpg,9706,source_haze_replay,original_haze,009706.jpg
data/processed/cvbra_v1/images/train/source_0197_7301.jpg,7301,source_haze_replay,original_haze,007301.jpg
data/processed/cvbra_v1/images/train/source_0198_3750.jpg,3750,source_haze_replay,original_haze,003750.jpg
data/processed/cvbra_v1/images/train/source_0199_3138.jpg,3138,source_haze_replay,original_haze,003138.jpg
data/processed/cvbra_v1/images/train/source_0200_5530.jpg,5530,source_haze_replay,original_haze,005530.jpg
data/processed/cvbra_v1/images/train/source_0201_10030.jpg,10030,source_haze_replay,original_haze,010030.jpg
data/processed/cvbra_v1/images/train/source_0202_4119.jpg,4119,source_haze_replay,original_haze,004119.jpg
data/processed/cvbra_v1/images/train/source_0203_5490.jpg,5490,source_haze_replay,original_haze,005490.jpg
data/processed/cvbra_v1/images/train/source_0204_10586.jpg,10586,source_haze_replay,original_haze,010586.jpg
data/processed/cvbra_v1/images/train/source_0205_5865.jpg,5865,source_haze_replay,original_haze,005865.jpg
data/processed/cvbra_v1/images/train/source_0206_4583.jpg,4583,source_haze_replay,original_haze,004583.jpg
data/processed/cvbra_v1/images/train/source_0207_585.jpg,585,source_haze_replay,original_haze,000585.jpg
data/processed/cvbra_v1/images/train/source_0208_11872.jpg,11872,source_haze_replay,original_haze,011872.jpg
data/processed/cvbra_v1/images/train/source_0209_12496.jpg,12496,source_haze_replay,original_haze,012496.jpg
data/processed/cvbra_v1/images/train/source_0210_11461.jpg,11461,source_haze_replay,original_haze,011461.jpg
data/processed/cvbra_v1/images/train/source_0211_6073.jpg,6073,source_haze_replay,original_haze,006073.jpg
data/processed/cvbra_v1/images/train/source_0212_9928.jpg,9928,source_haze_replay,original_haze,009928.jpg
data/processed/cvbra_v1/images/train/source_0213_1823.jpg,1823,source_haze_replay,original_haze,001823.jpg
data/processed/cvbra_v1/images/train/source_0214_2435.jpg,2435,source_haze_replay,original_haze,002435.jpg
data/processed/cvbra_v1/images/train/source_0215_12038.jpg,12038,source_haze_replay,original_haze,012038.jpg
data/processed/cvbra_v1/images/train/source_0216_9306.jpg,9306,source_haze_replay,original_haze,009306.jpg
data/processed/cvbra_v1/images/train/source_0217_4791.jpg,4791,source_haze_replay,original_haze,004791.jpg
data/processed/cvbra_v1/images/train/source_0218_8844.jpg,8844,source_haze_replay,original_haze,008844.jpg
data/processed/cvbra_v1/images/train/source_0219_2475.jpg,2475,source_haze_replay,original_haze,002475.jpg
data/processed/cvbra_v1/images/train/source_0220_10173.jpg,10173,source_haze_replay,original_haze,010173.jpg
data/processed/cvbra_v1/images/train/source_0221_2926.jpg,2926,source_haze_replay,original_haze,002926.jpg
data/processed/cvbra_v1/images/train/source_0222_7839.jpg,7839,source_haze_replay,original_haze,007839.jpg
data/processed/cvbra_v1/images/train/source_0223_9261.jpg,9261,source_haze_replay,original_haze,009261.jpg
data/processed/cvbra_v1/images/train/source_0224_1161.jpg,1161,source_haze_replay,original_haze,001161.jpg
data/processed/cvbra_v1/images/train/source_0225_6158.jpg,6158,source_haze_replay,original_haze,006158.jpg
data/processed/cvbra_v1/images/train/source_0226_11838.jpg,11838,source_haze_replay,original_haze,011838.jpg
data/processed/cvbra_v1/images/train/source_0227_11968.jpg,11968,source_haze_replay,original_haze,011968.jpg
data/processed/cvbra_v1/images/train/source_0228_2937.jpg,2937,source_haze_replay,original_haze,002937.jpg
data/processed/cvbra_v1/images/train/source_0229_8394.jpg,8394,source_haze_replay,original_haze,008394.jpg
data/processed/cvbra_v1/images/train/source_0230_5339.jpg,5339,source_haze_replay,original_haze,005339.jpg
data/processed/cvbra_v1/images/train/source_0231_1874.jpg,1874,source_haze_replay,original_haze,001874.jpg
data/processed/cvbra_v1/images/train/source_0232_2760.jpg,2760,source_haze_replay,original_haze,002760.jpg
data/processed/cvbra_v1/images/train/source_0233_3126.jpg,3126,source_haze_replay,original_haze,003126.jpg
data/processed/cvbra_v1/images/train/source_0234_2106.jpg,2106,source_haze_replay,original_haze,002106.jpg
data/processed/cvbra_v1/images/train/source_0235_10752.jpg,10752,source_haze_replay,original_haze,010752.jpg
data/processed/cvbra_v1/images/train/source_0236_9217.jpg,9217,source_haze_replay,original_haze,009217.jpg
data/processed/cvbra_v1/images/train/source_0237_8171.jpg,8171,source_haze_replay,original_haze,008171.jpg
data/processed/cvbra_v1/images/train/source_0238_1703.jpg,1703,source_haze_replay,original_haze,001703.jpg
data/processed/cvbra_v1/images/train/source_0239_8667.jpg,8667,source_haze_replay,original_haze,008667.jpg
data/processed/cvbra_v1/images/train/source_0240_127.jpg,127,source_haze_replay,original_haze,000127.jpg
data/processed/cvbra_v1/images/train/source_0241_2403.jpg,2403,source_haze_replay,original_haze,002403.jpg
data/processed/cvbra_v1/images/train/source_0242_4377.jpg,4377,source_haze_replay,original_haze,004377.jpg
data/processed/cvbra_v1/images/train/source_0243_4361.jpg,4361,source_haze_replay,original_haze,004361.jpg
data/processed/cvbra_v1/images/train/source_0244_11126.jpg,11126,source_haze_replay,original_haze,011126.jpg
data/processed/cvbra_v1/images/train/source_0245_7599.jpg,7599,source_haze_replay,original_haze,007599.jpg
data/processed/cvbra_v1/images/train/source_0246_8473.jpg,8473,source_haze_replay,original_haze,008473.jpg
data/processed/cvbra_v1/images/train/source_0247_2637.jpg,2637,source_haze_replay,original_haze,002637.jpg
data/processed/cvbra_v1/images/train/source_0248_10394.jpg,10394,source_haze_replay,original_haze,010394.jpg
data/processed/cvbra_v1/images/train/source_0249_9041.jpg,9041,source_haze_replay,original_haze,009041.jpg
data/processed/cvbra_v1/images/train/source_0250_1537.jpg,1537,source_haze_replay,original_haze,001537.jpg
data/processed/cvbra_v1/images/train/source_0251_2880.jpg,2880,source_haze_replay,original_haze,002880.jpg
data/processed/cvbra_v1/images/train/source_0252_5836.jpg,5836,source_haze_replay,original_haze,005836.jpg
data/processed/cvbra_v1/images/train/source_0253_600.jpg,600,source_haze_replay,original_haze,000600.jpg
data/processed/cvbra_v1/images/train/source_0254_8087.jpg,8087,source_haze_replay,original_haze,008087.jpg
data/processed/cvbra_v1/images/train/source_0255_1348.jpg,1348,source_haze_replay,original_haze,001348.jpg
data/processed/cvbra_v1/images/train/source_0256_9198.jpg,9198,source_haze_replay,original_haze,009198.jpg
data/processed/cvbra_v1/images/train/source_0257_10660.jpg,10660,source_haze_replay,original_haze,010660.jpg
data/processed/cvbra_v1/images/train/source_0258_244.jpg,244,source_haze_replay,original_haze,000244.jpg
data/processed/cvbra_v1/images/train/source_0259_8413.jpg,8413,source_haze_replay,original_haze,008413.jpg
data/processed/cvbra_v1/images/train/source_0260_5225.jpg,5225,source_haze_replay,original_haze,005225.jpg
data/processed/cvbra_v1/images/train/source_0261_9896.jpg,9896,source_haze_replay,original_haze,009896.jpg
data/processed/cvbra_v1/images/train/source_0262_490.jpg,490,source_haze_replay,original_haze,000490.jpg
data/processed/cvbra_v1/images/train/source_0263_8635.jpg,8635,source_haze_replay,original_haze,008635.jpg
data/processed/cvbra_v1/images/train/source_0264_12500.jpg,12500,source_haze_replay,original_haze,012500.jpg
data/processed/cvbra_v1/images/train/source_0265_2108.jpg,2108,source_haze_replay,original_haze,002108.jpg
data/processed/cvbra_v1/images/train/source_0266_510.jpg,510,source_haze_replay,original_haze,000510.jpg
data/processed/cvbra_v1/images/train/source_0267_4229.jpg,4229,source_haze_replay,original_haze,004229.jpg
data/processed/cvbra_v1/images/train/source_0268_11175.jpg,11175,source_haze_replay,original_haze,011175.jpg
data/processed/cvbra_v1/images/train/source_0269_1183.jpg,1183,source_haze_replay,original_haze,001183.jpg
data/processed/cvbra_v1/images/train/source_0270_11186.jpg,11186,source_haze_replay,original_haze,011186.jpg
data/processed/cvbra_v1/images/train/source_0271_11967.jpg,11967,source_haze_replay,original_haze,011967.jpg
data/processed/cvbra_v1/images/train/source_0272_2312.jpg,2312,source_haze_replay,original_haze,002312.jpg
data/processed/cvbra_v1/images/train/source_0273_5697.jpg,5697,source_haze_replay,original_haze,005697.jpg
data/processed/cvbra_v1/images/train/source_0274_1291.jpg,1291,source_haze_replay,original_haze,001291.jpg
data/processed/cvbra_v1/images/train/source_0275_6155.jpg,6155,source_haze_replay,original_haze,006155.jpg
data/processed/cvbra_v1/images/train/source_0276_6638.jpg,6638,source_haze_replay,original_haze,006638.jpg
data/processed/cvbra_v1/images/train/source_0277_2084.jpg,2084,source_haze_replay,original_haze,002084.jpg
data/processed/cvbra_v1/images/train/source_0278_1981.jpg,1981,source_haze_replay,original_haze,001981.jpg
data/processed/cvbra_v1/images/train/source_0279_8578.jpg,8578,source_haze_replay,original_haze,008578.jpg
data/processed/cvbra_v1/images/train/source_0280_1696.jpg,1696,source_haze_replay,original_haze,001696.jpg
data/processed/cvbra_v1/images/train/source_0281_3150.jpg,3150,source_haze_replay,original_haze,003150.jpg
data/processed/cvbra_v1/images/train/source_0282_672.jpg,672,source_haze_replay,original_haze,000672.jpg
data/processed/cvbra_v1/images/train/source_0283_5060.jpg,5060,source_haze_replay,original_haze,005060.jpg
data/processed/cvbra_v1/images/train/source_0284_10718.jpg,10718,source_haze_replay,original_haze,010718.jpg
data/processed/cvbra_v1/images/train/source_0285_4864.jpg,4864,source_haze_replay,original_haze,004864.jpg
data/processed/cvbra_v1/images/train/source_0286_1814.jpg,1814,source_haze_replay,original_haze,001814.jpg
data/processed/cvbra_v1/images/train/source_0287_10515.jpg,10515,source_haze_replay,original_haze,010515.jpg
data/processed/cvbra_v1/images/train/source_0288_8527.jpg,8527,source_haze_replay,original_haze,008527.jpg
data/processed/cvbra_v1/images/train/source_0289_6504.jpg,6504,source_haze_replay,original_haze,006504.jpg
data/processed/cvbra_v1/images/train/source_0290_3452.jpg,3452,source_haze_replay,original_haze,003452.jpg
data/processed/cvbra_v1/images/train/source_0291_4520.jpg,4520,source_haze_replay,original_haze,004520.jpg
data/processed/cvbra_v1/images/train/source_0292_5233.jpg,5233,source_haze_replay,original_haze,005233.jpg
data/processed/cvbra_v1/images/train/source_0293_7622.jpg,7622,source_haze_replay,original_haze,007622.jpg
data/processed/cvbra_v1/images/train/source_0294_1160.jpg,1160,source_haze_replay,original_haze,001160.jpg
data/processed/cvbra_v1/images/train/source_0295_11726.jpg,11726,source_haze_replay,original_haze,011726.jpg
data/processed/cvbra_v1/images/train/source_0296_3177.jpg,3177,source_haze_replay,original_haze,003177.jpg
data/processed/cvbra_v1/images/train/source_0297_9725.jpg,9725,source_haze_replay,original_haze,009725.jpg
data/processed/cvbra_v1/images/train/source_0298_11916.jpg,11916,source_haze_replay,original_haze,011916.jpg
data/processed/cvbra_v1/images/train/source_0299_1118.jpg,1118,source_haze_replay,original_haze,001118.jpg
data/processed/cvbra_v1/images/train/source_0300_3525.jpg,3525,source_haze_replay,original_haze,003525.jpg
data/processed/cvbra_v1/images/train/source_0301_4528.jpg,4528,source_haze_replay,original_haze,004528.jpg
data/processed/cvbra_v1/images/train/source_0302_9823.jpg,9823,source_haze_replay,original_haze,009823.jpg
data/processed/cvbra_v1/images/train/source_0303_1386.jpg,1386,source_haze_replay,original_haze,001386.jpg
data/processed/cvbra_v1/images/train/source_0304_943.jpg,943,source_haze_replay,original_haze,000943.jpg
data/processed/cvbra_v1/images/train/source_0305_8118.jpg,8118,source_haze_replay,original_haze,008118.jpg
data/processed/cvbra_v1/images/train/source_0306_7724.jpg,7724,source_haze_replay,original_haze,007724.jpg
data/processed/cvbra_v1/images/train/source_0307_3841.jpg,3841,source_haze_replay,original_haze,003841.jpg
data/processed/cvbra_v1/images/train/source_0308_6334.jpg,6334,source_haze_replay,original_haze,006334.jpg
data/processed/cvbra_v1/images/train/source_0309_6693.jpg,6693,source_haze_replay,original_haze,006693.jpg
data/processed/cvbra_v1/images/train/source_0310_4018.jpg,4018,source_haze_replay,original_haze,004018.jpg
data/processed/cvbra_v1/images/train/source_0311_2833.jpg,2833,source_haze_replay,original_haze,002833.jpg
data/processed/cvbra_v1/images/train/source_0312_4567.jpg,4567,source_haze_replay,original_haze,004567.jpg
data/processed/cvbra_v1/images/train/source_0313_5025.jpg,5025,source_haze_replay,original_haze,005025.jpg
data/processed/cvbra_v1/images/train/source_0314_10308.jpg,10308,source_haze_replay,original_haze,010308.jpg
data/processed/cvbra_v1/images/train/source_0315_5769.jpg,5769,source_haze_replay,original_haze,005769.jpg
data/processed/cvbra_v1/images/train/source_0316_5036.jpg,5036,source_haze_replay,original_haze,005036.jpg
data/processed/cvbra_v1/images/train/source_0317_10398.jpg,10398,source_haze_replay,original_haze,010398.jpg
data/processed/cvbra_v1/images/train/source_0318_1601.jpg,1601,source_haze_replay,original_haze,001601.jpg
data/processed/cvbra_v1/images/train/source_0319_3507.jpg,3507,source_haze_replay,original_haze,003507.jpg
data/processed/cvbra_v1/images/train/source_0320_5486.jpg,5486,source_haze_replay,original_haze,005486.jpg
data/processed/cvbra_v1/images/train/source_0321_4064.jpg,4064,source_haze_replay,original_haze,004064.jpg
data/processed/cvbra_v1/images/train/source_0322_353.jpg,353,source_haze_replay,original_haze,000353.jpg
data/processed/cvbra_v1/images/train/source_0323_6537.jpg,6537,source_haze_replay,original_haze,006537.jpg
data/processed/cvbra_v1/images/train/source_0324_3793.jpg,3793,source_haze_replay,original_haze,003793.jpg
data/processed/cvbra_v1/images/train/source_0325_4751.jpg,4751,source_haze_replay,original_haze,004751.jpg
data/processed/cvbra_v1/images/train/source_0326_2827.jpg,2827,source_haze_replay,original_haze,002827.jpg
data/processed/cvbra_v1/images/train/source_0327_8902.jpg,8902,source_haze_replay,original_haze,008902.jpg
data/processed/cvbra_v1/images/train/source_0328_2309.jpg,2309,source_haze_replay,original_haze,002309.jpg
data/processed/cvbra_v1/images/train/source_0329_11015.jpg,11015,source_haze_replay,original_haze,011015.jpg
data/processed/cvbra_v1/images/train/source_0330_12194.jpg,12194,source_haze_replay,original_haze,012194.jpg
data/processed/cvbra_v1/images/train/source_0331_9669.jpg,9669,source_haze_replay,original_haze,009669.jpg
data/processed/cvbra_v1/images/train/source_0332_6021.jpg,6021,source_haze_replay,original_haze,006021.jpg
data/processed/cvbra_v1/images/train/source_0333_8260.jpg,8260,source_haze_replay,original_haze,008260.jpg
data/processed/cvbra_v1/images/train/source_0334_4818.jpg,4818,source_haze_replay,original_haze,004818.jpg
data/processed/cvbra_v1/images/train/source_0335_7361.jpg,7361,source_haze_replay,original_haze,007361.jpg
data/processed/cvbra_v1/images/train/source_0336_5764.jpg,5764,source_haze_replay,original_haze,005764.jpg
data/processed/cvbra_v1/images/train/source_0337_1979.jpg,1979,source_haze_replay,original_haze,001979.jpg
data/processed/cvbra_v1/images/train/source_0338_5823.jpg,5823,source_haze_replay,original_haze,005823.jpg
data/processed/cvbra_v1/images/train/source_0339_11315.jpg,11315,source_haze_replay,original_haze,011315.jpg
data/processed/cvbra_v1/images/train/source_0340_6019.jpg,6019,source_haze_replay,original_haze,006019.jpg
data/processed/cvbra_v1/images/train/source_0341_7252.jpg,7252,source_haze_replay,original_haze,007252.jpg
data/processed/cvbra_v1/images/train/source_0342_1626.jpg,1626,source_haze_replay,original_haze,001626.jpg
data/processed/cvbra_v1/images/train/source_0343_5949.jpg,5949,source_haze_replay,original_haze,005949.jpg
data/processed/cvbra_v1/images/train/source_0344_1569.jpg,1569,source_haze_replay,original_haze,001569.jpg
data/processed/cvbra_v1/images/train/source_0345_10755.jpg,10755,source_haze_replay,original_haze,010755.jpg
data/processed/cvbra_v1/images/train/source_0346_12540.jpg,12540,source_haze_replay,original_haze,012540.jpg
data/processed/cvbra_v1/images/train/source_0347_11533.jpg,11533,source_haze_replay,original_haze,011533.jpg
data/processed/cvbra_v1/images/train/source_0348_4446.jpg,4446,source_haze_replay,original_haze,004446.jpg
data/processed/cvbra_v1/images/train/source_0349_6894.jpg,6894,source_haze_replay,original_haze,006894.jpg
data/processed/cvbra_v1/images/train/source_0350_1043.jpg,1043,source_haze_replay,original_haze,001043.jpg
data/processed/cvbra_v1/images/train/source_0351_457.jpg,457,source_haze_replay,original_haze,000457.jpg
data/processed/cvbra_v1/images/train/source_0352_7344.jpg,7344,source_haze_replay,original_haze,007344.jpg
data/processed/cvbra_v1/images/train/source_0353_11105.jpg,11105,source_haze_replay,original_haze,011105.jpg
data/processed/cvbra_v1/images/train/source_0354_11108.jpg,11108,source_haze_replay,original_haze,011108.jpg
data/processed/cvbra_v1/images/train/source_0355_4836.jpg,4836,source_haze_replay,original_haze,004836.jpg
data/processed/cvbra_v1/images/train/source_0356_1164.jpg,1164,source_haze_replay,original_haze,001164.jpg
data/processed/cvbra_v1/images/train/source_0357_10272.jpg,10272,source_haze_replay,original_haze,010272.jpg
data/processed/cvbra_v1/images/train/source_0358_5318.jpg,5318,source_haze_replay,original_haze,005318.jpg
data/processed/cvbra_v1/images/train/source_0359_2578.jpg,2578,source_haze_replay,original_haze,002578.jpg
data/processed/cvbra_v1/images/train/source_0360_12166.jpg,12166,source_haze_replay,original_haze,012166.jpg
data/processed/cvbra_v1/images/train/source_0361_15.jpg,15,source_haze_replay,original_haze,000015.jpg
data/processed/cvbra_v1/images/train/source_0362_5718.jpg,5718,source_haze_replay,original_haze,005718.jpg
data/processed/cvbra_v1/images/train/source_0363_3529.jpg,3529,source_haze_replay,original_haze,003529.jpg
data/processed/cvbra_v1/images/train/source_0364_10924.jpg,10924,source_haze_replay,original_haze,010924.jpg
data/processed/cvbra_v1/images/train/source_0365_1438.jpg,1438,source_haze_replay,original_haze,001438.jpg
data/processed/cvbra_v1/images/train/source_0366_779.jpg,779,source_haze_replay,original_haze,000779.jpg
data/processed/cvbra_v1/images/train/source_0367_4180.jpg,4180,source_haze_replay,original_haze,004180.jpg
data/processed/cvbra_v1/images/train/source_0368_6379.jpg,6379,source_haze_replay,original_haze,006379.jpg
data/processed/cvbra_v1/images/train/source_0369_899.jpg,899,source_haze_replay,original_haze,000899.jpg
data/processed/cvbra_v1/images/train/source_0370_1124.jpg,1124,source_haze_replay,original_haze,001124.jpg
data/processed/cvbra_v1/images/train/source_0371_10654.jpg,10654,source_haze_replay,original_haze,010654.jpg
data/processed/cvbra_v1/images/train/source_0372_10145.jpg,10145,source_haze_replay,original_haze,010145.jpg
data/processed/cvbra_v1/images/train/source_0373_4580.jpg,4580,source_haze_replay,original_haze,004580.jpg
data/processed/cvbra_v1/images/train/source_0374_12.jpg,12,source_haze_replay,original_haze,000012.jpg
data/processed/cvbra_v1/images/train/source_0375_5523.jpg,5523,source_haze_replay,original_haze,005523.jpg
data/processed/cvbra_v1/images/train/source_0376_11278.jpg,11278,source_haze_replay,original_haze,011278.jpg
data/processed/cvbra_v1/images/train/source_0377_8656.jpg,8656,source_haze_replay,original_haze,008656.jpg
data/processed/cvbra_v1/images/train/source_0378_857.jpg,857,source_haze_replay,original_haze,000857.jpg
data/processed/cvbra_v1/images/train/source_0379_7160.jpg,7160,source_haze_replay,original_haze,007160.jpg
data/processed/cvbra_v1/images/train/source_0380_11511.jpg,11511,source_haze_replay,original_haze,011511.jpg
data/processed/cvbra_v1/images/train/source_0381_12209.jpg,12209,source_haze_replay,original_haze,012209.jpg
data/processed/cvbra_v1/images/train/source_0382_6704.jpg,6704,source_haze_replay,original_haze,006704.jpg
data/processed/cvbra_v1/images/train/source_0383_5351.jpg,5351,source_haze_replay,original_haze,005351.jpg
data/processed/cvbra_v1/images/train/source_0384_10578.jpg,10578,source_haze_replay,original_haze,010578.jpg
data/processed/cvbra_v1/images/train/source_0385_3106.jpg,3106,source_haze_replay,original_haze,003106.jpg
data/processed/cvbra_v1/images/train/source_0386_3156.jpg,3156,source_haze_replay,original_haze,003156.jpg
data/processed/cvbra_v1/images/train/source_0387_875.jpg,875,source_haze_replay,original_haze,000875.jpg
data/processed/cvbra_v1/images/train/source_0388_8459.jpg,8459,source_haze_replay,original_haze,008459.jpg
data/processed/cvbra_v1/images/train/source_0389_9512.jpg,9512,source_haze_replay,original_haze,009512.jpg
data/processed/cvbra_v1/images/train/source_0390_2824.jpg,2824,source_haze_replay,original_haze,002824.jpg
data/processed/cvbra_v1/images/train/source_0391_9886.jpg,9886,source_haze_replay,original_haze,009886.jpg
data/processed/cvbra_v1/images/train/source_0392_8153.jpg,8153,source_haze_replay,original_haze,008153.jpg
data/processed/cvbra_v1/images/train/source_0393_7528.jpg,7528,source_haze_replay,original_haze,007528.jpg
data/processed/cvbra_v1/images/train/source_0394_12045.jpg,12045,source_haze_replay,original_haze,012045.jpg
data/processed/cvbra_v1/images/train/source_0395_4447.jpg,4447,source_haze_replay,original_haze,004447.jpg
data/processed/cvbra_v1/images/train/source_0396_12092.jpg,12092,source_haze_replay,original_haze,012092.jpg
data/processed/cvbra_v1/images/train/source_0397_7017.jpg,7017,source_haze_replay,original_haze,007017.jpg
data/processed/cvbra_v1/images/train/source_0398_5209.jpg,5209,source_haze_replay,original_haze,005209.jpg
data/processed/cvbra_v1/images/train/source_0399_12150.jpg,12150,source_haze_replay,original_haze,012150.jpg
data/processed/cvbra_v1/images/train/source_0400_154.jpg,154,source_haze_replay,original_haze,000154.jpg
data/processed/cvbra_v1/images/train/source_0401_4908.jpg,4908,source_haze_replay,original_haze,004908.jpg
data/processed/cvbra_v1/images/train/source_0402_4379.jpg,4379,source_haze_replay,original_haze,004379.jpg
data/processed/cvbra_v1/images/train/source_0403_12155.jpg,12155,source_haze_replay,original_haze,012155.jpg
data/processed/cvbra_v1/images/train/source_0404_1860.jpg,1860,source_haze_replay,original_haze,001860.jpg
data/processed/cvbra_v1/images/train/source_0405_4770.jpg,4770,source_haze_replay,original_haze,004770.jpg
data/processed/cvbra_v1/images/train/source_0406_10665.jpg,10665,source_haze_replay,original_haze,010665.jpg
data/processed/cvbra_v1/images/train/source_0407_2496.jpg,2496,source_haze_replay,original_haze,002496.jpg
data/processed/cvbra_v1/images/train/source_0408_6436.jpg,6436,source_haze_replay,original_haze,006436.jpg
data/processed/cvbra_v1/images/train/source_0409_502.jpg,502,source_haze_replay,original_haze,000502.jpg
data/processed/cvbra_v1/images/train/source_0410_3058.jpg,3058,source_haze_replay,original_haze,003058.jpg
data/processed/cvbra_v1/images/train/source_0411_1665.jpg,1665,source_haze_replay,original_haze,001665.jpg
data/processed/cvbra_v1/images/train/source_0412_148.jpg,148,source_haze_replay,original_haze,000148.jpg
data/processed/cvbra_v1/images/train/source_0413_9883.jpg,9883,source_haze_replay,original_haze,009883.jpg
data/processed/cvbra_v1/images/train/source_0414_3665.jpg,3665,source_haze_replay,original_haze,003665.jpg
data/processed/cvbra_v1/images/train/source_0415_2088.jpg,2088,source_haze_replay,original_haze,002088.jpg
data/processed/cvbra_v1/images/train/source_0416_8883.jpg,8883,source_haze_replay,original_haze,008883.jpg
data/processed/cvbra_v1/images/train/source_0417_855.jpg,855,source_haze_replay,original_haze,000855.jpg
data/processed/cvbra_v1/images/train/source_0418_2335.jpg,2335,source_haze_replay,original_haze,002335.jpg
data/processed/cvbra_v1/images/train/source_0419_11723.jpg,11723,source_haze_replay,original_haze,011723.jpg
data/processed/cvbra_v1/images/train/source_0420_4665.jpg,4665,source_haze_replay,original_haze,004665.jpg
data/processed/cvbra_v1/images/train/source_0421_2384.jpg,2384,source_haze_replay,original_haze,002384.jpg
data/processed/cvbra_v1/images/train/source_0422_10800.jpg,10800,source_haze_replay,original_haze,010800.jpg
data/processed/cvbra_v1/images/train/source_0423_7756.jpg,7756,source_haze_replay,original_haze,007756.jpg
data/processed/cvbra_v1/images/train/source_0424_68.jpg,68,source_haze_replay,original_haze,000068.jpg
data/processed/cvbra_v1/images/train/source_0425_861.jpg,861,source_haze_replay,original_haze,000861.jpg
data/processed/cvbra_v1/images/train/source_0426_9730.jpg,9730,source_haze_replay,original_haze,009730.jpg
data/processed/cvbra_v1/images/train/source_0427_6873.jpg,6873,source_haze_replay,original_haze,006873.jpg
data/processed/cvbra_v1/images/train/source_0428_2960.jpg,2960,source_haze_replay,original_haze,002960.jpg
data/processed/cvbra_v1/images/train/source_0429_7899.jpg,7899,source_haze_replay,original_haze,007899.jpg
data/processed/cvbra_v1/images/train/source_0430_11561.jpg,11561,source_haze_replay,original_haze,011561.jpg
data/processed/cvbra_v1/images/train/source_0431_3674.jpg,3674,source_haze_replay,original_haze,003674.jpg
data/processed/cvbra_v1/images/train/source_0432_4642.jpg,4642,source_haze_replay,original_haze,004642.jpg
data/processed/cvbra_v1/images/train/source_0433_11202.jpg,11202,source_haze_replay,original_haze,011202.jpg
data/processed/cvbra_v1/images/train/source_0434_2956.jpg,2956,source_haze_replay,original_haze,002956.jpg
data/processed/cvbra_v1/images/train/source_0435_4865.jpg,4865,source_haze_replay,original_haze,004865.jpg
data/processed/cvbra_v1/images/train/source_0436_3649.jpg,3649,source_haze_replay,original_haze,003649.jpg
data/processed/cvbra_v1/images/train/source_0437_11494.jpg,11494,source_haze_replay,original_haze,011494.jpg
data/processed/cvbra_v1/images/train/source_0438_7752.jpg,7752,source_haze_replay,original_haze,007752.jpg
data/processed/cvbra_v1/images/train/source_0439_8732.jpg,8732,source_haze_replay,original_haze,008732.jpg
data/processed/cvbra_v1/images/train/source_0440_3811.jpg,3811,source_haze_replay,original_haze,003811.jpg
data/processed/cvbra_v1/images/train/source_0441_2690.jpg,2690,source_haze_replay,original_haze,002690.jpg
data/processed/cvbra_v1/images/train/source_0442_7439.jpg,7439,source_haze_replay,original_haze,007439.jpg
data/processed/cvbra_v1/images/train/source_0443_4105.jpg,4105,source_haze_replay,original_haze,004105.jpg
data/processed/cvbra_v1/images/train/source_0444_11698.jpg,11698,source_haze_replay,original_haze,011698.jpg
data/processed/cvbra_v1/images/train/source_0445_7442.jpg,7442,source_haze_replay,original_haze,007442.jpg
data/processed/cvbra_v1/images/train/source_0446_2290.jpg,2290,source_haze_replay,original_haze,002290.jpg
data/processed/cvbra_v1/images/train/source_0447_1708.jpg,1708,source_haze_replay,original_haze,001708.jpg
data/processed/cvbra_v1/images/train/source_0448_6497.jpg,6497,source_haze_replay,original_haze,006497.jpg
data/processed/cvbra_v1/images/train/source_0449_10628.jpg,10628,source_haze_replay,original_haze,010628.jpg
data/processed/cvbra_v1/images/train/source_0450_4763.jpg,4763,source_haze_replay,original_haze,004763.jpg
data/processed/cvbra_v1/images/train/source_0451_7388.jpg,7388,source_haze_replay,original_haze,007388.jpg
data/processed/cvbra_v1/images/train/source_0452_4497.jpg,4497,source_haze_replay,original_haze,004497.jpg
data/processed/cvbra_v1/images/train/source_0453_2378.jpg,2378,source_haze_replay,original_haze,002378.jpg
data/processed/cvbra_v1/images/train/source_0454_5397.jpg,5397,source_haze_replay,original_haze,005397.jpg
data/processed/cvbra_v1/images/train/source_0455_10026.jpg,10026,source_haze_replay,original_haze,010026.jpg
data/processed/cvbra_v1/images/train/source_0456_11419.jpg,11419,source_haze_replay,original_haze,011419.jpg
data/processed/cvbra_v1/images/train/source_0457_9128.jpg,9128,source_haze_replay,original_haze,009128.jpg
data/processed/cvbra_v1/images/train/source_0458_10064.jpg,10064,source_haze_replay,original_haze,010064.jpg
data/processed/cvbra_v1/images/train/source_0459_8103.jpg,8103,source_haze_replay,original_haze,008103.jpg
data/processed/cvbra_v1/images/train/source_0460_8429.jpg,8429,source_haze_replay,original_haze,008429.jpg
data/processed/cvbra_v1/images/train/source_0461_3744.jpg,3744,source_haze_replay,original_haze,003744.jpg
data/processed/cvbra_v1/images/train/source_0462_7157.jpg,7157,source_haze_replay,original_haze,007157.jpg
data/processed/cvbra_v1/images/train/source_0463_5238.jpg,5238,source_haze_replay,original_haze,005238.jpg
data/processed/cvbra_v1/images/train/source_0464_343.jpg,343,source_haze_replay,original_haze,000343.jpg
data/processed/cvbra_v1/images/train/source_0465_322.jpg,322,source_haze_replay,original_haze,000322.jpg
data/processed/cvbra_v1/images/train/source_0466_2863.jpg,2863,source_haze_replay,original_haze,002863.jpg
data/processed/cvbra_v1/images/train/source_0467_10898.jpg,10898,source_haze_replay,original_haze,010898.jpg
data/processed/cvbra_v1/images/train/source_0468_6173.jpg,6173,source_haze_replay,original_haze,006173.jpg
data/processed/cvbra_v1/images/train/source_0469_2719.jpg,2719,source_haze_replay,original_haze,002719.jpg
data/processed/cvbra_v1/images/train/source_0470_3565.jpg,3565,source_haze_replay,original_haze,003565.jpg
data/processed/cvbra_v1/images/train/source_0471_7216.jpg,7216,source_haze_replay,original_haze,007216.jpg
data/processed/cvbra_v1/images/train/source_0472_8250.jpg,8250,source_haze_replay,original_haze,008250.jpg
data/processed/cvbra_v1/images/train/source_0473_6007.jpg,6007,source_haze_replay,original_haze,006007.jpg
data/processed/cvbra_v1/images/train/source_0474_4121.jpg,4121,source_haze_replay,original_haze,004121.jpg
data/processed/cvbra_v1/images/train/source_0475_2414.jpg,2414,source_haze_replay,original_haze,002414.jpg
data/processed/cvbra_v1/images/train/source_0476_1191.jpg,1191,source_haze_replay,original_haze,001191.jpg
data/processed/cvbra_v1/images/train/source_0477_3368.jpg,3368,source_haze_replay,original_haze,003368.jpg
data/processed/cvbra_v1/images/train/source_0478_5000.jpg,5000,source_haze_replay,original_haze,005000.jpg
data/processed/cvbra_v1/images/train/source_0479_10995.jpg,10995,source_haze_replay,original_haze,010995.jpg
data/processed/cvbra_v1/images/train/source_0480_8178.jpg,8178,source_haze_replay,original_haze,008178.jpg
data/processed/cvbra_v1/images/train/source_0481_11469.jpg,11469,source_haze_replay,original_haze,011469.jpg
data/processed/cvbra_v1/images/train/source_0482_9652.jpg,9652,source_haze_replay,original_haze,009652.jpg
data/processed/cvbra_v1/images/train/source_0483_8971.jpg,8971,source_haze_replay,original_haze,008971.jpg
data/processed/cvbra_v1/images/train/source_0484_7715.jpg,7715,source_haze_replay,original_haze,007715.jpg
data/processed/cvbra_v1/images/train/source_0485_10106.jpg,10106,source_haze_replay,original_haze,010106.jpg
data/processed/cvbra_v1/images/train/source_0486_3756.jpg,3756,source_haze_replay,original_haze,003756.jpg
data/processed/cvbra_v1/images/train/source_0487_9504.jpg,9504,source_haze_replay,original_haze,009504.jpg
data/processed/cvbra_v1/images/train/source_0488_11460.jpg,11460,source_haze_replay,original_haze,011460.jpg
data/processed/cvbra_v1/images/train/source_0489_11787.jpg,11787,source_haze_replay,original_haze,011787.jpg
data/processed/cvbra_v1/images/train/source_0490_8311.jpg,8311,source_haze_replay,original_haze,008311.jpg
data/processed/cvbra_v1/images/train/source_0491_11223.jpg,11223,source_haze_replay,original_haze,011223.jpg
data/processed/cvbra_v1/images/train/source_0492_9143.jpg,9143,source_haze_replay,original_haze,009143.jpg
data/processed/cvbra_v1/images/train/source_0493_9202.jpg,9202,source_haze_replay,original_haze,009202.jpg
data/processed/cvbra_v1/images/train/source_0494_1005.jpg,1005,source_haze_replay,original_haze,001005.jpg
data/processed/cvbra_v1/images/train/source_0495_1361.jpg,1361,source_haze_replay,original_haze,001361.jpg
data/processed/cvbra_v1/images/train/source_0496_971.jpg,971,source_haze_replay,original_haze,000971.jpg
data/processed/cvbra_v1/images/train/source_0497_8047.jpg,8047,source_haze_replay,original_haze,008047.jpg
data/processed/cvbra_v1/images/train/source_0498_2800.jpg,2800,source_haze_replay,original_haze,002800.jpg
data/processed/cvbra_v1/images/train/source_0499_11440.jpg,11440,source_haze_replay,original_haze,011440.jpg
data/processed/cvbra_v1/images/train/source_0500_5822.jpg,5822,source_haze_replay,original_haze,005822.jpg
data/processed/cvbra_v1/images/train/source_0501_11314.jpg,11314,source_haze_replay,original_haze,011314.jpg
data/processed/cvbra_v1/images/train/source_0502_2872.jpg,2872,source_haze_replay,original_haze,002872.jpg
data/processed/cvbra_v1/images/train/source_0503_12183.jpg,12183,source_haze_replay,original_haze,012183.jpg
data/processed/cvbra_v1/images/train/source_0504_4803.jpg,4803,source_haze_replay,original_haze,004803.jpg
data/processed/cvbra_v1/images/train/source_0505_12190.jpg,12190,source_haze_replay,original_haze,012190.jpg
data/processed/cvbra_v1/images/train/source_0506_3033.jpg,3033,source_haze_replay,original_haze,003033.jpg
data/processed/cvbra_v1/images/train/source_0507_8673.jpg,8673,source_haze_replay,original_haze,008673.jpg
data/processed/cvbra_v1/images/train/source_0508_4057.jpg,4057,source_haze_replay,original_haze,004057.jpg
data/processed/cvbra_v1/images/train/source_0509_4868.jpg,4868,source_haze_replay,original_haze,004868.jpg
data/processed/cvbra_v1/images/train/source_0510_5356.jpg,5356,source_haze_replay,original_haze,005356.jpg
data/processed/cvbra_v1/images/train/source_0511_2843.jpg,2843,source_haze_replay,original_haze,002843.jpg
data/processed/cvbra_v1/images/train/source_0512_6431.jpg,6431,source_haze_replay,original_haze,006431.jpg
data/processed/cvbra_v1/images/train/source_0513_5915.jpg,5915,source_haze_replay,original_haze,005915.jpg
data/processed/cvbra_v1/images/train/source_0514_3120.jpg,3120,source_haze_replay,original_haze,003120.jpg
data/processed/cvbra_v1/images/train/source_0515_9670.jpg,9670,source_haze_replay,original_haze,009670.jpg
data/processed/cvbra_v1/images/train/source_0516_1256.jpg,1256,source_haze_replay,original_haze,001256.jpg
data/processed/cvbra_v1/images/train/source_0517_1784.jpg,1784,source_haze_replay,original_haze,001784.jpg
data/processed/cvbra_v1/images/train/source_0518_6518.jpg,6518,source_haze_replay,original_haze,006518.jpg
data/processed/cvbra_v1/images/train/source_0519_10396.jpg,10396,source_haze_replay,original_haze,010396.jpg
data/processed/cvbra_v1/images/train/source_0520_3808.jpg,3808,source_haze_replay,original_haze,003808.jpg
data/processed/cvbra_v1/images/train/source_0521_2898.jpg,2898,source_haze_replay,original_haze,002898.jpg
data/processed/cvbra_v1/images/train/source_0522_11428.jpg,11428,source_haze_replay,original_haze,011428.jpg
data/processed/cvbra_v1/images/train/source_0523_1490.jpg,1490,source_haze_replay,original_haze,001490.jpg
data/processed/cvbra_v1/images/train/source_0524_8946.jpg,8946,source_haze_replay,original_haze,008946.jpg
data/processed/cvbra_v1/images/train/source_0525_9935.jpg,9935,source_haze_replay,original_haze,009935.jpg
data/processed/cvbra_v1/images/train/source_0526_2183.jpg,2183,source_haze_replay,original_haze,002183.jpg
data/processed/cvbra_v1/images/train/source_0527_11142.jpg,11142,source_haze_replay,original_haze,011142.jpg
data/processed/cvbra_v1/images/train/source_0528_8690.jpg,8690,source_haze_replay,original_haze,008690.jpg
data/processed/cvbra_v1/images/train/source_0529_12116.jpg,12116,source_haze_replay,original_haze,012116.jpg
data/processed/cvbra_v1/images/train/source_0530_10189.jpg,10189,source_haze_replay,original_haze,010189.jpg
data/processed/cvbra_v1/images/train/source_0531_1983.jpg,1983,source_haze_replay,original_haze,001983.jpg
data/processed/cvbra_v1/images/train/source_0532_316.jpg,316,source_haze_replay,original_haze,000316.jpg
data/processed/cvbra_v1/images/train/source_0533_9787.jpg,9787,source_haze_replay,original_haze,009787.jpg
data/processed/cvbra_v1/images/train/source_0534_5679.jpg,5679,source_haze_replay,original_haze,005679.jpg
data/processed/cvbra_v1/images/train/source_0535_6606.jpg,6606,source_haze_replay,original_haze,006606.jpg
data/processed/cvbra_v1/images/train/source_0536_9351.jpg,9351,source_haze_replay,original_haze,009351.jpg
data/processed/cvbra_v1/images/train/source_0537_12005.jpg,12005,source_haze_replay,original_haze,012005.jpg
data/processed/cvbra_v1/images/train/source_0538_43.jpg,43,source_haze_replay,original_haze,000043.jpg
data/processed/cvbra_v1/images/train/source_0539_6923.jpg,6923,source_haze_replay,original_haze,006923.jpg
data/processed/cvbra_v1/images/train/source_0540_8743.jpg,8743,source_haze_replay,original_haze,008743.jpg
data/processed/cvbra_v1/images/train/source_0541_5325.jpg,5325,source_haze_replay,original_haze,005325.jpg
data/processed/cvbra_v1/images/train/source_0542_7577.jpg,7577,source_haze_replay,original_haze,007577.jpg
data/processed/cvbra_v1/images/train/source_0543_6305.jpg,6305,source_haze_replay,original_haze,006305.jpg
data/processed/cvbra_v1/images/train/source_0544_4154.jpg,4154,source_haze_replay,original_haze,004154.jpg
data/processed/cvbra_v1/images/train/source_0545_9377.jpg,9377,source_haze_replay,original_haze,009377.jpg
data/processed/cvbra_v1/images/train/source_0546_5047.jpg,5047,source_haze_replay,original_haze,005047.jpg
data/processed/cvbra_v1/images/train/source_0547_3053.jpg,3053,source_haze_replay,original_haze,003053.jpg
data/processed/cvbra_v1/images/train/source_0548_12292.jpg,12292,source_haze_replay,original_haze,012292.jpg
data/processed/cvbra_v1/images/train/source_0549_10388.jpg,10388,source_haze_replay,original_haze,010388.jpg
data/processed/cvbra_v1/images/train/source_0550_12365.jpg,12365,source_haze_replay,original_haze,012365.jpg
data/processed/cvbra_v1/images/train/source_0551_1040.jpg,1040,source_haze_replay,original_haze,001040.jpg
data/processed/cvbra_v1/images/train/source_0552_8443.jpg,8443,source_haze_replay,original_haze,008443.jpg
data/processed/cvbra_v1/images/train/source_0553_5743.jpg,5743,source_haze_replay,original_haze,005743.jpg
data/processed/cvbra_v1/images/train/source_0554_242.jpg,242,source_haze_replay,original_haze,000242.jpg
data/processed/cvbra_v1/images/train/source_0555_8968.jpg,8968,source_haze_replay,original_haze,008968.jpg
data/processed/cvbra_v1/images/train/source_0556_11745.jpg,11745,source_haze_replay,original_haze,011745.jpg
data/processed/cvbra_v1/images/train/source_0557_5978.jpg,5978,source_haze_replay,original_haze,005978.jpg
data/processed/cvbra_v1/images/train/source_0558_7011.jpg,7011,source_haze_replay,original_haze,007011.jpg
data/processed/cvbra_v1/images/train/source_0559_9163.jpg,9163,source_haze_replay,original_haze,009163.jpg
data/processed/cvbra_v1/images/train/source_0560_1856.jpg,1856,source_haze_replay,original_haze,001856.jpg
data/processed/cvbra_v1/images/train/source_0561_2449.jpg,2449,source_haze_replay,original_haze,002449.jpg
data/processed/cvbra_v1/images/train/source_0562_3073.jpg,3073,source_haze_replay,original_haze,003073.jpg
data/processed/cvbra_v1/images/train/source_0563_5056.jpg,5056,source_haze_replay,original_haze,005056.jpg
data/processed/cvbra_v1/images/train/source_0564_7045.jpg,7045,source_haze_replay,original_haze,007045.jpg
data/processed/cvbra_v1/images/train/source_0565_4384.jpg,4384,source_haze_replay,original_haze,004384.jpg
data/processed/cvbra_v1/images/train/source_0566_10207.jpg,10207,source_haze_replay,original_haze,010207.jpg
data/processed/cvbra_v1/images/train/source_0567_12181.jpg,12181,source_haze_replay,original_haze,012181.jpg
data/processed/cvbra_v1/images/train/source_0568_5246.jpg,5246,source_haze_replay,original_haze,005246.jpg
data/processed/cvbra_v1/images/train/source_0569_7692.jpg,7692,source_haze_replay,original_haze,007692.jpg
data/processed/cvbra_v1/images/train/source_0570_8428.jpg,8428,source_haze_replay,original_haze,008428.jpg
data/processed/cvbra_v1/images/train/source_0571_2867.jpg,2867,source_haze_replay,original_haze,002867.jpg
data/processed/cvbra_v1/images/train/source_0572_9701.jpg,9701,source_haze_replay,original_haze,009701.jpg
data/processed/cvbra_v1/images/train/source_0573_3946.jpg,3946,source_haze_replay,original_haze,003946.jpg
data/processed/cvbra_v1/images/train/source_0574_12357.jpg,12357,source_haze_replay,original_haze,012357.jpg
data/processed/cvbra_v1/images/train/source_0575_3847.jpg,3847,source_haze_replay,original_haze,003847.jpg
data/processed/cvbra_v1/images/train/source_0576_4924.jpg,4924,source_haze_replay,original_haze,004924.jpg
data/processed/cvbra_v1/images/train/source_0577_11791.jpg,11791,source_haze_replay,original_haze,011791.jpg
data/processed/cvbra_v1/images/train/source_0578_2250.jpg,2250,source_haze_replay,original_haze,002250.jpg
data/processed/cvbra_v1/images/train/source_0579_1102.jpg,1102,source_haze_replay,original_haze,001102.jpg
data/processed/cvbra_v1/images/train/source_0580_7675.jpg,7675,source_haze_replay,original_haze,007675.jpg
data/processed/cvbra_v1/images/train/source_0581_4294.jpg,4294,source_haze_replay,original_haze,004294.jpg
data/processed/cvbra_v1/images/train/source_0582_5891.jpg,5891,source_haze_replay,original_haze,005891.jpg
data/processed/cvbra_v1/images/train/source_0583_6624.jpg,6624,source_haze_replay,original_haze,006624.jpg
data/processed/cvbra_v1/images/train/source_0584_1801.jpg,1801,source_haze_replay,original_haze,001801.jpg
data/processed/cvbra_v1/images/train/source_0585_9346.jpg,9346,source_haze_replay,original_haze,009346.jpg
data/processed/cvbra_v1/images/train/source_0586_3583.jpg,3583,source_haze_replay,original_haze,003583.jpg
data/processed/cvbra_v1/images/train/source_0587_9663.jpg,9663,source_haze_replay,original_haze,009663.jpg
data/processed/cvbra_v1/images/train/source_0588_7937.jpg,7937,source_haze_replay,original_haze,007937.jpg
data/processed/cvbra_v1/images/train/source_0589_7155.jpg,7155,source_haze_replay,original_haze,007155.jpg
data/processed/cvbra_v1/images/train/source_0590_6243.jpg,6243,source_haze_replay,original_haze,006243.jpg
data/processed/cvbra_v1/images/train/source_0591_3729.jpg,3729,source_haze_replay,original_haze,003729.jpg
data/processed/cvbra_v1/images/train/source_0592_6611.jpg,6611,source_haze_replay,original_haze,006611.jpg
data/processed/cvbra_v1/images/train/source_0593_9125.jpg,9125,source_haze_replay,original_haze,009125.jpg
data/processed/cvbra_v1/images/train/source_0594_4866.jpg,4866,source_haze_replay,original_haze,004866.jpg
data/processed/cvbra_v1/images/train/source_0595_2328.jpg,2328,source_haze_replay,original_haze,002328.jpg
data/processed/cvbra_v1/images/train/source_0596_7512.jpg,7512,source_haze_replay,original_haze,007512.jpg
data/processed/cvbra_v1/images/train/source_0597_1087.jpg,1087,source_haze_replay,original_haze,001087.jpg
data/processed/cvbra_v1/images/train/source_0598_1394.jpg,1394,source_haze_replay,original_haze,001394.jpg
data/processed/cvbra_v1/images/train/source_0599_2042.jpg,2042,source_haze_replay,original_haze,002042.jpg
data/processed/cvbra_v1/images/train/source_0600_10657.jpg,10657,source_haze_replay,original_haze,010657.jpg
data/processed/cvbra_v1/images/train/source_0601_10262.jpg,10262,source_haze_replay,original_haze,010262.jpg
data/processed/cvbra_v1/images/train/source_0602_6590.jpg,6590,source_haze_replay,original_haze,006590.jpg
data/processed/cvbra_v1/images/train/source_0603_2580.jpg,2580,source_haze_replay,original_haze,002580.jpg
data/processed/cvbra_v1/images/train/source_0604_9841.jpg,9841,source_haze_replay,original_haze,009841.jpg
data/processed/cvbra_v1/images/train/source_0605_4738.jpg,4738,source_haze_replay,original_haze,004738.jpg
data/processed/cvbra_v1/images/train/source_0606_8676.jpg,8676,source_haze_replay,original_haze,008676.jpg
data/processed/cvbra_v1/images/train/source_0607_4564.jpg,4564,source_haze_replay,original_haze,004564.jpg
data/processed/cvbra_v1/images/train/source_0608_685.jpg,685,source_haze_replay,original_haze,000685.jpg
data/processed/cvbra_v1/images/train/source_0609_3506.jpg,3506,source_haze_replay,original_haze,003506.jpg
data/processed/cvbra_v1/images/train/source_0610_5778.jpg,5778,source_haze_replay,original_haze,005778.jpg
data/processed/cvbra_v1/images/train/source_0611_2373.jpg,2373,source_haze_replay,original_haze,002373.jpg
data/processed/cvbra_v1/images/train/source_0612_6017.jpg,6017,source_haze_replay,original_haze,006017.jpg
data/processed/cvbra_v1/images/train/source_0613_7374.jpg,7374,source_haze_replay,original_haze,007374.jpg
data/processed/cvbra_v1/images/train/source_0614_6584.jpg,6584,source_haze_replay,original_haze,006584.jpg
data/processed/cvbra_v1/images/train/source_0615_6085.jpg,6085,source_haze_replay,original_haze,006085.jpg
data/processed/cvbra_v1/images/train/source_0616_8476.jpg,8476,source_haze_replay,original_haze,008476.jpg
data/processed/cvbra_v1/images/train/source_0617_4974.jpg,4974,source_haze_replay,original_haze,004974.jpg
data/processed/cvbra_v1/images/train/source_0618_3595.jpg,3595,source_haze_replay,original_haze,003595.jpg
data/processed/cvbra_v1/images/train/source_0619_9209.jpg,9209,source_haze_replay,original_haze,009209.jpg
data/processed/cvbra_v1/images/train/source_0620_4744.jpg,4744,source_haze_replay,original_haze,004744.jpg
data/processed/cvbra_v1/images/train/source_0621_1222.jpg,1222,source_haze_replay,original_haze,001222.jpg
data/processed/cvbra_v1/images/train/source_0622_243.jpg,243,source_haze_replay,original_haze,000243.jpg
data/processed/cvbra_v1/images/train/source_0623_7499.jpg,7499,source_haze_replay,original_haze,007499.jpg
data/processed/cvbra_v1/images/train/source_0624_5147.jpg,5147,source_haze_replay,original_haze,005147.jpg
data/processed/cvbra_v1/images/train/source_0625_105.jpg,105,source_haze_replay,original_haze,000105.jpg
data/processed/cvbra_v1/images/train/source_0626_138.jpg,138,source_haze_replay,original_haze,000138.jpg
data/processed/cvbra_v1/images/train/source_0627_7015.jpg,7015,source_haze_replay,original_haze,007015.jpg
data/processed/cvbra_v1/images/train/source_0628_7033.jpg,7033,source_haze_replay,original_haze,007033.jpg
data/processed/cvbra_v1/images/train/source_0629_11307.jpg,11307,source_haze_replay,original_haze,011307.jpg
data/processed/cvbra_v1/images/train/source_0630_10496.jpg,10496,source_haze_replay,original_haze,010496.jpg
data/processed/cvbra_v1/images/train/source_0631_8302.jpg,8302,source_haze_replay,original_haze,008302.jpg
data/processed/cvbra_v1/images/train/source_0632_10691.jpg,10691,source_haze_replay,original_haze,010691.jpg
data/processed/cvbra_v1/images/train/source_0633_10869.jpg,10869,source_haze_replay,original_haze,010869.jpg
data/processed/cvbra_v1/images/train/source_0634_7397.jpg,7397,source_haze_replay,original_haze,007397.jpg
data/processed/cvbra_v1/images/train/source_0635_10192.jpg,10192,source_haze_replay,original_haze,010192.jpg
data/processed/cvbra_v1/images/train/source_0636_2981.jpg,2981,source_haze_replay,original_haze,002981.jpg
data/processed/cvbra_v1/images/train/source_0637_6696.jpg,6696,source_haze_replay,original_haze,006696.jpg
data/processed/cvbra_v1/images/train/source_0638_8448.jpg,8448,source_haze_replay,original_haze,008448.jpg
data/processed/cvbra_v1/images/train/source_0639_4742.jpg,4742,source_haze_replay,original_haze,004742.jpg
data/processed/cvbra_v1/images/train/source_0640_7919.jpg,7919,source_haze_replay,original_haze,007919.jpg
data/processed/cvbra_v1/images/train/source_0641_8327.jpg,8327,source_haze_replay,original_haze,008327.jpg
data/processed/cvbra_v1/images/train/source_0642_4051.jpg,4051,source_haze_replay,original_haze,004051.jpg
data/processed/cvbra_v1/images/train/source_0643_6791.jpg,6791,source_haze_replay,original_haze,006791.jpg
data/processed/cvbra_v1/images/train/source_0644_12125.jpg,12125,source_haze_replay,original_haze,012125.jpg
data/processed/cvbra_v1/images/train/source_0645_12563.jpg,12563,source_haze_replay,original_haze,012563.jpg
data/processed/cvbra_v1/images/train/source_0646_2364.jpg,2364,source_haze_replay,original_haze,002364.jpg
data/processed/cvbra_v1/images/train/source_0647_11844.jpg,11844,source_haze_replay,original_haze,011844.jpg
data/processed/cvbra_v1/images/train/source_0648_9282.jpg,9282,source_haze_replay,original_haze,009282.jpg
data/processed/cvbra_v1/images/train/source_0649_5054.jpg,5054,source_haze_replay,original_haze,005054.jpg
data/processed/cvbra_v1/images/train/source_0650_10393.jpg,10393,source_haze_replay,original_haze,010393.jpg
data/processed/cvbra_v1/images/train/source_0651_9870.jpg,9870,source_haze_replay,original_haze,009870.jpg
data/processed/cvbra_v1/images/train/source_0652_4737.jpg,4737,source_haze_replay,original_haze,004737.jpg
data/processed/cvbra_v1/images/train/source_0653_11064.jpg,11064,source_haze_replay,original_haze,011064.jpg
data/processed/cvbra_v1/images/train/source_0654_478.jpg,478,source_haze_replay,original_haze,000478.jpg
data/processed/cvbra_v1/images/train/source_0655_11701.jpg,11701,source_haze_replay,original_haze,011701.jpg
data/processed/cvbra_v1/images/train/source_0656_2834.jpg,2834,source_haze_replay,original_haze,002834.jpg
data/processed/cvbra_v1/images/train/source_0657_8727.jpg,8727,source_haze_replay,original_haze,008727.jpg
data/processed/cvbra_v1/images/train/source_0658_11397.jpg,11397,source_haze_replay,original_haze,011397.jpg
data/processed/cvbra_v1/images/train/source_0659_10075.jpg,10075,source_haze_replay,original_haze,010075.jpg
data/processed/cvbra_v1/images/train/source_0660_4101.jpg,4101,source_haze_replay,original_haze,004101.jpg
data/processed/cvbra_v1/images/train/source_0661_7491.jpg,7491,source_haze_replay,original_haze,007491.jpg
data/processed/cvbra_v1/images/train/source_0662_924.jpg,924,source_haze_replay,original_haze,000924.jpg
data/processed/cvbra_v1/images/train/source_0663_8615.jpg,8615,source_haze_replay,original_haze,008615.jpg
data/processed/cvbra_v1/images/train/source_0664_7228.jpg,7228,source_haze_replay,original_haze,007228.jpg
data/processed/cvbra_v1/images/train/source_0665_6892.jpg,6892,source_haze_replay,original_haze,006892.jpg
data/processed/cvbra_v1/images/train/source_0666_4388.jpg,4388,source_haze_replay,original_haze,004388.jpg
data/processed/cvbra_v1/images/train/source_0667_117.jpg,117,source_haze_replay,original_haze,000117.jpg
data/processed/cvbra_v1/images/train/source_0668_508.jpg,508,source_haze_replay,original_haze,000508.jpg
data/processed/cvbra_v1/images/train/source_0669_3100.jpg,3100,source_haze_replay,original_haze,003100.jpg
data/processed/cvbra_v1/images/train/source_0670_1767.jpg,1767,source_haze_replay,original_haze,001767.jpg
data/processed/cvbra_v1/images/train/source_0671_3431.jpg,3431,source_haze_replay,original_haze,003431.jpg
data/processed/cvbra_v1/images/train/source_0672_4454.jpg,4454,source_haze_replay,original_haze,004454.jpg
data/processed/cvbra_v1/images/train/source_0673_11518.jpg,11518,source_haze_replay,original_haze,011518.jpg
data/processed/cvbra_v1/images/train/source_0674_2729.jpg,2729,source_haze_replay,original_haze,002729.jpg
data/processed/cvbra_v1/images/train/source_0675_2442.jpg,2442,source_haze_replay,original_haze,002442.jpg
data/processed/cvbra_v1/images/train/source_0676_10848.jpg,10848,source_haze_replay,original_haze,010848.jpg
data/processed/cvbra_v1/images/train/source_0677_3067.jpg,3067,source_haze_replay,original_haze,003067.jpg
data/processed/cvbra_v1/images/train/source_0678_7121.jpg,7121,source_haze_replay,original_haze,007121.jpg
data/processed/cvbra_v1/images/train/source_0679_7966.jpg,7966,source_haze_replay,original_haze,007966.jpg
data/processed/cvbra_v1/images/train/source_0680_5646.jpg,5646,source_haze_replay,original_haze,005646.jpg
data/processed/cvbra_v1/images/train/source_0681_8034.jpg,8034,source_haze_replay,original_haze,008034.jpg
data/processed/cvbra_v1/images/train/source_0682_185.jpg,185,source_haze_replay,original_haze,000185.jpg
data/processed/cvbra_v1/images/train/source_0683_6136.jpg,6136,source_haze_replay,original_haze,006136.jpg
data/processed/cvbra_v1/images/train/source_0684_5941.jpg,5941,source_haze_replay,original_haze,005941.jpg
data/processed/cvbra_v1/images/train/source_0685_7799.jpg,7799,source_haze_replay,original_haze,007799.jpg
data/processed/cvbra_v1/images/train/source_0686_3594.jpg,3594,source_haze_replay,original_haze,003594.jpg
data/processed/cvbra_v1/images/train/source_0687_4589.jpg,4589,source_haze_replay,original_haze,004589.jpg
data/processed/cvbra_v1/images/train/source_0688_12571.jpg,12571,source_haze_replay,original_haze,012571.jpg
data/processed/cvbra_v1/images/train/source_0689_8065.jpg,8065,source_haze_replay,original_haze,008065.jpg
data/processed/cvbra_v1/images/train/source_0690_3256.jpg,3256,source_haze_replay,original_haze,003256.jpg
data/processed/cvbra_v1/images/train/source_0691_7533.jpg,7533,source_haze_replay,original_haze,007533.jpg
data/processed/cvbra_v1/images/train/source_0692_5043.jpg,5043,source_haze_replay,original_haze,005043.jpg
data/processed/cvbra_v1/images/train/source_0693_7014.jpg,7014,source_haze_replay,original_haze,007014.jpg
data/processed/cvbra_v1/images/train/source_0694_3520.jpg,3520,source_haze_replay,original_haze,003520.jpg
data/processed/cvbra_v1/images/train/source_0695_8950.jpg,8950,source_haze_replay,original_haze,008950.jpg
data/processed/cvbra_v1/images/train/source_0696_5969.jpg,5969,source_haze_replay,original_haze,005969.jpg
data/processed/cvbra_v1/images/train/source_0697_2176.jpg,2176,source_haze_replay,original_haze,002176.jpg
data/processed/cvbra_v1/images/train/source_0698_9451.jpg,9451,source_haze_replay,original_haze,009451.jpg
data/processed/cvbra_v1/images/train/source_0699_10673.jpg,10673,source_haze_replay,original_haze,010673.jpg
data/processed/cvbra_v1/images/train/source_0700_1512.jpg,1512,source_haze_replay,original_haze,001512.jpg
data/processed/cvbra_v1/images/train/source_0701_1197.jpg,1197,source_haze_replay,original_haze,001197.jpg
data/processed/cvbra_v1/images/train/source_0702_11200.jpg,11200,source_haze_replay,original_haze,011200.jpg
data/processed/cvbra_v1/images/train/source_0703_5877.jpg,5877,source_haze_replay,original_haze,005877.jpg
data/processed/cvbra_v1/images/train/source_0704_5918.jpg,5918,source_haze_replay,original_haze,005918.jpg
data/processed/cvbra_v1/images/train/source_0705_7131.jpg,7131,source_haze_replay,original_haze,007131.jpg
data/processed/cvbra_v1/images/train/source_0706_6589.jpg,6589,source_haze_replay,original_haze,006589.jpg
data/processed/cvbra_v1/images/train/source_0707_10306.jpg,10306,source_haze_replay,original_haze,010306.jpg
data/processed/cvbra_v1/images/train/source_0708_11685.jpg,11685,source_haze_replay,original_haze,011685.jpg
data/processed/cvbra_v1/images/train/source_0709_3631.jpg,3631,source_haze_replay,original_haze,003631.jpg
data/processed/cvbra_v1/images/train/source_0710_4285.jpg,4285,source_haze_replay,original_haze,004285.jpg
data/processed/cvbra_v1/images/train/source_0711_8694.jpg,8694,source_haze_replay,original_haze,008694.jpg
data/processed/cvbra_v1/images/train/source_0712_12405.jpg,12405,source_haze_replay,original_haze,012405.jpg
data/processed/cvbra_v1/images/train/source_0713_4845.jpg,4845,source_haze_replay,original_haze,004845.jpg
data/processed/cvbra_v1/images/train/source_0714_8953.jpg,8953,source_haze_replay,original_haze,008953.jpg
data/processed/cvbra_v1/images/train/source_0715_9102.jpg,9102,source_haze_replay,original_haze,009102.jpg
data/processed/cvbra_v1/images/train/source_0716_10182.jpg,10182,source_haze_replay,original_haze,010182.jpg
data/processed/cvbra_v1/images/train/source_0717_2928.jpg,2928,source_haze_replay,original_haze,002928.jpg
data/processed/cvbra_v1/images/train/source_0718_5221.jpg,5221,source_haze_replay,original_haze,005221.jpg
data/processed/cvbra_v1/images/train/source_0719_7582.jpg,7582,source_haze_replay,original_haze,007582.jpg
data/processed/cvbra_v1/images/train/source_0720_7360.jpg,7360,source_haze_replay,original_haze,007360.jpg
data/processed/cvbra_v1/images/train/source_0721_2259.jpg,2259,source_haze_replay,original_haze,002259.jpg
data/processed/cvbra_v1/images/train/source_0722_2118.jpg,2118,source_haze_replay,original_haze,002118.jpg
data/processed/cvbra_v1/images/train/source_0723_10493.jpg,10493,source_haze_replay,original_haze,010493.jpg
data/processed/cvbra_v1/images/train/source_0724_1158.jpg,1158,source_haze_replay,original_haze,001158.jpg
data/processed/cvbra_v1/images/train/source_0725_8266.jpg,8266,source_haze_replay,original_haze,008266.jpg
data/processed/cvbra_v1/images/train/source_0726_11268.jpg,11268,source_haze_replay,original_haze,011268.jpg
data/processed/cvbra_v1/images/train/source_0727_1321.jpg,1321,source_haze_replay,original_haze,001321.jpg
data/processed/cvbra_v1/images/train/source_0728_42.jpg,42,source_haze_replay,original_haze,000042.jpg
data/processed/cvbra_v1/images/train/source_0729_7180.jpg,7180,source_haze_replay,original_haze,007180.jpg
data/processed/cvbra_v1/images/train/source_0730_5293.jpg,5293,source_haze_replay,original_haze,005293.jpg
data/processed/cvbra_v1/images/train/source_0731_2498.jpg,2498,source_haze_replay,original_haze,002498.jpg
data/processed/cvbra_v1/images/train/source_0732_8769.jpg,8769,source_haze_replay,original_haze,008769.jpg
data/processed/cvbra_v1/images/train/source_0733_2622.jpg,2622,source_haze_replay,original_haze,002622.jpg
data/processed/cvbra_v1/images/train/source_0734_938.jpg,938,source_haze_replay,original_haze,000938.jpg
data/processed/cvbra_v1/images/train/source_0735_12168.jpg,12168,source_haze_replay,original_haze,012168.jpg
data/processed/cvbra_v1/images/train/source_0736_3352.jpg,3352,source_haze_replay,original_haze,003352.jpg
data/processed/cvbra_v1/images/train/source_0737_10132.jpg,10132,source_haze_replay,original_haze,010132.jpg
data/processed/cvbra_v1/images/train/source_0738_6105.jpg,6105,source_haze_replay,original_haze,006105.jpg
data/processed/cvbra_v1/images/train/source_0739_2201.jpg,2201,source_haze_replay,original_haze,002201.jpg
data/processed/cvbra_v1/images/train/source_0740_1566.jpg,1566,source_haze_replay,original_haze,001566.jpg
data/processed/cvbra_v1/images/train/source_0741_6495.jpg,6495,source_haze_replay,original_haze,006495.jpg
data/processed/cvbra_v1/images/train/source_0742_7800.jpg,7800,source_haze_replay,original_haze,007800.jpg
data/processed/cvbra_v1/images/train/source_0743_3907.jpg,3907,source_haze_replay,original_haze,003907.jpg
data/processed/cvbra_v1/images/train/source_0744_5942.jpg,5942,source_haze_replay,original_haze,005942.jpg
data/processed/cvbra_v1/images/train/source_0745_717.jpg,717,source_haze_replay,original_haze,000717.jpg
data/processed/cvbra_v1/images/train/source_0746_31.jpg,31,source_haze_replay,original_haze,000031.jpg
data/processed/cvbra_v1/images/train/source_0747_11334.jpg,11334,source_haze_replay,original_haze,011334.jpg
data/processed/cvbra_v1/images/train/source_0748_2405.jpg,2405,source_haze_replay,original_haze,002405.jpg
data/processed/cvbra_v1/images/train/source_0749_10086.jpg,10086,source_haze_replay,original_haze,010086.jpg
data/processed/cvbra_v1/images/train/source_0750_12543.jpg,12543,source_haze_replay,original_haze,012543.jpg
data/processed/cvbra_v1/images/train/source_0751_10297.jpg,10297,source_haze_replay,original_haze,010297.jpg
data/processed/cvbra_v1/images/train/source_0752_10701.jpg,10701,source_haze_replay,original_haze,010701.jpg
data/processed/cvbra_v1/images/train/source_0753_4916.jpg,4916,source_haze_replay,original_haze,004916.jpg
data/processed/cvbra_v1/images/train/source_0754_11270.jpg,11270,source_haze_replay,original_haze,011270.jpg
data/processed/cvbra_v1/images/train/source_0755_11700.jpg,11700,source_haze_replay,original_haze,011700.jpg
data/processed/cvbra_v1/images/train/source_0756_4753.jpg,4753,source_haze_replay,original_haze,004753.jpg
data/processed/cvbra_v1/images/train/source_0757_7188.jpg,7188,source_haze_replay,original_haze,007188.jpg
data/processed/cvbra_v1/images/train/source_0758_9468.jpg,9468,source_haze_replay,original_haze,009468.jpg
data/processed/cvbra_v1/images/train/source_0759_7788.jpg,7788,source_haze_replay,original_haze,007788.jpg
data/processed/cvbra_v1/images/train/source_0760_12173.jpg,12173,source_haze_replay,original_haze,012173.jpg
data/processed/cvbra_v1/images/train/source_0761_10708.jpg,10708,source_haze_replay,original_haze,010708.jpg
data/processed/cvbra_v1/images/train/source_0762_7487.jpg,7487,source_haze_replay,original_haze,007487.jpg
data/processed/cvbra_v1/images/train/source_0763_1297.jpg,1297,source_haze_replay,original_haze,001297.jpg
data/processed/cvbra_v1/images/train/source_0764_10916.jpg,10916,source_haze_replay,original_haze,010916.jpg
data/processed/cvbra_v1/images/train/source_0765_5473.jpg,5473,source_haze_replay,original_haze,005473.jpg
data/processed/cvbra_v1/images/train/source_0766_6713.jpg,6713,source_haze_replay,original_haze,006713.jpg
data/processed/cvbra_v1/images/train/source_0767_4412.jpg,4412,source_haze_replay,original_haze,004412.jpg
data/processed/cvbra_v1/images/train/source_0768_474.jpg,474,source_haze_replay,original_haze,000474.jpg
data/processed/cvbra_v1/images/train/source_0769_4697.jpg,4697,source_haze_replay,original_haze,004697.jpg
data/processed/cvbra_v1/images/train/source_0770_9538.jpg,9538,source_haze_replay,original_haze,009538.jpg
data/processed/cvbra_v1/images/train/source_0771_2237.jpg,2237,source_haze_replay,original_haze,002237.jpg
data/processed/cvbra_v1/images/train/source_0772_10149.jpg,10149,source_haze_replay,original_haze,010149.jpg
data/processed/cvbra_v1/images/train/source_0773_2517.jpg,2517,source_haze_replay,original_haze,002517.jpg
data/processed/cvbra_v1/images/train/source_0774_7489.jpg,7489,source_haze_replay,original_haze,007489.jpg
data/processed/cvbra_v1/images/train/source_0775_4556.jpg,4556,source_haze_replay,original_haze,004556.jpg
data/processed/cvbra_v1/images/train/source_0776_8467.jpg,8467,source_haze_replay,original_haze,008467.jpg
data/processed/cvbra_v1/images/train/source_0777_9817.jpg,9817,source_haze_replay,original_haze,009817.jpg
data/processed/cvbra_v1/images/train/source_0778_10679.jpg,10679,source_haze_replay,original_haze,010679.jpg
data/processed/cvbra_v1/images/train/source_0779_326.jpg,326,source_haze_replay,original_haze,000326.jpg
data/processed/cvbra_v1/images/train/source_0780_8046.jpg,8046,source_haze_replay,original_haze,008046.jpg
data/processed/cvbra_v1/images/train/source_0781_6607.jpg,6607,source_haze_replay,original_haze,006607.jpg
data/processed/cvbra_v1/images/train/source_0782_12430.jpg,12430,source_haze_replay,original_haze,012430.jpg
data/processed/cvbra_v1/images/train/source_0783_6952.jpg,6952,source_haze_replay,original_haze,006952.jpg
data/processed/cvbra_v1/images/train/source_0784_20.jpg,20,source_haze_replay,original_haze,000020.jpg
data/processed/cvbra_v1/images/train/source_0785_4434.jpg,4434,source_haze_replay,original_haze,004434.jpg
data/processed/cvbra_v1/images/train/source_0786_12060.jpg,12060,source_haze_replay,original_haze,012060.jpg
data/processed/cvbra_v1/images/train/source_0787_7398.jpg,7398,source_haze_replay,original_haze,007398.jpg
data/processed/cvbra_v1/images/train/source_0788_6865.jpg,6865,source_haze_replay,original_haze,006865.jpg
data/processed/cvbra_v1/images/train/source_0789_4272.jpg,4272,source_haze_replay,original_haze,004272.jpg
data/processed/cvbra_v1/images/train/source_0790_257.jpg,257,source_haze_replay,original_haze,000257.jpg
data/processed/cvbra_v1/images/train/source_0791_1514.jpg,1514,source_haze_replay,original_haze,001514.jpg
data/processed/cvbra_v1/images/train/source_0792_10552.jpg,10552,source_haze_replay,original_haze,010552.jpg
data/processed/cvbra_v1/images/train/source_0793_12004.jpg,12004,source_haze_replay,original_haze,012004.jpg
data/processed/cvbra_v1/images/train/source_0794_8580.jpg,8580,source_haze_replay,original_haze,008580.jpg
data/processed/cvbra_v1/images/train/source_0795_5737.jpg,5737,source_haze_replay,original_haze,005737.jpg
data/processed/cvbra_v1/images/train/source_0796_2589.jpg,2589,source_haze_replay,original_haze,002589.jpg
data/processed/cvbra_v1/images/train/source_0797_2990.jpg,2990,source_haze_replay,original_haze,002990.jpg
data/processed/cvbra_v1/images/train/source_0798_12620.jpg,12620,source_haze_replay,original_haze,012620.jpg
data/processed/cvbra_v1/images/train/source_0799_11110.jpg,11110,source_haze_replay,original_haze,011110.jpg
data/processed/cvbra_v1/images/train/source_0800_285.jpg,285,source_haze_replay,original_haze,000285.jpg
data/processed/cvbra_v1/images/train/source_0801_2840.jpg,2840,source_haze_replay,original_haze,002840.jpg
data/processed/cvbra_v1/images/train/source_0802_7369.jpg,7369,source_haze_replay,original_haze,007369.jpg
data/processed/cvbra_v1/images/train/source_0803_1678.jpg,1678,source_haze_replay,original_haze,001678.jpg
data/processed/cvbra_v1/images/train/source_0804_7863.jpg,7863,source_haze_replay,original_haze,007863.jpg
data/processed/cvbra_v1/images/train/source_0805_3105.jpg,3105,source_haze_replay,original_haze,003105.jpg
data/processed/cvbra_v1/images/train/source_0806_3940.jpg,3940,source_haze_replay,original_haze,003940.jpg
data/processed/cvbra_v1/images/train/source_0807_10938.jpg,10938,source_haze_replay,original_haze,010938.jpg
data/processed/cvbra_v1/images/train/source_0808_5864.jpg,5864,source_haze_replay,original_haze,005864.jpg
data/processed/cvbra_v1/images/train/source_0809_726.jpg,726,source_haze_replay,original_haze,000726.jpg
data/processed/cvbra_v1/images/train/source_0810_4590.jpg,4590,source_haze_replay,original_haze,004590.jpg
data/processed/cvbra_v1/images/train/source_0811_10998.jpg,10998,source_haze_replay,original_haze,010998.jpg
data/processed/cvbra_v1/images/train/source_0812_8989.jpg,8989,source_haze_replay,original_haze,008989.jpg
data/processed/cvbra_v1/images/train/source_0813_6641.jpg,6641,source_haze_replay,original_haze,006641.jpg
data/processed/cvbra_v1/images/train/source_0814_679.jpg,679,source_haze_replay,original_haze,000679.jpg
data/processed/cvbra_v1/images/train/source_0815_8961.jpg,8961,source_haze_replay,original_haze,008961.jpg
data/processed/cvbra_v1/images/train/source_0816_659.jpg,659,source_haze_replay,original_haze,000659.jpg
data/processed/cvbra_v1/images/train/source_0817_7805.jpg,7805,source_haze_replay,original_haze,007805.jpg
data/processed/cvbra_v1/images/train/source_0818_12485.jpg,12485,source_haze_replay,original_haze,012485.jpg
data/processed/cvbra_v1/images/train/source_0819_10113.jpg,10113,source_haze_replay,original_haze,010113.jpg
data/processed/cvbra_v1/images/train/source_0820_10870.jpg,10870,source_haze_replay,original_haze,010870.jpg
data/processed/cvbra_v1/images/train/source_0821_3201.jpg,3201,source_haze_replay,original_haze,003201.jpg
data/processed/cvbra_v1/images/train/source_0822_3667.jpg,3667,source_haze_replay,original_haze,003667.jpg
data/processed/cvbra_v1/images/train/source_0823_9993.jpg,9993,source_haze_replay,original_haze,009993.jpg
data/processed/cvbra_v1/images/train/source_0824_4946.jpg,4946,source_haze_replay,original_haze,004946.jpg
data/processed/cvbra_v1/images/train/source_0825_10686.jpg,10686,source_haze_replay,original_haze,010686.jpg
data/processed/cvbra_v1/images/train/source_0826_3524.jpg,3524,source_haze_replay,original_haze,003524.jpg
data/processed/cvbra_v1/images/train/source_0827_7537.jpg,7537,source_haze_replay,original_haze,007537.jpg
data/processed/cvbra_v1/images/train/source_0828_4147.jpg,4147,source_haze_replay,original_haze,004147.jpg
data/processed/cvbra_v1/images/train/source_0829_2758.jpg,2758,source_haze_replay,original_haze,002758.jpg
data/processed/cvbra_v1/images/train/source_0830_11170.jpg,11170,source_haze_replay,original_haze,011170.jpg
data/processed/cvbra_v1/images/train/source_0831_5014.jpg,5014,source_haze_replay,original_haze,005014.jpg
data/processed/cvbra_v1/images/train/source_0832_11749.jpg,11749,source_haze_replay,original_haze,011749.jpg
data/processed/cvbra_v1/images/train/source_0833_3543.jpg,3543,source_haze_replay,original_haze,003543.jpg
data/processed/cvbra_v1/images/train/source_0834_652.jpg,652,source_haze_replay,original_haze,000652.jpg
data/processed/cvbra_v1/images/train/source_0835_12523.jpg,12523,source_haze_replay,original_haze,012523.jpg
data/processed/cvbra_v1/images/train/source_0836_10447.jpg,10447,source_haze_replay,original_haze,010447.jpg
data/processed/cvbra_v1/images/train/source_0837_5547.jpg,5547,source_haze_replay,original_haze,005547.jpg
data/processed/cvbra_v1/images/train/source_0838_1951.jpg,1951,source_haze_replay,original_haze,001951.jpg
data/processed/cvbra_v1/images/train/source_0839_11666.jpg,11666,source_haze_replay,original_haze,011666.jpg
data/processed/cvbra_v1/images/train/source_0840_10432.jpg,10432,source_haze_replay,original_haze,010432.jpg
data/processed/cvbra_v1/images/train/source_0841_2810.jpg,2810,source_haze_replay,original_haze,002810.jpg
data/processed/cvbra_v1/images/train/source_0842_4898.jpg,4898,source_haze_replay,original_haze,004898.jpg
data/processed/cvbra_v1/images/train/source_0843_8039.jpg,8039,source_haze_replay,original_haze,008039.jpg
data/processed/cvbra_v1/images/train/source_0844_5195.jpg,5195,source_haze_replay,original_haze,005195.jpg
data/processed/cvbra_v1/images/train/source_0845_2741.jpg,2741,source_haze_replay,original_haze,002741.jpg
data/processed/cvbra_v1/images/train/source_0846_10854.jpg,10854,source_haze_replay,original_haze,010854.jpg
data/processed/cvbra_v1/images/train/source_0847_2393.jpg,2393,source_haze_replay,original_haze,002393.jpg
data/processed/cvbra_v1/images/train/source_0848_9394.jpg,9394,source_haze_replay,original_haze,009394.jpg
data/processed/cvbra_v1/images/train/source_0849_6893.jpg,6893,source_haze_replay,original_haze,006893.jpg
data/processed/cvbra_v1/images/train/source_0850_12326.jpg,12326,source_haze_replay,original_haze,012326.jpg
data/processed/cvbra_v1/images/train/source_0851_2918.jpg,2918,source_haze_replay,original_haze,002918.jpg
data/processed/cvbra_v1/images/train/source_0852_6730.jpg,6730,source_haze_replay,original_haze,006730.jpg
data/processed/cvbra_v1/images/train/source_0853_9196.jpg,9196,source_haze_replay,original_haze,009196.jpg
data/processed/cvbra_v1/images/train/source_0854_7399.jpg,7399,source_haze_replay,original_haze,007399.jpg
data/processed/cvbra_v1/images/train/source_0855_7945.jpg,7945,source_haze_replay,original_haze,007945.jpg
data/processed/cvbra_v1/images/train/source_0856_1892.jpg,1892,source_haze_replay,original_haze,001892.jpg
data/processed/cvbra_v1/images/train/source_0857_5210.jpg,5210,source_haze_replay,original_haze,005210.jpg
data/processed/cvbra_v1/images/train/source_0858_3402.jpg,3402,source_haze_replay,original_haze,003402.jpg
data/processed/cvbra_v1/images/train/source_0859_10194.jpg,10194,source_haze_replay,original_haze,010194.jpg
data/processed/cvbra_v1/images/train/source_0860_2768.jpg,2768,source_haze_replay,original_haze,002768.jpg
data/processed/cvbra_v1/images/train/source_0861_6664.jpg,6664,source_haze_replay,original_haze,006664.jpg
data/processed/cvbra_v1/images/train/source_0862_10542.jpg,10542,source_haze_replay,original_haze,010542.jpg
data/processed/cvbra_v1/images/train/source_0863_10170.jpg,10170,source_haze_replay,original_haze,010170.jpg
data/processed/cvbra_v1/images/train/source_0864_5175.jpg,5175,source_haze_replay,original_haze,005175.jpg
data/processed/cvbra_v1/images/train/source_0865_5565.jpg,5565,source_haze_replay,original_haze,005565.jpg
data/processed/cvbra_v1/images/train/source_0866_3754.jpg,3754,source_haze_replay,original_haze,003754.jpg
data/processed/cvbra_v1/images/train/source_0867_1762.jpg,1762,source_haze_replay,original_haze,001762.jpg
data/processed/cvbra_v1/images/train/source_0868_3296.jpg,3296,source_haze_replay,original_haze,003296.jpg
data/processed/cvbra_v1/images/train/source_0869_10091.jpg,10091,source_haze_replay,original_haze,010091.jpg
data/processed/cvbra_v1/images/train/source_0870_10502.jpg,10502,source_haze_replay,original_haze,010502.jpg
data/processed/cvbra_v1/images/train/source_0871_7696.jpg,7696,source_haze_replay,original_haze,007696.jpg
data/processed/cvbra_v1/images/train/source_0872_6010.jpg,6010,source_haze_replay,original_haze,006010.jpg
data/processed/cvbra_v1/images/train/source_0873_6692.jpg,6692,source_haze_replay,original_haze,006692.jpg
data/processed/cvbra_v1/images/train/source_0874_5267.jpg,5267,source_haze_replay,original_haze,005267.jpg
data/processed/cvbra_v1/images/train/source_0875_555.jpg,555,source_haze_replay,original_haze,000555.jpg
data/processed/cvbra_v1/images/train/source_0876_10990.jpg,10990,source_haze_replay,original_haze,010990.jpg
data/processed/cvbra_v1/images/train/source_0877_7695.jpg,7695,source_haze_replay,original_haze,007695.jpg
data/processed/cvbra_v1/images/train/source_0878_9343.jpg,9343,source_haze_replay,original_haze,009343.jpg
data/processed/cvbra_v1/images/train/source_0879_2469.jpg,2469,source_haze_replay,original_haze,002469.jpg
data/processed/cvbra_v1/images/train/source_0880_819.jpg,819,source_haze_replay,original_haze,000819.jpg
data/processed/cvbra_v1/images/train/source_0881_6375.jpg,6375,source_haze_replay,original_haze,006375.jpg
data/processed/cvbra_v1/images/train/source_0882_1482.jpg,1482,source_haze_replay,original_haze,001482.jpg
data/processed/cvbra_v1/images/train/source_0883_1354.jpg,1354,source_haze_replay,original_haze,001354.jpg
data/processed/cvbra_v1/images/train/source_0884_4702.jpg,4702,source_haze_replay,original_haze,004702.jpg
data/processed/cvbra_v1/images/train/source_0885_9495.jpg,9495,source_haze_replay,original_haze,009495.jpg
data/processed/cvbra_v1/images/train/source_0886_118.jpg,118,source_haze_replay,original_haze,000118.jpg
data/processed/cvbra_v1/images/train/source_0887_12591.jpg,12591,source_haze_replay,original_haze,012591.jpg
data/processed/cvbra_v1/images/train/source_0888_10635.jpg,10635,source_haze_replay,original_haze,010635.jpg
data/processed/cvbra_v1/images/train/source_0889_6188.jpg,6188,source_haze_replay,original_haze,006188.jpg
data/processed/cvbra_v1/images/train/source_0890_11929.jpg,11929,source_haze_replay,original_haze,011929.jpg
data/processed/cvbra_v1/images/train/source_0891_8202.jpg,8202,source_haze_replay,original_haze,008202.jpg
data/processed/cvbra_v1/images/train/source_0892_11312.jpg,11312,source_haze_replay,original_haze,011312.jpg
data/processed/cvbra_v1/images/train/source_0893_1220.jpg,1220,source_haze_replay,original_haze,001220.jpg
data/processed/cvbra_v1/images/train/source_0894_2117.jpg,2117,source_haze_replay,original_haze,002117.jpg
data/processed/cvbra_v1/images/train/source_0895_10596.jpg,10596,source_haze_replay,original_haze,010596.jpg
data/processed/cvbra_v1/images/train/source_0896_12260.jpg,12260,source_haze_replay,original_haze,012260.jpg
data/processed/cvbra_v1/images/train/source_0897_3061.jpg,3061,source_haze_replay,original_haze,003061.jpg
data/processed/cvbra_v1/images/train/source_0898_1531.jpg,1531,source_haze_replay,original_haze,001531.jpg
data/processed/cvbra_v1/images/train/source_0899_9985.jpg,9985,source_haze_replay,original_haze,009985.jpg
data/processed/cvbra_v1/images/train/source_0900_5799.jpg,5799,source_haze_replay,original_haze,005799.jpg
