split,video,frame_index
source_retention,data/raw/NVD/annotated_videos/2022-12-03_Nyland_01_stabilized/2022-12-03 Nyland 01_stabilized.mp4,0
source_retention,data/raw/NVD/annotated_videos/2022-12-03_Nyland_01_stabilized/2022-12-03 Nyland 01_stabilized.mp4,1
source_retention,data/raw/NVD/annotated_videos/2022-12-03_Nyland_01_stabilized/2022-12-03 Nyland 01_stabilized.mp4,2
source_retention,data/raw/NVD/annotated_videos/2022-12-03_Nyland_01_stabilized/2022-12-03 Nyland 01_stabilized.mp4,3
source_retention,data/raw/NVD/annotated_videos/2022-12-03_Nyland_01_stabilized/2022-12-03 Nyland 01_stabilized.mp4,4
source_retention,data/raw/NVD/annotated_videos/2022-12-03_Nyland_01_stabilized/2022-12-03 Nyland 01_stabilized.mp4,5
source_retention,data/raw/NVD/annotated_videos/2022-12-03_Nyland_01_stabilized/2022-12-03 Nyland 01_stabilized.mp4,6
source_retention,data/raw/NVD/annotated_videos/2022-12-03_Nyland_01_stabilized/2022-12-03 Nyland 01_stabilized.mp4,7
source_retention,data/raw/NVD/annotated_videos/2022-12-03_Nyland_01_stabilized/2022-12-03 Nyland 01_stabilized.mp4,8
source_retention,data/raw/NVD/annotated_videos/2022-12-03_Nyland_01_stabilized/2022-12-03 Nyland 01_stabilized.mp4,9
source_retention,data/raw/NVD/annotated_videos/2022-12-03_Nyland_01_stabilized/2022-12-03 Nyland 01_stabilized.mp4,10
source_retention,data/raw/NVD/annotated_videos/2022-12-03_Nyland_01_stabilized/2022-12-03 Nyland 01_stabilized.mp4,11
source_retention,data/raw/NVD/annotated_videos/2022-12-03_Nyland_01_stabilized/2022-12-03 Nyland 01_stabilized.mp4,12
source_retention,data/raw/NVD/annotated_videos/2022-12-03_Nyland_01_stabilized/2022-12-03 Nyland 01_stabilized.mp4,13
source_retention,data/raw/NVD/annotated_videos/2022-12-03_Nyland_01_stabilized/2022-12-03 Nyland 01_stabilized.mp4,14
source_retention,data/raw/NVD/annotated_videos/2022-12-03_Nyland_01_stabilized/2022-12-03 Nyland 01_stabilized.mp4,15
source_retention,data/raw/NVD/annotated_videos/2022-12-03_Nyland_01_stabilized/2022-12-03 Nyland 01_stabilized.mp4,16
source_retention,data/raw/NVD/annotated_videos/2022-12-03_Nyland_01_stabilized/2022-12-03 Nyland 01_stabilized.mp4,17
source_retention,data/raw/NVD/annotated_videos/2022-12-03_Nyland_01_stabilized/2022-12-03 Nyland 01_stabilized.mp4,18
source_retention,data/raw/NVD/annotated_videos/2022-12-03_Nyland_01_stabilized/2022-12-03 Nyland 01_stabilized.mp4,19
source_retention,data/raw/NVD/annotated_videos/2022-12-03_Nyland_01_stabilized/2022-12-03 Nyland 01_stabilized.mp4,20
source_retention,data/raw/NVD/annotated_videos/2022-12-03_Nyland_01_stabilized/2022-12-03 Nyland 01_stabilized.mp4,21
source_retention,data/raw/NVD/annotated_videos/2022-12-03_Nyland_01_stabilized/2022-12-03 Nyland 01_stabilized.mp4,22
source_retention,data/raw/NVD/annotated_videos/2022-12-03_Nyland_01_stabilized/2022-12-03 Nyland 01_stabilized.mp4,23
source_retention,data/raw/NVD/annotated_videos/2022-12-03_Nyland_01_stabilized/2022-12-03 Nyland 01_stabilized.mp4,24
source_retention,data/raw/NVD/annotated_videos/2022-12-03_Nyland_01_stabilized/2022-12-03 Nyland 01_stabilized.mp4,25
source_retention,data/raw/NVD/annotated_videos/2022-12-03_Nyland_01_stabilized/2022-12-03 Nyland 01_stabilized.mp4,26
source_retention,data/raw/NVD/annotated_videos/2022-12-03_Nyland_01_stabilized/2022-12-03 Nyland 01_stabilized.mp4,27
source_retention,data/raw/NVD/annotated_videos/2022-12-03_Nyland_01_stabilized/2022-12-03 Nyland 01_stabilized.mp4,28
source_retention,data/raw/NVD/annotated_videos/2022-12-03_Nyland_01_stabilized/2022-12-03 Nyland 01_stabilized.mp4,29
source_retention,data/raw/NVD/annotated_videos/2022-12-03_Nyland_01_stabilized/2022-12-03 Nyland 01_stabilized.mp4,30
source_retention,data/raw/NVD/annotated_videos/2022-12-03_Nyland_01_stabilized/2022-12-03 Nyland 01_stabilized.mp4,31
source_retention,data/raw/NVD/annotated_videos/2022-12-03_Nyland_01_stabilized/2022-12-03 Nyland 01_stabilized.mp4,32
source_retention,data/raw/NVD/annotated_videos/2022-12-03_Nyland_01_stabilized/2022-12-03 Nyland 01_stabilized.mp4,33
source_retention,data/raw/NVD/annotated_videos/2022-12-03_Nyland_01_stabilized/2022-12-03 Nyland 01_stabilized.mp4,34
source_retention,data/raw/NVD/annotated_videos/2022-12-03_Nyland_01_stabilized/2022-12-03 Nyland 01_stabilized.mp4,35
source_retention,data/raw/NVD/annotated_videos/2022-12-03_Nyland_01_stabilized/2022-12-03 Nyland 01_stabilized.mp4,36
source_retention,data/raw/NVD/annotated_videos/2022-12-03_Nyland_01_stabilized/2022-12-03 Nyland 01_stabilized.mp4,37
source_retention,data/raw/NVD/annotated_videos/2022-12-03_Nyland_01_stabilized/2022-12-03 Nyland 01_stabilized.mp4,38
source_retention,data/raw/NVD/annotated_videos/2022-12-03_Nyland_01_stabilized/2022-12-03 Nyland 01_stabilized.mp4,39
source_retention,data/raw/NVD/annotated_videos/2022-12-03_Nyland_01_stabilized/2022-12-03 Nyland 01_stabilized.mp4,40
source_retention,data/raw/NVD/annotated_videos/2022-12-03_Nyland_01_stabilized/2022-12-03 Nyland 01_stabilized.mp4,41
source_retention,data/raw/NVD/annotated_videos/2022-12-03_Nyland_01_stabilized/2022-12-03 Nyland 01_stabilized.mp4,42
source_retention,data/raw/NVD/annotated_videos/2022-12-03_Nyland_01_stabilized/2022-12-03 Nyland 01_stabilized.mp4,43
source_retention,data/raw/NVD/annotated_videos/2022-12-03_Nyland_01_stabilized/2022-12-03 Nyland 01_stabilized.mp4,44
source_retention,data/raw/NVD/annotated_videos/2022-12-03_Nyland_01_stabilized/2022-12-03 Nyland 01_stabilized.mp4,45
source_retention,data/raw/NVD/annotated_videos/2022-12-03_Nyland_01_stabilized/2022-12-03 Nyland 01_stabilized.mp4,46
source_retention,data/raw/NVD/annotated_videos/2022-12-03_Nyland_01_stabilized/2022-12-03 Nyland 01_stabilized.mp4,47
source_retention,data/raw/NVD/annotated_videos/2022-12-03_Nyland_01_stabilized/2022-12-03 Nyland 01_stabilized.mp4,48
source_retention,data/raw/NVD/annotated_videos/2022-12-03_Nyland_01_stabilized/2022-12-03 Nyland 01_stabilized.mp4,49
source_retention,data/raw/NVD/annotated_videos/2022-12-03_Nyland_01_stabilized/2022-12-03 Nyland 01_stabilized.mp4,50
source_retention,data/raw/NVD/annotated_videos/2022-12-03_Nyland_01_stabilized/2022-12-03 Nyland 01_stabilized.mp4,51
source_retention,data/raw/NVD/annotated_videos/2022-12-03_Nyland_01_stabilized/2022-12-03 Nyland 01_stabilized.mp4,52
source_retention,data/raw/NVD/annotated_videos/2022-12-03_Nyland_01_stabilized/2022-12-03 Nyland 01_stabilized.mp4,53
source_retention,data/raw/NVD/annotated_videos/2022-12-03_Nyland_01_stabilized/2022-12-03 Nyland 01_stabilized.mp4,54
source_retention,data/raw/NVD/annotated_videos/2022-12-03_Nyland_01_stabilized/2022-12-03 Nyland 01_stabilized.mp4,55
source_retention,data/raw/NVD/annotated_videos/2022-12-03_Nyland_01_stabilized/2022-12-03 Nyland 01_stabilized.mp4,56
source_retention,data/raw/NVD/annotated_videos/2022-12-03_Nyland_01_stabilized/2022-12-03 Nyland 01_stabilized.mp4,57
source_retention,data/raw/NVD/annotated_videos/2022-12-03_Nyland_01_stabilized/2022-12-03 Nyland 01_stabilized.mp4,58
source_retention,data/raw/NVD/annotated_videos/2022-12-03_Nyland_01_stabilized/2022-12-03 Nyland 01_stabilized.mp4,59
source_retention,data/raw/NVD/annotated_videos/2022-12-03_Nyland_01_stabilized/2022-12-03 Nyland 01_stabilized.mp4,60
source_retention,data/raw/NVD/annotated_videos/2022-12-03_Nyland_01_stabilized/2022-12-03 Nyland 01_stabilized.mp4,61
source_retention,data/raw/NVD/annotated_videos/2022-12-03_Nyland_01_stabilized/2022-12-03 Nyland 01_stabilized.mp4,62
source_retention,data/raw/NVD/annotated_videos/2022-12-03_Nyland_01_stabilized/2022-12-03 Nyland 01_stabilized.mp4,63
source_retention,data/raw/NVD/annotated_videos/2022-12-03_Nyland_01_stabilized/2022-12-03 Nyland 01_stabilized.mp4,64
source_retention,data/raw/NVD/annotated_videos/2022-12-03_Nyland_01_stabilized/2022-12-03 Nyland 01_stabilized.mp4,65
source_retention,data/raw/NVD/annotated_videos/2022-12-03_Nyland_01_stabilized/2022-12-03 Nyland 01_stabilized.mp4,66
source_retention,data/raw/NVD/annotated_videos/2022-12-03_Nyland_01_stabilized/2022-12-03 Nyland 01_stabilized.mp4,67
source_retention,data/raw/NVD/annotated_videos/2022-12-03_Nyland_01_stabilized/2022-12-03 Nyland 01_stabilized.mp4,68
source_retention,data/raw/NVD/annotated_videos/2022-12-03_Nyland_01_stabilized/2022-12-03 Nyland 01_stabilized.mp4,69
source_retention,data/raw/NVD/annotated_videos/2022-12-03_Nyland_01_stabilized/2022-12-03 Nyland 01_stabilized.mp4,70
source_retention,data/raw/NVD/annotated_videos/2022-12-03_Nyland_01_stabilized/2022-12-03 Nyland 01_stabilized.mp4,71
source_retention,data/raw/NVD/annotated_videos/2022-12-03_Nyland_01_stabilized/2022-12-03 Nyland 01_stabilized.mp4,72
source_retention,data/raw/NVD/annotated_videos/2022-12-03_Nyland_01_stabilized/2022-12-03 Nyland 01_stabilized.mp4,73
source_retention,data/raw/NVD/annotated_videos/2022-12-03_Nyland_01_stabilized/2022-12-03 Nyland 01_stabilized.mp4,74
source_retention,data/raw/NVD/annotated_videos/2022-12-03_Nyland_01_stabilized/2022-12-03 Nyland 01_stabilized.mp4,75
source_retention,data/raw/NVD/annotated_videos/2022-12-03_Nyland_01_stabilized/2022-12-03 Nyland 01_stabilized.mp4,76
source_retention,data/raw/NVD/annotated_videos/2022-12-03_Nyland_01_stabilized/2022-12-03 Nyland 01_stabilized.mp4,77
source_retention,data/raw/NVD/annotated_videos/2022-12-03_Nyland_01_stabilized/2022-12-03 Nyland 01_stabilized.mp4,78
source_retention,data/raw/NVD/annotated_videos/2022-12-03_Nyland_01_stabilized/2022-12-03 Nyland 01_stabilized.mp4,79
source_retention,data/raw/NVD/annotated_videos/2022-12-03_Nyland_01_stabilized/2022-12-03 Nyland 01_stabilized.mp4,80
source_retention,data/raw/NVD/annotated_videos/2022-12-03_Nyland_01_stabilized/2022-12-03 Nyland 01_stabilized.mp4,81
source_retention,data/raw/NVD/annotated_videos/2022-12-03_Nyland_01_stabilized/2022-12-03 Nyland 01_stabilized.mp4,82
source_retention,data/raw/NVD/annotated_videos/2022-12-03_Nyland_01_stabilized/2022-12-03 Nyland 01_stabilized.mp4,83
source_retention,data/raw/NVD/annotated_videos/2022-12-03_Nyland_01_stabilized/2022-12-03 Nyland 01_stabilized.mp4,84
source_retention,data/raw/NVD/annotated_videos/2022-12-03_Nyland_01_stabilized/2022-12-03 Nyland 01_stabilized.mp4,85
source_retention,data/raw/NVD/annotated_videos/2022-12-03_Nyland_01_stabilized/2022-12-03 Nyland 01_stabilized.mp4,86
source_retention,data/raw/NVD/annotated_videos/2022-12-03_Nyland_01_stabilized/2022-12-03 Nyland 01_stabilized.mp4,87
source_retention,data/raw/NVD/annotated_videos/2022-12-03_Nyland_01_stabilized/2022-12-03 Nyland 01_stabilized.mp4,88
source_retention,data/raw/NVD/annotated_videos/2022-12-03_Nyland_01_stabilized/2022-12-03 Nyland 01_stabilized.mp4,89
source_retention,data/raw/NVD/annotated_videos/2022-12-03_Nyland_01_stabilized/2022-12-03 Nyland 01_stabilized.mp4,90
source_retention,data/raw/NVD/annotated_videos/2022-12-03_Nyland_01_stabilized/2022-12-03 Nyland 01_stabilized.mp4,91
source_retention,data/raw/NVD/annotated_videos/2022-12-03_Nyland_01_stabilized/2022-12-03 Nyland 01_stabilized.mp4,92
source_retention,data/raw/NVD/annotated_videos/2022-12-03_Nyland_01_stabilized/2022-12-03 Nyland 01_stabilized.mp4,93
source_retention,data/raw/NVD/annotated_videos/2022-12-03_Nyland_01_stabilized/2022-12-03 Nyland 01_stabilized.mp4,94
source_retention,data/raw/NVD/annotated_videos/2022-12-03_Nyland_01_stabilized/2022-12-03 Nyland 01_stabilized.mp4,95
source_retention,data/raw/NVD/annotated_videos/2022-12-03_Nyland_01_stabilized/2022-12-03 Nyland 01_stabilized.mp4,96
source_retention,data/raw/NVD/annotated_videos/2022-12-03_Nyland_01_stabilized/2022-12-03 Nyland 01_stabilized.mp4,97
source_retention,data/raw/NVD/annotated_videos/2022-12-03_Nyland_01_stabilized/2022-12-03 Nyland 01_stabilized.mp4,98
source_retention,data/raw/NVD/annotated_videos/2022-12-03_Nyland_01_stabilized/2022-12-03 Nyland 01_stabilized.mp4,99
source_retention,data/raw/NVD/annotated_videos/2022-12-03_Nyland_01_stabilized/2022-12-03 Nyland 01_stabilized.mp4,100
source_retention,data/raw/NVD/annotated_videos/2022-12-03_Nyland_01_stabilized/2022-12-03 Nyland 01_stabilized.mp4,101
source_retention,data/raw/NVD/annotated_videos/2022-12-03_Nyland_01_stabilized/2022-12-03 Nyland 01_stabilized.mp4,102
source_retention,data/raw/NVD/annotated_videos/2022-12-03_Nyland_01_stabilized/2022-12-03 Nyland 01_stabilized.mp4,103
source_retention,data/raw/NVD/annotated_videos/2022-12-03_Nyland_01_stabilized/2022-12-03 Nyland 01_stabilized.mp4,104
source_retention,data/raw/NVD/annotated_videos/2022-12-03_Nyland_01_stabilized/2022-12-03 Nyland 01_stabilized.mp4,105
source_retention,data/raw/NVD/annotated_videos/2022-12-03_Nyland_01_stabilized/2022-12-03 Nyland 01_stabilized.mp4,106
source_retention,data/raw/NVD/annotated_videos/2022-12-03_Nyland_01_stabilized/2022-12-03 Nyland 01_stabilized.mp4,107
source_retention,data/raw/NVD/annotated_videos/2022-12-03_Nyland_01_stabilized/2022-12-03 Nyland 01_stabilized.mp4,108
source_retention,data/raw/NVD/annotated_videos/2022-12-03_Nyland_01_stabilized/2022-12-03 Nyland 01_stabilized.mp4,109
source_retention,data/raw/NVD/annotated_videos/2022-12-03_Nyland_01_stabilized/2022-12-03 Nyland 01_stabilized.mp4,110
source_retention,data/raw/NVD/annotated_videos/2022-12-03_Nyland_01_stabilized/2022-12-03 Nyland 01_stabilized.mp4,111
source_retention,data/raw/NVD/annotated_videos/2022-12-03_Nyland_01_stabilized/2022-12-03 Nyland 01_stabilized.mp4,112
source_retention,data/raw/NVD/annotated_videos/2022-12-03_Nyland_01_stabilized/2022-12-03 Nyland 01_stabilized.mp4,113
source_retention,data/raw/NVD/annotated_videos/2022-12-03_Nyland_01_stabilized/2022-12-03 Nyland 01_stabilized.mp4,114
source_retention,data/raw/NVD/annotated_videos/2022-12-03_Nyland_01_stabilized/2022-12-03 Nyland 01_stabilized.mp4,115
source_retention,data/raw/NVD/annotated_videos/2022-12-03_Nyland_01_stabilized/2022-12-03 Nyland 01_stabilized.mp4,116
source_retention,data/raw/NVD/annotated_videos/2022-12-03_Nyland_01_stabilized/2022-12-03 Nyland 01_stabilized.mp4,117
source_retention,data/raw/NVD/annotated_videos/2022-12-03_Nyland_01_stabilized/2022-12-03 Nyland 01_stabilized.mp4,118
source_retention,data/raw/NVD/annotated_videos/2022-12-03_Nyland_01_stabilized/2022-12-03 Nyland 01_stabilized.mp4,119
source_retention,data/raw/NVD/annotated_videos/2022-12-03_Nyland_01_stabilized/2022-12-03 Nyland 01_stabilized.mp4,120
source_retention,data/raw/NVD/annotated_videos/2022-12-03_Nyland_01_stabilized/2022-12-03 Nyland 01_stabilized.mp4,121
source_retention,data/raw/NVD/annotated_videos/2022-12-03_Nyland_01_stabilized/2022-12-03 Nyland 01_stabilized.mp4,122
source_retention,data/raw/NVD/annotated_videos/2022-12-03_Nyland_01_stabilized/2022-12-03 Nyland 01_stabilized.mp4,123
source_retention,data/raw/NVD/annotated_videos/2022-12-03_Nyland_01_stabilized/2022-12-03 Nyland 01_stabilized.mp4,124
source_retention,data/raw/NVD/annotated_videos/2022-12-03_Nyland_01_stabilized/2022-12-03 Nyland 01_stabilized.mp4,125
source_retention,data/raw/NVD/annotated_videos/2022-12-03_Nyland_01_stabilized/2022-12-03 Nyland 01_stabilized.mp4,126
source_retention,data/raw/NVD/annotated_videos/2022-12-03_Nyland_01_stabilized/2022-12-03 Nyland 01_stabilized.mp4,127
source_retention,data/raw/NVD/annotated_videos/2022-12-03_Nyland_01_stabilized/2022-12-03 Nyland 01_stabilized.mp4,128
source_retention,data/raw/NVD/annotated_videos/2022-12-03_Nyland_01_stabilized/2022-12-03 Nyland 01_stabilized.mp4,129
source_retention,data/raw/NVD/annotated_videos/2022-12-03_Nyland_01_stabilized/2022-12-03 Nyland 01_stabilized.mp4,130
source_retention,data/raw/NVD/annotated_videos/2022-12-03_Nyland_01_stabilized/2022-12-03 Nyland 01_stabilized.mp4,131
source_retention,data/raw/NVD/annotated_videos/2022-12-03_Nyland_01_stabilized/2022-12-03 Nyland 01_stabilized.mp4,132
source_retention,data/raw/NVD/annotated_videos/2022-12-03_Nyland_01_stabilized/2022-12-03 Nyland 01_stabilized.mp4,133
source_retention,data/raw/NVD/annotated_videos/2022-12-03_Nyland_01_stabilized/2022-12-03 Nyland 01_stabilized.mp4,134
source_retention,data/raw/NVD/annotated_videos/2022-12-03_Nyland_01_stabilized/2022-12-03 Nyland 01_stabilized.mp4,135
source_retention,data/raw/NVD/annotated_videos/2022-12-03_Nyland_01_stabilized/2022-12-03 Nyland 01_stabilized.mp4,136
source_retention,data/raw/NVD/annotated_videos/2022-12-03_Nyland_01_stabilized/2022-12-03 Nyland 01_stabilized.mp4,137
source_retention,data/raw/NVD/annotated_videos/2022-12-03_Nyland_01_stabilized/2022-12-03 Nyland 01_stabilized.mp4,138
source_retention,data/raw/NVD/annotated_videos/2022-12-03_Nyland_01_stabilized/2022-12-03 Nyland 01_stabilized.mp4,139
source_retention,data/raw/NVD/annotated_videos/2022-12-03_Nyland_01_stabilized/2022-12-03 Nyland 01_stabilized.mp4,140
source_retention,data/raw/NVD/annotated_videos/2022-12-03_Nyland_01_stabilized/2022-12-03 Nyland 01_stabilized.mp4,141
source_retention,data/raw/NVD/annotated_videos/2022-12-03_Nyland_01_stabilized/2022-12-03 Nyland 01_stabilized.mp4,142
source_retention,data/raw/NVD/annotated_videos/2022-12-03_Nyland_01_stabilized/2022-12-03 Nyland 01_stabilized.mp4,143
source_retention,data/raw/NVD/annotated_videos/2022-12-03_Nyland_01_stabilized/2022-12-03 Nyland 01_stabilized.mp4,144
source_retention,data/raw/NVD/annotated_videos/2022-12-03_Nyland_01_stabilized/2022-12-03 Nyland 01_stabilized.mp4,145
source_retention,data/raw/NVD/annotated_videos/2022-12-03_Nyland_01_stabilized/2022-12-03 Nyland 01_stabilized.mp4,146
source_retention,data/raw/NVD/annotated_videos/2022-12-03_Nyland_01_stabilized/2022-12-03 Nyland 01_stabilized.mp4,147
source_retention,data/raw/NVD/annotated_videos/2022-12-03_Nyland_01_stabilized/2022-12-03 Nyland 01_stabilized.mp4,148
source_retention,data/raw/NVD/annotated_videos/2022-12-03_Nyland_01_stabilized/2022-12-03 Nyland 01_stabilized.mp4,149
source_retention,data/raw/NVD/annotated_videos/2022-12-03_Nyland_01_stabilized/2022-12-03 Nyland 01_stabilized.mp4,150
source_retention,data/raw/NVD/annotated_videos/2022-12-03_Nyland_01_stabilized/2022-12-03 Nyland 01_stabilized.mp4,151
source_retention,data/raw/NVD/annotated_videos/2022-12-03_Nyland_01_stabilized/2022-12-03 Nyland 01_stabilized.mp4,152
source_retention,data/raw/NVD/annotated_videos/2022-12-03_Nyland_01_stabilized/2022-12-03 Nyland 01_stabilized.mp4,153
source_retention,data/raw/NVD/annotated_videos/2022-12-03_Nyland_01_stabilized/2022-12-03 Nyland 01_stabilized.mp4,154
source_retention,data/raw/NVD/annotated_videos/2022-12-03_Nyland_01_stabilized/2022-12-03 Nyland 01_stabilized.mp4,155
source_retention,data/raw/NVD/annotated_videos/2022-12-03_Nyland_01_stabilized/2022-12-03 Nyland 01_stabilized.mp4,156
source_retention,data/raw/NVD/annotated_videos/2022-12-03_Nyland_01_stabilized/2022-12-03 Nyland 01_stabilized.mp4,157
source_retention,data/raw/NVD/annotated_videos/2022-12-03_Nyland_01_stabilized/2022-12-03 Nyland 01_stabilized.mp4,158
source_retention,data/raw/NVD/annotated_videos/2022-12-03_Nyland_01_stabilized/2022-12-03 Nyland 01_stabilized.mp4,159
source_retention,data/raw/NVD/annotated_videos/2022-12-03_Nyland_01_stabilized/2022-12-03 Nyland 01_stabilized.mp4,160
source_retention,data/raw/NVD/annotated_videos/2022-12-03_Nyland_01_stabilized/2022-12-03 Nyland 01_stabilized.mp4,161
source_retention,data/raw/NVD/annotated_videos/2022-12-03_Nyland_01_stabilized/2022-12-03 Nyland 01_stabilized.mp4,162
source_retention,data/raw/NVD/annotated_videos/2022-12-03_Nyland_01_stabilized/2022-12-03 Nyland 01_stabilized.mp4,163
source_retention,data/raw/NVD/annotated_videos/2022-12-03_Nyland_01_stabilized/2022-12-03 Nyland 01_stabilized.mp4,164
source_retention,data/raw/NVD/annotated_videos/2022-12-03_Nyland_01_stabilized/2022-12-03 Nyland 01_stabilized.mp4,165
source_retention,data/raw/NVD/annotated_videos/2022-12-03_Nyland_01_stabilized/2022-12-03 Nyland 01_stabilized.mp4,166
source_retention,data/raw/NVD/annotated_videos/2022-12-03_Nyland_01_stabilized/2022-12-03 Nyland 01_stabilized.mp4,167
source_retention,data/raw/NVD/annotated_videos/2022-12-03_Nyland_01_stabilized/2022-12-03 Nyland 01_stabilized.mp4,168
source_retention,data/raw/NVD/annotated_videos/2022-12-03_Nyland_01_stabilized/2022-12-03 Nyland 01_stabilized.mp4,169
source_retention,data/raw/NVD/annotated_videos/2022-12-03_Nyland_01_stabilized/2022-12-03 Nyland 01_stabilized.mp4,170
source_retention,data/raw/NVD/annotated_videos/2022-12-03_Nyland_01_stabilized/2022-12-03 Nyland 01_stabilized.mp4,171
source_retention,data/raw/NVD/annotated_videos/2022-12-03_Nyland_01_stabilized/2022-12-03 Nyland 01_stabilized.mp4,172
source_retention,data/raw/NVD/annotated_videos/2022-12-03_Nyland_01_stabilized/2022-12-03 Nyland 01_stabilized.mp4,173
source_retention,data/raw/NVD/annotated_videos/2022-12-03_Nyland_01_stabilized/2022-12-03 Nyland 01_stabilized.mp4,174
source_retention,data/raw/NVD/annotated_videos/2022-12-03_Nyland_01_stabilized/2022-12-03 Nyland 01_stabilized.mp4,175
source_retention,data/raw/NVD/annotated_videos/2022-12-03_Nyland_01_stabilized/2022-12-03 Nyland 01_stabilized.mp4,176
source_retention,data/raw/NVD/annotated_videos/2022-12-03_Nyland_01_stabilized/2022-12-03 Nyland 01_stabilized.mp4,177
source_retention,data/raw/NVD/annotated_videos/2022-12-03_Nyland_01_stabilized/2022-12-03 Nyland 01_stabilized.mp4,178
source_retention,data/raw/NVD/annotated_videos/2022-12-03_Nyland_01_stabilized/2022-12-03 Nyland 01_stabilized.mp4,179
source_retention,data/raw/NVD/annotated_videos/2022-12-03_Nyland_01_stabilized/2022-12-03 Nyland 01_stabilized.mp4,180
source_retention,data/raw/NVD/annotated_videos/2022-12-03_Nyland_01_stabilized/2022-12-03 Nyland 01_stabilized.mp4,181
source_retention,data/raw/NVD/annotated_videos/2022-12-03_Nyland_01_stabilized/2022-12-03 Nyland 01_stabilized.mp4,182
source_retention,data/raw/NVD/annotated_videos/2022-12-03_Nyland_01_stabilized/2022-12-03 Nyland 01_stabilized.mp4,183
source_retention,data/raw/NVD/annotated_videos/2022-12-03_Nyland_01_stabilized/2022-12-03 Nyland 01_stabilized.mp4,184
source_retention,data/raw/NVD/annotated_videos/2022-12-03_Nyland_01_stabilized/2022-12-03 Nyland 01_stabilized.mp4,185
source_retention,data/raw/NVD/annotated_videos/2022-12-03_Nyland_01_stabilized/2022-12-03 Nyland 01_stabilized.mp4,186
source_retention,data/raw/NVD/annotated_videos/2022-12-03_Nyland_01_stabilized/2022-12-03 Nyland 01_stabilized.mp4,187
source_retention,data/raw/NVD/annotated_videos/2022-12-03_Nyland_01_stabilized/2022-12-03 Nyland 01_stabilized.mp4,188
source_retention,data/raw/NVD/annotated_videos/2022-12-03_Nyland_01_stabilized/2022-12-03 Nyland 01_stabilized.mp4,189
source_retention,data/raw/NVD/annotated_videos/2022-12-03_Nyland_01_stabilized/2022-12-03 Nyland 01_stabilized.mp4,190
source_retention,data/raw/NVD/annotated_videos/2022-12-03_Nyland_01_stabilized/2022-12-03 Nyland 01_stabilized.mp4,191
source_retention,data/raw/NVD/annotated_videos/2022-12-03_Nyland_01_stabilized/2022-12-03 Nyland 01_stabilized.mp4,192
source_retention,data/raw/NVD/annotated_videos/2022-12-03_Nyland_01_stabilized/2022-12-03 Nyland 01_stabilized.mp4,193
source_retention,data/raw/NVD/annotated_videos/2022-12-03_Nyland_01_stabilized/2022-12-03 Nyland 01_stabilized.mp4,194
source_retention,data/raw/NVD/annotated_videos/2022-12-03_Nyland_01_stabilized/2022-12-03 Nyland 01_stabilized.mp4,195
source_retention,data/raw/NVD/annotated_videos/2022-12-03_Nyland_01_stabilized/2022-12-03 Nyland 01_stabilized.mp4,196
source_retention,data/raw/NVD/annotated_videos/2022-12-03_Nyland_01_stabilized/2022-12-03 Nyland 01_stabilized.mp4,197
source_retention,data/raw/NVD/annotated_videos/2022-12-03_Nyland_01_stabilized/2022-12-03 Nyland 01_stabilized.mp4,198
source_retention,data/raw/NVD/annotated_videos/2022-12-03_Nyland_01_stabilized/2022-12-03 Nyland 01_stabilized.mp4,199
source_retention,data/raw/NVD/annotated_videos/2022-12-03_Nyland_01_stabilized/2022-12-03 Nyland 01_stabilized.mp4,200
source_retention,data/raw/NVD/annotated_videos/2022-12-03_Nyland_01_stabilized/2022-12-03 Nyland 01_stabilized.mp4,201
source_retention,data/raw/NVD/annotated_videos/2022-12-03_Nyland_01_stabilized/2022-12-03 Nyland 01_stabilized.mp4,202
source_retention,data/raw/NVD/annotated_videos/2022-12-03_Nyland_01_stabilized/2022-12-03 Nyland 01_stabilized.mp4,203
source_retention,data/raw/NVD/annotated_videos/2022-12-03_Nyland_01_stabilized/2022-12-03 Nyland 01_stabilized.mp4,204
source_retention,data/raw/NVD/annotated_videos/2022-12-03_Nyland_01_stabilized/2022-12-03 Nyland 01_stabilized.mp4,205
source_retention,data/raw/NVD/annotated_videos/2022-12-03_Nyland_01_stabilized/2022-12-03 Nyland 01_stabilized.mp4,206
source_retention,data/raw/NVD/annotated_videos/2022-12-03_Nyland_01_stabilized/2022-12-03 Nyland 01_stabilized.mp4,207
source_retention,data/raw/NVD/annotated_videos/2022-12-03_Nyland_01_stabilized/2022-12-03 Nyland 01_stabilized.mp4,208
source_retention,data/raw/NVD/annotated_videos/2022-12-03_Nyland_01_stabilized/2022-12-03 Nyland 01_stabilized.mp4,209
source_retention,data/raw/NVD/annotated_videos/2022-12-03_Nyland_01_stabilized/2022-12-03 Nyland 01_stabilized.mp4,210
source_retention,data/raw/NVD/annotated_videos/2022-12-03_Nyland_01_stabilized/2022-12-03 Nyland 01_stabilized.mp4,211
source_retention,data/raw/NVD/annotated_videos/2022-12-03_Nyland_01_stabilized/2022-12-03 Nyland 01_stabilized.mp4,212
source_retention,data/raw/NVD/annotated_videos/2022-12-03_Nyland_01_stabilized/2022-12-03 Nyland 01_stabilized.mp4,213
source_retention,data/raw/NVD/annotated_videos/2022-12-03_Nyland_01_stabilized/2022-12-03 Nyland 01_stabilized.mp4,214
source_retention,data/raw/NVD/annotated_videos/2022-12-03_Nyland_01_stabilized/2022-12-03 Nyland 01_stabilized.mp4,215
source_retention,data/raw/NVD/annotated_videos/2022-12-03_Nyland_01_stabilized/2022-12-03 Nyland 01_stabilized.mp4,216
source_retention,data/raw/NVD/annotated_videos/2022-12-03_Nyland_01_stabilized/2022-12-03 Nyland 01_stabilized.mp4,217
source_retention,data/raw/NVD/annotated_videos/2022-12-03_Nyland_01_stabilized/2022-12-03 Nyland 01_stabilized.mp4,218
source_retention,data/raw/NVD/annotated_videos/2022-12-03_Nyland_01_stabilized/2022-12-03 Nyland 01_stabilized.mp4,219
source_retention,data/raw/NVD/annotated_videos/2022-12-03_Nyland_01_stabilized/2022-12-03 Nyland 01_stabilized.mp4,220
source_retention,data/raw/NVD/annotated_videos/2022-12-03_Nyland_01_stabilized/2022-12-03 Nyland 01_stabilized.mp4,221
source_retention,data/raw/NVD/annotated_videos/2022-12-03_Nyland_01_stabilized/2022-12-03 Nyland 01_stabilized.mp4,222
source_retention,data/raw/NVD/annotated_videos/2022-12-03_Nyland_01_stabilized/2022-12-03 Nyland 01_stabilized.mp4,223
source_retention,data/raw/NVD/annotated_videos/2022-12-03_Nyland_01_stabilized/2022-12-03 Nyland 01_stabilized.mp4,224
source_retention,data/raw/NVD/annotated_videos/2022-12-03_Nyland_01_stabilized/2022-12-03 Nyland 01_stabilized.mp4,225
source_retention,data/raw/NVD/annotated_videos/2022-12-03_Nyland_01_stabilized/2022-12-03 Nyland 01_stabilized.mp4,226
source_retention,data/raw/NVD/annotated_videos/2022-12-03_Nyland_01_stabilized/2022-12-03 Nyland 01_stabilized.mp4,227
source_retention,data/raw/NVD/annotated_videos/2022-12-03_Nyland_01_stabilized/2022-12-03 Nyland 01_stabilized.mp4,228
source_retention,data/raw/NVD/annotated_videos/2022-12-03_Nyland_01_stabilized/2022-12-03 Nyland 01_stabilized.mp4,229
source_retention,data/raw/NVD/annotated_videos/2022-12-03_Nyland_01_stabilized/2022-12-03 Nyland 01_stabilized.mp4,230
source_retention,data/raw/NVD/annotated_videos/2022-12-03_Nyland_01_stabilized/2022-12-03 Nyland 01_stabilized.mp4,231
source_retention,data/raw/NVD/annotated_videos/2022-12-03_Nyland_01_stabilized/2022-12-03 Nyland 01_stabilized.mp4,232
source_retention,data/raw/NVD/annotated_videos/2022-12-03_Nyland_01_stabilized/2022-12-03 Nyland 01_stabilized.mp4,233
source_retention,data/raw/NVD/annotated_videos/2022-12-03_Nyland_01_stabilized/2022-12-03 Nyland 01_stabilized.mp4,234
source_retention,data/raw/NVD/annotated_videos/2022-12-03_Nyland_01_stabilized/2022-12-03 Nyland 01_stabilized.mp4,235
source_retention,data/raw/NVD/annotated_videos/2022-12-03_Nyland_01_stabilized/2022-12-03 Nyland 01_stabilized.mp4,236
source_retention,data/raw/NVD/annotated_videos/2022-12-03_Nyland_01_stabilized/2022-12-03 Nyland 01_stabilized.mp4,237
source_retention,data/raw/NVD/annotated_videos/2022-12-03_Nyland_01_stabilized/2022-12-03 Nyland 01_stabilized.mp4,238
source_retention,data/raw/NVD/annotated_videos/2022-12-03_Nyland_01_stabilized/2022-12-03 Nyland 01_stabilized.mp4,239
source_retention,data/raw/NVD/annotated_videos/2022-12-03_Nyland_01_stabilized/2022-12-03 Nyland 01_stabilized.mp4,240
source_retention,data/raw/NVD/annotated_videos/2022-12-03_Nyland_01_stabilized/2022-12-03 Nyland 01_stabilized.mp4,241
source_retention,data/raw/NVD/annotated_videos/2022-12-03_Nyland_01_stabilized/2022-12-03 Nyland 01_stabilized.mp4,242
source_retention,data/raw/NVD/annotated_videos/2022-12-03_Nyland_01_stabilized/2022-12-03 Nyland 01_stabilized.mp4,243
source_retention,data/raw/NVD/annotated_videos/2022-12-03_Nyland_01_stabilized/2022-12-03 Nyland 01_stabilized.mp4,244
source_retention,data/raw/NVD/annotated_videos/2022-12-03_Nyland_01_stabilized/2022-12-03 Nyland 01_stabilized.mp4,245
source_retention,data/raw/NVD/annotated_videos/2022-12-03_Nyland_01_stabilized/2022-12-03 Nyland 01_stabilized.mp4,246
source_retention,data/raw/NVD/annotated_videos/2022-12-03_Nyland_01_stabilized/2022-12-03 Nyland 01_stabilized.mp4,247
source_retention,data/raw/NVD/annotated_videos/2022-12-03_Nyland_01_stabilized/2022-12-03 Nyland 01_stabilized.mp4,248
source_retention,data/raw/NVD/annotated_videos/2022-12-03_Nyland_01_stabilized/2022-12-03 Nyland 01_stabilized.mp4,249
source_retention,data/raw/NVD/annotated_videos/2022-12-03_Nyland_01_stabilized/2022-12-03 Nyland 01_stabilized.mp4,250
source_retention,data/raw/NVD/annotated_videos/2022-12-03_Nyland_01_stabilized/2022-12-03 Nyland 01_stabilized.mp4,251
source_retention,data/raw/NVD/annotated_videos/2022-12-03_Nyland_01_stabilized/2022-12-03 Nyland 01_stabilized.mp4,252
source_retention,data/raw/NVD/annotated_videos/2022-12-03_Nyland_01_stabilized/2022-12-03 Nyland 01_stabilized.mp4,253
source_retention,data/raw/NVD/annotated_videos/2022-12-03_Nyland_01_stabilized/2022-12-03 Nyland 01_stabilized.mp4,254
source_retention,data/raw/NVD/annotated_videos/2022-12-03_Nyland_01_stabilized/2022-12-03 Nyland 01_stabilized.mp4,255
source_retention,data/raw/NVD/annotated_videos/2022-12-03_Nyland_01_stabilized/2022-12-03 Nyland 01_stabilized.mp4,256
source_retention,data/raw/NVD/annotated_videos/2022-12-03_Nyland_01_stabilized/2022-12-03 Nyland 01_stabilized.mp4,257
source_retention,data/raw/NVD/annotated_videos/2022-12-03_Nyland_01_stabilized/2022-12-03 Nyland 01_stabilized.mp4,258
source_retention,data/raw/NVD/annotated_videos/2022-12-03_Nyland_01_stabilized/2022-12-03 Nyland 01_stabilized.mp4,259
source_retention,data/raw/NVD/annotated_videos/2022-12-03_Nyland_01_stabilized/2022-12-03 Nyland 01_stabilized.mp4,260
source_retention,data/raw/NVD/annotated_videos/2022-12-03_Nyland_01_stabilized/2022-12-03 Nyland 01_stabilized.mp4,261
source_retention,data/raw/NVD/annotated_videos/2022-12-03_Nyland_01_stabilized/2022-12-03 Nyland 01_stabilized.mp4,262
source_retention,data/raw/NVD/annotated_videos/2022-12-03_Nyland_01_stabilized/2022-12-03 Nyland 01_stabilized.mp4,263
source_retention,data/raw/NVD/annotated_videos/2022-12-03_Nyland_01_stabilized/2022-12-03 Nyland 01_stabilized.mp4,264
source_retention,data/raw/NVD/annotated_videos/2022-12-03_Nyland_01_stabilized/2022-12-03 Nyland 01_stabilized.mp4,265
source_retention,data/raw/NVD/annotated_videos/2022-12-03_Nyland_01_stabilized/2022-12-03 Nyland 01_stabilized.mp4,266
source_retention,data/raw/NVD/annotated_videos/2022-12-03_Nyland_01_stabilized/2022-12-03 Nyland 01_stabilized.mp4,267
source_retention,data/raw/NVD/annotated_videos/2022-12-03_Nyland_01_stabilized/2022-12-03 Nyland 01_stabilized.mp4,268
source_retention,data/raw/NVD/annotated_videos/2022-12-03_Nyland_01_stabilized/2022-12-03 Nyland 01_stabilized.mp4,269
source_retention,data/raw/NVD/annotated_videos/2022-12-03_Nyland_01_stabilized/2022-12-03 Nyland 01_stabilized.mp4,270
source_retention,data/raw/NVD/annotated_videos/2022-12-03_Nyland_01_stabilized/2022-12-03 Nyland 01_stabilized.mp4,271
source_retention,data/raw/NVD/annotated_videos/2022-12-03_Nyland_01_stabilized/2022-12-03 Nyland 01_stabilized.mp4,272
source_retention,data/raw/NVD/annotated_videos/2022-12-03_Nyland_01_stabilized/2022-12-03 Nyland 01_stabilized.mp4,273
source_retention,data/raw/NVD/annotated_videos/2022-12-03_Nyland_01_stabilized/2022-12-03 Nyland 01_stabilized.mp4,274
source_retention,data/raw/NVD/annotated_videos/2022-12-03_Nyland_01_stabilized/2022-12-03 Nyland 01_stabilized.mp4,275
source_retention,data/raw/NVD/annotated_videos/2022-12-03_Nyland_01_stabilized/2022-12-03 Nyland 01_stabilized.mp4,276
source_retention,data/raw/NVD/annotated_videos/2022-12-03_Nyland_01_stabilized/2022-12-03 Nyland 01_stabilized.mp4,277
source_retention,data/raw/NVD/annotated_videos/2022-12-03_Nyland_01_stabilized/2022-12-03 Nyland 01_stabilized.mp4,278
source_retention,data/raw/NVD/annotated_videos/2022-12-03_Nyland_01_stabilized/2022-12-03 Nyland 01_stabilized.mp4,279
source_retention,data/raw/NVD/annotated_videos/2022-12-03_Nyland_01_stabilized/2022-12-03 Nyland 01_stabilized.mp4,280
source_retention,data/raw/NVD/annotated_videos/2022-12-03_Nyland_01_stabilized/2022-12-03 Nyland 01_stabilized.mp4,281
source_retention,data/raw/NVD/annotated_videos/2022-12-03_Nyland_01_stabilized/2022-12-03 Nyland 01_stabilized.mp4,282
source_retention,data/raw/NVD/annotated_videos/2022-12-03_Nyland_01_stabilized/2022-12-03 Nyland 01_stabilized.mp4,283
source_retention,data/raw/NVD/annotated_videos/2022-12-03_Nyland_01_stabilized/2022-12-03 Nyland 01_stabilized.mp4,284
source_retention,data/raw/NVD/annotated_videos/2022-12-03_Nyland_01_stabilized/2022-12-03 Nyland 01_stabilized.mp4,285
source_retention,data/raw/NVD/annotated_videos/2022-12-03_Nyland_01_stabilized/2022-12-03 Nyland 01_stabilized.mp4,286
source_retention,data/raw/NVD/annotated_videos/2022-12-03_Nyland_01_stabilized/2022-12-03 Nyland 01_stabilized.mp4,287
source_retention,data/raw/NVD/annotated_videos/2022-12-03_Nyland_01_stabilized/2022-12-03 Nyland 01_stabilized.mp4,288
source_retention,data/raw/NVD/annotated_videos/2022-12-03_Nyland_01_stabilized/2022-12-03 Nyland 01_stabilized.mp4,289
source_retention,data/raw/NVD/annotated_videos/2022-12-03_Nyland_01_stabilized/2022-12-03 Nyland 01_stabilized.mp4,290
source_retention,data/raw/NVD/annotated_videos/2022-12-03_Nyland_01_stabilized/2022-12-03 Nyland 01_stabilized.mp4,291
source_retention,data/raw/NVD/annotated_videos/2022-12-03_Nyland_01_stabilized/2022-12-03 Nyland 01_stabilized.mp4,292
source_retention,data/raw/NVD/annotated_videos/2022-12-03_Nyland_01_stabilized/2022-12-03 Nyland 01_stabilized.mp4,293
source_retention,data/raw/NVD/annotated_videos/2022-12-03_Nyland_01_stabilized/2022-12-03 Nyland 01_stabilized.mp4,294
source_retention,data/raw/NVD/annotated_videos/2022-12-03_Nyland_01_stabilized/2022-12-03 Nyland 01_stabilized.mp4,295
source_retention,data/raw/NVD/annotated_videos/2022-12-03_Nyland_01_stabilized/2022-12-03 Nyland 01_stabilized.mp4,296
source_retention,data/raw/NVD/annotated_videos/2022-12-03_Nyland_01_stabilized/2022-12-03 Nyland 01_stabilized.mp4,297
source_retention,data/raw/NVD/annotated_videos/2022-12-03_Nyland_01_stabilized/2022-12-03 Nyland 01_stabilized.mp4,298
source_retention,data/raw/NVD/annotated_videos/2022-12-03_Nyland_01_stabilized/2022-12-03 Nyland 01_stabilized.mp4,299
source_retention,data/raw/NVD/annotated_videos/2022-12-03_Nyland_01_stabilized/2022-12-03 Nyland 01_stabilized.mp4,300
source_retention,data/raw/NVD/annotated_videos/2022-12-03_Nyland_01_stabilized/2022-12-03 Nyland 01_stabilized.mp4,301
source_retention,data/raw/NVD/annotated_videos/2022-12-03_Nyland_01_stabilized/2022-12-03 Nyland 01_stabilized.mp4,302
source_retention,data/raw/NVD/annotated_videos/2022-12-03_Nyland_01_stabilized/2022-12-03 Nyland 01_stabilized.mp4,303
source_retention,data/raw/NVD/annotated_videos/2022-12-03_Nyland_01_stabilized/2022-12-03 Nyland 01_stabilized.mp4,304
source_retention,data/raw/NVD/annotated_videos/2022-12-03_Nyland_01_stabilized/2022-12-03 Nyland 01_stabilized.mp4,305
source_retention,data/raw/NVD/annotated_videos/2022-12-03_Nyland_01_stabilized/2022-12-03 Nyland 01_stabilized.mp4,306
source_retention,data/raw/NVD/annotated_videos/2022-12-03_Nyland_01_stabilized/2022-12-03 Nyland 01_stabilized.mp4,307
source_retention,data/raw/NVD/annotated_videos/2022-12-03_Nyland_01_stabilized/2022-12-03 Nyland 01_stabilized.mp4,308
source_retention,data/raw/NVD/annotated_videos/2022-12-03_Nyland_01_stabilized/2022-12-03 Nyland 01_stabilized.mp4,309
source_retention,data/raw/NVD/annotated_videos/2022-12-03_Nyland_01_stabilized/2022-12-03 Nyland 01_stabilized.mp4,310
source_retention,data/raw/NVD/annotated_videos/2022-12-03_Nyland_01_stabilized/2022-12-03 Nyland 01_stabilized.mp4,311
source_retention,data/raw/NVD/annotated_videos/2022-12-03_Nyland_01_stabilized/2022-12-03 Nyland 01_stabilized.mp4,312
source_retention,data/raw/NVD/annotated_videos/2022-12-03_Nyland_01_stabilized/2022-12-03 Nyland 01_stabilized.mp4,313
source_retention,data/raw/NVD/annotated_videos/2022-12-03_Nyland_01_stabilized/2022-12-03 Nyland 01_stabilized.mp4,314
source_retention,data/raw/NVD/annotated_videos/2022-12-03_Nyland_01_stabilized/2022-12-03 Nyland 01_stabilized.mp4,315
source_retention,data/raw/NVD/annotated_videos/2022-12-03_Nyland_01_stabilized/2022-12-03 Nyland 01_stabilized.mp4,316
source_retention,data/raw/NVD/annotated_videos/2022-12-03_Nyland_01_stabilized/2022-12-03 Nyland 01_stabilized.mp4,317
source_retention,data/raw/NVD/annotated_videos/2022-12-03_Nyland_01_stabilized/2022-12-03 Nyland 01_stabilized.mp4,318
source_retention,data/raw/NVD/annotated_videos/2022-12-03_Nyland_01_stabilized/2022-12-03 Nyland 01_stabilized.mp4,319
source_retention,data/raw/NVD/annotated_videos/2022-12-03_Nyland_01_stabilized/2022-12-03 Nyland 01_stabilized.mp4,320
source_retention,data/raw/NVD/annotated_videos/2022-12-03_Nyland_01_stabilized/2022-12-03 Nyland 01_stabilized.mp4,321
source_retention,data/raw/NVD/annotated_videos/2022-12-03_Nyland_01_stabilized/2022-12-03 Nyland 01_stabilized.mp4,322
source_retention,data/raw/NVD/annotated_videos/2022-12-03_Nyland_01_stabilized/2022-12-03 Nyland 01_stabilized.mp4,323
source_retention,data/raw/NVD/annotated_videos/2022-12-03_Nyland_01_stabilized/2022-12-03 Nyland 01_stabilized.mp4,324
source_retention,data/raw/NVD/annotated_videos/2022-12-03_Nyland_01_stabilized/2022-12-03 Nyland 01_stabilized.mp4,325
source_retention,data/raw/NVD/annotated_videos/2022-12-03_Nyland_01_stabilized/2022-12-03 Nyland 01_stabilized.mp4,326
source_retention,data/raw/NVD/annotated_videos/2022-12-03_Nyland_01_stabilized/2022-12-03 Nyland 01_stabilized.mp4,327
source_retention,data/raw/NVD/annotated_videos/2022-12-03_Nyland_01_stabilized/2022-12-03 Nyland 01_stabilized.mp4,328
source_retention,data/raw/NVD/annotated_videos/2022-12-03_Nyland_01_stabilized/2022-12-03 Nyland 01_stabilized.mp4,329
source_retention,data/raw/NVD/annotated_videos/2022-12-03_Nyland_01_stabilized/2022-12-03 Nyland 01_stabilized.mp4,330
source_retention,data/raw/NVD/annotated_videos/2022-12-03_Nyland_01_stabilized/2022-12-03 Nyland 01_stabilized.mp4,331
source_retention,data/raw/NVD/annotated_videos/2022-12-03_Nyland_01_stabilized/2022-12-03 Nyland 01_stabilized.mp4,332
source_retention,data/raw/NVD/annotated_videos/2022-12-03_Nyland_01_stabilized/2022-12-03 Nyland 01_stabilized.mp4,333
source_retention,data/raw/NVD/annotated_videos/2022-12-03_Nyland_01_stabilized/2022-12-03 Nyland 01_stabilized.mp4,334
source_retention,data/raw/NVD/annotated_videos/2022-12-03_Nyland_01_stabilized/2022-12-03 Nyland 01_stabilized.mp4,335
source_retention,data/raw/NVD/annotated_videos/2022-12-03_Nyland_01_stabilized/2022-12-03 Nyland 01_stabilized.mp4,336
source_retention,data/raw/NVD/annotated_videos/2022-12-03_Nyland_01_stabilized/2022-12-03 Nyland 01_stabilized.mp4,337
source_retention,data/raw/NVD/annotated_videos/2022-12-03_Nyland_01_stabilized/2022-12-03 Nyland 01_stabilized.mp4,338
source_retention,data/raw/NVD/annotated_videos/2022-12-03_Nyland_01_stabilized/2022-12-03 Nyland 01_stabilized.mp4,339
source_retention,data/raw/NVD/annotated_videos/2022-12-03_Nyland_01_stabilized/2022-12-03 Nyland 01_stabilized.mp4,340
source_retention,data/raw/NVD/annotated_videos/2022-12-03_Nyland_01_stabilized/2022-12-03 Nyland 01_stabilized.mp4,341
source_retention,data/raw/NVD/annotated_videos/2022-12-03_Nyland_01_stabilized/2022-12-03 Nyland 01_stabilized.mp4,342
source_retention,data/raw/NVD/annotated_videos/2022-12-03_Nyland_01_stabilized/2022-12-03 Nyland 01_stabilized.mp4,343
source_retention,data/raw/NVD/annotated_videos/2022-12-03_Nyland_01_stabilized/2022-12-03 Nyland 01_stabilized.mp4,344
source_retention,data/raw/NVD/annotated_videos/2022-12-03_Nyland_01_stabilized/2022-12-03 Nyland 01_stabilized.mp4,345
source_retention,data/raw/NVD/annotated_videos/2022-12-03_Nyland_01_stabilized/2022-12-03 Nyland 01_stabilized.mp4,346
source_retention,data/raw/NVD/annotated_videos/2022-12-03_Nyland_01_stabilized/2022-12-03 Nyland 01_stabilized.mp4,347
source_retention,data/raw/NVD/annotated_videos/2022-12-03_Nyland_01_stabilized/2022-12-03 Nyland 01_stabilized.mp4,348
source_retention,data/raw/NVD/annotated_videos/2022-12-03_Nyland_01_stabilized/2022-12-03 Nyland 01_stabilized.mp4,349
source_retention,data/raw/NVD/annotated_videos/2022-12-03_Nyland_01_stabilized/2022-12-03 Nyland 01_stabilized.mp4,350
source_retention,data/raw/NVD/annotated_videos/2022-12-03_Nyland_01_stabilized/2022-12-03 Nyland 01_stabilized.mp4,351
source_retention,data/raw/NVD/annotated_videos/2022-12-03_Nyland_01_stabilized/2022-12-03 Nyland 01_stabilized.mp4,352
source_retention,data/raw/NVD/annotated_videos/2022-12-03_Nyland_01_stabilized/2022-12-03 Nyland 01_stabilized.mp4,353
source_retention,data/raw/NVD/annotated_videos/2022-12-03_Nyland_01_stabilized/2022-12-03 Nyland 01_stabilized.mp4,354
source_retention,data/raw/NVD/annotated_videos/2022-12-03_Nyland_01_stabilized/2022-12-03 Nyland 01_stabilized.mp4,355
source_retention,data/raw/NVD/annotated_videos/2022-12-03_Nyland_01_stabilized/2022-12-03 Nyland 01_stabilized.mp4,356
source_retention,data/raw/NVD/annotated_videos/2022-12-03_Nyland_01_stabilized/2022-12-03 Nyland 01_stabilized.mp4,357
source_retention,data/raw/NVD/annotated_videos/2022-12-03_Nyland_01_stabilized/2022-12-03 Nyland 01_stabilized.mp4,358
source_retention,data/raw/NVD/annotated_videos/2022-12-03_Nyland_01_stabilized/2022-12-03 Nyland 01_stabilized.mp4,359
source_retention,data/raw/NVD/annotated_videos/2022-12-03_Nyland_01_stabilized/2022-12-03 Nyland 01_stabilized.mp4,360
source_retention,data/raw/NVD/annotated_videos/2022-12-03_Nyland_01_stabilized/2022-12-03 Nyland 01_stabilized.mp4,361
source_retention,data/raw/NVD/annotated_videos/2022-12-03_Nyland_01_stabilized/2022-12-03 Nyland 01_stabilized.mp4,362
source_retention,data/raw/NVD/annotated_videos/2022-12-03_Nyland_01_stabilized/2022-12-03 Nyland 01_stabilized.mp4,363
source_retention,data/raw/NVD/annotated_videos/2022-12-03_Nyland_01_stabilized/2022-12-03 Nyland 01_stabilized.mp4,364
source_retention,data/raw/NVD/annotated_videos/2022-12-03_Nyland_01_stabilized/2022-12-03 Nyland 01_stabilized.mp4,365
source_retention,data/raw/NVD/annotated_videos/2022-12-03_Nyland_01_stabilized/2022-12-03 Nyland 01_stabilized.mp4,366
source_retention,data/raw/NVD/annotated_videos/2022-12-03_Nyland_01_stabilized/2022-12-03 Nyland 01_stabilized.mp4,367
source_retention,data/raw/NVD/annotated_videos/2022-12-03_Nyland_01_stabilized/2022-12-03 Nyland 01_stabilized.mp4,368
source_retention,data/raw/NVD/annotated_videos/2022-12-03_Nyland_01_stabilized/2022-12-03 Nyland 01_stabilized.mp4,369
source_retention,data/raw/NVD/annotated_videos/2022-12-03_Nyland_01_stabilized/2022-12-03 Nyland 01_stabilized.mp4,370
source_retention,data/raw/NVD/annotated_videos/2022-12-03_Nyland_01_stabilized/2022-12-03 Nyland 01_stabilized.mp4,371
source_retention,data/raw/NVD/annotated_videos/2022-12-03_Nyland_01_stabilized/2022-12-03 Nyland 01_stabilized.mp4,372
source_retention,data/raw/NVD/annotated_videos/2022-12-03_Nyland_01_stabilized/2022-12-03 Nyland 01_stabilized.mp4,373
source_retention,data/raw/NVD/annotated_videos/2022-12-03_Nyland_01_stabilized/2022-12-03 Nyland 01_stabilized.mp4,374
source_retention,data/raw/NVD/annotated_videos/2022-12-03_Nyland_01_stabilized/2022-12-03 Nyland 01_stabilized.mp4,375
source_retention,data/raw/NVD/annotated_videos/2022-12-03_Nyland_01_stabilized/2022-12-03 Nyland 01_stabilized.mp4,376
source_retention,data/raw/NVD/annotated_videos/2022-12-03_Nyland_01_stabilized/2022-12-03 Nyland 01_stabilized.mp4,377
source_retention,data/raw/NVD/annotated_videos/2022-12-03_Nyland_01_stabilized/2022-12-03 Nyland 01_stabilized.mp4,378
source_retention,data/raw/NVD/annotated_videos/2022-12-03_Nyland_01_stabilized/2022-12-03 Nyland 01_stabilized.mp4,379
source_retention,data/raw/NVD/annotated_videos/2022-12-03_Nyland_01_stabilized/2022-12-03 Nyland 01_stabilized.mp4,380
source_retention,data/raw/NVD/annotated_videos/2022-12-03_Nyland_01_stabilized/2022-12-03 Nyland 01_stabilized.mp4,381
source_retention,data/raw/NVD/annotated_videos/2022-12-03_Nyland_01_stabilized/2022-12-03 Nyland 01_stabilized.mp4,382
source_retention,data/raw/NVD/annotated_videos/2022-12-03_Nyland_01_stabilized/2022-12-03 Nyland 01_stabilized.mp4,383
source_retention,data/raw/NVD/annotated_videos/2022-12-03_Nyland_01_stabilized/2022-12-03 Nyland 01_stabilized.mp4,384
source_retention,data/raw/NVD/annotated_videos/2022-12-03_Nyland_01_stabilized/2022-12-03 Nyland 01_stabilized.mp4,385
source_retention,data/raw/NVD/annotated_videos/2022-12-03_Nyland_01_stabilized/2022-12-03 Nyland 01_stabilized.mp4,386
source_retention,data/raw/NVD/annotated_videos/2022-12-03_Nyland_01_stabilized/2022-12-03 Nyland 01_stabilized.mp4,387
source_retention,data/raw/NVD/annotated_videos/2022-12-03_Nyland_01_stabilized/2022-12-03 Nyland 01_stabilized.mp4,388
source_retention,data/raw/NVD/annotated_videos/2022-12-03_Nyland_01_stabilized/2022-12-03 Nyland 01_stabilized.mp4,389
source_retention,data/raw/NVD/annotated_videos/2022-12-03_Nyland_01_stabilized/2022-12-03 Nyland 01_stabilized.mp4,390
source_retention,data/raw/NVD/annotated_videos/2022-12-03_Nyland_01_stabilized/2022-12-03 Nyland 01_stabilized.mp4,391
source_retention,data/raw/NVD/annotated_videos/2022-12-03_Nyland_01_stabilized/2022-12-03 Nyland 01_stabilized.mp4,392
source_retention,data/raw/NVD/annotated_videos/2022-12-03_Nyland_01_stabilized/2022-12-03 Nyland 01_stabilized.mp4,393
source_retention,data/raw/NVD/annotated_videos/2022-12-03_Nyland_01_stabilized/2022-12-03 Nyland 01_stabilized.mp4,394
source_retention,data/raw/NVD/annotated_videos/2022-12-03_Nyland_01_stabilized/2022-12-03 Nyland 01_stabilized.mp4,395
source_retention,data/raw/NVD/annotated_videos/2022-12-03_Nyland_01_stabilized/2022-12-03 Nyland 01_stabilized.mp4,396
source_retention,data/raw/NVD/annotated_videos/2022-12-03_Nyland_01_stabilized/2022-12-03 Nyland 01_stabilized.mp4,397
source_retention,data/raw/NVD/annotated_videos/2022-12-03_Nyland_01_stabilized/2022-12-03 Nyland 01_stabilized.mp4,398
source_retention,data/raw/NVD/annotated_videos/2022-12-03_Nyland_01_stabilized/2022-12-03 Nyland 01_stabilized.mp4,399
source_retention,data/raw/NVD/annotated_videos/2022-12-03_Nyland_01_stabilized/2022-12-03 Nyland 01_stabilized.mp4,400
source_retention,data/raw/NVD/annotated_videos/2022-12-03_Nyland_01_stabilized/2022-12-03 Nyland 01_stabilized.mp4,401
source_retention,data/raw/NVD/annotated_videos/2022-12-03_Nyland_01_stabilized/2022-12-03 Nyland 01_stabilized.mp4,402
source_retention,data/raw/NVD/annotated_videos/2022-12-03_Nyland_01_stabilized/2022-12-03 Nyland 01_stabilized.mp4,403
source_retention,data/raw/NVD/annotated_videos/2022-12-03_Nyland_01_stabilized/2022-12-03 Nyland 01_stabilized.mp4,404
source_retention,data/raw/NVD/annotated_videos/2022-12-03_Nyland_01_stabilized/2022-12-03 Nyland 01_stabilized.mp4,405
source_retention,data/raw/NVD/annotated_videos/2022-12-03_Nyland_01_stabilized/2022-12-03 Nyland 01_stabilized.mp4,406
source_retention,data/raw/NVD/annotated_videos/2022-12-03_Nyland_01_stabilized/2022-12-03 Nyland 01_stabilized.mp4,407
source_retention,data/raw/NVD/annotated_videos/2022-12-03_Nyland_01_stabilized/2022-12-03 Nyland 01_stabilized.mp4,408
source_retention,data/raw/NVD/annotated_videos/2022-12-03_Nyland_01_stabilized/2022-12-03 Nyland 01_stabilized.mp4,409
source_retention,data/raw/NVD/annotated_videos/2022-12-03_Nyland_01_stabilized/2022-12-03 Nyland 01_stabilized.mp4,410
source_retention,data/raw/NVD/annotated_videos/2022-12-03_Nyland_01_stabilized/2022-12-03 Nyland 01_stabilized.mp4,411
source_retention,data/raw/NVD/annotated_videos/2022-12-03_Nyland_01_stabilized/2022-12-03 Nyland 01_stabilized.mp4,412
source_retention,data/raw/NVD/annotated_videos/2022-12-03_Nyland_01_stabilized/2022-12-03 Nyland 01_stabilized.mp4,413
source_retention,data/raw/NVD/annotated_videos/2022-12-03_Nyland_01_stabilized/2022-12-03 Nyland 01_stabilized.mp4,414
source_retention,data/raw/NVD/annotated_videos/2022-12-03_Nyland_01_stabilized/2022-12-03 Nyland 01_stabilized.mp4,415
source_retention,data/raw/NVD/annotated_videos/2022-12-03_Nyland_01_stabilized/2022-12-03 Nyland 01_stabilized.mp4,416
source_retention,data/raw/NVD/annotated_videos/2022-12-03_Nyland_01_stabilized/2022-12-03 Nyland 01_stabilized.mp4,417
source_retention,data/raw/NVD/annotated_videos/2022-12-03_Nyland_01_stabilized/2022-12-03 Nyland 01_stabilized.mp4,418
source_retention,data/raw/NVD/annotated_videos/2022-12-03_Nyland_01_stabilized/2022-12-03 Nyland 01_stabilized.mp4,419
source_retention,data/raw/NVD/annotated_videos/2022-12-03_Nyland_01_stabilized/2022-12-03 Nyland 01_stabilized.mp4,420
source_retention,data/raw/NVD/annotated_videos/2022-12-03_Nyland_01_stabilized/2022-12-03 Nyland 01_stabilized.mp4,421
source_retention,data/raw/NVD/annotated_videos/2022-12-03_Nyland_01_stabilized/2022-12-03 Nyland 01_stabilized.mp4,422
source_retention,data/raw/NVD/annotated_videos/2022-12-03_Nyland_01_stabilized/2022-12-03 Nyland 01_stabilized.mp4,423
source_retention,data/raw/NVD/annotated_videos/2022-12-03_Nyland_01_stabilized/2022-12-03 Nyland 01_stabilized.mp4,424
source_retention,data/raw/NVD/annotated_videos/2022-12-03_Nyland_01_stabilized/2022-12-03 Nyland 01_stabilized.mp4,425
source_retention,data/raw/NVD/annotated_videos/2022-12-03_Nyland_01_stabilized/2022-12-03 Nyland 01_stabilized.mp4,426
source_retention,data/raw/NVD/annotated_videos/2022-12-03_Nyland_01_stabilized/2022-12-03 Nyland 01_stabilized.mp4,427
source_retention,data/raw/NVD/annotated_videos/2022-12-03_Nyland_01_stabilized/2022-12-03 Nyland 01_stabilized.mp4,428
source_retention,data/raw/NVD/annotated_videos/2022-12-03_Nyland_01_stabilized/2022-12-03 Nyland 01_stabilized.mp4,429
source_retention,data/raw/NVD/annotated_videos/2022-12-03_Nyland_01_stabilized/2022-12-03 Nyland 01_stabilized.mp4,430
source_retention,data/raw/NVD/annotated_videos/2022-12-03_Nyland_01_stabilized/2022-12-03 Nyland 01_stabilized.mp4,431
source_retention,data/raw/NVD/annotated_videos/2022-12-03_Nyland_01_stabilized/2022-12-03 Nyland 01_stabilized.mp4,432
source_retention,data/raw/NVD/annotated_videos/2022-12-03_Nyland_01_stabilized/2022-12-03 Nyland 01_stabilized.mp4,433
source_retention,data/raw/NVD/annotated_videos/2022-12-03_Nyland_01_stabilized/2022-12-03 Nyland 01_stabilized.mp4,434
source_retention,data/raw/NVD/annotated_videos/2022-12-03_Nyland_01_stabilized/2022-12-03 Nyland 01_stabilized.mp4,435
source_retention,data/raw/NVD/annotated_videos/2022-12-03_Nyland_01_stabilized/2022-12-03 Nyland 01_stabilized.mp4,436
source_retention,data/raw/NVD/annotated_videos/2022-12-03_Nyland_01_stabilized/2022-12-03 Nyland 01_stabilized.mp4,437
source_retention,data/raw/NVD/annotated_videos/2022-12-03_Nyland_01_stabilized/2022-12-03 Nyland 01_stabilized.mp4,438
source_retention,data/raw/NVD/annotated_videos/2022-12-03_Nyland_01_stabilized/2022-12-03 Nyland 01_stabilized.mp4,439
source_retention,data/raw/NVD/annotated_videos/2022-12-03_Nyland_01_stabilized/2022-12-03 Nyland 01_stabilized.mp4,440
source_retention,data/raw/NVD/annotated_videos/2022-12-03_Nyland_01_stabilized/2022-12-03 Nyland 01_stabilized.mp4,441
source_retention,data/raw/NVD/annotated_videos/2022-12-03_Nyland_01_stabilized/2022-12-03 Nyland 01_stabilized.mp4,442
source_retention,data/raw/NVD/annotated_videos/2022-12-03_Nyland_01_stabilized/2022-12-03 Nyland 01_stabilized.mp4,443
source_retention,data/raw/NVD/annotated_videos/2022-12-03_Nyland_01_stabilized/2022-12-03 Nyland 01_stabilized.mp4,444
source_retention,data/raw/NVD/annotated_videos/2022-12-03_Nyland_01_stabilized/2022-12-03 Nyland 01_stabilized.mp4,445
source_retention,data/raw/NVD/annotated_videos/2022-12-03_Nyland_01_stabilized/2022-12-03 Nyland 01_stabilized.mp4,446
source_retention,data/raw/NVD/annotated_videos/2022-12-03_Nyland_01_stabilized/2022-12-03 Nyland 01_stabilized.mp4,447
source_retention,data/raw/NVD/annotated_videos/2022-12-03_Nyland_01_stabilized/2022-12-03 Nyland 01_stabilized.mp4,448
source_retention,data/raw/NVD/annotated_videos/2022-12-03_Nyland_01_stabilized/2022-12-03 Nyland 01_stabilized.mp4,449
source_retention,data/raw/NVD/annotated_videos/2022-12-03_Nyland_01_stabilized/2022-12-03 Nyland 01_stabilized.mp4,450
source_retention,data/raw/NVD/annotated_videos/2022-12-03_Nyland_01_stabilized/2022-12-03 Nyland 01_stabilized.mp4,451
source_retention,data/raw/NVD/annotated_videos/2022-12-03_Nyland_01_stabilized/2022-12-03 Nyland 01_stabilized.mp4,452
source_retention,data/raw/NVD/annotated_videos/2022-12-03_Nyland_01_stabilized/2022-12-03 Nyland 01_stabilized.mp4,453
source_retention,data/raw/NVD/annotated_videos/2022-12-03_Nyland_01_stabilized/2022-12-03 Nyland 01_stabilized.mp4,454
source_retention,data/raw/NVD/annotated_videos/2022-12-03_Nyland_01_stabilized/2022-12-03 Nyland 01_stabilized.mp4,455
source_retention,data/raw/NVD/annotated_videos/2022-12-03_Nyland_01_stabilized/2022-12-03 Nyland 01_stabilized.mp4,456
source_retention,data/raw/NVD/annotated_videos/2022-12-03_Nyland_01_stabilized/2022-12-03 Nyland 01_stabilized.mp4,457
source_retention,data/raw/NVD/annotated_videos/2022-12-03_Nyland_01_stabilized/2022-12-03 Nyland 01_stabilized.mp4,458
source_retention,data/raw/NVD/annotated_videos/2022-12-03_Nyland_01_stabilized/2022-12-03 Nyland 01_stabilized.mp4,459
source_retention,data/raw/NVD/annotated_videos/2022-12-03_Nyland_01_stabilized/2022-12-03 Nyland 01_stabilized.mp4,460
source_retention,data/raw/NVD/annotated_videos/2022-12-03_Nyland_01_stabilized/2022-12-03 Nyland 01_stabilized.mp4,461
source_retention,data/raw/NVD/annotated_videos/2022-12-03_Nyland_01_stabilized/2022-12-03 Nyland 01_stabilized.mp4,462
source_retention,data/raw/NVD/annotated_videos/2022-12-03_Nyland_01_stabilized/2022-12-03 Nyland 01_stabilized.mp4,463
source_retention,data/raw/NVD/annotated_videos/2022-12-03_Nyland_01_stabilized/2022-12-03 Nyland 01_stabilized.mp4,464
source_retention,data/raw/NVD/annotated_videos/2022-12-03_Nyland_01_stabilized/2022-12-03 Nyland 01_stabilized.mp4,465
source_retention,data/raw/NVD/annotated_videos/2022-12-03_Nyland_01_stabilized/2022-12-03 Nyland 01_stabilized.mp4,466
source_retention,data/raw/NVD/annotated_videos/2022-12-03_Nyland_01_stabilized/2022-12-03 Nyland 01_stabilized.mp4,467
source_retention,data/raw/NVD/annotated_videos/2022-12-03_Nyland_01_stabilized/2022-12-03 Nyland 01_stabilized.mp4,468
source_retention,data/raw/NVD/annotated_videos/2022-12-03_Nyland_01_stabilized/2022-12-03 Nyland 01_stabilized.mp4,469
source_retention,data/raw/NVD/annotated_videos/2022-12-03_Nyland_01_stabilized/2022-12-03 Nyland 01_stabilized.mp4,470
source_retention,data/raw/NVD/annotated_videos/2022-12-03_Nyland_01_stabilized/2022-12-03 Nyland 01_stabilized.mp4,471
source_retention,data/raw/NVD/annotated_videos/2022-12-03_Nyland_01_stabilized/2022-12-03 Nyland 01_stabilized.mp4,472
source_retention,data/raw/NVD/annotated_videos/2022-12-03_Nyland_01_stabilized/2022-12-03 Nyland 01_stabilized.mp4,473
source_retention,data/raw/NVD/annotated_videos/2022-12-03_Nyland_01_stabilized/2022-12-03 Nyland 01_stabilized.mp4,474
source_retention,data/raw/NVD/annotated_videos/2022-12-03_Nyland_01_stabilized/2022-12-03 Nyland 01_stabilized.mp4,475
source_retention,data/raw/NVD/annotated_videos/2022-12-03_Nyland_01_stabilized/2022-12-03 Nyland 01_stabilized.mp4,476
source_retention,data/raw/NVD/annotated_videos/2022-12-03_Nyland_01_stabilized/2022-12-03 Nyland 01_stabilized.mp4,477
source_retention,data/raw/NVD/annotated_videos/2022-12-03_Nyland_01_stabilized/2022-12-03 Nyland 01_stabilized.mp4,478
source_retention,data/raw/NVD/annotated_videos/2022-12-03_Nyland_01_stabilized/2022-12-03 Nyland 01_stabilized.mp4,479
source_retention,data/raw/NVD/annotated_videos/2022-12-03_Nyland_01_stabilized/2022-12-03 Nyland 01_stabilized.mp4,480
source_retention,data/raw/NVD/annotated_videos/2022-12-03_Nyland_01_stabilized/2022-12-03 Nyland 01_stabilized.mp4,481
source_retention,data/raw/NVD/annotated_videos/2022-12-03_Nyland_01_stabilized/2022-12-03 Nyland 01_stabilized.mp4,482
source_retention,data/raw/NVD/annotated_videos/2022-12-03_Nyland_01_stabilized/2022-12-03 Nyland 01_stabilized.mp4,483
source_retention,data/raw/NVD/annotated_videos/2022-12-03_Nyland_01_stabilized/2022-12-03 Nyland 01_stabilized.mp4,484
source_retention,data/raw/NVD/annotated_videos/2022-12-03_Nyland_01_stabilized/2022-12-03 Nyland 01_stabilized.mp4,485
source_retention,data/raw/NVD/annotated_videos/2022-12-03_Nyland_01_stabilized/2022-12-03 Nyland 01_stabilized.mp4,486
source_retention,data/raw/NVD/annotated_videos/2022-12-03_Nyland_01_stabilized/2022-12-03 Nyland 01_stabilized.mp4,487
source_retention,data/raw/NVD/annotated_videos/2022-12-03_Nyland_01_stabilized/2022-12-03 Nyland 01_stabilized.mp4,488
source_retention,data/raw/NVD/annotated_videos/2022-12-03_Nyland_01_stabilized/2022-12-03 Nyland 01_stabilized.mp4,489
source_retention,data/raw/NVD/annotated_videos/2022-12-03_Nyland_01_stabilized/2022-12-03 Nyland 01_stabilized.mp4,490
source_retention,data/raw/NVD/annotated_videos/2022-12-03_Nyland_01_stabilized/2022-12-03 Nyland 01_stabilized.mp4,491
source_retention,data/raw/NVD/annotated_videos/2022-12-03_Nyland_01_stabilized/2022-12-03 Nyland 01_stabilized.mp4,492
source_retention,data/raw/NVD/annotated_videos/2022-12-03_Nyland_01_stabilized/2022-12-03 Nyland 01_stabilized.mp4,493
source_retention,data/raw/NVD/annotated_videos/2022-12-03_Nyland_01_stabilized/2022-12-03 Nyland 01_stabilized.mp4,494
source_retention,data/raw/NVD/annotated_videos/2022-12-03_Nyland_01_stabilized/2022-12-03 Nyland 01_stabilized.mp4,495
source_retention,data/raw/NVD/annotated_videos/2022-12-03_Nyland_01_stabilized/2022-12-03 Nyland 01_stabilized.mp4,496
source_retention,data/raw/NVD/annotated_videos/2022-12-03_Nyland_01_stabilized/2022-12-03 Nyland 01_stabilized.mp4,497
source_retention,data/raw/NVD/annotated_videos/2022-12-03_Nyland_01_stabilized/2022-12-03 Nyland 01_stabilized.mp4,498
source_retention,data/raw/NVD/annotated_videos/2022-12-03_Nyland_01_stabilized/2022-12-03 Nyland 01_stabilized.mp4,499
source_retention,data/raw/NVD/annotated_videos/2022-12-03_Nyland_01_stabilized/2022-12-03 Nyland 01_stabilized.mp4,500
source_retention,data/raw/NVD/annotated_videos/2022-12-03_Nyland_01_stabilized/2022-12-03 Nyland 01_stabilized.mp4,501
source_retention,data/raw/NVD/annotated_videos/2022-12-03_Nyland_01_stabilized/2022-12-03 Nyland 01_stabilized.mp4,502
source_retention,data/raw/NVD/annotated_videos/2022-12-03_Nyland_01_stabilized/2022-12-03 Nyland 01_stabilized.mp4,503
source_retention,data/raw/NVD/annotated_videos/2022-12-03_Nyland_01_stabilized/2022-12-03 Nyland 01_stabilized.mp4,504
source_retention,data/raw/NVD/annotated_videos/2022-12-03_Nyland_01_stabilized/2022-12-03 Nyland 01_stabilized.mp4,505
source_retention,data/raw/NVD/annotated_videos/2022-12-03_Nyland_01_stabilized/2022-12-03 Nyland 01_stabilized.mp4,506
source_retention,data/raw/NVD/annotated_videos/2022-12-03_Nyland_01_stabilized/2022-12-03 Nyland 01_stabilized.mp4,507
source_retention,data/raw/NVD/annotated_videos/2022-12-03_Nyland_01_stabilized/2022-12-03 Nyland 01_stabilized.mp4,508
source_retention,data/raw/NVD/annotated_videos/2022-12-03_Nyland_01_stabilized/2022-12-03 Nyland 01_stabilized.mp4,509
source_retention,data/raw/NVD/annotated_videos/2022-12-03_Nyland_01_stabilized/2022-12-03 Nyland 01_stabilized.mp4,510
source_retention,data/raw/NVD/annotated_videos/2022-12-03_Nyland_01_stabilized/2022-12-03 Nyland 01_stabilized.mp4,511
source_retention,data/raw/NVD/annotated_videos/2022-12-03_Nyland_01_stabilized/2022-12-03 Nyland 01_stabilized.mp4,512
source_retention,data/raw/NVD/annotated_videos/2022-12-03_Nyland_01_stabilized/2022-12-03 Nyland 01_stabilized.mp4,513
source_retention,data/raw/NVD/annotated_videos/2022-12-03_Nyland_01_stabilized/2022-12-03 Nyland 01_stabilized.mp4,514
source_retention,data/raw/NVD/annotated_videos/2022-12-03_Nyland_01_stabilized/2022-12-03 Nyland 01_stabilized.mp4,515
source_retention,data/raw/NVD/annotated_videos/2022-12-03_Nyland_01_stabilized/2022-12-03 Nyland 01_stabilized.mp4,516
source_retention,data/raw/NVD/annotated_videos/2022-12-03_Nyland_01_stabilized/2022-12-03 Nyland 01_stabilized.mp4,517
source_retention,data/raw/NVD/annotated_videos/2022-12-03_Nyland_01_stabilized/2022-12-03 Nyland 01_stabilized.mp4,518
source_retention,data/raw/NVD/annotated_videos/2022-12-03_Nyland_01_stabilized/2022-12-03 Nyland 01_stabilized.mp4,519
source_retention,data/raw/NVD/annotated_videos/2022-12-03_Nyland_01_stabilized/2022-12-03 Nyland 01_stabilized.mp4,520
source_retention,data/raw/NVD/annotated_videos/2022-12-03_Nyland_01_stabilized/2022-12-03 Nyland 01_stabilized.mp4,521
source_retention,data/raw/NVD/annotated_videos/2022-12-03_Nyland_01_stabilized/2022-12-03 Nyland 01_stabilized.mp4,522
source_retention,data/raw/NVD/annotated_videos/2022-12-03_Nyland_01_stabilized/2022-12-03 Nyland 01_stabilized.mp4,523
source_retention,data/raw/NVD/annotated_videos/2022-12-03_Nyland_01_stabilized/2022-12-03 Nyland 01_stabilized.mp4,524
source_retention,data/raw/NVD/annotated_videos/2022-12-03_Nyland_01_stabilized/2022-12-03 Nyland 01_stabilized.mp4,525
source_retention,data/raw/NVD/annotated_videos/2022-12-03_Nyland_01_stabilized/2022-12-03 Nyland 01_stabilized.mp4,526
source_retention,data/raw/NVD/annotated_videos/2022-12-03_Nyland_01_stabilized/2022-12-03 Nyland 01_stabilized.mp4,527
source_retention,data/raw/NVD/annotated_videos/2022-12-03_Nyland_01_stabilized/2022-12-03 Nyland 01_stabilized.mp4,528
source_retention,data/raw/NVD/annotated_videos/2022-12-03_Nyland_01_stabilized/2022-12-03 Nyland 01_stabilized.mp4,529
source_retention,data/raw/NVD/annotated_videos/2022-12-03_Nyland_01_stabilized/2022-12-03 Nyland 01_stabilized.mp4,530
source_retention,data/raw/NVD/annotated_videos/2022-12-03_Nyland_01_stabilized/2022-12-03 Nyland 01_stabilized.mp4,531
source_retention,data/raw/NVD/annotated_videos/2022-12-03_Nyland_01_stabilized/2022-12-03 Nyland 01_stabilized.mp4,532
source_retention,data/raw/NVD/annotated_videos/2022-12-03_Nyland_01_stabilized/2022-12-03 Nyland 01_stabilized.mp4,533
source_retention,data/raw/NVD/annotated_videos/2022-12-03_Nyland_01_stabilized/2022-12-03 Nyland 01_stabilized.mp4,534
source_retention,data/raw/NVD/annotated_videos/2022-12-03_Nyland_01_stabilized/2022-12-03 Nyland 01_stabilized.mp4,535
source_retention,data/raw/NVD/annotated_videos/2022-12-03_Nyland_01_stabilized/2022-12-03 Nyland 01_stabilized.mp4,536
source_retention,data/raw/NVD/annotated_videos/2022-12-03_Nyland_01_stabilized/2022-12-03 Nyland 01_stabilized.mp4,537
source_retention,data/raw/NVD/annotated_videos/2022-12-03_Nyland_01_stabilized/2022-12-03 Nyland 01_stabilized.mp4,538
source_retention,data/raw/NVD/annotated_videos/2022-12-03_Nyland_01_stabilized/2022-12-03 Nyland 01_stabilized.mp4,539
source_retention,data/raw/NVD/annotated_videos/2022-12-03_Nyland_01_stabilized/2022-12-03 Nyland 01_stabilized.mp4,540
source_retention,data/raw/NVD/annotated_videos/2022-12-03_Nyland_01_stabilized/2022-12-03 Nyland 01_stabilized.mp4,541
source_retention,data/raw/NVD/annotated_videos/2022-12-03_Nyland_01_stabilized/2022-12-03 Nyland 01_stabilized.mp4,542
source_retention,data/raw/NVD/annotated_videos/2022-12-03_Nyland_01_stabilized/2022-12-03 Nyland 01_stabilized.mp4,543
source_retention,data/raw/NVD/annotated_videos/2022-12-03_Nyland_01_stabilized/2022-12-03 Nyland 01_stabilized.mp4,544
source_retention,data/raw/NVD/annotated_videos/2022-12-03_Nyland_01_stabilized/2022-12-03 Nyland 01_stabilized.mp4,545
source_retention,data/raw/NVD/annotated_videos/2022-12-03_Nyland_01_stabilized/2022-12-03 Nyland 01_stabilized.mp4,546
source_retention,data/raw/NVD/annotated_videos/2022-12-03_Nyland_01_stabilized/2022-12-03 Nyland 01_stabilized.mp4,547
source_retention,data/raw/NVD/annotated_videos/2022-12-03_Nyland_01_stabilized/2022-12-03 Nyland 01_stabilized.mp4,548
source_retention,data/raw/NVD/annotated_videos/2022-12-03_Nyland_01_stabilized/2022-12-03 Nyland 01_stabilized.mp4,549
source_retention,data/raw/NVD/annotated_videos/2022-12-03_Nyland_01_stabilized/2022-12-03 Nyland 01_stabilized.mp4,550
source_retention,data/raw/NVD/annotated_videos/2022-12-03_Nyland_01_stabilized/2022-12-03 Nyland 01_stabilized.mp4,551
source_retention,data/raw/NVD/annotated_videos/2022-12-03_Nyland_01_stabilized/2022-12-03 Nyland 01_stabilized.mp4,552
source_retention,data/raw/NVD/annotated_videos/2022-12-03_Nyland_01_stabilized/2022-12-03 Nyland 01_stabilized.mp4,553
source_retention,data/raw/NVD/annotated_videos/2022-12-03_Nyland_01_stabilized/2022-12-03 Nyland 01_stabilized.mp4,554
source_retention,data/raw/NVD/annotated_videos/2022-12-03_Nyland_01_stabilized/2022-12-03 Nyland 01_stabilized.mp4,555
source_retention,data/raw/NVD/annotated_videos/2022-12-03_Nyland_01_stabilized/2022-12-03 Nyland 01_stabilized.mp4,556
source_retention,data/raw/NVD/annotated_videos/2022-12-03_Nyland_01_stabilized/2022-12-03 Nyland 01_stabilized.mp4,557
source_retention,data/raw/NVD/annotated_videos/2022-12-03_Nyland_01_stabilized/2022-12-03 Nyland 01_stabilized.mp4,558
source_retention,data/raw/NVD/annotated_videos/2022-12-03_Nyland_01_stabilized/2022-12-03 Nyland 01_stabilized.mp4,559
source_retention,data/raw/NVD/annotated_videos/2022-12-03_Nyland_01_stabilized/2022-12-03 Nyland 01_stabilized.mp4,560
source_retention,data/raw/NVD/annotated_videos/2022-12-03_Nyland_01_stabilized/2022-12-03 Nyland 01_stabilized.mp4,561
source_retention,data/raw/NVD/annotated_videos/2022-12-03_Nyland_01_stabilized/2022-12-03 Nyland 01_stabilized.mp4,562
source_retention,data/raw/NVD/annotated_videos/2022-12-03_Nyland_01_stabilized/2022-12-03 Nyland 01_stabilized.mp4,563
source_retention,data/raw/NVD/annotated_videos/2022-12-03_Nyland_01_stabilized/2022-12-03 Nyland 01_stabilized.mp4,564
source_retention,data/raw/NVD/annotated_videos/2022-12-03_Nyland_01_stabilized/2022-12-03 Nyland 01_stabilized.mp4,565
source_retention,data/raw/NVD/annotated_videos/2022-12-03_Nyland_01_stabilized/2022-12-03 Nyland 01_stabilized.mp4,566
source_retention,data/raw/NVD/annotated_videos/2022-12-03_Nyland_01_stabilized/2022-12-03 Nyland 01_stabilized.mp4,567
source_retention,data/raw/NVD/annotated_videos/2022-12-03_Nyland_01_stabilized/2022-12-03 Nyland 01_stabilized.mp4,568
source_retention,data/raw/NVD/annotated_videos/2022-12-03_Nyland_01_stabilized/2022-12-03 Nyland 01_stabilized.mp4,569
source_retention,data/raw/NVD/annotated_videos/2022-12-03_Nyland_01_stabilized/2022-12-03 Nyland 01_stabilized.mp4,570
source_retention,data/raw/NVD/annotated_videos/2022-12-03_Nyland_01_stabilized/2022-12-03 Nyland 01_stabilized.mp4,571
source_retention,data/raw/NVD/annotated_videos/2022-12-03_Nyland_01_stabilized/2022-12-03 Nyland 01_stabilized.mp4,572
source_retention,data/raw/NVD/annotated_videos/2022-12-03_Nyland_01_stabilized/2022-12-03 Nyland 01_stabilized.mp4,573
source_retention,data/raw/NVD/annotated_videos/2022-12-03_Nyland_01_stabilized/2022-12-03 Nyland 01_stabilized.mp4,574
source_retention,data/raw/NVD/annotated_videos/2022-12-03_Nyland_01_stabilized/2022-12-03 Nyland 01_stabilized.mp4,575
source_retention,data/raw/NVD/annotated_videos/2022-12-03_Nyland_01_stabilized/2022-12-03 Nyland 01_stabilized.mp4,576
source_retention,data/raw/NVD/annotated_videos/2022-12-03_Nyland_01_stabilized/2022-12-03 Nyland 01_stabilized.mp4,577
source_retention,data/raw/NVD/annotated_videos/2022-12-03_Nyland_01_stabilized/2022-12-03 Nyland 01_stabilized.mp4,578
source_retention,data/raw/NVD/annotated_videos/2022-12-03_Nyland_01_stabilized/2022-12-03 Nyland 01_stabilized.mp4,579
source_retention,data/raw/NVD/annotated_videos/2022-12-03_Nyland_01_stabilized/2022-12-03 Nyland 01_stabilized.mp4,580
source_retention,data/raw/NVD/annotated_videos/2022-12-03_Nyland_01_stabilized/2022-12-03 Nyland 01_stabilized.mp4,581
source_retention,data/raw/NVD/annotated_videos/2022-12-03_Nyland_01_stabilized/2022-12-03 Nyland 01_stabilized.mp4,582
source_retention,data/raw/NVD/annotated_videos/2022-12-03_Nyland_01_stabilized/2022-12-03 Nyland 01_stabilized.mp4,583
source_retention,data/raw/NVD/annotated_videos/2022-12-03_Nyland_01_stabilized/2022-12-03 Nyland 01_stabilized.mp4,584
source_retention,data/raw/NVD/annotated_videos/2022-12-03_Nyland_01_stabilized/2022-12-03 Nyland 01_stabilized.mp4,585
source_retention,data/raw/NVD/annotated_videos/2022-12-03_Nyland_01_stabilized/2022-12-03 Nyland 01_stabilized.mp4,586
source_retention,data/raw/NVD/annotated_videos/2022-12-03_Nyland_01_stabilized/2022-12-03 Nyland 01_stabilized.mp4,587
source_retention,data/raw/NVD/annotated_videos/2022-12-03_Nyland_01_stabilized/2022-12-03 Nyland 01_stabilized.mp4,588
source_retention,data/raw/NVD/annotated_videos/2022-12-03_Nyland_01_stabilized/2022-12-03 Nyland 01_stabilized.mp4,589
source_retention,data/raw/NVD/annotated_videos/2022-12-03_Nyland_01_stabilized/2022-12-03 Nyland 01_stabilized.mp4,590
source_retention,data/raw/NVD/annotated_videos/2022-12-03_Nyland_01_stabilized/2022-12-03 Nyland 01_stabilized.mp4,591
source_retention,data/raw/NVD/annotated_videos/2022-12-03_Nyland_01_stabilized/2022-12-03 Nyland 01_stabilized.mp4,592
source_retention,data/raw/NVD/annotated_videos/2022-12-03_Nyland_01_stabilized/2022-12-03 Nyland 01_stabilized.mp4,593
source_retention,data/raw/NVD/annotated_videos/2022-12-03_Nyland_01_stabilized/2022-12-03 Nyland 01_stabilized.mp4,594
source_retention,data/raw/NVD/annotated_videos/2022-12-03_Nyland_01_stabilized/2022-12-03 Nyland 01_stabilized.mp4,595
source_retention,data/raw/NVD/annotated_videos/2022-12-03_Nyland_01_stabilized/2022-12-03 Nyland 01_stabilized.mp4,596
source_retention,data/raw/NVD/annotated_videos/2022-12-03_Nyland_01_stabilized/2022-12-03 Nyland 01_stabilized.mp4,597
source_retention,data/raw/NVD/annotated_videos/2022-12-03_Nyland_01_stabilized/2022-12-03 Nyland 01_stabilized.mp4,598
source_retention,data/raw/NVD/annotated_videos/2022-12-03_Nyland_01_stabilized/2022-12-03 Nyland 01_stabilized.mp4,599
source_retention,data/raw/NVD/annotated_videos/2022-12-03_Nyland_01_stabilized/2022-12-03 Nyland 01_stabilized.mp4,600
source_retention,data/raw/NVD/annotated_videos/2022-12-03_Nyland_01_stabilized/2022-12-03 Nyland 01_stabilized.mp4,601
source_retention,data/raw/NVD/annotated_videos/2022-12-03_Nyland_01_stabilized/2022-12-03 Nyland 01_stabilized.mp4,602
source_retention,data/raw/NVD/annotated_videos/2022-12-03_Nyland_01_stabilized/2022-12-03 Nyland 01_stabilized.mp4,603
source_retention,data/raw/NVD/annotated_videos/2022-12-03_Nyland_01_stabilized/2022-12-03 Nyland 01_stabilized.mp4,604
source_retention,data/raw/NVD/annotated_videos/2022-12-03_Nyland_01_stabilized/2022-12-03 Nyland 01_stabilized.mp4,605
source_retention,data/raw/NVD/annotated_videos/2022-12-03_Nyland_01_stabilized/2022-12-03 Nyland 01_stabilized.mp4,606
source_retention,data/raw/NVD/annotated_videos/2022-12-03_Nyland_01_stabilized/2022-12-03 Nyland 01_stabilized.mp4,607
source_retention,data/raw/NVD/annotated_videos/2022-12-03_Nyland_01_stabilized/2022-12-03 Nyland 01_stabilized.mp4,608
source_retention,data/raw/NVD/annotated_videos/2022-12-03_Nyland_01_stabilized/2022-12-03 Nyland 01_stabilized.mp4,609
source_retention,data/raw/NVD/annotated_videos/2022-12-03_Nyland_01_stabilized/2022-12-03 Nyland 01_stabilized.mp4,610
source_retention,data/raw/NVD/annotated_videos/2022-12-03_Nyland_01_stabilized/2022-12-03 Nyland 01_stabilized.mp4,611
source_retention,data/raw/NVD/annotated_videos/2022-12-03_Nyland_01_stabilized/2022-12-03 Nyland 01_stabilized.mp4,612
source_retention,data/raw/NVD/annotated_videos/2022-12-03_Nyland_01_stabilized/2022-12-03 Nyland 01_stabilized.mp4,613
source_retention,data/raw/NVD/annotated_videos/2022-12-03_Nyland_01_stabilized/2022-12-03 Nyland 01_stabilized.mp4,614
source_retention,data/raw/NVD/annotated_videos/2022-12-03_Nyland_01_stabilized/2022-12-03 Nyland 01_stabilized.mp4,615
source_retention,data/raw/NVD/annotated_videos/2022-12-03_Nyland_01_stabilized/2022-12-03 Nyland 01_stabilized.mp4,616
source_retention,data/raw/NVD/annotated_videos/2022-12-03_Nyland_01_stabilized/2022-12-03 Nyland 01_stabilized.mp4,617
source_retention,data/raw/NVD/annotated_videos/2022-12-03_Nyland_01_stabilized/2022-12-03 Nyland 01_stabilized.mp4,618
source_retention,data/raw/NVD/annotated_videos/2022-12-03_Nyland_01_stabilized/2022-12-03 Nyland 01_stabilized.mp4,619
source_retention,data/raw/NVD/annotated_videos/2022-12-03_Nyland_01_stabilized/2022-12-03 Nyland 01_stabilized.mp4,620
source_retention,data/raw/NVD/annotated_videos/2022-12-03_Nyland_01_stabilized/2022-12-03 Nyland 01_stabilized.mp4,621
source_retention,data/raw/NVD/annotated_videos/2022-12-03_Nyland_01_stabilized/2022-12-03 Nyland 01_stabilized.mp4,622
source_retention,data/raw/NVD/annotated_videos/2022-12-03_Nyland_01_stabilized/2022-12-03 Nyland 01_stabilized.mp4,623
source_retention,data/raw/NVD/annotated_videos/2022-12-03_Nyland_01_stabilized/2022-12-03 Nyland 01_stabilized.mp4,624
source_retention,data/raw/NVD/annotated_videos/2022-12-03_Nyland_01_stabilized/2022-12-03 Nyland 01_stabilized.mp4,625
source_retention,data/raw/NVD/annotated_videos/2022-12-03_Nyland_01_stabilized/2022-12-03 Nyland 01_stabilized.mp4,626
source_retention,data/raw/NVD/annotated_videos/2022-12-03_Nyland_01_stabilized/2022-12-03 Nyland 01_stabilized.mp4,627
source_retention,data/raw/NVD/annotated_videos/2022-12-03_Nyland_01_stabilized/2022-12-03 Nyland 01_stabilized.mp4,628
source_retention,data/raw/NVD/annotated_videos/2022-12-03_Nyland_01_stabilized/2022-12-03 Nyland 01_stabilized.mp4,629
source_retention,data/raw/NVD/annotated_videos/2022-12-03_Nyland_01_stabilized/2022-12-03 Nyland 01_stabilized.mp4,630
source_retention,data/raw/NVD/annotated_videos/2022-12-03_Nyland_01_stabilized/2022-12-03 Nyland 01_stabilized.mp4,631
source_retention,data/raw/NVD/annotated_videos/2022-12-03_Nyland_01_stabilized/2022-12-03 Nyland 01_stabilized.mp4,632
source_retention,data/raw/NVD/annotated_videos/2022-12-03_Nyland_01_stabilized/2022-12-03 Nyland 01_stabilized.mp4,633
source_retention,data/raw/NVD/annotated_videos/2022-12-03_Nyland_01_stabilized/2022-12-03 Nyland 01_stabilized.mp4,634
source_retention,data/raw/NVD/annotated_videos/2022-12-03_Nyland_01_stabilized/2022-12-03 Nyland 01_stabilized.mp4,635
source_retention,data/raw/NVD/annotated_videos/2022-12-03_Nyland_01_stabilized/2022-12-03 Nyland 01_stabilized.mp4,636
source_retention,data/raw/NVD/annotated_videos/2022-12-03_Nyland_01_stabilized/2022-12-03 Nyland 01_stabilized.mp4,637
source_retention,data/raw/NVD/annotated_videos/2022-12-03_Nyland_01_stabilized/2022-12-03 Nyland 01_stabilized.mp4,638
source_retention,data/raw/NVD/annotated_videos/2022-12-03_Nyland_01_stabilized/2022-12-03 Nyland 01_stabilized.mp4,639
source_retention,data/raw/NVD/annotated_videos/2022-12-03_Nyland_01_stabilized/2022-12-03 Nyland 01_stabilized.mp4,640
source_retention,data/raw/NVD/annotated_videos/2022-12-03_Nyland_01_stabilized/2022-12-03 Nyland 01_stabilized.mp4,641
source_retention,data/raw/NVD/annotated_videos/2022-12-03_Nyland_01_stabilized/2022-12-03 Nyland 01_stabilized.mp4,642
source_retention,data/raw/NVD/annotated_videos/2022-12-03_Nyland_01_stabilized/2022-12-03 Nyland 01_stabilized.mp4,643
source_retention,data/raw/NVD/annotated_videos/2022-12-03_Nyland_01_stabilized/2022-12-03 Nyland 01_stabilized.mp4,644
source_retention,data/raw/NVD/annotated_videos/2022-12-03_Nyland_01_stabilized/2022-12-03 Nyland 01_stabilized.mp4,645
source_retention,data/raw/NVD/annotated_videos/2022-12-03_Nyland_01_stabilized/2022-12-03 Nyland 01_stabilized.mp4,646
source_retention,data/raw/NVD/annotated_videos/2022-12-03_Nyland_01_stabilized/2022-12-03 Nyland 01_stabilized.mp4,647
source_retention,data/raw/NVD/annotated_videos/2022-12-03_Nyland_01_stabilized/2022-12-03 Nyland 01_stabilized.mp4,648
source_retention,data/raw/NVD/annotated_videos/2022-12-03_Nyland_01_stabilized/2022-12-03 Nyland 01_stabilized.mp4,649
source_retention,data/raw/NVD/annotated_videos/2022-12-03_Nyland_01_stabilized/2022-12-03 Nyland 01_stabilized.mp4,650
source_retention,data/raw/NVD/annotated_videos/2022-12-03_Nyland_01_stabilized/2022-12-03 Nyland 01_stabilized.mp4,651
source_retention,data/raw/NVD/annotated_videos/2022-12-03_Nyland_01_stabilized/2022-12-03 Nyland 01_stabilized.mp4,652
source_retention,data/raw/NVD/annotated_videos/2022-12-03_Nyland_01_stabilized/2022-12-03 Nyland 01_stabilized.mp4,653
source_retention,data/raw/NVD/annotated_videos/2022-12-03_Nyland_01_stabilized/2022-12-03 Nyland 01_stabilized.mp4,654
source_retention,data/raw/NVD/annotated_videos/2022-12-03_Nyland_01_stabilized/2022-12-03 Nyland 01_stabilized.mp4,655
source_retention,data/raw/NVD/annotated_videos/2022-12-03_Nyland_01_stabilized/2022-12-03 Nyland 01_stabilized.mp4,656
source_retention,data/raw/NVD/annotated_videos/2022-12-03_Nyland_01_stabilized/2022-12-03 Nyland 01_stabilized.mp4,657
source_retention,data/raw/NVD/annotated_videos/2022-12-03_Nyland_01_stabilized/2022-12-03 Nyland 01_stabilized.mp4,658
source_retention,data/raw/NVD/annotated_videos/2022-12-03_Nyland_01_stabilized/2022-12-03 Nyland 01_stabilized.mp4,659
source_retention,data/raw/NVD/annotated_videos/2022-12-03_Nyland_01_stabilized/2022-12-03 Nyland 01_stabilized.mp4,660
source_retention,data/raw/NVD/annotated_videos/2022-12-03_Nyland_01_stabilized/2022-12-03 Nyland 01_stabilized.mp4,661
source_retention,data/raw/NVD/annotated_videos/2022-12-03_Nyland_01_stabilized/2022-12-03 Nyland 01_stabilized.mp4,662
source_retention,data/raw/NVD/annotated_videos/2022-12-03_Nyland_01_stabilized/2022-12-03 Nyland 01_stabilized.mp4,663
source_retention,data/raw/NVD/annotated_videos/2022-12-03_Nyland_01_stabilized/2022-12-03 Nyland 01_stabilized.mp4,664
source_retention,data/raw/NVD/annotated_videos/2022-12-03_Nyland_01_stabilized/2022-12-03 Nyland 01_stabilized.mp4,665
source_retention,data/raw/NVD/annotated_videos/2022-12-03_Nyland_01_stabilized/2022-12-03 Nyland 01_stabilized.mp4,666
source_retention,data/raw/NVD/annotated_videos/2022-12-03_Nyland_01_stabilized/2022-12-03 Nyland 01_stabilized.mp4,667
source_retention,data/raw/NVD/annotated_videos/2022-12-03_Nyland_01_stabilized/2022-12-03 Nyland 01_stabilized.mp4,668
source_retention,data/raw/NVD/annotated_videos/2022-12-03_Nyland_01_stabilized/2022-12-03 Nyland 01_stabilized.mp4,669
source_retention,data/raw/NVD/annotated_videos/2022-12-03_Nyland_01_stabilized/2022-12-03 Nyland 01_stabilized.mp4,670
source_retention,data/raw/NVD/annotated_videos/2022-12-03_Nyland_01_stabilized/2022-12-03 Nyland 01_stabilized.mp4,671
source_retention,data/raw/NVD/annotated_videos/2022-12-03_Nyland_01_stabilized/2022-12-03 Nyland 01_stabilized.mp4,672
source_retention,data/raw/NVD/annotated_videos/2022-12-03_Nyland_01_stabilized/2022-12-03 Nyland 01_stabilized.mp4,673
source_retention,data/raw/NVD/annotated_videos/2022-12-03_Nyland_01_stabilized/2022-12-03 Nyland 01_stabilized.mp4,674
source_retention,data/raw/NVD/annotated_videos/2022-12-03_Nyland_01_stabilized/2022-12-03 Nyland 01_stabilized.mp4,675
source_retention,data/raw/NVD/annotated_videos/2022-12-03_Nyland_01_stabilized/2022-12-03 Nyland 01_stabilized.mp4,676
source_retention,data/raw/NVD/annotated_videos/2022-12-03_Nyland_01_stabilized/2022-12-03 Nyland 01_stabilized.mp4,677
source_retention,data/raw/NVD/annotated_videos/2022-12-03_Nyland_01_stabilized/2022-12-03 Nyland 01_stabilized.mp4,678
source_retention,data/raw/NVD/annotated_videos/2022-12-03_Nyland_01_stabilized/2022-12-03 Nyland 01_stabilized.mp4,679
source_retention,data/raw/NVD/annotated_videos/2022-12-03_Nyland_01_stabilized/2022-12-03 Nyland 01_stabilized.mp4,680
source_retention,data/raw/NVD/annotated_videos/2022-12-03_Nyland_01_stabilized/2022-12-03 Nyland 01_stabilized.mp4,681
source_retention,data/raw/NVD/annotated_videos/2022-12-03_Nyland_01_stabilized/2022-12-03 Nyland 01_stabilized.mp4,682
source_retention,data/raw/NVD/annotated_videos/2022-12-03_Nyland_01_stabilized/2022-12-03 Nyland 01_stabilized.mp4,683
source_retention,data/raw/NVD/annotated_videos/2022-12-03_Nyland_01_stabilized/2022-12-03 Nyland 01_stabilized.mp4,684
source_retention,data/raw/NVD/annotated_videos/2022-12-03_Nyland_01_stabilized/2022-12-03 Nyland 01_stabilized.mp4,685
source_retention,data/raw/NVD/annotated_videos/2022-12-03_Nyland_01_stabilized/2022-12-03 Nyland 01_stabilized.mp4,686
source_retention,data/raw/NVD/annotated_videos/2022-12-03_Nyland_01_stabilized/2022-12-03 Nyland 01_stabilized.mp4,687
source_retention,data/raw/NVD/annotated_videos/2022-12-03_Nyland_01_stabilized/2022-12-03 Nyland 01_stabilized.mp4,688
source_retention,data/raw/NVD/annotated_videos/2022-12-03_Nyland_01_stabilized/2022-12-03 Nyland 01_stabilized.mp4,689
source_retention,data/raw/NVD/annotated_videos/2022-12-03_Nyland_01_stabilized/2022-12-03 Nyland 01_stabilized.mp4,690
source_retention,data/raw/NVD/annotated_videos/2022-12-03_Nyland_01_stabilized/2022-12-03 Nyland 01_stabilized.mp4,691
source_retention,data/raw/NVD/annotated_videos/2022-12-03_Nyland_01_stabilized/2022-12-03 Nyland 01_stabilized.mp4,692
source_retention,data/raw/NVD/annotated_videos/2022-12-03_Nyland_01_stabilized/2022-12-03 Nyland 01_stabilized.mp4,693
source_retention,data/raw/NVD/annotated_videos/2022-12-03_Nyland_01_stabilized/2022-12-03 Nyland 01_stabilized.mp4,694
source_retention,data/raw/NVD/annotated_videos/2022-12-03_Nyland_01_stabilized/2022-12-03 Nyland 01_stabilized.mp4,695
source_retention,data/raw/NVD/annotated_videos/2022-12-03_Nyland_01_stabilized/2022-12-03 Nyland 01_stabilized.mp4,696
source_retention,data/raw/NVD/annotated_videos/2022-12-03_Nyland_01_stabilized/2022-12-03 Nyland 01_stabilized.mp4,697
source_retention,data/raw/NVD/annotated_videos/2022-12-03_Nyland_01_stabilized/2022-12-03 Nyland 01_stabilized.mp4,698
source_retention,data/raw/NVD/annotated_videos/2022-12-03_Nyland_01_stabilized/2022-12-03 Nyland 01_stabilized.mp4,699
source_retention,data/raw/NVD/annotated_videos/2022-12-03_Nyland_01_stabilized/2022-12-03 Nyland 01_stabilized.mp4,700
source_retention,data/raw/NVD/annotated_videos/2022-12-03_Nyland_01_stabilized/2022-12-03 Nyland 01_stabilized.mp4,701
source_retention,data/raw/NVD/annotated_videos/2022-12-03_Nyland_01_stabilized/2022-12-03 Nyland 01_stabilized.mp4,702
source_retention,data/raw/NVD/annotated_videos/2022-12-03_Nyland_01_stabilized/2022-12-03 Nyland 01_stabilized.mp4,703
source_retention,data/raw/NVD/annotated_videos/2022-12-03_Nyland_01_stabilized/2022-12-03 Nyland 01_stabilized.mp4,704
source_retention,data/raw/NVD/annotated_videos/2022-12-03_Nyland_01_stabilized/2022-12-03 Nyland 01_stabilized.mp4,705
source_retention,data/raw/NVD/annotated_videos/2022-12-03_Nyland_01_stabilized/2022-12-03 Nyland 01_stabilized.mp4,706
source_retention,data/raw/NVD/annotated_videos/2022-12-03_Nyland_01_stabilized/2022-12-03 Nyland 01_stabilized.mp4,707
source_retention,data/raw/NVD/annotated_videos/2022-12-03_Nyland_01_stabilized/2022-12-03 Nyland 01_stabilized.mp4,708
source_retention,data/raw/NVD/annotated_videos/2022-12-03_Nyland_01_stabilized/2022-12-03 Nyland 01_stabilized.mp4,709
source_retention,data/raw/NVD/annotated_videos/2022-12-03_Nyland_01_stabilized/2022-12-03 Nyland 01_stabilized.mp4,710
source_retention,data/raw/NVD/annotated_videos/2022-12-03_Nyland_01_stabilized/2022-12-03 Nyland 01_stabilized.mp4,711
source_retention,data/raw/NVD/annotated_videos/2022-12-03_Nyland_01_stabilized/2022-12-03 Nyland 01_stabilized.mp4,712
source_retention,data/raw/NVD/annotated_videos/2022-12-03_Nyland_01_stabilized/2022-12-03 Nyland 01_stabilized.mp4,713
source_retention,data/raw/NVD/annotated_videos/2022-12-03_Nyland_01_stabilized/2022-12-03 Nyland 01_stabilized.mp4,714
source_retention,data/raw/NVD/annotated_videos/2022-12-03_Nyland_01_stabilized/2022-12-03 Nyland 01_stabilized.mp4,715
source_retention,data/raw/NVD/annotated_videos/2022-12-03_Nyland_01_stabilized/2022-12-03 Nyland 01_stabilized.mp4,716
source_retention,data/raw/NVD/annotated_videos/2022-12-03_Nyland_01_stabilized/2022-12-03 Nyland 01_stabilized.mp4,717
source_retention,data/raw/NVD/annotated_videos/2022-12-03_Nyland_01_stabilized/2022-12-03 Nyland 01_stabilized.mp4,718
source_retention,data/raw/NVD/annotated_videos/2022-12-03_Nyland_01_stabilized/2022-12-03 Nyland 01_stabilized.mp4,719
source_retention,data/raw/NVD/annotated_videos/2022-12-03_Nyland_01_stabilized/2022-12-03 Nyland 01_stabilized.mp4,720
source_retention,data/raw/NVD/annotated_videos/2022-12-03_Nyland_01_stabilized/2022-12-03 Nyland 01_stabilized.mp4,721
source_retention,data/raw/NVD/annotated_videos/2022-12-03_Nyland_01_stabilized/2022-12-03 Nyland 01_stabilized.mp4,722
source_retention,data/raw/NVD/annotated_videos/2022-12-03_Nyland_01_stabilized/2022-12-03 Nyland 01_stabilized.mp4,723
source_retention,data/raw/NVD/annotated_videos/2022-12-03_Nyland_01_stabilized/2022-12-03 Nyland 01_stabilized.mp4,724
source_retention,data/raw/NVD/annotated_videos/2022-12-03_Nyland_01_stabilized/2022-12-03 Nyland 01_stabilized.mp4,725
source_retention,data/raw/NVD/annotated_videos/2022-12-03_Nyland_01_stabilized/2022-12-03 Nyland 01_stabilized.mp4,726
source_retention,data/raw/NVD/annotated_videos/2022-12-03_Nyland_01_stabilized/2022-12-03 Nyland 01_stabilized.mp4,727
source_retention,data/raw/NVD/annotated_videos/2022-12-03_Nyland_01_stabilized/2022-12-03 Nyland 01_stabilized.mp4,728
source_retention,data/raw/NVD/annotated_videos/2022-12-03_Nyland_01_stabilized/2022-12-03 Nyland 01_stabilized.mp4,729
source_retention,data/raw/NVD/annotated_videos/2022-12-03_Nyland_01_stabilized/2022-12-03 Nyland 01_stabilized.mp4,730
source_retention,data/raw/NVD/annotated_videos/2022-12-03_Nyland_01_stabilized/2022-12-03 Nyland 01_stabilized.mp4,731
source_retention,data/raw/NVD/annotated_videos/2022-12-03_Nyland_01_stabilized/2022-12-03 Nyland 01_stabilized.mp4,732
source_retention,data/raw/NVD/annotated_videos/2022-12-03_Nyland_01_stabilized/2022-12-03 Nyland 01_stabilized.mp4,733
source_retention,data/raw/NVD/annotated_videos/2022-12-03_Nyland_01_stabilized/2022-12-03 Nyland 01_stabilized.mp4,734
source_retention,data/raw/NVD/annotated_videos/2022-12-03_Nyland_01_stabilized/2022-12-03 Nyland 01_stabilized.mp4,735
source_retention,data/raw/NVD/annotated_videos/2022-12-03_Nyland_01_stabilized/2022-12-03 Nyland 01_stabilized.mp4,736
source_retention,data/raw/NVD/annotated_videos/2022-12-03_Nyland_01_stabilized/2022-12-03 Nyland 01_stabilized.mp4,737
source_retention,data/raw/NVD/annotated_videos/2022-12-03_Nyland_01_stabilized/2022-12-03 Nyland 01_stabilized.mp4,738
source_retention,data/raw/NVD/annotated_videos/2022-12-03_Nyland_01_stabilized/2022-12-03 Nyland 01_stabilized.mp4,739
source_retention,data/raw/NVD/annotated_videos/2022-12-03_Nyland_01_stabilized/2022-12-03 Nyland 01_stabilized.mp4,740
source_retention,data/raw/NVD/annotated_videos/2022-12-03_Nyland_01_stabilized/2022-12-03 Nyland 01_stabilized.mp4,741
source_retention,data/raw/NVD/annotated_videos/2022-12-03_Nyland_01_stabilized/2022-12-03 Nyland 01_stabilized.mp4,742
source_retention,data/raw/NVD/annotated_videos/2022-12-03_Nyland_01_stabilized/2022-12-03 Nyland 01_stabilized.mp4,743
source_retention,data/raw/NVD/annotated_videos/2022-12-03_Nyland_01_stabilized/2022-12-03 Nyland 01_stabilized.mp4,744
source_retention,data/raw/NVD/annotated_videos/2022-12-03_Nyland_01_stabilized/2022-12-03 Nyland 01_stabilized.mp4,745
source_retention,data/raw/NVD/annotated_videos/2022-12-03_Nyland_01_stabilized/2022-12-03 Nyland 01_stabilized.mp4,746
source_retention,data/raw/NVD/annotated_videos/2022-12-03_Nyland_01_stabilized/2022-12-03 Nyland 01_stabilized.mp4,747
source_retention,data/raw/NVD/annotated_videos/2022-12-03_Nyland_01_stabilized/2022-12-03 Nyland 01_stabilized.mp4,748
source_retention,data/raw/NVD/annotated_videos/2022-12-03_Nyland_01_stabilized/2022-12-03 Nyland 01_stabilized.mp4,749
source_retention,data/raw/NVD/annotated_videos/2022-12-03_Nyland_01_stabilized/2022-12-03 Nyland 01_stabilized.mp4,750
source_retention,data/raw/NVD/annotated_videos/2022-12-03_Nyland_01_stabilized/2022-12-03 Nyland 01_stabilized.mp4,751
source_retention,data/raw/NVD/annotated_videos/2022-12-03_Nyland_01_stabilized/2022-12-03 Nyland 01_stabilized.mp4,752
source_retention,data/raw/NVD/annotated_videos/2022-12-03_Nyland_01_stabilized/2022-12-03 Nyland 01_stabilized.mp4,753
source_retention,data/raw/NVD/annotated_videos/2022-12-03_Nyland_01_stabilized/2022-12-03 Nyland 01_stabilized.mp4,754
source_retention,data/raw/NVD/annotated_videos/2022-12-03_Nyland_01_stabilized/2022-12-03 Nyland 01_stabilized.mp4,755
source_retention,data/raw/NVD/annotated_videos/2022-12-03_Nyland_01_stabilized/2022-12-03 Nyland 01_stabilized.mp4,756
source_retention,data/raw/NVD/annotated_videos/2022-12-03_Nyland_01_stabilized/2022-12-03 Nyland 01_stabilized.mp4,757
source_retention,data/raw/NVD/annotated_videos/2022-12-03_Nyland_01_stabilized/2022-12-03 Nyland 01_stabilized.mp4,758
source_retention,data/raw/NVD/annotated_videos/2022-12-03_Nyland_01_stabilized/2022-12-03 Nyland 01_stabilized.mp4,759
source_retention,data/raw/NVD/annotated_videos/2022-12-03_Nyland_01_stabilized/2022-12-03 Nyland 01_stabilized.mp4,760
source_retention,data/raw/NVD/annotated_videos/2022-12-03_Nyland_01_stabilized/2022-12-03 Nyland 01_stabilized.mp4,761
source_retention,data/raw/NVD/annotated_videos/2022-12-03_Nyland_01_stabilized/2022-12-03 Nyland 01_stabilized.mp4,762
source_retention,data/raw/NVD/annotated_videos/2022-12-03_Nyland_01_stabilized/2022-12-03 Nyland 01_stabilized.mp4,763
source_retention,data/raw/NVD/annotated_videos/2022-12-03_Nyland_01_stabilized/2022-12-03 Nyland 01_stabilized.mp4,764
source_retention,data/raw/NVD/annotated_videos/2022-12-03_Nyland_01_stabilized/2022-12-03 Nyland 01_stabilized.mp4,765
source_retention,data/raw/NVD/annotated_videos/2022-12-03_Nyland_01_stabilized/2022-12-03 Nyland 01_stabilized.mp4,766
source_retention,data/raw/NVD/annotated_videos/2022-12-03_Nyland_01_stabilized/2022-12-03 Nyland 01_stabilized.mp4,767
source_retention,data/raw/NVD/annotated_videos/2022-12-03_Nyland_01_stabilized/2022-12-03 Nyland 01_stabilized.mp4,768
source_retention,data/raw/NVD/annotated_videos/2022-12-03_Nyland_01_stabilized/2022-12-03 Nyland 01_stabilized.mp4,769
source_retention,data/raw/NVD/annotated_videos/2022-12-03_Nyland_01_stabilized/2022-12-03 Nyland 01_stabilized.mp4,770
source_retention,data/raw/NVD/annotated_videos/2022-12-03_Nyland_01_stabilized/2022-12-03 Nyland 01_stabilized.mp4,771
source_retention,data/raw/NVD/annotated_videos/2022-12-03_Nyland_01_stabilized/2022-12-03 Nyland 01_stabilized.mp4,772
source_retention,data/raw/NVD/annotated_videos/2022-12-03_Nyland_01_stabilized/2022-12-03 Nyland 01_stabilized.mp4,773
source_retention,data/raw/NVD/annotated_videos/2022-12-03_Nyland_01_stabilized/2022-12-03 Nyland 01_stabilized.mp4,774
source_retention,data/raw/NVD/annotated_videos/2022-12-03_Nyland_01_stabilized/2022-12-03 Nyland 01_stabilized.mp4,775
source_retention,data/raw/NVD/annotated_videos/2022-12-03_Nyland_01_stabilized/2022-12-03 Nyland 01_stabilized.mp4,776
source_retention,data/raw/NVD/annotated_videos/2022-12-03_Nyland_01_stabilized/2022-12-03 Nyland 01_stabilized.mp4,777
source_retention,data/raw/NVD/annotated_videos/2022-12-03_Nyland_01_stabilized/2022-12-03 Nyland 01_stabilized.mp4,778
source_retention,data/raw/NVD/annotated_videos/2022-12-03_Nyland_01_stabilized/2022-12-03 Nyland 01_stabilized.mp4,779
source_retention,data/raw/NVD/annotated_videos/2022-12-03_Nyland_01_stabilized/2022-12-03 Nyland 01_stabilized.mp4,780
source_retention,data/raw/NVD/annotated_videos/2022-12-03_Nyland_01_stabilized/2022-12-03 Nyland 01_stabilized.mp4,781
source_retention,data/raw/NVD/annotated_videos/2022-12-03_Nyland_01_stabilized/2022-12-03 Nyland 01_stabilized.mp4,782
source_retention,data/raw/NVD/annotated_videos/2022-12-03_Nyland_01_stabilized/2022-12-03 Nyland 01_stabilized.mp4,783
source_retention,data/raw/NVD/annotated_videos/2022-12-03_Nyland_01_stabilized/2022-12-03 Nyland 01_stabilized.mp4,784
source_retention,data/raw/NVD/annotated_videos/2022-12-03_Nyland_01_stabilized/2022-12-03 Nyland 01_stabilized.mp4,785
source_retention,data/raw/NVD/annotated_videos/2022-12-03_Nyland_01_stabilized/2022-12-03 Nyland 01_stabilized.mp4,786
source_retention,data/raw/NVD/annotated_videos/2022-12-03_Nyland_01_stabilized/2022-12-03 Nyland 01_stabilized.mp4,787
source_retention,data/raw/NVD/annotated_videos/2022-12-03_Nyland_01_stabilized/2022-12-03 Nyland 01_stabilized.mp4,788
source_retention,data/raw/NVD/annotated_videos/2022-12-03_Nyland_01_stabilized/2022-12-03 Nyland 01_stabilized.mp4,789
source_retention,data/raw/NVD/annotated_videos/2022-12-03_Nyland_01_stabilized/2022-12-03 Nyland 01_stabilized.mp4,790
source_retention,data/raw/NVD/annotated_videos/2022-12-03_Nyland_01_stabilized/2022-12-03 Nyland 01_stabilized.mp4,791
source_retention,data/raw/NVD/annotated_videos/2022-12-03_Nyland_01_stabilized/2022-12-03 Nyland 01_stabilized.mp4,792
source_retention,data/raw/NVD/annotated_videos/2022-12-03_Nyland_01_stabilized/2022-12-03 Nyland 01_stabilized.mp4,793
source_retention,data/raw/NVD/annotated_videos/2022-12-03_Nyland_01_stabilized/2022-12-03 Nyland 01_stabilized.mp4,794
source_retention,data/raw/NVD/annotated_videos/2022-12-03_Nyland_01_stabilized/2022-12-03 Nyland 01_stabilized.mp4,795
source_retention,data/raw/NVD/annotated_videos/2022-12-03_Nyland_01_stabilized/2022-12-03 Nyland 01_stabilized.mp4,796
source_retention,data/raw/NVD/annotated_videos/2022-12-03_Nyland_01_stabilized/2022-12-03 Nyland 01_stabilized.mp4,797
source_retention,data/raw/NVD/annotated_videos/2022-12-03_Nyland_01_stabilized/2022-12-03 Nyland 01_stabilized.mp4,798
source_retention,data/raw/NVD/annotated_videos/2022-12-03_Nyland_01_stabilized/2022-12-03 Nyland 01_stabilized.mp4,799
source_retention,data/raw/NVD/annotated_videos/2022-12-03_Nyland_01_stabilized/2022-12-03 Nyland 01_stabilized.mp4,800
source_retention,data/raw/NVD/annotated_videos/2022-12-03_Nyland_01_stabilized/2022-12-03 Nyland 01_stabilized.mp4,801
source_retention,data/raw/NVD/annotated_videos/2022-12-03_Nyland_01_stabilized/2022-12-03 Nyland 01_stabilized.mp4,802
source_retention,data/raw/NVD/annotated_videos/2022-12-03_Nyland_01_stabilized/2022-12-03 Nyland 01_stabilized.mp4,803
source_retention,data/raw/NVD/annotated_videos/2022-12-03_Nyland_01_stabilized/2022-12-03 Nyland 01_stabilized.mp4,804
source_retention,data/raw/NVD/annotated_videos/2022-12-03_Nyland_01_stabilized/2022-12-03 Nyland 01_stabilized.mp4,805
source_retention,data/raw/NVD/annotated_videos/2022-12-03_Nyland_01_stabilized/2022-12-03 Nyland 01_stabilized.mp4,806
source_retention,data/raw/NVD/annotated_videos/2022-12-03_Nyland_01_stabilized/2022-12-03 Nyland 01_stabilized.mp4,807
source_retention,data/raw/NVD/annotated_videos/2022-12-03_Nyland_01_stabilized/2022-12-03 Nyland 01_stabilized.mp4,808
source_retention,data/raw/NVD/annotated_videos/2022-12-03_Nyland_01_stabilized/2022-12-03 Nyland 01_stabilized.mp4,809
source_retention,data/raw/NVD/annotated_videos/2022-12-03_Nyland_01_stabilized/2022-12-03 Nyland 01_stabilized.mp4,810
source_retention,data/raw/NVD/annotated_videos/2022-12-03_Nyland_01_stabilized/2022-12-03 Nyland 01_stabilized.mp4,811
source_retention,data/raw/NVD/annotated_videos/2022-12-03_Nyland_01_stabilized/2022-12-03 Nyland 01_stabilized.mp4,812
source_retention,data/raw/NVD/annotated_videos/2022-12-03_Nyland_01_stabilized/2022-12-03 Nyland 01_stabilized.mp4,813
source_retention,data/raw/NVD/annotated_videos/2022-12-03_Nyland_01_stabilized/2022-12-03 Nyland 01_stabilized.mp4,814
source_retention,data/raw/NVD/annotated_videos/2022-12-03_Nyland_01_stabilized/2022-12-03 Nyland 01_stabilized.mp4,815
source_retention,data/raw/NVD/annotated_videos/2022-12-03_Nyland_01_stabilized/2022-12-03 Nyland 01_stabilized.mp4,816
source_retention,data/raw/NVD/annotated_videos/2022-12-03_Nyland_01_stabilized/2022-12-03 Nyland 01_stabilized.mp4,817
source_retention,data/raw/NVD/annotated_videos/2022-12-03_Nyland_01_stabilized/2022-12-03 Nyland 01_stabilized.mp4,818
source_retention,data/raw/NVD/annotated_videos/2022-12-03_Nyland_01_stabilized/2022-12-03 Nyland 01_stabilized.mp4,819
source_retention,data/raw/NVD/annotated_videos/2022-12-03_Nyland_01_stabilized/2022-12-03 Nyland 01_stabilized.mp4,820
source_retention,data/raw/NVD/annotated_videos/2022-12-03_Nyland_01_stabilized/2022-12-03 Nyland 01_stabilized.mp4,821
source_retention,data/raw/NVD/annotated_videos/2022-12-03_Nyland_01_stabilized/2022-12-03 Nyland 01_stabilized.mp4,822
source_retention,data/raw/NVD/annotated_videos/2022-12-03_Nyland_01_stabilized/2022-12-03 Nyland 01_stabilized.mp4,823
source_retention,data/raw/NVD/annotated_videos/2022-12-03_Nyland_01_stabilized/2022-12-03 Nyland 01_stabilized.mp4,824
source_retention,data/raw/NVD/annotated_videos/2022-12-03_Nyland_01_stabilized/2022-12-03 Nyland 01_stabilized.mp4,825
source_retention,data/raw/NVD/annotated_videos/2022-12-03_Nyland_01_stabilized/2022-12-03 Nyland 01_stabilized.mp4,826
source_retention,data/raw/NVD/annotated_videos/2022-12-03_Nyland_01_stabilized/2022-12-03 Nyland 01_stabilized.mp4,827
source_retention,data/raw/NVD/annotated_videos/2022-12-03_Nyland_01_stabilized/2022-12-03 Nyland 01_stabilized.mp4,828
source_retention,data/raw/NVD/annotated_videos/2022-12-03_Nyland_01_stabilized/2022-12-03 Nyland 01_stabilized.mp4,829
source_retention,data/raw/NVD/annotated_videos/2022-12-03_Nyland_01_stabilized/2022-12-03 Nyland 01_stabilized.mp4,830
source_retention,data/raw/NVD/annotated_videos/2022-12-03_Nyland_01_stabilized/2022-12-03 Nyland 01_stabilized.mp4,831
source_retention,data/raw/NVD/annotated_videos/2022-12-03_Nyland_01_stabilized/2022-12-03 Nyland 01_stabilized.mp4,832
source_retention,data/raw/NVD/annotated_videos/2022-12-03_Nyland_01_stabilized/2022-12-03 Nyland 01_stabilized.mp4,833
source_retention,data/raw/NVD/annotated_videos/2022-12-03_Nyland_01_stabilized/2022-12-03 Nyland 01_stabilized.mp4,834
source_retention,data/raw/NVD/annotated_videos/2022-12-03_Nyland_01_stabilized/2022-12-03 Nyland 01_stabilized.mp4,835
source_retention,data/raw/NVD/annotated_videos/2022-12-03_Nyland_01_stabilized/2022-12-03 Nyland 01_stabilized.mp4,836
source_retention,data/raw/NVD/annotated_videos/2022-12-03_Nyland_01_stabilized/2022-12-03 Nyland 01_stabilized.mp4,837
source_retention,data/raw/NVD/annotated_videos/2022-12-03_Nyland_01_stabilized/2022-12-03 Nyland 01_stabilized.mp4,838
source_retention,data/raw/NVD/annotated_videos/2022-12-03_Nyland_01_stabilized/2022-12-03 Nyland 01_stabilized.mp4,839
source_retention,data/raw/NVD/annotated_videos/2022-12-03_Nyland_01_stabilized/2022-12-03 Nyland 01_stabilized.mp4,840
source_retention,data/raw/NVD/annotated_videos/2022-12-03_Nyland_01_stabilized/2022-12-03 Nyland 01_stabilized.mp4,841
source_retention,data/raw/NVD/annotated_videos/2022-12-03_Nyland_01_stabilized/2022-12-03 Nyland 01_stabilized.mp4,842
source_retention,data/raw/NVD/annotated_videos/2022-12-03_Nyland_01_stabilized/2022-12-03 Nyland 01_stabilized.mp4,843
source_retention,data/raw/NVD/annotated_videos/2022-12-03_Nyland_01_stabilized/2022-12-03 Nyland 01_stabilized.mp4,844
source_retention,data/raw/NVD/annotated_videos/2022-12-03_Nyland_01_stabilized/2022-12-03 Nyland 01_stabilized.mp4,845
source_retention,data/raw/NVD/annotated_videos/2022-12-03_Nyland_01_stabilized/2022-12-03 Nyland 01_stabilized.mp4,846
source_retention,data/raw/NVD/annotated_videos/2022-12-03_Nyland_01_stabilized/2022-12-03 Nyland 01_stabilized.mp4,847
source_retention,data/raw/NVD/annotated_videos/2022-12-03_Nyland_01_stabilized/2022-12-03 Nyland 01_stabilized.mp4,848
source_retention,data/raw/NVD/annotated_videos/2022-12-03_Nyland_01_stabilized/2022-12-03 Nyland 01_stabilized.mp4,849
source_retention,data/raw/NVD/annotated_videos/2022-12-03_Nyland_01_stabilized/2022-12-03 Nyland 01_stabilized.mp4,850
source_retention,data/raw/NVD/annotated_videos/2022-12-03_Nyland_01_stabilized/2022-12-03 Nyland 01_stabilized.mp4,851
source_retention,data/raw/NVD/annotated_videos/2022-12-03_Nyland_01_stabilized/2022-12-03 Nyland 01_stabilized.mp4,852
source_retention,data/raw/NVD/annotated_videos/2022-12-03_Nyland_01_stabilized/2022-12-03 Nyland 01_stabilized.mp4,853
source_retention,data/raw/NVD/annotated_videos/2022-12-03_Nyland_01_stabilized/2022-12-03 Nyland 01_stabilized.mp4,854
source_retention,data/raw/NVD/annotated_videos/2022-12-03_Nyland_01_stabilized/2022-12-03 Nyland 01_stabilized.mp4,855
source_retention,data/raw/NVD/annotated_videos/2022-12-03_Nyland_01_stabilized/2022-12-03 Nyland 01_stabilized.mp4,856
source_retention,data/raw/NVD/annotated_videos/2022-12-03_Nyland_01_stabilized/2022-12-03 Nyland 01_stabilized.mp4,857
source_retention,data/raw/NVD/annotated_videos/2022-12-03_Nyland_01_stabilized/2022-12-03 Nyland 01_stabilized.mp4,858
source_retention,data/raw/NVD/annotated_videos/2022-12-03_Nyland_01_stabilized/2022-12-03 Nyland 01_stabilized.mp4,859
source_retention,data/raw/NVD/annotated_videos/2022-12-03_Nyland_01_stabilized/2022-12-03 Nyland 01_stabilized.mp4,860
source_retention,data/raw/NVD/annotated_videos/2022-12-03_Nyland_01_stabilized/2022-12-03 Nyland 01_stabilized.mp4,861
source_retention,data/raw/NVD/annotated_videos/2022-12-03_Nyland_01_stabilized/2022-12-03 Nyland 01_stabilized.mp4,862
source_retention,data/raw/NVD/annotated_videos/2022-12-03_Nyland_01_stabilized/2022-12-03 Nyland 01_stabilized.mp4,863
source_retention,data/raw/NVD/annotated_videos/2022-12-03_Nyland_01_stabilized/2022-12-03 Nyland 01_stabilized.mp4,864
source_retention,data/raw/NVD/annotated_videos/2022-12-03_Nyland_01_stabilized/2022-12-03 Nyland 01_stabilized.mp4,865
source_retention,data/raw/NVD/annotated_videos/2022-12-03_Nyland_01_stabilized/2022-12-03 Nyland 01_stabilized.mp4,866
source_retention,data/raw/NVD/annotated_videos/2022-12-03_Nyland_01_stabilized/2022-12-03 Nyland 01_stabilized.mp4,867
source_retention,data/raw/NVD/annotated_videos/2022-12-03_Nyland_01_stabilized/2022-12-03 Nyland 01_stabilized.mp4,868
source_retention,data/raw/NVD/annotated_videos/2022-12-03_Nyland_01_stabilized/2022-12-03 Nyland 01_stabilized.mp4,869
source_retention,data/raw/NVD/annotated_videos/2022-12-03_Nyland_01_stabilized/2022-12-03 Nyland 01_stabilized.mp4,870
source_retention,data/raw/NVD/annotated_videos/2022-12-03_Nyland_01_stabilized/2022-12-03 Nyland 01_stabilized.mp4,871
source_retention,data/raw/NVD/annotated_videos/2022-12-03_Nyland_01_stabilized/2022-12-03 Nyland 01_stabilized.mp4,872
source_retention,data/raw/NVD/annotated_videos/2022-12-03_Nyland_01_stabilized/2022-12-03 Nyland 01_stabilized.mp4,873
source_retention,data/raw/NVD/annotated_videos/2022-12-03_Nyland_01_stabilized/2022-12-03 Nyland 01_stabilized.mp4,874
source_retention,data/raw/NVD/annotated_videos/2022-12-03_Nyland_01_stabilized/2022-12-03 Nyland 01_stabilized.mp4,875
source_retention,data/raw/NVD/annotated_videos/2022-12-03_Nyland_01_stabilized/2022-12-03 Nyland 01_stabilized.mp4,876
source_retention,data/raw/NVD/annotated_videos/2022-12-03_Nyland_01_stabilized/2022-12-03 Nyland 01_stabilized.mp4,877
source_retention,data/raw/NVD/annotated_videos/2022-12-03_Nyland_01_stabilized/2022-12-03 Nyland 01_stabilized.mp4,878
source_retention,data/raw/NVD/annotated_videos/2022-12-03_Nyland_01_stabilized/2022-12-03 Nyland 01_stabilized.mp4,879
source_retention,data/raw/NVD/annotated_videos/2022-12-03_Nyland_01_stabilized/2022-12-03 Nyland 01_stabilized.mp4,880
source_retention,data/raw/NVD/annotated_videos/2022-12-03_Nyland_01_stabilized/2022-12-03 Nyland 01_stabilized.mp4,881
source_retention,data/raw/NVD/annotated_videos/2022-12-03_Nyland_01_stabilized/2022-12-03 Nyland 01_stabilized.mp4,882
source_retention,data/raw/NVD/annotated_videos/2022-12-03_Nyland_01_stabilized/2022-12-03 Nyland 01_stabilized.mp4,883
source_retention,data/raw/NVD/annotated_videos/2022-12-03_Nyland_01_stabilized/2022-12-03 Nyland 01_stabilized.mp4,884
source_retention,data/raw/NVD/annotated_videos/2022-12-03_Nyland_01_stabilized/2022-12-03 Nyland 01_stabilized.mp4,885
source_retention,data/raw/NVD/annotated_videos/2022-12-03_Nyland_01_stabilized/2022-12-03 Nyland 01_stabilized.mp4,886
source_retention,data/raw/NVD/annotated_videos/2022-12-03_Nyland_01_stabilized/2022-12-03 Nyland 01_stabilized.mp4,887
source_retention,data/raw/NVD/annotated_videos/2022-12-03_Nyland_01_stabilized/2022-12-03 Nyland 01_stabilized.mp4,888
source_retention,data/raw/NVD/annotated_videos/2022-12-03_Nyland_01_stabilized/2022-12-03 Nyland 01_stabilized.mp4,889
source_retention,data/raw/NVD/annotated_videos/2022-12-03_Nyland_01_stabilized/2022-12-03 Nyland 01_stabilized.mp4,890
source_retention,data/raw/NVD/annotated_videos/2022-12-03_Nyland_01_stabilized/2022-12-03 Nyland 01_stabilized.mp4,891
source_retention,data/raw/NVD/annotated_videos/2022-12-03_Nyland_01_stabilized/2022-12-03 Nyland 01_stabilized.mp4,892
source_retention,data/raw/NVD/annotated_videos/2022-12-03_Nyland_01_stabilized/2022-12-03 Nyland 01_stabilized.mp4,893
source_retention,data/raw/NVD/annotated_videos/2022-12-03_Nyland_01_stabilized/2022-12-03 Nyland 01_stabilized.mp4,894
source_retention,data/raw/NVD/annotated_videos/2022-12-03_Nyland_01_stabilized/2022-12-03 Nyland 01_stabilized.mp4,895
source_retention,data/raw/NVD/annotated_videos/2022-12-03_Nyland_01_stabilized/2022-12-03 Nyland 01_stabilized.mp4,896
source_retention,data/raw/NVD/annotated_videos/2022-12-03_Nyland_01_stabilized/2022-12-03 Nyland 01_stabilized.mp4,897
source_retention,data/raw/NVD/annotated_videos/2022-12-03_Nyland_01_stabilized/2022-12-03 Nyland 01_stabilized.mp4,898
source_retention,data/raw/NVD/annotated_videos/2022-12-03_Nyland_01_stabilized/2022-12-03 Nyland 01_stabilized.mp4,899
source_retention,data/raw/NVD/annotated_videos/2022-12-03_Nyland_01_stabilized/2022-12-03 Nyland 01_stabilized.mp4,900
source_retention,data/raw/NVD/annotated_videos/2022-12-03_Nyland_01_stabilized/2022-12-03 Nyland 01_stabilized.mp4,901
source_retention,data/raw/NVD/annotated_videos/2022-12-03_Nyland_01_stabilized/2022-12-03 Nyland 01_stabilized.mp4,902
source_retention,data/raw/NVD/annotated_videos/2022-12-03_Nyland_01_stabilized/2022-12-03 Nyland 01_stabilized.mp4,903
source_retention,data/raw/NVD/annotated_videos/2022-12-03_Nyland_01_stabilized/2022-12-03 Nyland 01_stabilized.mp4,904
source_retention,data/raw/NVD/annotated_videos/2022-12-03_Nyland_01_stabilized/2022-12-03 Nyland 01_stabilized.mp4,905
source_retention,data/raw/NVD/annotated_videos/2022-12-03_Nyland_01_stabilized/2022-12-03 Nyland 01_stabilized.mp4,906
source_retention,data/raw/NVD/annotated_videos/2022-12-03_Nyland_01_stabilized/2022-12-03 Nyland 01_stabilized.mp4,907
source_retention,data/raw/NVD/annotated_videos/2022-12-03_Nyland_01_stabilized/2022-12-03 Nyland 01_stabilized.mp4,908
source_retention,data/raw/NVD/annotated_videos/2022-12-03_Nyland_01_stabilized/2022-12-03 Nyland 01_stabilized.mp4,909
source_retention,data/raw/NVD/annotated_videos/2022-12-03_Nyland_01_stabilized/2022-12-03 Nyland 01_stabilized.mp4,910
source_retention,data/raw/NVD/annotated_videos/2022-12-03_Nyland_01_stabilized/2022-12-03 Nyland 01_stabilized.mp4,911
source_retention,data/raw/NVD/annotated_videos/2022-12-03_Nyland_01_stabilized/2022-12-03 Nyland 01_stabilized.mp4,912
source_retention,data/raw/NVD/annotated_videos/2022-12-03_Nyland_01_stabilized/2022-12-03 Nyland 01_stabilized.mp4,913
source_retention,data/raw/NVD/annotated_videos/2022-12-03_Nyland_01_stabilized/2022-12-03 Nyland 01_stabilized.mp4,914
source_retention,data/raw/NVD/annotated_videos/2022-12-03_Nyland_01_stabilized/2022-12-03 Nyland 01_stabilized.mp4,915
source_retention,data/raw/NVD/annotated_videos/2022-12-03_Nyland_01_stabilized/2022-12-03 Nyland 01_stabilized.mp4,916
source_retention,data/raw/NVD/annotated_videos/2022-12-03_Nyland_01_stabilized/2022-12-03 Nyland 01_stabilized.mp4,917
source_retention,data/raw/NVD/annotated_videos/2022-12-03_Nyland_01_stabilized/2022-12-03 Nyland 01_stabilized.mp4,918
source_retention,data/raw/NVD/annotated_videos/2022-12-03_Nyland_01_stabilized/2022-12-03 Nyland 01_stabilized.mp4,919
source_retention,data/raw/NVD/annotated_videos/2022-12-03_Nyland_01_stabilized/2022-12-03 Nyland 01_stabilized.mp4,920
source_retention,data/raw/NVD/annotated_videos/2022-12-03_Nyland_01_stabilized/2022-12-03 Nyland 01_stabilized.mp4,921
source_retention,data/raw/NVD/annotated_videos/2022-12-03_Nyland_01_stabilized/2022-12-03 Nyland 01_stabilized.mp4,922
source_retention,data/raw/NVD/annotated_videos/2022-12-03_Nyland_01_stabilized/2022-12-03 Nyland 01_stabilized.mp4,923
source_retention,data/raw/NVD/annotated_videos/2022-12-03_Nyland_01_stabilized/2022-12-03 Nyland 01_stabilized.mp4,924
source_retention,data/raw/NVD/annotated_videos/2022-12-03_Nyland_01_stabilized/2022-12-03 Nyland 01_stabilized.mp4,925
source_retention,data/raw/NVD/annotated_videos/2022-12-03_Nyland_01_stabilized/2022-12-03 Nyland 01_stabilized.mp4,926
source_retention,data/raw/NVD/annotated_videos/2022-12-03_Nyland_01_stabilized/2022-12-03 Nyland 01_stabilized.mp4,927
source_retention,data/raw/NVD/annotated_videos/2022-12-03_Nyland_01_stabilized/2022-12-03 Nyland 01_stabilized.mp4,928
source_retention,data/raw/NVD/annotated_videos/2022-12-03_Nyland_01_stabilized/2022-12-03 Nyland 01_stabilized.mp4,929
source_retention,data/raw/NVD/annotated_videos/2022-12-03_Nyland_01_stabilized/2022-12-03 Nyland 01_stabilized.mp4,930
source_retention,data/raw/NVD/annotated_videos/2022-12-03_Nyland_01_stabilized/2022-12-03 Nyland 01_stabilized.mp4,931
source_retention,data/raw/NVD/annotated_videos/2022-12-03_Nyland_01_stabilized/2022-12-03 Nyland 01_stabilized.mp4,932
source_retention,data/raw/NVD/annotated_videos/2022-12-03_Nyland_01_stabilized/2022-12-03 Nyland 01_stabilized.mp4,933
source_retention,data/raw/NVD/annotated_videos/2022-12-03_Nyland_01_stabilized/2022-12-03 Nyland 01_stabilized.mp4,934
source_retention,data/raw/NVD/annotated_videos/2022-12-03_Nyland_01_stabilized/2022-12-03 Nyland 01_stabilized.mp4,935
source_retention,data/raw/NVD/annotated_videos/2022-12-03_Nyland_01_stabilized/2022-12-03 Nyland 01_stabilized.mp4,936
source_retention,data/raw/NVD/annotated_videos/2022-12-03_Nyland_01_stabilized/2022-12-03 Nyland 01_stabilized.mp4,937
source_retention,data/raw/NVD/annotated_videos/2022-12-03_Nyland_01_stabilized/2022-12-03 Nyland 01_stabilized.mp4,938
source_retention,data/raw/NVD/annotated_videos/2022-12-03_Nyland_01_stabilized/2022-12-03 Nyland 01_stabilized.mp4,939
source_retention,data/raw/NVD/annotated_videos/2022-12-03_Nyland_01_stabilized/2022-12-03 Nyland 01_stabilized.mp4,940
source_retention,data/raw/NVD/annotated_videos/2022-12-03_Nyland_01_stabilized/2022-12-03 Nyland 01_stabilized.mp4,941
source_retention,data/raw/NVD/annotated_videos/2022-12-03_Nyland_01_stabilized/2022-12-03 Nyland 01_stabilized.mp4,942
source_retention,data/raw/NVD/annotated_videos/2022-12-03_Nyland_01_stabilized/2022-12-03 Nyland 01_stabilized.mp4,943
source_retention,data/raw/NVD/annotated_videos/2022-12-03_Nyland_01_stabilized/2022-12-03 Nyland 01_stabilized.mp4,944
source_retention,data/raw/NVD/annotated_videos/2022-12-03_Nyland_01_stabilized/2022-12-03 Nyland 01_stabilized.mp4,945
source_retention,data/raw/NVD/annotated_videos/2022-12-03_Nyland_01_stabilized/2022-12-03 Nyland 01_stabilized.mp4,946
source_retention,data/raw/NVD/annotated_videos/2022-12-03_Nyland_01_stabilized/2022-12-03 Nyland 01_stabilized.mp4,947
source_retention,data/raw/NVD/annotated_videos/2022-12-03_Nyland_01_stabilized/2022-12-03 Nyland 01_stabilized.mp4,948
source_retention,data/raw/NVD/annotated_videos/2022-12-03_Nyland_01_stabilized/2022-12-03 Nyland 01_stabilized.mp4,949
source_retention,data/raw/NVD/annotated_videos/2022-12-03_Nyland_01_stabilized/2022-12-03 Nyland 01_stabilized.mp4,950
source_retention,data/raw/NVD/annotated_videos/2022-12-03_Nyland_01_stabilized/2022-12-03 Nyland 01_stabilized.mp4,951
source_retention,data/raw/NVD/annotated_videos/2022-12-03_Nyland_01_stabilized/2022-12-03 Nyland 01_stabilized.mp4,952
source_retention,data/raw/NVD/annotated_videos/2022-12-03_Nyland_01_stabilized/2022-12-03 Nyland 01_stabilized.mp4,953
source_retention,data/raw/NVD/annotated_videos/2022-12-03_Nyland_01_stabilized/2022-12-03 Nyland 01_stabilized.mp4,954
source_retention,data/raw/NVD/annotated_videos/2022-12-03_Nyland_01_stabilized/2022-12-03 Nyland 01_stabilized.mp4,955
source_retention,data/raw/NVD/annotated_videos/2022-12-03_Nyland_01_stabilized/2022-12-03 Nyland 01_stabilized.mp4,956
source_retention,data/raw/NVD/annotated_videos/2022-12-03_Nyland_01_stabilized/2022-12-03 Nyland 01_stabilized.mp4,957
source_retention,data/raw/NVD/annotated_videos/2022-12-03_Nyland_01_stabilized/2022-12-03 Nyland 01_stabilized.mp4,958
source_retention,data/raw/NVD/annotated_videos/2022-12-03_Nyland_01_stabilized/2022-12-03 Nyland 01_stabilized.mp4,959
source_retention,data/raw/NVD/annotated_videos/2022-12-03_Nyland_01_stabilized/2022-12-03 Nyland 01_stabilized.mp4,960
source_retention,data/raw/NVD/annotated_videos/2022-12-03_Nyland_01_stabilized/2022-12-03 Nyland 01_stabilized.mp4,961
source_retention,data/raw/NVD/annotated_videos/2022-12-03_Nyland_01_stabilized/2022-12-03 Nyland 01_stabilized.mp4,962
source_retention,data/raw/NVD/annotated_videos/2022-12-03_Nyland_01_stabilized/2022-12-03 Nyland 01_stabilized.mp4,963
source_retention,data/raw/NVD/annotated_videos/2022-12-03_Nyland_01_stabilized/2022-12-03 Nyland 01_stabilized.mp4,964
source_retention,data/raw/NVD/annotated_videos/2022-12-03_Nyland_01_stabilized/2022-12-03 Nyland 01_stabilized.mp4,965
source_retention,data/raw/NVD/annotated_videos/2022-12-03_Nyland_01_stabilized/2022-12-03 Nyland 01_stabilized.mp4,966
source_retention,data/raw/NVD/annotated_videos/2022-12-03_Nyland_01_stabilized/2022-12-03 Nyland 01_stabilized.mp4,967
source_retention,data/raw/NVD/annotated_videos/2022-12-03_Nyland_01_stabilized/2022-12-03 Nyland 01_stabilized.mp4,968
source_retention,data/raw/NVD/annotated_videos/2022-12-03_Nyland_01_stabilized/2022-12-03 Nyland 01_stabilized.mp4,969
source_retention,data/raw/NVD/annotated_videos/2022-12-03_Nyland_01_stabilized/2022-12-03 Nyland 01_stabilized.mp4,970
source_retention,data/raw/NVD/annotated_videos/2022-12-03_Nyland_01_stabilized/2022-12-03 Nyland 01_stabilized.mp4,971
source_retention,data/raw/NVD/annotated_videos/2022-12-03_Nyland_01_stabilized/2022-12-03 Nyland 01_stabilized.mp4,972
source_retention,data/raw/NVD/annotated_videos/2022-12-03_Nyland_01_stabilized/2022-12-03 Nyland 01_stabilized.mp4,973
source_retention,data/raw/NVD/annotated_videos/2022-12-03_Nyland_01_stabilized/2022-12-03 Nyland 01_stabilized.mp4,974
source_retention,data/raw/NVD/annotated_videos/2022-12-03_Nyland_01_stabilized/2022-12-03 Nyland 01_stabilized.mp4,975
source_retention,data/raw/NVD/annotated_videos/2022-12-03_Nyland_01_stabilized/2022-12-03 Nyland 01_stabilized.mp4,976
source_retention,data/raw/NVD/annotated_videos/2022-12-03_Nyland_01_stabilized/2022-12-03 Nyland 01_stabilized.mp4,977
source_retention,data/raw/NVD/annotated_videos/2022-12-03_Nyland_01_stabilized/2022-12-03 Nyland 01_stabilized.mp4,978
source_retention,data/raw/NVD/annotated_videos/2022-12-03_Nyland_01_stabilized/2022-12-03 Nyland 01_stabilized.mp4,979
source_retention,data/raw/NVD/annotated_videos/2022-12-03_Nyland_01_stabilized/2022-12-03 Nyland 01_stabilized.mp4,980
source_retention,data/raw/NVD/annotated_videos/2022-12-03_Nyland_01_stabilized/2022-12-03 Nyland 01_stabilized.mp4,981
source_retention,data/raw/NVD/annotated_videos/2022-12-03_Nyland_01_stabilized/2022-12-03 Nyland 01_stabilized.mp4,982
source_retention,data/raw/NVD/annotated_videos/2022-12-03_Nyland_01_stabilized/2022-12-03 Nyland 01_stabilized.mp4,983
source_retention,data/raw/NVD/annotated_videos/2022-12-03_Nyland_01_stabilized/2022-12-03 Nyland 01_stabilized.mp4,984
source_retention,data/raw/NVD/annotated_videos/2022-12-03_Nyland_01_stabilized/2022-12-03 Nyland 01_stabilized.mp4,985
source_retention,data/raw/NVD/annotated_videos/2022-12-03_Nyland_01_stabilized/2022-12-03 Nyland 01_stabilized.mp4,986
source_retention,data/raw/NVD/annotated_videos/2022-12-03_Nyland_01_stabilized/2022-12-03 Nyland 01_stabilized.mp4,987
source_retention,data/raw/NVD/annotated_videos/2022-12-03_Nyland_01_stabilized/2022-12-03 Nyland 01_stabilized.mp4,988
source_retention,data/raw/NVD/annotated_videos/2022-12-03_Nyland_01_stabilized/2022-12-03 Nyland 01_stabilized.mp4,989
source_retention,data/raw/NVD/annotated_videos/2022-12-03_Nyland_01_stabilized/2022-12-03 Nyland 01_stabilized.mp4,990
source_retention,data/raw/NVD/annotated_videos/2022-12-03_Nyland_01_stabilized/2022-12-03 Nyland 01_stabilized.mp4,991
source_retention,data/raw/NVD/annotated_videos/2022-12-03_Nyland_01_stabilized/2022-12-03 Nyland 01_stabilized.mp4,992
source_retention,data/raw/NVD/annotated_videos/2022-12-03_Nyland_01_stabilized/2022-12-03 Nyland 01_stabilized.mp4,993
source_retention,data/raw/NVD/annotated_videos/2022-12-03_Nyland_01_stabilized/2022-12-03 Nyland 01_stabilized.mp4,994
source_retention,data/raw/NVD/annotated_videos/2022-12-03_Nyland_01_stabilized/2022-12-03 Nyland 01_stabilized.mp4,995
source_retention,data/raw/NVD/annotated_videos/2022-12-03_Nyland_01_stabilized/2022-12-03 Nyland 01_stabilized.mp4,996
source_retention,data/raw/NVD/annotated_videos/2022-12-03_Nyland_01_stabilized/2022-12-03 Nyland 01_stabilized.mp4,997
source_retention,data/raw/NVD/annotated_videos/2022-12-03_Nyland_01_stabilized/2022-12-03 Nyland 01_stabilized.mp4,998
source_retention,data/raw/NVD/annotated_videos/2022-12-03_Nyland_01_stabilized/2022-12-03 Nyland 01_stabilized.mp4,999
source_retention,data/raw/NVD/annotated_videos/2022-12-03_Nyland_01_stabilized/2022-12-03 Nyland 01_stabilized.mp4,1000
source_retention,data/raw/NVD/annotated_videos/2022-12-03_Nyland_01_stabilized/2022-12-03 Nyland 01_stabilized.mp4,1001
source_retention,data/raw/NVD/annotated_videos/2022-12-03_Nyland_01_stabilized/2022-12-03 Nyland 01_stabilized.mp4,1002
source_retention,data/raw/NVD/annotated_videos/2022-12-03_Nyland_01_stabilized/2022-12-03 Nyland 01_stabilized.mp4,1003
source_retention,data/raw/NVD/annotated_videos/2022-12-03_Nyland_01_stabilized/2022-12-03 Nyland 01_stabilized.mp4,1004
source_retention,data/raw/NVD/annotated_videos/2022-12-03_Nyland_01_stabilized/2022-12-03 Nyland 01_stabilized.mp4,1005
source_retention,data/raw/NVD/annotated_videos/2022-12-03_Nyland_01_stabilized/2022-12-03 Nyland 01_stabilized.mp4,1006
source_retention,data/raw/NVD/annotated_videos/2022-12-03_Nyland_01_stabilized/2022-12-03 Nyland 01_stabilized.mp4,1007
source_retention,data/raw/NVD/annotated_videos/2022-12-03_Nyland_01_stabilized/2022-12-03 Nyland 01_stabilized.mp4,1008
source_retention,data/raw/NVD/annotated_videos/2022-12-03_Nyland_01_stabilized/2022-12-03 Nyland 01_stabilized.mp4,1009
source_retention,data/raw/NVD/annotated_videos/2022-12-03_Nyland_01_stabilized/2022-12-03 Nyland 01_stabilized.mp4,1010
source_retention,data/raw/NVD/annotated_videos/2022-12-03_Nyland_01_stabilized/2022-12-03 Nyland 01_stabilized.mp4,1011
source_retention,data/raw/NVD/annotated_videos/2022-12-03_Nyland_01_stabilized/2022-12-03 Nyland 01_stabilized.mp4,1012
source_retention,data/raw/NVD/annotated_videos/2022-12-03_Nyland_01_stabilized/2022-12-03 Nyland 01_stabilized.mp4,1013
source_retention,data/raw/NVD/annotated_videos/2022-12-03_Nyland_01_stabilized/2022-12-03 Nyland 01_stabilized.mp4,1014
source_retention,data/raw/NVD/annotated_videos/2022-12-03_Nyland_01_stabilized/2022-12-03 Nyland 01_stabilized.mp4,1015
source_retention,data/raw/NVD/annotated_videos/2022-12-03_Nyland_01_stabilized/2022-12-03 Nyland 01_stabilized.mp4,1016
source_retention,data/raw/NVD/annotated_videos/2022-12-03_Nyland_01_stabilized/2022-12-03 Nyland 01_stabilized.mp4,1017
source_retention,data/raw/NVD/annotated_videos/2022-12-03_Nyland_01_stabilized/2022-12-03 Nyland 01_stabilized.mp4,1018
source_retention,data/raw/NVD/annotated_videos/2022-12-03_Nyland_01_stabilized/2022-12-03 Nyland 01_stabilized.mp4,1019
source_retention,data/raw/NVD/annotated_videos/2022-12-03_Nyland_01_stabilized/2022-12-03 Nyland 01_stabilized.mp4,1020
source_retention,data/raw/NVD/annotated_videos/2022-12-03_Nyland_01_stabilized/2022-12-03 Nyland 01_stabilized.mp4,1021
source_retention,data/raw/NVD/annotated_videos/2022-12-03_Nyland_01_stabilized/2022-12-03 Nyland 01_stabilized.mp4,1022
source_retention,data/raw/NVD/annotated_videos/2022-12-03_Nyland_01_stabilized/2022-12-03 Nyland 01_stabilized.mp4,1023
source_retention,data/raw/NVD/annotated_videos/2022-12-03_Nyland_01_stabilized/2022-12-03 Nyland 01_stabilized.mp4,1024
source_retention,data/raw/NVD/annotated_videos/2022-12-03_Nyland_01_stabilized/2022-12-03 Nyland 01_stabilized.mp4,1025
source_retention,data/raw/NVD/annotated_videos/2022-12-03_Nyland_01_stabilized/2022-12-03 Nyland 01_stabilized.mp4,1026
source_retention,data/raw/NVD/annotated_videos/2022-12-03_Nyland_01_stabilized/2022-12-03 Nyland 01_stabilized.mp4,1027
source_retention,data/raw/NVD/annotated_videos/2022-12-03_Nyland_01_stabilized/2022-12-03 Nyland 01_stabilized.mp4,1028
source_retention,data/raw/NVD/annotated_videos/2022-12-03_Nyland_01_stabilized/2022-12-03 Nyland 01_stabilized.mp4,1029
source_retention,data/raw/NVD/annotated_videos/2022-12-03_Nyland_01_stabilized/2022-12-03 Nyland 01_stabilized.mp4,1030
source_retention,data/raw/NVD/annotated_videos/2022-12-03_Nyland_01_stabilized/2022-12-03 Nyland 01_stabilized.mp4,1031
source_retention,data/raw/NVD/annotated_videos/2022-12-03_Nyland_01_stabilized/2022-12-03 Nyland 01_stabilized.mp4,1032
source_retention,data/raw/NVD/annotated_videos/2022-12-03_Nyland_01_stabilized/2022-12-03 Nyland 01_stabilized.mp4,1033
source_retention,data/raw/NVD/annotated_videos/2022-12-03_Nyland_01_stabilized/2022-12-03 Nyland 01_stabilized.mp4,1034
source_retention,data/raw/NVD/annotated_videos/2022-12-03_Nyland_01_stabilized/2022-12-03 Nyland 01_stabilized.mp4,1035
source_retention,data/raw/NVD/annotated_videos/2022-12-03_Nyland_01_stabilized/2022-12-03 Nyland 01_stabilized.mp4,1036
source_retention,data/raw/NVD/annotated_videos/2022-12-03_Nyland_01_stabilized/2022-12-03 Nyland 01_stabilized.mp4,1037
source_retention,data/raw/NVD/annotated_videos/2022-12-03_Nyland_01_stabilized/2022-12-03 Nyland 01_stabilized.mp4,1038
source_retention,data/raw/NVD/annotated_videos/2022-12-03_Nyland_01_stabilized/2022-12-03 Nyland 01_stabilized.mp4,1039
source_retention,data/raw/NVD/annotated_videos/2022-12-03_Nyland_01_stabilized/2022-12-03 Nyland 01_stabilized.mp4,1040
source_retention,data/raw/NVD/annotated_videos/2022-12-03_Nyland_01_stabilized/2022-12-03 Nyland 01_stabilized.mp4,1041
source_retention,data/raw/NVD/annotated_videos/2022-12-03_Nyland_01_stabilized/2022-12-03 Nyland 01_stabilized.mp4,1042
source_retention,data/raw/NVD/annotated_videos/2022-12-03_Nyland_01_stabilized/2022-12-03 Nyland 01_stabilized.mp4,1043
source_retention,data/raw/NVD/annotated_videos/2022-12-03_Nyland_01_stabilized/2022-12-03 Nyland 01_stabilized.mp4,1044
source_retention,data/raw/NVD/annotated_videos/2022-12-03_Nyland_01_stabilized/2022-12-03 Nyland 01_stabilized.mp4,1045
source_retention,data/raw/NVD/annotated_videos/2022-12-03_Nyland_01_stabilized/2022-12-03 Nyland 01_stabilized.mp4,1046
source_retention,data/raw/NVD/annotated_videos/2022-12-03_Nyland_01_stabilized/2022-12-03 Nyland 01_stabilized.mp4,1047
source_retention,data/raw/NVD/annotated_videos/2022-12-03_Nyland_01_stabilized/2022-12-03 Nyland 01_stabilized.mp4,1048
source_retention,data/raw/NVD/annotated_videos/2022-12-03_Nyland_01_stabilized/2022-12-03 Nyland 01_stabilized.mp4,1049
source_retention,data/raw/NVD/annotated_videos/2022-12-03_Nyland_01_stabilized/2022-12-03 Nyland 01_stabilized.mp4,1050
source_retention,data/raw/NVD/annotated_videos/2022-12-03_Nyland_01_stabilized/2022-12-03 Nyland 01_stabilized.mp4,1051
source_retention,data/raw/NVD/annotated_videos/2022-12-03_Nyland_01_stabilized/2022-12-03 Nyland 01_stabilized.mp4,1052
source_retention,data/raw/NVD/annotated_videos/2022-12-03_Nyland_01_stabilized/2022-12-03 Nyland 01_stabilized.mp4,1053
source_retention,data/raw/NVD/annotated_videos/2022-12-03_Nyland_01_stabilized/2022-12-03 Nyland 01_stabilized.mp4,1054
source_retention,data/raw/NVD/annotated_videos/2022-12-03_Nyland_01_stabilized/2022-12-03 Nyland 01_stabilized.mp4,1055
source_retention,data/raw/NVD/annotated_videos/2022-12-03_Nyland_01_stabilized/2022-12-03 Nyland 01_stabilized.mp4,1056
source_retention,data/raw/NVD/annotated_videos/2022-12-03_Nyland_01_stabilized/2022-12-03 Nyland 01_stabilized.mp4,1057
source_retention,data/raw/NVD/annotated_videos/2022-12-03_Nyland_01_stabilized/2022-12-03 Nyland 01_stabilized.mp4,1058
source_retention,data/raw/NVD/annotated_videos/2022-12-03_Nyland_01_stabilized/2022-12-03 Nyland 01_stabilized.mp4,1059
source_retention,data/raw/NVD/annotated_videos/2022-12-03_Nyland_01_stabilized/2022-12-03 Nyland 01_stabilized.mp4,1060
source_retention,data/raw/NVD/annotated_videos/2022-12-03_Nyland_01_stabilized/2022-12-03 Nyland 01_stabilized.mp4,1061
source_retention,data/raw/NVD/annotated_videos/2022-12-03_Nyland_01_stabilized/2022-12-03 Nyland 01_stabilized.mp4,1062
source_retention,data/raw/NVD/annotated_videos/2022-12-03_Nyland_01_stabilized/2022-12-03 Nyland 01_stabilized.mp4,1063
source_retention,data/raw/NVD/annotated_videos/2022-12-03_Nyland_01_stabilized/2022-12-03 Nyland 01_stabilized.mp4,1064
source_retention,data/raw/NVD/annotated_videos/2022-12-03_Nyland_01_stabilized/2022-12-03 Nyland 01_stabilized.mp4,1065
source_retention,data/raw/NVD/annotated_videos/2022-12-03_Nyland_01_stabilized/2022-12-03 Nyland 01_stabilized.mp4,1066
source_retention,data/raw/NVD/annotated_videos/2022-12-03_Nyland_01_stabilized/2022-12-03 Nyland 01_stabilized.mp4,1067
source_retention,data/raw/NVD/annotated_videos/2022-12-03_Nyland_01_stabilized/2022-12-03 Nyland 01_stabilized.mp4,1068
source_retention,data/raw/NVD/annotated_videos/2022-12-03_Nyland_01_stabilized/2022-12-03 Nyland 01_stabilized.mp4,1069
source_retention,data/raw/NVD/annotated_videos/2022-12-03_Nyland_01_stabilized/2022-12-03 Nyland 01_stabilized.mp4,1070
source_retention,data/raw/NVD/annotated_videos/2022-12-03_Nyland_01_stabilized/2022-12-03 Nyland 01_stabilized.mp4,1071
source_retention,data/raw/NVD/annotated_videos/2022-12-03_Nyland_01_stabilized/2022-12-03 Nyland 01_stabilized.mp4,1072
source_retention,data/raw/NVD/annotated_videos/2022-12-03_Nyland_01_stabilized/2022-12-03 Nyland 01_stabilized.mp4,1073
source_retention,data/raw/NVD/annotated_videos/2022-12-03_Nyland_01_stabilized/2022-12-03 Nyland 01_stabilized.mp4,1074
source_retention,data/raw/NVD/annotated_videos/2022-12-03_Nyland_01_stabilized/2022-12-03 Nyland 01_stabilized.mp4,1075
source_retention,data/raw/NVD/annotated_videos/2022-12-03_Nyland_01_stabilized/2022-12-03 Nyland 01_stabilized.mp4,1076
source_retention,data/raw/NVD/annotated_videos/2022-12-03_Nyland_01_stabilized/2022-12-03 Nyland 01_stabilized.mp4,1077
source_retention,data/raw/NVD/annotated_videos/2022-12-03_Nyland_01_stabilized/2022-12-03 Nyland 01_stabilized.mp4,1078
source_retention,data/raw/NVD/annotated_videos/2022-12-03_Nyland_01_stabilized/2022-12-03 Nyland 01_stabilized.mp4,1079
source_retention,data/raw/NVD/annotated_videos/2022-12-03_Nyland_01_stabilized/2022-12-03 Nyland 01_stabilized.mp4,1080
source_retention,data/raw/NVD/annotated_videos/2022-12-03_Nyland_01_stabilized/2022-12-03 Nyland 01_stabilized.mp4,1081
source_retention,data/raw/NVD/annotated_videos/2022-12-03_Nyland_01_stabilized/2022-12-03 Nyland 01_stabilized.mp4,1082
source_retention,data/raw/NVD/annotated_videos/2022-12-03_Nyland_01_stabilized/2022-12-03 Nyland 01_stabilized.mp4,1083
source_retention,data/raw/NVD/annotated_videos/2022-12-03_Nyland_01_stabilized/2022-12-03 Nyland 01_stabilized.mp4,1084
source_retention,data/raw/NVD/annotated_videos/2022-12-03_Nyland_01_stabilized/2022-12-03 Nyland 01_stabilized.mp4,1085
source_retention,data/raw/NVD/annotated_videos/2022-12-03_Nyland_01_stabilized/2022-12-03 Nyland 01_stabilized.mp4,1086
source_retention,data/raw/NVD/annotated_videos/2022-12-03_Nyland_01_stabilized/2022-12-03 Nyland 01_stabilized.mp4,1087
source_retention,data/raw/NVD/annotated_videos/2022-12-03_Nyland_01_stabilized/2022-12-03 Nyland 01_stabilized.mp4,1088
source_retention,data/raw/NVD/annotated_videos/2022-12-03_Nyland_01_stabilized/2022-12-03 Nyland 01_stabilized.mp4,1089
source_retention,data/raw/NVD/annotated_videos/2022-12-03_Nyland_01_stabilized/2022-12-03 Nyland 01_stabilized.mp4,1090
source_retention,data/raw/NVD/annotated_videos/2022-12-03_Nyland_01_stabilized/2022-12-03 Nyland 01_stabilized.mp4,1091
source_retention,data/raw/NVD/annotated_videos/2022-12-03_Nyland_01_stabilized/2022-12-03 Nyland 01_stabilized.mp4,1092
source_retention,data/raw/NVD/annotated_videos/2022-12-03_Nyland_01_stabilized/2022-12-03 Nyland 01_stabilized.mp4,1093
source_retention,data/raw/NVD/annotated_videos/2022-12-03_Nyland_01_stabilized/2022-12-03 Nyland 01_stabilized.mp4,1094
source_retention,data/raw/NVD/annotated_videos/2022-12-03_Nyland_01_stabilized/2022-12-03 Nyland 01_stabilized.mp4,1095
source_retention,data/raw/NVD/annotated_videos/2022-12-03_Nyland_01_stabilized/2022-12-03 Nyland 01_stabilized.mp4,1096
source_retention,data/raw/NVD/annotated_videos/2022-12-03_Nyland_01_stabilized/2022-12-03 Nyland 01_stabilized.mp4,1097
source_retention,data/raw/NVD/annotated_videos/2022-12-03_Nyland_01_stabilized/2022-12-03 Nyland 01_stabilized.mp4,1098
source_retention,data/raw/NVD/annotated_videos/2022-12-03_Nyland_01_stabilized/2022-12-03 Nyland 01_stabilized.mp4,1099
source_retention,data/raw/NVD/annotated_videos/2022-12-03_Nyland_01_stabilized/2022-12-03 Nyland 01_stabilized.mp4,1100
source_retention,data/raw/NVD/annotated_videos/2022-12-03_Nyland_01_stabilized/2022-12-03 Nyland 01_stabilized.mp4,1101
source_retention,data/raw/NVD/annotated_videos/2022-12-03_Nyland_01_stabilized/2022-12-03 Nyland 01_stabilized.mp4,1102
source_retention,data/raw/NVD/annotated_videos/2022-12-03_Nyland_01_stabilized/2022-12-03 Nyland 01_stabilized.mp4,1103
source_retention,data/raw/NVD/annotated_videos/2022-12-03_Nyland_01_stabilized/2022-12-03 Nyland 01_stabilized.mp4,1104
source_retention,data/raw/NVD/annotated_videos/2022-12-03_Nyland_01_stabilized/2022-12-03 Nyland 01_stabilized.mp4,1105
source_retention,data/raw/NVD/annotated_videos/2022-12-03_Nyland_01_stabilized/2022-12-03 Nyland 01_stabilized.mp4,1106
source_retention,data/raw/NVD/annotated_videos/2022-12-03_Nyland_01_stabilized/2022-12-03 Nyland 01_stabilized.mp4,1107
source_retention,data/raw/NVD/annotated_videos/2022-12-03_Nyland_01_stabilized/2022-12-03 Nyland 01_stabilized.mp4,1108
source_retention,data/raw/NVD/annotated_videos/2022-12-03_Nyland_01_stabilized/2022-12-03 Nyland 01_stabilized.mp4,1109
source_retention,data/raw/NVD/annotated_videos/2022-12-03_Nyland_01_stabilized/2022-12-03 Nyland 01_stabilized.mp4,1110
source_retention,data/raw/NVD/annotated_videos/2022-12-03_Nyland_01_stabilized/2022-12-03 Nyland 01_stabilized.mp4,1111
source_retention,data/raw/NVD/annotated_videos/2022-12-03_Nyland_01_stabilized/2022-12-03 Nyland 01_stabilized.mp4,1112
source_retention,data/raw/NVD/annotated_videos/2022-12-03_Nyland_01_stabilized/2022-12-03 Nyland 01_stabilized.mp4,1113
source_retention,data/raw/NVD/annotated_videos/2022-12-03_Nyland_01_stabilized/2022-12-03 Nyland 01_stabilized.mp4,1114
source_retention,data/raw/NVD/annotated_videos/2022-12-03_Nyland_01_stabilized/2022-12-03 Nyland 01_stabilized.mp4,1115
source_retention,data/raw/NVD/annotated_videos/2022-12-03_Nyland_01_stabilized/2022-12-03 Nyland 01_stabilized.mp4,1116
source_retention,data/raw/NVD/annotated_videos/2022-12-03_Nyland_01_stabilized/2022-12-03 Nyland 01_stabilized.mp4,1117
source_retention,data/raw/NVD/annotated_videos/2022-12-03_Nyland_01_stabilized/2022-12-03 Nyland 01_stabilized.mp4,1118
source_retention,data/raw/NVD/annotated_videos/2022-12-03_Nyland_01_stabilized/2022-12-03 Nyland 01_stabilized.mp4,1119
source_retention,data/raw/NVD/annotated_videos/2022-12-03_Nyland_01_stabilized/2022-12-03 Nyland 01_stabilized.mp4,1120
source_retention,data/raw/NVD/annotated_videos/2022-12-03_Nyland_01_stabilized/2022-12-03 Nyland 01_stabilized.mp4,1121
source_retention,data/raw/NVD/annotated_videos/2022-12-03_Nyland_01_stabilized/2022-12-03 Nyland 01_stabilized.mp4,1122
source_retention,data/raw/NVD/annotated_videos/2022-12-03_Nyland_01_stabilized/2022-12-03 Nyland 01_stabilized.mp4,1123
source_retention,data/raw/NVD/annotated_videos/2022-12-03_Nyland_01_stabilized/2022-12-03 Nyland 01_stabilized.mp4,1124
source_retention,data/raw/NVD/annotated_videos/2022-12-03_Nyland_01_stabilized/2022-12-03 Nyland 01_stabilized.mp4,1125
source_retention,data/raw/NVD/annotated_videos/2022-12-03_Nyland_01_stabilized/2022-12-03 Nyland 01_stabilized.mp4,1126
source_retention,data/raw/NVD/annotated_videos/2022-12-03_Nyland_01_stabilized/2022-12-03 Nyland 01_stabilized.mp4,1127
source_retention,data/raw/NVD/annotated_videos/2022-12-03_Nyland_01_stabilized/2022-12-03 Nyland 01_stabilized.mp4,1128
source_retention,data/raw/NVD/annotated_videos/2022-12-03_Nyland_01_stabilized/2022-12-03 Nyland 01_stabilized.mp4,1129
source_retention,data/raw/NVD/annotated_videos/2022-12-03_Nyland_01_stabilized/2022-12-03 Nyland 01_stabilized.mp4,1130
source_retention,data/raw/NVD/annotated_videos/2022-12-03_Nyland_01_stabilized/2022-12-03 Nyland 01_stabilized.mp4,1131
source_retention,data/raw/NVD/annotated_videos/2022-12-03_Nyland_01_stabilized/2022-12-03 Nyland 01_stabilized.mp4,1132
source_retention,data/raw/NVD/annotated_videos/2022-12-03_Nyland_01_stabilized/2022-12-03 Nyland 01_stabilized.mp4,1133
source_retention,data/raw/NVD/annotated_videos/2022-12-03_Nyland_01_stabilized/2022-12-03 Nyland 01_stabilized.mp4,1134
source_retention,data/raw/NVD/annotated_videos/2022-12-03_Nyland_01_stabilized/2022-12-03 Nyland 01_stabilized.mp4,1135
source_retention,data/raw/NVD/annotated_videos/2022-12-03_Nyland_01_stabilized/2022-12-03 Nyland 01_stabilized.mp4,1136
source_retention,data/raw/NVD/annotated_videos/2022-12-03_Nyland_01_stabilized/2022-12-03 Nyland 01_stabilized.mp4,1137
source_retention,data/raw/NVD/annotated_videos/2022-12-03_Nyland_01_stabilized/2022-12-03 Nyland 01_stabilized.mp4,1138
source_retention,data/raw/NVD/annotated_videos/2022-12-03_Nyland_01_stabilized/2022-12-03 Nyland 01_stabilized.mp4,1139
source_retention,data/raw/NVD/annotated_videos/2022-12-03_Nyland_01_stabilized/2022-12-03 Nyland 01_stabilized.mp4,1140
source_retention,data/raw/NVD/annotated_videos/2022-12-03_Nyland_01_stabilized/2022-12-03 Nyland 01_stabilized.mp4,1141
source_retention,data/raw/NVD/annotated_videos/2022-12-03_Nyland_01_stabilized/2022-12-03 Nyland 01_stabilized.mp4,1142
source_retention,data/raw/NVD/annotated_videos/2022-12-03_Nyland_01_stabilized/2022-12-03 Nyland 01_stabilized.mp4,1143
source_retention,data/raw/NVD/annotated_videos/2022-12-03_Nyland_01_stabilized/2022-12-03 Nyland 01_stabilized.mp4,1144
source_retention,data/raw/NVD/annotated_videos/2022-12-03_Nyland_01_stabilized/2022-12-03 Nyland 01_stabilized.mp4,1145
source_retention,data/raw/NVD/annotated_videos/2022-12-03_Nyland_01_stabilized/2022-12-03 Nyland 01_stabilized.mp4,1146
source_retention,data/raw/NVD/annotated_videos/2022-12-03_Nyland_01_stabilized/2022-12-03 Nyland 01_stabilized.mp4,1147
source_retention,data/raw/NVD/annotated_videos/2022-12-03_Nyland_01_stabilized/2022-12-03 Nyland 01_stabilized.mp4,1148
source_retention,data/raw/NVD/annotated_videos/2022-12-03_Nyland_01_stabilized/2022-12-03 Nyland 01_stabilized.mp4,1149
source_retention,data/raw/NVD/annotated_videos/2022-12-03_Nyland_01_stabilized/2022-12-03 Nyland 01_stabilized.mp4,1150
source_retention,data/raw/NVD/annotated_videos/2022-12-03_Nyland_01_stabilized/2022-12-03 Nyland 01_stabilized.mp4,1151
source_retention,data/raw/NVD/annotated_videos/2022-12-03_Nyland_01_stabilized/2022-12-03 Nyland 01_stabilized.mp4,1152
source_retention,data/raw/NVD/annotated_videos/2022-12-03_Nyland_01_stabilized/2022-12-03 Nyland 01_stabilized.mp4,1153
source_retention,data/raw/NVD/annotated_videos/2022-12-03_Nyland_01_stabilized/2022-12-03 Nyland 01_stabilized.mp4,1154
source_retention,data/raw/NVD/annotated_videos/2022-12-03_Nyland_01_stabilized/2022-12-03 Nyland 01_stabilized.mp4,1155
source_retention,data/raw/NVD/annotated_videos/2022-12-03_Nyland_01_stabilized/2022-12-03 Nyland 01_stabilized.mp4,1156
source_retention,data/raw/NVD/annotated_videos/2022-12-03_Nyland_01_stabilized/2022-12-03 Nyland 01_stabilized.mp4,1157
source_retention,data/raw/NVD/annotated_videos/2022-12-03_Nyland_01_stabilized/2022-12-03 Nyland 01_stabilized.mp4,1158
source_retention,data/raw/NVD/annotated_videos/2022-12-03_Nyland_01_stabilized/2022-12-03 Nyland 01_stabilized.mp4,1159
source_retention,data/raw/NVD/annotated_videos/2022-12-03_Nyland_01_stabilized/2022-12-03 Nyland 01_stabilized.mp4,1160
source_retention,data/raw/NVD/annotated_videos/2022-12-03_Nyland_01_stabilized/2022-12-03 Nyland 01_stabilized.mp4,1161
source_retention,data/raw/NVD/annotated_videos/2022-12-03_Nyland_01_stabilized/2022-12-03 Nyland 01_stabilized.mp4,1162
source_retention,data/raw/NVD/annotated_videos/2022-12-03_Nyland_01_stabilized/2022-12-03 Nyland 01_stabilized.mp4,1163
source_retention,data/raw/NVD/annotated_videos/2022-12-03_Nyland_01_stabilized/2022-12-03 Nyland 01_stabilized.mp4,1164
source_retention,data/raw/NVD/annotated_videos/2022-12-03_Nyland_01_stabilized/2022-12-03 Nyland 01_stabilized.mp4,1165
source_retention,data/raw/NVD/annotated_videos/2022-12-03_Nyland_01_stabilized/2022-12-03 Nyland 01_stabilized.mp4,1166
source_retention,data/raw/NVD/annotated_videos/2022-12-03_Nyland_01_stabilized/2022-12-03 Nyland 01_stabilized.mp4,1167
source_retention,data/raw/NVD/annotated_videos/2022-12-03_Nyland_01_stabilized/2022-12-03 Nyland 01_stabilized.mp4,1168
source_retention,data/raw/NVD/annotated_videos/2022-12-03_Nyland_01_stabilized/2022-12-03 Nyland 01_stabilized.mp4,1169
source_retention,data/raw/NVD/annotated_videos/2022-12-03_Nyland_01_stabilized/2022-12-03 Nyland 01_stabilized.mp4,1170
source_retention,data/raw/NVD/annotated_videos/2022-12-03_Nyland_01_stabilized/2022-12-03 Nyland 01_stabilized.mp4,1171
source_retention,data/raw/NVD/annotated_videos/2022-12-03_Nyland_01_stabilized/2022-12-03 Nyland 01_stabilized.mp4,1172
source_retention,data/raw/NVD/annotated_videos/2022-12-03_Nyland_01_stabilized/2022-12-03 Nyland 01_stabilized.mp4,1173
source_retention,data/raw/NVD/annotated_videos/2022-12-03_Nyland_01_stabilized/2022-12-03 Nyland 01_stabilized.mp4,1174
source_retention,data/raw/NVD/annotated_videos/2022-12-03_Nyland_01_stabilized/2022-12-03 Nyland 01_stabilized.mp4,1175
source_retention,data/raw/NVD/annotated_videos/2022-12-03_Nyland_01_stabilized/2022-12-03 Nyland 01_stabilized.mp4,1176
source_retention,data/raw/NVD/annotated_videos/2022-12-03_Nyland_01_stabilized/2022-12-03 Nyland 01_stabilized.mp4,1177
source_retention,data/raw/NVD/annotated_videos/2022-12-03_Nyland_01_stabilized/2022-12-03 Nyland 01_stabilized.mp4,1178
source_retention,data/raw/NVD/annotated_videos/2022-12-03_Nyland_01_stabilized/2022-12-03 Nyland 01_stabilized.mp4,1179
source_retention,data/raw/NVD/annotated_videos/2022-12-03_Nyland_01_stabilized/2022-12-03 Nyland 01_stabilized.mp4,1180
source_retention,data/raw/NVD/annotated_videos/2022-12-03_Nyland_01_stabilized/2022-12-03 Nyland 01_stabilized.mp4,1181
source_retention,data/raw/NVD/annotated_videos/2022-12-03_Nyland_01_stabilized/2022-12-03 Nyland 01_stabilized.mp4,1182
source_retention,data/raw/NVD/annotated_videos/2022-12-03_Nyland_01_stabilized/2022-12-03 Nyland 01_stabilized.mp4,1183
source_retention,data/raw/NVD/annotated_videos/2022-12-03_Nyland_01_stabilized/2022-12-03 Nyland 01_stabilized.mp4,1184
source_retention,data/raw/NVD/annotated_videos/2022-12-03_Nyland_01_stabilized/2022-12-03 Nyland 01_stabilized.mp4,1185
source_retention,data/raw/NVD/annotated_videos/2022-12-03_Nyland_01_stabilized/2022-12-03 Nyland 01_stabilized.mp4,1186
source_retention,data/raw/NVD/annotated_videos/2022-12-03_Nyland_01_stabilized/2022-12-03 Nyland 01_stabilized.mp4,1187
source_retention,data/raw/NVD/annotated_videos/2022-12-03_Nyland_01_stabilized/2022-12-03 Nyland 01_stabilized.mp4,1188
source_retention,data/raw/NVD/annotated_videos/2022-12-03_Nyland_01_stabilized/2022-12-03 Nyland 01_stabilized.mp4,1189
source_retention,data/raw/NVD/annotated_videos/2022-12-03_Nyland_01_stabilized/2022-12-03 Nyland 01_stabilized.mp4,1190
source_retention,data/raw/NVD/annotated_videos/2022-12-03_Nyland_01_stabilized/2022-12-03 Nyland 01_stabilized.mp4,1191
source_retention,data/raw/NVD/annotated_videos/2022-12-03_Nyland_01_stabilized/2022-12-03 Nyland 01_stabilized.mp4,1192
source_retention,data/raw/NVD/annotated_videos/2022-12-03_Nyland_01_stabilized/2022-12-03 Nyland 01_stabilized.mp4,1193
source_retention,data/raw/NVD/annotated_videos/2022-12-03_Nyland_01_stabilized/2022-12-03 Nyland 01_stabilized.mp4,1194
source_retention,data/raw/NVD/annotated_videos/2022-12-03_Nyland_01_stabilized/2022-12-03 Nyland 01_stabilized.mp4,1195
source_retention,data/raw/NVD/annotated_videos/2022-12-03_Nyland_01_stabilized/2022-12-03 Nyland 01_stabilized.mp4,1196
source_retention,data/raw/NVD/annotated_videos/2022-12-03_Nyland_01_stabilized/2022-12-03 Nyland 01_stabilized.mp4,1197
source_retention,data/raw/NVD/annotated_videos/2022-12-03_Nyland_01_stabilized/2022-12-03 Nyland 01_stabilized.mp4,1198
source_retention,data/raw/NVD/annotated_videos/2022-12-03_Nyland_01_stabilized/2022-12-03 Nyland 01_stabilized.mp4,1199
source_retention,data/raw/NVD/annotated_videos/2022-12-03_Nyland_01_stabilized/2022-12-03 Nyland 01_stabilized.mp4,1200
source_retention,data/raw/NVD/annotated_videos/2022-12-03_Nyland_01_stabilized/2022-12-03 Nyland 01_stabilized.mp4,1201
source_retention,data/raw/NVD/annotated_videos/2022-12-03_Nyland_01_stabilized/2022-12-03 Nyland 01_stabilized.mp4,1202
source_retention,data/raw/NVD/annotated_videos/2022-12-03_Nyland_01_stabilized/2022-12-03 Nyland 01_stabilized.mp4,1203
source_retention,data/raw/NVD/annotated_videos/2022-12-03_Nyland_01_stabilized/2022-12-03 Nyland 01_stabilized.mp4,1204
source_retention,data/raw/NVD/annotated_videos/2022-12-03_Nyland_01_stabilized/2022-12-03 Nyland 01_stabilized.mp4,1205
source_retention,data/raw/NVD/annotated_videos/2022-12-03_Nyland_01_stabilized/2022-12-03 Nyland 01_stabilized.mp4,1206
source_retention,data/raw/NVD/annotated_videos/2022-12-03_Nyland_01_stabilized/2022-12-03 Nyland 01_stabilized.mp4,1207
source_retention,data/raw/NVD/annotated_videos/2022-12-03_Nyland_01_stabilized/2022-12-03 Nyland 01_stabilized.mp4,1208
source_retention,data/raw/NVD/annotated_videos/2022-12-03_Nyland_01_stabilized/2022-12-03 Nyland 01_stabilized.mp4,1209
source_retention,data/raw/NVD/annotated_videos/2022-12-03_Nyland_01_stabilized/2022-12-03 Nyland 01_stabilized.mp4,1210
source_retention,data/raw/NVD/annotated_videos/2022-12-03_Nyland_01_stabilized/2022-12-03 Nyland 01_stabilized.mp4,1211
source_retention,data/raw/NVD/annotated_videos/2022-12-03_Nyland_01_stabilized/2022-12-03 Nyland 01_stabilized.mp4,1212
source_retention,data/raw/NVD/annotated_videos/2022-12-03_Nyland_01_stabilized/2022-12-03 Nyland 01_stabilized.mp4,1213
source_retention,data/raw/NVD/annotated_videos/2022-12-03_Nyland_01_stabilized/2022-12-03 Nyland 01_stabilized.mp4,1214
source_retention,data/raw/NVD/annotated_videos/2022-12-03_Nyland_01_stabilized/2022-12-03 Nyland 01_stabilized.mp4,1215
source_retention,data/raw/NVD/annotated_videos/2022-12-03_Nyland_01_stabilized/2022-12-03 Nyland 01_stabilized.mp4,1216
source_retention,data/raw/NVD/annotated_videos/2022-12-03_Nyland_01_stabilized/2022-12-03 Nyland 01_stabilized.mp4,1217
source_retention,data/raw/NVD/annotated_videos/2022-12-03_Nyland_01_stabilized/2022-12-03 Nyland 01_stabilized.mp4,1218
source_retention,data/raw/NVD/annotated_videos/2022-12-03_Nyland_01_stabilized/2022-12-03 Nyland 01_stabilized.mp4,1219
source_retention,data/raw/NVD/annotated_videos/2022-12-03_Nyland_01_stabilized/2022-12-03 Nyland 01_stabilized.mp4,1220
source_retention,data/raw/NVD/annotated_videos/2022-12-03_Nyland_01_stabilized/2022-12-03 Nyland 01_stabilized.mp4,1221
source_retention,data/raw/NVD/annotated_videos/2022-12-03_Nyland_01_stabilized/2022-12-03 Nyland 01_stabilized.mp4,1222
source_retention,data/raw/NVD/annotated_videos/2022-12-03_Nyland_01_stabilized/2022-12-03 Nyland 01_stabilized.mp4,1223
source_retention,data/raw/NVD/annotated_videos/2022-12-03_Nyland_01_stabilized/2022-12-03 Nyland 01_stabilized.mp4,1224
source_retention,data/raw/NVD/annotated_videos/2022-12-03_Nyland_01_stabilized/2022-12-03 Nyland 01_stabilized.mp4,1225
source_retention,data/raw/NVD/annotated_videos/2022-12-03_Nyland_01_stabilized/2022-12-03 Nyland 01_stabilized.mp4,1226
source_retention,data/raw/NVD/annotated_videos/2022-12-03_Nyland_01_stabilized/2022-12-03 Nyland 01_stabilized.mp4,1227
source_retention,data/raw/NVD/annotated_videos/2022-12-03_Nyland_01_stabilized/2022-12-03 Nyland 01_stabilized.mp4,1228
source_retention,data/raw/NVD/annotated_videos/2022-12-03_Nyland_01_stabilized/2022-12-03 Nyland 01_stabilized.mp4,1229
source_retention,data/raw/NVD/annotated_videos/2022-12-03_Nyland_01_stabilized/2022-12-03 Nyland 01_stabilized.mp4,1230
source_retention,data/raw/NVD/annotated_videos/2022-12-03_Nyland_01_stabilized/2022-12-03 Nyland 01_stabilized.mp4,1231
source_retention,data/raw/NVD/annotated_videos/2022-12-03_Nyland_01_stabilized/2022-12-03 Nyland 01_stabilized.mp4,1232
source_retention,data/raw/NVD/annotated_videos/2022-12-03_Nyland_01_stabilized/2022-12-03 Nyland 01_stabilized.mp4,1233
source_retention,data/raw/NVD/annotated_videos/2022-12-03_Nyland_01_stabilized/2022-12-03 Nyland 01_stabilized.mp4,1234
source_retention,data/raw/NVD/annotated_videos/2022-12-03_Nyland_01_stabilized/2022-12-03 Nyland 01_stabilized.mp4,1235
source_retention,data/raw/NVD/annotated_videos/2022-12-03_Nyland_01_stabilized/2022-12-03 Nyland 01_stabilized.mp4,1236
source_retention,data/raw/NVD/annotated_videos/2022-12-03_Nyland_01_stabilized/2022-12-03 Nyland 01_stabilized.mp4,1237
source_retention,data/raw/NVD/annotated_videos/2022-12-03_Nyland_01_stabilized/2022-12-03 Nyland 01_stabilized.mp4,1238
source_retention,data/raw/NVD/annotated_videos/2022-12-03_Nyland_01_stabilized/2022-12-03 Nyland 01_stabilized.mp4,1239
source_retention,data/raw/NVD/annotated_videos/2022-12-03_Nyland_01_stabilized/2022-12-03 Nyland 01_stabilized.mp4,1240
source_retention,data/raw/NVD/annotated_videos/2022-12-03_Nyland_01_stabilized/2022-12-03 Nyland 01_stabilized.mp4,1241
source_retention,data/raw/NVD/annotated_videos/2022-12-03_Nyland_01_stabilized/2022-12-03 Nyland 01_stabilized.mp4,1242
source_retention,data/raw/NVD/annotated_videos/2022-12-03_Nyland_01_stabilized/2022-12-03 Nyland 01_stabilized.mp4,1243
source_retention,data/raw/NVD/annotated_videos/2022-12-03_Nyland_01_stabilized/2022-12-03 Nyland 01_stabilized.mp4,1244
source_retention,data/raw/NVD/annotated_videos/2022-12-03_Nyland_01_stabilized/2022-12-03 Nyland 01_stabilized.mp4,1245
source_retention,data/raw/NVD/annotated_videos/2022-12-03_Nyland_01_stabilized/2022-12-03 Nyland 01_stabilized.mp4,1246
source_retention,data/raw/NVD/annotated_videos/2022-12-03_Nyland_01_stabilized/2022-12-03 Nyland 01_stabilized.mp4,1247
source_retention,data/raw/NVD/annotated_videos/2022-12-03_Nyland_01_stabilized/2022-12-03 Nyland 01_stabilized.mp4,1248
source_retention,data/raw/NVD/annotated_videos/2022-12-03_Nyland_01_stabilized/2022-12-03 Nyland 01_stabilized.mp4,1249
source_retention,data/raw/NVD/annotated_videos/2022-12-03_Nyland_01_stabilized/2022-12-03 Nyland 01_stabilized.mp4,1250
source_retention,data/raw/NVD/annotated_videos/2022-12-03_Nyland_01_stabilized/2022-12-03 Nyland 01_stabilized.mp4,1251
source_retention,data/raw/NVD/annotated_videos/2022-12-03_Nyland_01_stabilized/2022-12-03 Nyland 01_stabilized.mp4,1252
source_retention,data/raw/NVD/annotated_videos/2022-12-03_Nyland_01_stabilized/2022-12-03 Nyland 01_stabilized.mp4,1253
source_retention,data/raw/NVD/annotated_videos/2022-12-03_Nyland_01_stabilized/2022-12-03 Nyland 01_stabilized.mp4,1254
source_retention,data/raw/NVD/annotated_videos/2022-12-03_Nyland_01_stabilized/2022-12-03 Nyland 01_stabilized.mp4,1255
source_retention,data/raw/NVD/annotated_videos/2022-12-03_Nyland_01_stabilized/2022-12-03 Nyland 01_stabilized.mp4,1256
source_retention,data/raw/NVD/annotated_videos/2022-12-03_Nyland_01_stabilized/2022-12-03 Nyland 01_stabilized.mp4,1257
source_retention,data/raw/NVD/annotated_videos/2022-12-03_Nyland_01_stabilized/2022-12-03 Nyland 01_stabilized.mp4,1258
source_retention,data/raw/NVD/annotated_videos/2022-12-03_Nyland_01_stabilized/2022-12-03 Nyland 01_stabilized.mp4,1259
source_retention,data/raw/NVD/annotated_videos/2022-12-03_Nyland_01_stabilized/2022-12-03 Nyland 01_stabilized.mp4,1260
source_retention,data/raw/NVD/annotated_videos/2022-12-03_Nyland_01_stabilized/2022-12-03 Nyland 01_stabilized.mp4,1261
source_retention,data/raw/NVD/annotated_videos/2022-12-03_Nyland_01_stabilized/2022-12-03 Nyland 01_stabilized.mp4,1262
source_retention,data/raw/NVD/annotated_videos/2022-12-03_Nyland_01_stabilized/2022-12-03 Nyland 01_stabilized.mp4,1263
source_retention,data/raw/NVD/annotated_videos/2022-12-03_Nyland_01_stabilized/2022-12-03 Nyland 01_stabilized.mp4,1264
source_retention,data/raw/NVD/annotated_videos/2022-12-03_Nyland_01_stabilized/2022-12-03 Nyland 01_stabilized.mp4,1265
source_retention,data/raw/NVD/annotated_videos/2022-12-03_Nyland_01_stabilized/2022-12-03 Nyland 01_stabilized.mp4,1266
source_retention,data/raw/NVD/annotated_videos/2022-12-03_Nyland_01_stabilized/2022-12-03 Nyland 01_stabilized.mp4,1267
source_retention,data/raw/NVD/annotated_videos/2022-12-03_Nyland_01_stabilized/2022-12-03 Nyland 01_stabilized.mp4,1268
source_retention,data/raw/NVD/annotated_videos/2022-12-03_Nyland_01_stabilized/2022-12-03 Nyland 01_stabilized.mp4,1269
source_retention,data/raw/NVD/annotated_videos/2022-12-03_Nyland_01_stabilized/2022-12-03 Nyland 01_stabilized.mp4,1270
source_retention,data/raw/NVD/annotated_videos/2022-12-03_Nyland_01_stabilized/2022-12-03 Nyland 01_stabilized.mp4,1271
source_retention,data/raw/NVD/annotated_videos/2022-12-03_Nyland_01_stabilized/2022-12-03 Nyland 01_stabilized.mp4,1272
source_retention,data/raw/NVD/annotated_videos/2022-12-03_Nyland_01_stabilized/2022-12-03 Nyland 01_stabilized.mp4,1273
source_retention,data/raw/NVD/annotated_videos/2022-12-03_Nyland_01_stabilized/2022-12-03 Nyland 01_stabilized.mp4,1274
source_retention,data/raw/NVD/annotated_videos/2022-12-03_Nyland_01_stabilized/2022-12-03 Nyland 01_stabilized.mp4,1275
source_retention,data/raw/NVD/annotated_videos/2022-12-03_Nyland_01_stabilized/2022-12-03 Nyland 01_stabilized.mp4,1276
source_retention,data/raw/NVD/annotated_videos/2022-12-03_Nyland_01_stabilized/2022-12-03 Nyland 01_stabilized.mp4,1277
source_retention,data/raw/NVD/annotated_videos/2022-12-03_Nyland_01_stabilized/2022-12-03 Nyland 01_stabilized.mp4,1278
source_retention,data/raw/NVD/annotated_videos/2022-12-03_Nyland_01_stabilized/2022-12-03 Nyland 01_stabilized.mp4,1279
source_retention,data/raw/NVD/annotated_videos/2022-12-03_Nyland_01_stabilized/2022-12-03 Nyland 01_stabilized.mp4,1280
source_retention,data/raw/NVD/annotated_videos/2022-12-03_Nyland_01_stabilized/2022-12-03 Nyland 01_stabilized.mp4,1281
source_retention,data/raw/NVD/annotated_videos/2022-12-03_Nyland_01_stabilized/2022-12-03 Nyland 01_stabilized.mp4,1282
source_retention,data/raw/NVD/annotated_videos/2022-12-03_Nyland_01_stabilized/2022-12-03 Nyland 01_stabilized.mp4,1283
source_retention,data/raw/NVD/annotated_videos/2022-12-03_Nyland_01_stabilized/2022-12-03 Nyland 01_stabilized.mp4,1284
source_retention,data/raw/NVD/annotated_videos/2022-12-03_Nyland_01_stabilized/2022-12-03 Nyland 01_stabilized.mp4,1285
source_retention,data/raw/NVD/annotated_videos/2022-12-03_Nyland_01_stabilized/2022-12-03 Nyland 01_stabilized.mp4,1286
source_retention,data/raw/NVD/annotated_videos/2022-12-03_Nyland_01_stabilized/2022-12-03 Nyland 01_stabilized.mp4,1287
source_retention,data/raw/NVD/annotated_videos/2022-12-03_Nyland_01_stabilized/2022-12-03 Nyland 01_stabilized.mp4,1288
source_retention,data/raw/NVD/annotated_videos/2022-12-03_Nyland_01_stabilized/2022-12-03 Nyland 01_stabilized.mp4,1289
source_retention,data/raw/NVD/annotated_videos/2022-12-03_Nyland_01_stabilized/2022-12-03 Nyland 01_stabilized.mp4,1290
source_retention,data/raw/NVD/annotated_videos/2022-12-03_Nyland_01_stabilized/2022-12-03 Nyland 01_stabilized.mp4,1291
source_retention,data/raw/NVD/annotated_videos/2022-12-03_Nyland_01_stabilized/2022-12-03 Nyland 01_stabilized.mp4,1292
source_retention,data/raw/NVD/annotated_videos/2022-12-03_Nyland_01_stabilized/2022-12-03 Nyland 01_stabilized.mp4,1293
source_retention,data/raw/NVD/annotated_videos/2022-12-03_Nyland_01_stabilized/2022-12-03 Nyland 01_stabilized.mp4,1294
source_retention,data/raw/NVD/annotated_videos/2022-12-03_Nyland_01_stabilized/2022-12-03 Nyland 01_stabilized.mp4,1295
source_retention,data/raw/NVD/annotated_videos/2022-12-03_Nyland_01_stabilized/2022-12-03 Nyland 01_stabilized.mp4,1296
source_retention,data/raw/NVD/annotated_videos/2022-12-03_Nyland_01_stabilized/2022-12-03 Nyland 01_stabilized.mp4,1297
source_retention,data/raw/NVD/annotated_videos/2022-12-03_Nyland_01_stabilized/2022-12-03 Nyland 01_stabilized.mp4,1298
source_retention,data/raw/NVD/annotated_videos/2022-12-03_Nyland_01_stabilized/2022-12-03 Nyland 01_stabilized.mp4,1299
source_retention,data/raw/NVD/annotated_videos/2022-12-03_Nyland_01_stabilized/2022-12-03 Nyland 01_stabilized.mp4,1300
source_retention,data/raw/NVD/annotated_videos/2022-12-03_Nyland_01_stabilized/2022-12-03 Nyland 01_stabilized.mp4,1301
source_retention,data/raw/NVD/annotated_videos/2022-12-03_Nyland_01_stabilized/2022-12-03 Nyland 01_stabilized.mp4,1302
source_retention,data/raw/NVD/annotated_videos/2022-12-03_Nyland_01_stabilized/2022-12-03 Nyland 01_stabilized.mp4,1303
source_retention,data/raw/NVD/annotated_videos/2022-12-03_Nyland_01_stabilized/2022-12-03 Nyland 01_stabilized.mp4,1304
source_retention,data/raw/NVD/annotated_videos/2022-12-03_Nyland_01_stabilized/2022-12-03 Nyland 01_stabilized.mp4,1305
source_retention,data/raw/NVD/annotated_videos/2022-12-03_Nyland_01_stabilized/2022-12-03 Nyland 01_stabilized.mp4,1306
source_retention,data/raw/NVD/annotated_videos/2022-12-03_Nyland_01_stabilized/2022-12-03 Nyland 01_stabilized.mp4,1307
source_retention,data/raw/NVD/annotated_videos/2022-12-03_Nyland_01_stabilized/2022-12-03 Nyland 01_stabilized.mp4,1308
source_retention,data/raw/NVD/annotated_videos/2022-12-03_Nyland_01_stabilized/2022-12-03 Nyland 01_stabilized.mp4,1309
source_retention,data/raw/NVD/annotated_videos/2022-12-03_Nyland_01_stabilized/2022-12-03 Nyland 01_stabilized.mp4,1310
source_retention,data/raw/NVD/annotated_videos/2022-12-03_Nyland_01_stabilized/2022-12-03 Nyland 01_stabilized.mp4,1311
source_retention,data/raw/NVD/annotated_videos/2022-12-03_Nyland_01_stabilized/2022-12-03 Nyland 01_stabilized.mp4,1312
source_retention,data/raw/NVD/annotated_videos/2022-12-03_Nyland_01_stabilized/2022-12-03 Nyland 01_stabilized.mp4,1313
source_retention,data/raw/NVD/annotated_videos/2022-12-03_Nyland_01_stabilized/2022-12-03 Nyland 01_stabilized.mp4,1314
source_retention,data/raw/NVD/annotated_videos/2022-12-03_Nyland_01_stabilized/2022-12-03 Nyland 01_stabilized.mp4,1315
source_retention,data/raw/NVD/annotated_videos/2022-12-03_Nyland_01_stabilized/2022-12-03 Nyland 01_stabilized.mp4,1316
source_retention,data/raw/NVD/annotated_videos/2022-12-03_Nyland_01_stabilized/2022-12-03 Nyland 01_stabilized.mp4,1317
source_retention,data/raw/NVD/annotated_videos/2022-12-03_Nyland_01_stabilized/2022-12-03 Nyland 01_stabilized.mp4,1318
source_retention,data/raw/NVD/annotated_videos/2022-12-03_Nyland_01_stabilized/2022-12-03 Nyland 01_stabilized.mp4,1319
source_retention,data/raw/NVD/annotated_videos/2022-12-03_Nyland_01_stabilized/2022-12-03 Nyland 01_stabilized.mp4,1320
source_retention,data/raw/NVD/annotated_videos/2022-12-03_Nyland_01_stabilized/2022-12-03 Nyland 01_stabilized.mp4,1321
source_retention,data/raw/NVD/annotated_videos/2022-12-03_Nyland_01_stabilized/2022-12-03 Nyland 01_stabilized.mp4,1322
source_retention,data/raw/NVD/annotated_videos/2022-12-03_Nyland_01_stabilized/2022-12-03 Nyland 01_stabilized.mp4,1323
source_retention,data/raw/NVD/annotated_videos/2022-12-03_Nyland_01_stabilized/2022-12-03 Nyland 01_stabilized.mp4,1324
source_retention,data/raw/NVD/annotated_videos/2022-12-03_Nyland_01_stabilized/2022-12-03 Nyland 01_stabilized.mp4,1325
source_retention,data/raw/NVD/annotated_videos/2022-12-03_Nyland_01_stabilized/2022-12-03 Nyland 01_stabilized.mp4,1326
source_retention,data/raw/NVD/annotated_videos/2022-12-03_Nyland_01_stabilized/2022-12-03 Nyland 01_stabilized.mp4,1327
source_retention,data/raw/NVD/annotated_videos/2022-12-03_Nyland_01_stabilized/2022-12-03 Nyland 01_stabilized.mp4,1328
source_retention,data/raw/NVD/annotated_videos/2022-12-03_Nyland_01_stabilized/2022-12-03 Nyland 01_stabilized.mp4,1329
source_retention,data/raw/NVD/annotated_videos/2022-12-03_Nyland_01_stabilized/2022-12-03 Nyland 01_stabilized.mp4,1330
source_retention,data/raw/NVD/annotated_videos/2022-12-03_Nyland_01_stabilized/2022-12-03 Nyland 01_stabilized.mp4,1331
source_retention,data/raw/NVD/annotated_videos/2022-12-03_Nyland_01_stabilized/2022-12-03 Nyland 01_stabilized.mp4,1332
source_retention,data/raw/NVD/annotated_videos/2022-12-03_Nyland_01_stabilized/2022-12-03 Nyland 01_stabilized.mp4,1333
source_retention,data/raw/NVD/annotated_videos/2022-12-03_Nyland_01_stabilized/2022-12-03 Nyland 01_stabilized.mp4,1334
source_retention,data/raw/NVD/annotated_videos/2022-12-03_Nyland_01_stabilized/2022-12-03 Nyland 01_stabilized.mp4,1335
source_retention,data/raw/NVD/annotated_videos/2022-12-03_Nyland_01_stabilized/2022-12-03 Nyland 01_stabilized.mp4,1336
source_retention,data/raw/NVD/annotated_videos/2022-12-03_Nyland_01_stabilized/2022-12-03 Nyland 01_stabilized.mp4,1337
source_retention,data/raw/NVD/annotated_videos/2022-12-03_Nyland_01_stabilized/2022-12-03 Nyland 01_stabilized.mp4,1338
source_retention,data/raw/NVD/annotated_videos/2022-12-03_Nyland_01_stabilized/2022-12-03 Nyland 01_stabilized.mp4,1339
source_retention,data/raw/NVD/annotated_videos/2022-12-03_Nyland_01_stabilized/2022-12-03 Nyland 01_stabilized.mp4,1340
source_retention,data/raw/NVD/annotated_videos/2022-12-03_Nyland_01_stabilized/2022-12-03 Nyland 01_stabilized.mp4,1341
source_retention,data/raw/NVD/annotated_videos/2022-12-03_Nyland_01_stabilized/2022-12-03 Nyland 01_stabilized.mp4,1342
source_retention,data/raw/NVD/annotated_videos/2022-12-03_Nyland_01_stabilized/2022-12-03 Nyland 01_stabilized.mp4,1343
source_retention,data/raw/NVD/annotated_videos/2022-12-03_Nyland_01_stabilized/2022-12-03 Nyland 01_stabilized.mp4,1344
source_retention,data/raw/NVD/annotated_videos/2022-12-03_Nyland_01_stabilized/2022-12-03 Nyland 01_stabilized.mp4,1345
source_retention,data/raw/NVD/annotated_videos/2022-12-03_Nyland_01_stabilized/2022-12-03 Nyland 01_stabilized.mp4,1346
source_retention,data/raw/NVD/annotated_videos/2022-12-03_Nyland_01_stabilized/2022-12-03 Nyland 01_stabilized.mp4,1347
source_retention,data/raw/NVD/annotated_videos/2022-12-03_Nyland_01_stabilized/2022-12-03 Nyland 01_stabilized.mp4,1348
source_retention,data/raw/NVD/annotated_videos/2022-12-03_Nyland_01_stabilized/2022-12-03 Nyland 01_stabilized.mp4,1349
source_retention,data/raw/NVD/annotated_videos/2022-12-03_Nyland_01_stabilized/2022-12-03 Nyland 01_stabilized.mp4,1350
source_retention,data/raw/NVD/annotated_videos/2022-12-03_Nyland_01_stabilized/2022-12-03 Nyland 01_stabilized.mp4,1351
source_retention,data/raw/NVD/annotated_videos/2022-12-03_Nyland_01_stabilized/2022-12-03 Nyland 01_stabilized.mp4,1352
source_retention,data/raw/NVD/annotated_videos/2022-12-03_Nyland_01_stabilized/2022-12-03 Nyland 01_stabilized.mp4,1353
source_retention,data/raw/NVD/annotated_videos/2022-12-03_Nyland_01_stabilized/2022-12-03 Nyland 01_stabilized.mp4,1354
source_retention,data/raw/NVD/annotated_videos/2022-12-03_Nyland_01_stabilized/2022-12-03 Nyland 01_stabilized.mp4,1355
source_retention,data/raw/NVD/annotated_videos/2022-12-03_Nyland_01_stabilized/2022-12-03 Nyland 01_stabilized.mp4,1356
source_retention,data/raw/NVD/annotated_videos/2022-12-03_Nyland_01_stabilized/2022-12-03 Nyland 01_stabilized.mp4,1357
source_retention,data/raw/NVD/annotated_videos/2022-12-03_Nyland_01_stabilized/2022-12-03 Nyland 01_stabilized.mp4,1358
source_retention,data/raw/NVD/annotated_videos/2022-12-03_Nyland_01_stabilized/2022-12-03 Nyland 01_stabilized.mp4,1359
source_retention,data/raw/NVD/annotated_videos/2022-12-03_Nyland_01_stabilized/2022-12-03 Nyland 01_stabilized.mp4,1360
source_retention,data/raw/NVD/annotated_videos/2022-12-03_Nyland_01_stabilized/2022-12-03 Nyland 01_stabilized.mp4,1361
source_retention,data/raw/NVD/annotated_videos/2022-12-03_Nyland_01_stabilized/2022-12-03 Nyland 01_stabilized.mp4,1362
source_retention,data/raw/NVD/annotated_videos/2022-12-03_Nyland_01_stabilized/2022-12-03 Nyland 01_stabilized.mp4,1363
source_retention,data/raw/NVD/annotated_videos/2022-12-03_Nyland_01_stabilized/2022-12-03 Nyland 01_stabilized.mp4,1364
source_retention,data/raw/NVD/annotated_videos/2022-12-03_Nyland_01_stabilized/2022-12-03 Nyland 01_stabilized.mp4,1365
source_retention,data/raw/NVD/annotated_videos/2022-12-03_Nyland_01_stabilized/2022-12-03 Nyland 01_stabilized.mp4,1366
source_retention,data/raw/NVD/annotated_videos/2022-12-03_Nyland_01_stabilized/2022-12-03 Nyland 01_stabilized.mp4,1367
source_retention,data/raw/NVD/annotated_videos/2022-12-03_Nyland_01_stabilized/2022-12-03 Nyland 01_stabilized.mp4,1368
source_retention,data/raw/NVD/annotated_videos/2022-12-03_Nyland_01_stabilized/2022-12-03 Nyland 01_stabilized.mp4,1369
source_retention,data/raw/NVD/annotated_videos/2022-12-03_Nyland_01_stabilized/2022-12-03 Nyland 01_stabilized.mp4,1370
source_retention,data/raw/NVD/annotated_videos/2022-12-03_Nyland_01_stabilized/2022-12-03 Nyland 01_stabilized.mp4,1371
source_retention,data/raw/NVD/annotated_videos/2022-12-03_Nyland_01_stabilized/2022-12-03 Nyland 01_stabilized.mp4,1372
source_retention,data/raw/NVD/annotated_videos/2022-12-03_Nyland_01_stabilized/2022-12-03 Nyland 01_stabilized.mp4,1373
source_retention,data/raw/NVD/annotated_videos/2022-12-03_Nyland_01_stabilized/2022-12-03 Nyland 01_stabilized.mp4,1374
source_retention,data/raw/NVD/annotated_videos/2022-12-03_Nyland_01_stabilized/2022-12-03 Nyland 01_stabilized.mp4,1375
source_retention,data/raw/NVD/annotated_videos/2022-12-03_Nyland_01_stabilized/2022-12-03 Nyland 01_stabilized.mp4,1376
source_retention,data/raw/NVD/annotated_videos/2022-12-03_Nyland_01_stabilized/2022-12-03 Nyland 01_stabilized.mp4,1377
source_retention,data/raw/NVD/annotated_videos/2022-12-03_Nyland_01_stabilized/2022-12-03 Nyland 01_stabilized.mp4,1378
source_retention,data/raw/NVD/annotated_videos/2022-12-03_Nyland_01_stabilized/2022-12-03 Nyland 01_stabilized.mp4,1379
source_retention,data/raw/NVD/annotated_videos/2022-12-03_Nyland_01_stabilized/2022-12-03 Nyland 01_stabilized.mp4,1380
source_retention,data/raw/NVD/annotated_videos/2022-12-03_Nyland_01_stabilized/2022-12-03 Nyland 01_stabilized.mp4,1381
source_retention,data/raw/NVD/annotated_videos/2022-12-03_Nyland_01_stabilized/2022-12-03 Nyland 01_stabilized.mp4,1382
source_retention,data/raw/NVD/annotated_videos/2022-12-03_Nyland_01_stabilized/2022-12-03 Nyland 01_stabilized.mp4,1383
source_retention,data/raw/NVD/annotated_videos/2022-12-03_Nyland_01_stabilized/2022-12-03 Nyland 01_stabilized.mp4,1384
source_retention,data/raw/NVD/annotated_videos/2022-12-03_Nyland_01_stabilized/2022-12-03 Nyland 01_stabilized.mp4,1385
source_retention,data/raw/NVD/annotated_videos/2022-12-03_Nyland_01_stabilized/2022-12-03 Nyland 01_stabilized.mp4,1386
source_retention,data/raw/NVD/annotated_videos/2022-12-03_Nyland_01_stabilized/2022-12-03 Nyland 01_stabilized.mp4,1387
source_retention,data/raw/NVD/annotated_videos/2022-12-03_Nyland_01_stabilized/2022-12-03 Nyland 01_stabilized.mp4,1388
source_retention,data/raw/NVD/annotated_videos/2022-12-03_Nyland_01_stabilized/2022-12-03 Nyland 01_stabilized.mp4,1389
source_retention,data/raw/NVD/annotated_videos/2022-12-03_Nyland_01_stabilized/2022-12-03 Nyland 01_stabilized.mp4,1390
source_retention,data/raw/NVD/annotated_videos/2022-12-03_Nyland_01_stabilized/2022-12-03 Nyland 01_stabilized.mp4,1391
source_retention,data/raw/NVD/annotated_videos/2022-12-03_Nyland_01_stabilized/2022-12-03 Nyland 01_stabilized.mp4,1392
source_retention,data/raw/NVD/annotated_videos/2022-12-03_Nyland_01_stabilized/2022-12-03 Nyland 01_stabilized.mp4,1393
source_retention,data/raw/NVD/annotated_videos/2022-12-03_Nyland_01_stabilized/2022-12-03 Nyland 01_stabilized.mp4,1394
source_retention,data/raw/NVD/annotated_videos/2022-12-03_Nyland_01_stabilized/2022-12-03 Nyland 01_stabilized.mp4,1395
source_retention,data/raw/NVD/annotated_videos/2022-12-03_Nyland_01_stabilized/2022-12-03 Nyland 01_stabilized.mp4,1396
source_retention,data/raw/NVD/annotated_videos/2022-12-03_Nyland_01_stabilized/2022-12-03 Nyland 01_stabilized.mp4,1397
source_retention,data/raw/NVD/annotated_videos/2022-12-03_Nyland_01_stabilized/2022-12-03 Nyland 01_stabilized.mp4,1398
source_retention,data/raw/NVD/annotated_videos/2022-12-03_Nyland_01_stabilized/2022-12-03 Nyland 01_stabilized.mp4,1399
source_retention,data/raw/NVD/annotated_videos/2022-12-03_Nyland_01_stabilized/2022-12-03 Nyland 01_stabilized.mp4,1400
source_retention,data/raw/NVD/annotated_videos/2022-12-03_Nyland_01_stabilized/2022-12-03 Nyland 01_stabilized.mp4,1401
source_retention,data/raw/NVD/annotated_videos/2022-12-03_Nyland_01_stabilized/2022-12-03 Nyland 01_stabilized.mp4,1402
source_retention,data/raw/NVD/annotated_videos/2022-12-03_Nyland_01_stabilized/2022-12-03 Nyland 01_stabilized.mp4,1403
source_retention,data/raw/NVD/annotated_videos/2022-12-03_Nyland_01_stabilized/2022-12-03 Nyland 01_stabilized.mp4,1404
source_retention,data/raw/NVD/annotated_videos/2022-12-03_Nyland_01_stabilized/2022-12-03 Nyland 01_stabilized.mp4,1405
source_retention,data/raw/NVD/annotated_videos/2022-12-03_Nyland_01_stabilized/2022-12-03 Nyland 01_stabilized.mp4,1406
source_retention,data/raw/NVD/annotated_videos/2022-12-03_Nyland_01_stabilized/2022-12-03 Nyland 01_stabilized.mp4,1407
source_retention,data/raw/NVD/annotated_videos/2022-12-03_Nyland_01_stabilized/2022-12-03 Nyland 01_stabilized.mp4,1408
source_retention,data/raw/NVD/annotated_videos/2022-12-03_Nyland_01_stabilized/2022-12-03 Nyland 01_stabilized.mp4,1409
source_retention,data/raw/NVD/annotated_videos/2022-12-03_Nyland_01_stabilized/2022-12-03 Nyland 01_stabilized.mp4,1410
source_retention,data/raw/NVD/annotated_videos/2022-12-03_Nyland_01_stabilized/2022-12-03 Nyland 01_stabilized.mp4,1411
source_retention,data/raw/NVD/annotated_videos/2022-12-03_Nyland_01_stabilized/2022-12-03 Nyland 01_stabilized.mp4,1412
source_retention,data/raw/NVD/annotated_videos/2022-12-03_Nyland_01_stabilized/2022-12-03 Nyland 01_stabilized.mp4,1413
source_retention,data/raw/NVD/annotated_videos/2022-12-03_Nyland_01_stabilized/2022-12-03 Nyland 01_stabilized.mp4,1414
source_retention,data/raw/NVD/annotated_videos/2022-12-03_Nyland_01_stabilized/2022-12-03 Nyland 01_stabilized.mp4,1415
source_retention,data/raw/NVD/annotated_videos/2022-12-03_Nyland_01_stabilized/2022-12-03 Nyland 01_stabilized.mp4,1416
source_retention,data/raw/NVD/annotated_videos/2022-12-03_Nyland_01_stabilized/2022-12-03 Nyland 01_stabilized.mp4,1417
source_retention,data/raw/NVD/annotated_videos/2022-12-03_Nyland_01_stabilized/2022-12-03 Nyland 01_stabilized.mp4,1418
source_retention,data/raw/NVD/annotated_videos/2022-12-03_Nyland_01_stabilized/2022-12-03 Nyland 01_stabilized.mp4,1419
source_retention,data/raw/NVD/annotated_videos/2022-12-03_Nyland_01_stabilized/2022-12-03 Nyland 01_stabilized.mp4,1420
source_retention,data/raw/NVD/annotated_videos/2022-12-03_Nyland_01_stabilized/2022-12-03 Nyland 01_stabilized.mp4,1421
source_retention,data/raw/NVD/annotated_videos/2022-12-03_Nyland_01_stabilized/2022-12-03 Nyland 01_stabilized.mp4,1422
source_retention,data/raw/NVD/annotated_videos/2022-12-03_Nyland_01_stabilized/2022-12-03 Nyland 01_stabilized.mp4,1423
source_retention,data/raw/NVD/annotated_videos/2022-12-03_Nyland_01_stabilized/2022-12-03 Nyland 01_stabilized.mp4,1424
source_retention,data/raw/NVD/annotated_videos/2022-12-03_Nyland_01_stabilized/2022-12-03 Nyland 01_stabilized.mp4,1425
source_retention,data/raw/NVD/annotated_videos/2022-12-03_Nyland_01_stabilized/2022-12-03 Nyland 01_stabilized.mp4,1426
source_retention,data/raw/NVD/annotated_videos/2022-12-03_Nyland_01_stabilized/2022-12-03 Nyland 01_stabilized.mp4,1427
source_retention,data/raw/NVD/annotated_videos/2022-12-03_Nyland_01_stabilized/2022-12-03 Nyland 01_stabilized.mp4,1428
source_retention,data/raw/NVD/annotated_videos/2022-12-03_Nyland_01_stabilized/2022-12-03 Nyland 01_stabilized.mp4,1429
source_retention,data/raw/NVD/annotated_videos/2022-12-03_Nyland_01_stabilized/2022-12-03 Nyland 01_stabilized.mp4,1430
source_retention,data/raw/NVD/annotated_videos/2022-12-03_Nyland_01_stabilized/2022-12-03 Nyland 01_stabilized.mp4,1431
source_retention,data/raw/NVD/annotated_videos/2022-12-03_Nyland_01_stabilized/2022-12-03 Nyland 01_stabilized.mp4,1432
source_retention,data/raw/NVD/annotated_videos/2022-12-03_Nyland_01_stabilized/2022-12-03 Nyland 01_stabilized.mp4,1433
source_retention,data/raw/NVD/annotated_videos/2022-12-03_Nyland_01_stabilized/2022-12-03 Nyland 01_stabilized.mp4,1434
source_retention,data/raw/NVD/annotated_videos/2022-12-03_Nyland_01_stabilized/2022-12-03 Nyland 01_stabilized.mp4,1435
source_retention,data/raw/NVD/annotated_videos/2022-12-03_Nyland_01_stabilized/2022-12-03 Nyland 01_stabilized.mp4,1436
source_retention,data/raw/NVD/annotated_videos/2022-12-03_Nyland_01_stabilized/2022-12-03 Nyland 01_stabilized.mp4,1437
source_retention,data/raw/NVD/annotated_videos/2022-12-03_Nyland_01_stabilized/2022-12-03 Nyland 01_stabilized.mp4,1438
source_retention,data/raw/NVD/annotated_videos/2022-12-03_Nyland_01_stabilized/2022-12-03 Nyland 01_stabilized.mp4,1439
source_retention,data/raw/NVD/annotated_videos/2022-12-03_Nyland_01_stabilized/2022-12-03 Nyland 01_stabilized.mp4,1440
source_retention,data/raw/NVD/annotated_videos/2022-12-03_Nyland_01_stabilized/2022-12-03 Nyland 01_stabilized.mp4,1441
source_retention,data/raw/NVD/annotated_videos/2022-12-03_Nyland_01_stabilized/2022-12-03 Nyland 01_stabilized.mp4,1442
source_retention,data/raw/NVD/annotated_videos/2022-12-03_Nyland_01_stabilized/2022-12-03 Nyland 01_stabilized.mp4,1443
source_retention,data/raw/NVD/annotated_videos/2022-12-03_Nyland_01_stabilized/2022-12-03 Nyland 01_stabilized.mp4,1444
source_retention,data/raw/NVD/annotated_videos/2022-12-03_Nyland_01_stabilized/2022-12-03 Nyland 01_stabilized.mp4,1445
source_retention,data/raw/NVD/annotated_videos/2022-12-03_Nyland_01_stabilized/2022-12-03 Nyland 01_stabilized.mp4,1446
source_retention,data/raw/NVD/annotated_videos/2022-12-03_Nyland_01_stabilized/2022-12-03 Nyland 01_stabilized.mp4,1447
source_retention,data/raw/NVD/annotated_videos/2022-12-03_Nyland_01_stabilized/2022-12-03 Nyland 01_stabilized.mp4,1448
source_retention,data/raw/NVD/annotated_videos/2022-12-03_Nyland_01_stabilized/2022-12-03 Nyland 01_stabilized.mp4,1449
source_retention,data/raw/NVD/annotated_videos/2022-12-03_Nyland_01_stabilized/2022-12-03 Nyland 01_stabilized.mp4,1450
source_retention,data/raw/NVD/annotated_videos/2022-12-03_Nyland_01_stabilized/2022-12-03 Nyland 01_stabilized.mp4,1451
source_retention,data/raw/NVD/annotated_videos/2022-12-03_Nyland_01_stabilized/2022-12-03 Nyland 01_stabilized.mp4,1452
source_retention,data/raw/NVD/annotated_videos/2022-12-03_Nyland_01_stabilized/2022-12-03 Nyland 01_stabilized.mp4,1453
source_retention,data/raw/NVD/annotated_videos/2022-12-03_Nyland_01_stabilized/2022-12-03 Nyland 01_stabilized.mp4,1454
source_retention,data/raw/NVD/annotated_videos/2022-12-03_Nyland_01_stabilized/2022-12-03 Nyland 01_stabilized.mp4,1455
source_retention,data/raw/NVD/annotated_videos/2022-12-03_Nyland_01_stabilized/2022-12-03 Nyland 01_stabilized.mp4,1456
source_retention,data/raw/NVD/annotated_videos/2022-12-03_Nyland_01_stabilized/2022-12-03 Nyland 01_stabilized.mp4,1457
source_retention,data/raw/NVD/annotated_videos/2022-12-03_Nyland_01_stabilized/2022-12-03 Nyland 01_stabilized.mp4,1458
source_retention,data/raw/NVD/annotated_videos/2022-12-03_Nyland_01_stabilized/2022-12-03 Nyland 01_stabilized.mp4,1459
source_retention,data/raw/NVD/annotated_videos/2022-12-03_Nyland_01_stabilized/2022-12-03 Nyland 01_stabilized.mp4,1460
source_retention,data/raw/NVD/annotated_videos/2022-12-03_Nyland_01_stabilized/2022-12-03 Nyland 01_stabilized.mp4,1461
source_retention,data/raw/NVD/annotated_videos/2022-12-03_Nyland_01_stabilized/2022-12-03 Nyland 01_stabilized.mp4,1462
source_retention,data/raw/NVD/annotated_videos/2022-12-03_Nyland_01_stabilized/2022-12-03 Nyland 01_stabilized.mp4,1463
source_retention,data/raw/NVD/annotated_videos/2022-12-03_Nyland_01_stabilized/2022-12-03 Nyland 01_stabilized.mp4,1464
source_retention,data/raw/NVD/annotated_videos/2022-12-03_Nyland_01_stabilized/2022-12-03 Nyland 01_stabilized.mp4,1465
source_retention,data/raw/NVD/annotated_videos/2022-12-03_Nyland_01_stabilized/2022-12-03 Nyland 01_stabilized.mp4,1466
source_retention,data/raw/NVD/annotated_videos/2022-12-03_Nyland_01_stabilized/2022-12-03 Nyland 01_stabilized.mp4,1467
source_retention,data/raw/NVD/annotated_videos/2022-12-03_Nyland_01_stabilized/2022-12-03 Nyland 01_stabilized.mp4,1468
source_retention,data/raw/NVD/annotated_videos/2022-12-03_Nyland_01_stabilized/2022-12-03 Nyland 01_stabilized.mp4,1469
source_retention,data/raw/NVD/annotated_videos/2022-12-03_Nyland_01_stabilized/2022-12-03 Nyland 01_stabilized.mp4,1470
source_retention,data/raw/NVD/annotated_videos/2022-12-03_Nyland_01_stabilized/2022-12-03 Nyland 01_stabilized.mp4,1471
source_retention,data/raw/NVD/annotated_videos/2022-12-03_Nyland_01_stabilized/2022-12-03 Nyland 01_stabilized.mp4,1472
source_retention,data/raw/NVD/annotated_videos/2022-12-03_Nyland_01_stabilized/2022-12-03 Nyland 01_stabilized.mp4,1473
source_retention,data/raw/NVD/annotated_videos/2022-12-03_Nyland_01_stabilized/2022-12-03 Nyland 01_stabilized.mp4,1474
source_retention,data/raw/NVD/annotated_videos/2022-12-03_Nyland_01_stabilized/2022-12-03 Nyland 01_stabilized.mp4,1475
source_retention,data/raw/NVD/annotated_videos/2022-12-03_Nyland_01_stabilized/2022-12-03 Nyland 01_stabilized.mp4,1476
source_retention,data/raw/NVD/annotated_videos/2022-12-03_Nyland_01_stabilized/2022-12-03 Nyland 01_stabilized.mp4,1477
source_retention,data/raw/NVD/annotated_videos/2022-12-03_Nyland_01_stabilized/2022-12-03 Nyland 01_stabilized.mp4,1478
source_retention,data/raw/NVD/annotated_videos/2022-12-03_Nyland_01_stabilized/2022-12-03 Nyland 01_stabilized.mp4,1479
source_retention,data/raw/NVD/annotated_videos/2022-12-03_Nyland_01_stabilized/2022-12-03 Nyland 01_stabilized.mp4,1480
source_retention,data/raw/NVD/annotated_videos/2022-12-03_Nyland_01_stabilized/2022-12-03 Nyland 01_stabilized.mp4,1481
source_retention,data/raw/NVD/annotated_videos/2022-12-03_Nyland_01_stabilized/2022-12-03 Nyland 01_stabilized.mp4,1482
source_retention,data/raw/NVD/annotated_videos/2022-12-03_Nyland_01_stabilized/2022-12-03 Nyland 01_stabilized.mp4,1483
source_retention,data/raw/NVD/annotated_videos/2022-12-03_Nyland_01_stabilized/2022-12-03 Nyland 01_stabilized.mp4,1484
source_retention,data/raw/NVD/annotated_videos/2022-12-03_Nyland_01_stabilized/2022-12-03 Nyland 01_stabilized.mp4,1485
source_retention,data/raw/NVD/annotated_videos/2022-12-03_Nyland_01_stabilized/2022-12-03 Nyland 01_stabilized.mp4,1486
source_retention,data/raw/NVD/annotated_videos/2022-12-03_Nyland_01_stabilized/2022-12-03 Nyland 01_stabilized.mp4,1487
source_retention,data/raw/NVD/annotated_videos/2022-12-03_Nyland_01_stabilized/2022-12-03 Nyland 01_stabilized.mp4,1488
source_retention,data/raw/NVD/annotated_videos/2022-12-03_Nyland_01_stabilized/2022-12-03 Nyland 01_stabilized.mp4,1489
source_retention,data/raw/NVD/annotated_videos/2022-12-03_Nyland_01_stabilized/2022-12-03 Nyland 01_stabilized.mp4,1490
source_retention,data/raw/NVD/annotated_videos/2022-12-03_Nyland_01_stabilized/2022-12-03 Nyland 01_stabilized.mp4,1491
source_retention,data/raw/NVD/annotated_videos/2022-12-03_Nyland_01_stabilized/2022-12-03 Nyland 01_stabilized.mp4,1492
source_retention,data/raw/NVD/annotated_videos/2022-12-03_Nyland_01_stabilized/2022-12-03 Nyland 01_stabilized.mp4,1493
source_retention,data/raw/NVD/annotated_videos/2022-12-03_Nyland_01_stabilized/2022-12-03 Nyland 01_stabilized.mp4,1494
source_retention,data/raw/NVD/annotated_videos/2022-12-03_Nyland_01_stabilized/2022-12-03 Nyland 01_stabilized.mp4,1495
source_retention,data/raw/NVD/annotated_videos/2022-12-03_Nyland_01_stabilized/2022-12-03 Nyland 01_stabilized.mp4,1496
source_retention,data/raw/NVD/annotated_videos/2022-12-03_Nyland_01_stabilized/2022-12-03 Nyland 01_stabilized.mp4,1497
source_retention,data/raw/NVD/annotated_videos/2022-12-03_Nyland_01_stabilized/2022-12-03 Nyland 01_stabilized.mp4,1498
source_retention,data/raw/NVD/annotated_videos/2022-12-03_Nyland_01_stabilized/2022-12-03 Nyland 01_stabilized.mp4,1499
source_retention,data/raw/NVD/annotated_videos/2022-12-03_Nyland_01_stabilized/2022-12-03 Nyland 01_stabilized.mp4,1500
source_retention,data/raw/NVD/annotated_videos/2022-12-03_Nyland_01_stabilized/2022-12-03 Nyland 01_stabilized.mp4,1501
source_retention,data/raw/NVD/annotated_videos/2022-12-03_Nyland_01_stabilized/2022-12-03 Nyland 01_stabilized.mp4,1502
source_retention,data/raw/NVD/annotated_videos/2022-12-03_Nyland_01_stabilized/2022-12-03 Nyland 01_stabilized.mp4,1503
source_retention,data/raw/NVD/annotated_videos/2022-12-03_Nyland_01_stabilized/2022-12-03 Nyland 01_stabilized.mp4,1504
source_retention,data/raw/NVD/annotated_videos/2022-12-03_Nyland_01_stabilized/2022-12-03 Nyland 01_stabilized.mp4,1505
source_retention,data/raw/NVD/annotated_videos/2022-12-03_Nyland_01_stabilized/2022-12-03 Nyland 01_stabilized.mp4,1506
source_retention,data/raw/NVD/annotated_videos/2022-12-03_Nyland_01_stabilized/2022-12-03 Nyland 01_stabilized.mp4,1507
source_retention,data/raw/NVD/annotated_videos/2022-12-03_Nyland_01_stabilized/2022-12-03 Nyland 01_stabilized.mp4,1508
source_retention,data/raw/NVD/annotated_videos/2022-12-03_Nyland_01_stabilized/2022-12-03 Nyland 01_stabilized.mp4,1509
source_retention,data/raw/NVD/annotated_videos/2022-12-03_Nyland_01_stabilized/2022-12-03 Nyland 01_stabilized.mp4,1510
source_retention,data/raw/NVD/annotated_videos/2022-12-03_Nyland_01_stabilized/2022-12-03 Nyland 01_stabilized.mp4,1511
source_retention,data/raw/NVD/annotated_videos/2022-12-03_Nyland_01_stabilized/2022-12-03 Nyland 01_stabilized.mp4,1512
source_retention,data/raw/NVD/annotated_videos/2022-12-03_Nyland_01_stabilized/2022-12-03 Nyland 01_stabilized.mp4,1513
source_retention,data/raw/NVD/annotated_videos/2022-12-03_Nyland_01_stabilized/2022-12-03 Nyland 01_stabilized.mp4,1514
source_retention,data/raw/NVD/annotated_videos/2022-12-03_Nyland_01_stabilized/2022-12-03 Nyland 01_stabilized.mp4,1515
source_retention,data/raw/NVD/annotated_videos/2022-12-03_Nyland_01_stabilized/2022-12-03 Nyland 01_stabilized.mp4,1516
source_retention,data/raw/NVD/annotated_videos/2022-12-03_Nyland_01_stabilized/2022-12-03 Nyland 01_stabilized.mp4,1517
source_retention,data/raw/NVD/annotated_videos/2022-12-03_Nyland_01_stabilized/2022-12-03 Nyland 01_stabilized.mp4,1518
source_retention,data/raw/NVD/annotated_videos/2022-12-03_Nyland_01_stabilized/2022-12-03 Nyland 01_stabilized.mp4,1519
source_retention,data/raw/NVD/annotated_videos/2022-12-03_Nyland_01_stabilized/2022-12-03 Nyland 01_stabilized.mp4,1520
source_retention,data/raw/NVD/annotated_videos/2022-12-03_Nyland_01_stabilized/2022-12-03 Nyland 01_stabilized.mp4,1521
source_retention,data/raw/NVD/annotated_videos/2022-12-03_Nyland_01_stabilized/2022-12-03 Nyland 01_stabilized.mp4,1522
source_retention,data/raw/NVD/annotated_videos/2022-12-03_Nyland_01_stabilized/2022-12-03 Nyland 01_stabilized.mp4,1523
source_retention,data/raw/NVD/annotated_videos/2022-12-03_Nyland_01_stabilized/2022-12-03 Nyland 01_stabilized.mp4,1524
source_retention,data/raw/NVD/annotated_videos/2022-12-03_Nyland_01_stabilized/2022-12-03 Nyland 01_stabilized.mp4,1525
source_retention,data/raw/NVD/annotated_videos/2022-12-03_Nyland_01_stabilized/2022-12-03 Nyland 01_stabilized.mp4,1526
source_retention,data/raw/NVD/annotated_videos/2022-12-03_Nyland_01_stabilized/2022-12-03 Nyland 01_stabilized.mp4,1527
source_retention,data/raw/NVD/annotated_videos/2022-12-03_Nyland_01_stabilized/2022-12-03 Nyland 01_stabilized.mp4,1528
source_retention,data/raw/NVD/annotated_videos/2022-12-03_Nyland_01_stabilized/2022-12-03 Nyland 01_stabilized.mp4,1529
source_retention,data/raw/NVD/annotated_videos/2022-12-03_Nyland_01_stabilized/2022-12-03 Nyland 01_stabilized.mp4,1530
source_retention,data/raw/NVD/annotated_videos/2022-12-03_Nyland_01_stabilized/2022-12-03 Nyland 01_stabilized.mp4,1531
source_retention,data/raw/NVD/annotated_videos/2022-12-03_Nyland_01_stabilized/2022-12-03 Nyland 01_stabilized.mp4,1532
source_retention,data/raw/NVD/annotated_videos/2022-12-03_Nyland_01_stabilized/2022-12-03 Nyland 01_stabilized.mp4,1533
source_retention,data/raw/NVD/annotated_videos/2022-12-03_Nyland_01_stabilized/2022-12-03 Nyland 01_stabilized.mp4,1534
source_retention,data/raw/NVD/annotated_videos/2022-12-03_Nyland_01_stabilized/2022-12-03 Nyland 01_stabilized.mp4,1535
source_retention,data/raw/NVD/annotated_videos/2022-12-03_Nyland_01_stabilized/2022-12-03 Nyland 01_stabilized.mp4,1536
source_retention,data/raw/NVD/annotated_videos/2022-12-03_Nyland_01_stabilized/2022-12-03 Nyland 01_stabilized.mp4,1537
source_retention,data/raw/NVD/annotated_videos/2022-12-03_Nyland_01_stabilized/2022-12-03 Nyland 01_stabilized.mp4,1538
source_retention,data/raw/NVD/annotated_videos/2022-12-03_Nyland_01_stabilized/2022-12-03 Nyland 01_stabilized.mp4,1539
source_retention,data/raw/NVD/annotated_videos/2022-12-03_Nyland_01_stabilized/2022-12-03 Nyland 01_stabilized.mp4,1540
source_retention,data/raw/NVD/annotated_videos/2022-12-03_Nyland_01_stabilized/2022-12-03 Nyland 01_stabilized.mp4,1541
source_retention,data/raw/NVD/annotated_videos/2022-12-03_Nyland_01_stabilized/2022-12-03 Nyland 01_stabilized.mp4,1542
source_retention,data/raw/NVD/annotated_videos/2022-12-03_Nyland_01_stabilized/2022-12-03 Nyland 01_stabilized.mp4,1543
source_retention,data/raw/NVD/annotated_videos/2022-12-03_Nyland_01_stabilized/2022-12-03 Nyland 01_stabilized.mp4,1544
source_retention,data/raw/NVD/annotated_videos/2022-12-03_Nyland_01_stabilized/2022-12-03 Nyland 01_stabilized.mp4,1545
source_retention,data/raw/NVD/annotated_videos/2022-12-03_Nyland_01_stabilized/2022-12-03 Nyland 01_stabilized.mp4,1546
source_retention,data/raw/NVD/annotated_videos/2022-12-03_Nyland_01_stabilized/2022-12-03 Nyland 01_stabilized.mp4,1547
source_retention,data/raw/NVD/annotated_videos/2022-12-03_Nyland_01_stabilized/2022-12-03 Nyland 01_stabilized.mp4,1548
source_retention,data/raw/NVD/annotated_videos/2022-12-03_Nyland_01_stabilized/2022-12-03 Nyland 01_stabilized.mp4,1549
source_retention,data/raw/NVD/annotated_videos/2022-12-03_Nyland_01_stabilized/2022-12-03 Nyland 01_stabilized.mp4,1550
source_retention,data/raw/NVD/annotated_videos/2022-12-03_Nyland_01_stabilized/2022-12-03 Nyland 01_stabilized.mp4,1551
source_retention,data/raw/NVD/annotated_videos/2022-12-03_Nyland_01_stabilized/2022-12-03 Nyland 01_stabilized.mp4,1552
source_retention,data/raw/NVD/annotated_videos/2022-12-03_Nyland_01_stabilized/2022-12-03 Nyland 01_stabilized.mp4,1553
source_retention,data/raw/NVD/annotated_videos/2022-12-03_Nyland_01_stabilized/2022-12-03 Nyland 01_stabilized.mp4,1554
source_retention,data/raw/NVD/annotated_videos/2022-12-03_Nyland_01_stabilized/2022-12-03 Nyland 01_stabilized.mp4,1555
source_retention,data/raw/NVD/annotated_videos/2022-12-03_Nyland_01_stabilized/2022-12-03 Nyland 01_stabilized.mp4,1556
source_retention,data/raw/NVD/annotated_videos/2022-12-03_Nyland_01_stabilized/2022-12-03 Nyland 01_stabilized.mp4,1557
source_retention,data/raw/NVD/annotated_videos/2022-12-03_Nyland_01_stabilized/2022-12-03 Nyland 01_stabilized.mp4,1558
source_retention,data/raw/NVD/annotated_videos/2022-12-03_Nyland_01_stabilized/2022-12-03 Nyland 01_stabilized.mp4,1559
source_retention,data/raw/NVD/annotated_videos/2022-12-03_Nyland_01_stabilized/2022-12-03 Nyland 01_stabilized.mp4,1560
source_retention,data/raw/NVD/annotated_videos/2022-12-03_Nyland_01_stabilized/2022-12-03 Nyland 01_stabilized.mp4,1561
source_retention,data/raw/NVD/annotated_videos/2022-12-03_Nyland_01_stabilized/2022-12-03 Nyland 01_stabilized.mp4,1562
source_retention,data/raw/NVD/annotated_videos/2022-12-03_Nyland_01_stabilized/2022-12-03 Nyland 01_stabilized.mp4,1563
source_retention,data/raw/NVD/annotated_videos/2022-12-03_Nyland_01_stabilized/2022-12-03 Nyland 01_stabilized.mp4,1564
source_retention,data/raw/NVD/annotated_videos/2022-12-03_Nyland_01_stabilized/2022-12-03 Nyland 01_stabilized.mp4,1565
source_retention,data/raw/NVD/annotated_videos/2022-12-03_Nyland_01_stabilized/2022-12-03 Nyland 01_stabilized.mp4,1566
source_retention,data/raw/NVD/annotated_videos/2022-12-03_Nyland_01_stabilized/2022-12-03 Nyland 01_stabilized.mp4,1567
source_retention,data/raw/NVD/annotated_videos/2022-12-03_Nyland_01_stabilized/2022-12-03 Nyland 01_stabilized.mp4,1568
source_retention,data/raw/NVD/annotated_videos/2022-12-03_Nyland_01_stabilized/2022-12-03 Nyland 01_stabilized.mp4,1569
source_retention,data/raw/NVD/annotated_videos/2022-12-03_Nyland_01_stabilized/2022-12-03 Nyland 01_stabilized.mp4,1570
source_retention,data/raw/NVD/annotated_videos/2022-12-03_Nyland_01_stabilized/2022-12-03 Nyland 01_stabilized.mp4,1571
source_retention,data/raw/NVD/annotated_videos/2022-12-03_Nyland_01_stabilized/2022-12-03 Nyland 01_stabilized.mp4,1572
source_retention,data/raw/NVD/annotated_videos/2022-12-03_Nyland_01_stabilized/2022-12-03 Nyland 01_stabilized.mp4,1573
source_retention,data/raw/NVD/annotated_videos/2022-12-03_Nyland_01_stabilized/2022-12-03 Nyland 01_stabilized.mp4,1574
source_retention,data/raw/NVD/annotated_videos/2022-12-03_Nyland_01_stabilized/2022-12-03 Nyland 01_stabilized.mp4,1575
source_retention,data/raw/NVD/annotated_videos/2022-12-03_Nyland_01_stabilized/2022-12-03 Nyland 01_stabilized.mp4,1576
source_retention,data/raw/NVD/annotated_videos/2022-12-03_Nyland_01_stabilized/2022-12-03 Nyland 01_stabilized.mp4,1577
source_retention,data/raw/NVD/annotated_videos/2022-12-03_Nyland_01_stabilized/2022-12-03 Nyland 01_stabilized.mp4,1578
source_retention,data/raw/NVD/annotated_videos/2022-12-03_Nyland_01_stabilized/2022-12-03 Nyland 01_stabilized.mp4,1579
source_retention,data/raw/NVD/annotated_videos/2022-12-03_Nyland_01_stabilized/2022-12-03 Nyland 01_stabilized.mp4,1580
source_retention,data/raw/NVD/annotated_videos/2022-12-03_Nyland_01_stabilized/2022-12-03 Nyland 01_stabilized.mp4,1581
source_retention,data/raw/NVD/annotated_videos/2022-12-03_Nyland_01_stabilized/2022-12-03 Nyland 01_stabilized.mp4,1582
source_retention,data/raw/NVD/annotated_videos/2022-12-03_Nyland_01_stabilized/2022-12-03 Nyland 01_stabilized.mp4,1583
source_retention,data/raw/NVD/annotated_videos/2022-12-03_Nyland_01_stabilized/2022-12-03 Nyland 01_stabilized.mp4,1584
source_retention,data/raw/NVD/annotated_videos/2022-12-03_Nyland_01_stabilized/2022-12-03 Nyland 01_stabilized.mp4,1585
source_retention,data/raw/NVD/annotated_videos/2022-12-03_Nyland_01_stabilized/2022-12-03 Nyland 01_stabilized.mp4,1586
source_retention,data/raw/NVD/annotated_videos/2022-12-03_Nyland_01_stabilized/2022-12-03 Nyland 01_stabilized.mp4,1587
source_retention,data/raw/NVD/annotated_videos/2022-12-03_Nyland_01_stabilized/2022-12-03 Nyland 01_stabilized.mp4,1588
source_retention,data/raw/NVD/annotated_videos/2022-12-03_Nyland_01_stabilized/2022-12-03 Nyland 01_stabilized.mp4,1589
source_retention,data/raw/NVD/annotated_videos/2022-12-03_Nyland_01_stabilized/2022-12-03 Nyland 01_stabilized.mp4,1590
source_retention,data/raw/NVD/annotated_videos/2022-12-03_Nyland_01_stabilized/2022-12-03 Nyland 01_stabilized.mp4,1591
source_retention,data/raw/NVD/annotated_videos/2022-12-03_Nyland_01_stabilized/2022-12-03 Nyland 01_stabilized.mp4,1592
source_retention,data/raw/NVD/annotated_videos/2022-12-03_Nyland_01_stabilized/2022-12-03 Nyland 01_stabilized.mp4,1593
source_retention,data/raw/NVD/annotated_videos/2022-12-03_Nyland_01_stabilized/2022-12-03 Nyland 01_stabilized.mp4,1594
source_retention,data/raw/NVD/annotated_videos/2022-12-03_Nyland_01_stabilized/2022-12-03 Nyland 01_stabilized.mp4,1595
source_retention,data/raw/NVD/annotated_videos/2022-12-03_Nyland_01_stabilized/2022-12-03 Nyland 01_stabilized.mp4,1596
source_retention,data/raw/NVD/annotated_videos/2022-12-03_Nyland_01_stabilized/2022-12-03 Nyland 01_stabilized.mp4,1597
source_retention,data/raw/NVD/annotated_videos/2022-12-03_Nyland_01_stabilized/2022-12-03 Nyland 01_stabilized.mp4,1598
source_retention,data/raw/NVD/annotated_videos/2022-12-03_Nyland_01_stabilized/2022-12-03 Nyland 01_stabilized.mp4,1599
source_retention,data/raw/NVD/annotated_videos/2022-12-03_Nyland_01_stabilized/2022-12-03 Nyland 01_stabilized.mp4,1600
source_retention,data/raw/NVD/annotated_videos/2022-12-03_Nyland_01_stabilized/2022-12-03 Nyland 01_stabilized.mp4,1601
source_retention,data/raw/NVD/annotated_videos/2022-12-03_Nyland_01_stabilized/2022-12-03 Nyland 01_stabilized.mp4,1602
source_retention,data/raw/NVD/annotated_videos/2022-12-03_Nyland_01_stabilized/2022-12-03 Nyland 01_stabilized.mp4,1603
source_retention,data/raw/NVD/annotated_videos/2022-12-03_Nyland_01_stabilized/2022-12-03 Nyland 01_stabilized.mp4,1604
source_retention,data/raw/NVD/annotated_videos/2022-12-03_Nyland_01_stabilized/2022-12-03 Nyland 01_stabilized.mp4,1605
source_retention,data/raw/NVD/annotated_videos/2022-12-03_Nyland_01_stabilized/2022-12-03 Nyland 01_stabilized.mp4,1606
source_retention,data/raw/NVD/annotated_videos/2022-12-03_Nyland_01_stabilized/2022-12-03 Nyland 01_stabilized.mp4,1607
source_retention,data/raw/NVD/annotated_videos/2022-12-03_Nyland_01_stabilized/2022-12-03 Nyland 01_stabilized.mp4,1608
source_retention,data/raw/NVD/annotated_videos/2022-12-03_Nyland_01_stabilized/2022-12-03 Nyland 01_stabilized.mp4,1609
source_retention,data/raw/NVD/annotated_videos/2022-12-03_Nyland_01_stabilized/2022-12-03 Nyland 01_stabilized.mp4,1610
source_retention,data/raw/NVD/annotated_videos/2022-12-03_Nyland_01_stabilized/2022-12-03 Nyland 01_stabilized.mp4,1611
source_retention,data/raw/NVD/annotated_videos/2022-12-03_Nyland_01_stabilized/2022-12-03 Nyland 01_stabilized.mp4,1612
source_retention,data/raw/NVD/annotated_videos/2022-12-03_Nyland_01_stabilized/2022-12-03 Nyland 01_stabilized.mp4,1613
source_retention,data/raw/NVD/annotated_videos/2022-12-03_Nyland_01_stabilized/2022-12-03 Nyland 01_stabilized.mp4,1614
source_retention,data/raw/NVD/annotated_videos/2022-12-03_Nyland_01_stabilized/2022-12-03 Nyland 01_stabilized.mp4,1615
source_retention,data/raw/NVD/annotated_videos/2022-12-03_Nyland_01_stabilized/2022-12-03 Nyland 01_stabilized.mp4,1616
source_retention,data/raw/NVD/annotated_videos/2022-12-03_Nyland_01_stabilized/2022-12-03 Nyland 01_stabilized.mp4,1617
source_retention,data/raw/NVD/annotated_videos/2022-12-03_Nyland_01_stabilized/2022-12-03 Nyland 01_stabilized.mp4,1618
source_retention,data/raw/NVD/annotated_videos/2022-12-03_Nyland_01_stabilized/2022-12-03 Nyland 01_stabilized.mp4,1619
source_retention,data/raw/NVD/annotated_videos/2022-12-03_Nyland_01_stabilized/2022-12-03 Nyland 01_stabilized.mp4,1620
source_retention,data/raw/NVD/annotated_videos/2022-12-03_Nyland_01_stabilized/2022-12-03 Nyland 01_stabilized.mp4,1621
source_retention,data/raw/NVD/annotated_videos/2022-12-03_Nyland_01_stabilized/2022-12-03 Nyland 01_stabilized.mp4,1622
source_retention,data/raw/NVD/annotated_videos/2022-12-03_Nyland_01_stabilized/2022-12-03 Nyland 01_stabilized.mp4,1623
source_retention,data/raw/NVD/annotated_videos/2022-12-03_Nyland_01_stabilized/2022-12-03 Nyland 01_stabilized.mp4,1624
source_retention,data/raw/NVD/annotated_videos/2022-12-03_Nyland_01_stabilized/2022-12-03 Nyland 01_stabilized.mp4,1625
source_retention,data/raw/NVD/annotated_videos/2022-12-03_Nyland_01_stabilized/2022-12-03 Nyland 01_stabilized.mp4,1626
source_retention,data/raw/NVD/annotated_videos/2022-12-03_Nyland_01_stabilized/2022-12-03 Nyland 01_stabilized.mp4,1627
source_retention,data/raw/NVD/annotated_videos/2022-12-03_Nyland_01_stabilized/2022-12-03 Nyland 01_stabilized.mp4,1628
source_retention,data/raw/NVD/annotated_videos/2022-12-03_Nyland_01_stabilized/2022-12-03 Nyland 01_stabilized.mp4,1629
source_retention,data/raw/NVD/annotated_videos/2022-12-03_Nyland_01_stabilized/2022-12-03 Nyland 01_stabilized.mp4,1630
source_retention,data/raw/NVD/annotated_videos/2022-12-03_Nyland_01_stabilized/2022-12-03 Nyland 01_stabilized.mp4,1631
source_retention,data/raw/NVD/annotated_videos/2022-12-03_Nyland_01_stabilized/2022-12-03 Nyland 01_stabilized.mp4,1632
source_retention,data/raw/NVD/annotated_videos/2022-12-03_Nyland_01_stabilized/2022-12-03 Nyland 01_stabilized.mp4,1633
source_retention,data/raw/NVD/annotated_videos/2022-12-03_Nyland_01_stabilized/2022-12-03 Nyland 01_stabilized.mp4,1634
source_retention,data/raw/NVD/annotated_videos/2022-12-03_Nyland_01_stabilized/2022-12-03 Nyland 01_stabilized.mp4,1635
source_retention,data/raw/NVD/annotated_videos/2022-12-03_Nyland_01_stabilized/2022-12-03 Nyland 01_stabilized.mp4,1636
source_retention,data/raw/NVD/annotated_videos/2022-12-03_Nyland_01_stabilized/2022-12-03 Nyland 01_stabilized.mp4,1637
source_retention,data/raw/NVD/annotated_videos/2022-12-03_Nyland_01_stabilized/2022-12-03 Nyland 01_stabilized.mp4,1638
source_retention,data/raw/NVD/annotated_videos/2022-12-03_Nyland_01_stabilized/2022-12-03 Nyland 01_stabilized.mp4,1639
source_retention,data/raw/NVD/annotated_videos/2022-12-03_Nyland_01_stabilized/2022-12-03 Nyland 01_stabilized.mp4,1640
source_retention,data/raw/NVD/annotated_videos/2022-12-03_Nyland_01_stabilized/2022-12-03 Nyland 01_stabilized.mp4,1641
source_retention,data/raw/NVD/annotated_videos/2022-12-03_Nyland_01_stabilized/2022-12-03 Nyland 01_stabilized.mp4,1642
source_retention,data/raw/NVD/annotated_videos/2022-12-03_Nyland_01_stabilized/2022-12-03 Nyland 01_stabilized.mp4,1643
source_retention,data/raw/NVD/annotated_videos/2022-12-03_Nyland_01_stabilized/2022-12-03 Nyland 01_stabilized.mp4,1644
source_retention,data/raw/NVD/annotated_videos/2022-12-03_Nyland_01_stabilized/2022-12-03 Nyland 01_stabilized.mp4,1645
source_retention,data/raw/NVD/annotated_videos/2022-12-03_Nyland_01_stabilized/2022-12-03 Nyland 01_stabilized.mp4,1646
source_retention,data/raw/NVD/annotated_videos/2022-12-03_Nyland_01_stabilized/2022-12-03 Nyland 01_stabilized.mp4,1647
source_retention,data/raw/NVD/annotated_videos/2022-12-03_Nyland_01_stabilized/2022-12-03 Nyland 01_stabilized.mp4,1648
source_retention,data/raw/NVD/annotated_videos/2022-12-03_Nyland_01_stabilized/2022-12-03 Nyland 01_stabilized.mp4,1649
source_retention,data/raw/NVD/annotated_videos/2022-12-03_Nyland_01_stabilized/2022-12-03 Nyland 01_stabilized.mp4,1650
source_retention,data/raw/NVD/annotated_videos/2022-12-03_Nyland_01_stabilized/2022-12-03 Nyland 01_stabilized.mp4,1651
source_retention,data/raw/NVD/annotated_videos/2022-12-03_Nyland_01_stabilized/2022-12-03 Nyland 01_stabilized.mp4,1652
source_retention,data/raw/NVD/annotated_videos/2022-12-03_Nyland_01_stabilized/2022-12-03 Nyland 01_stabilized.mp4,1653
source_retention,data/raw/NVD/annotated_videos/2022-12-03_Nyland_01_stabilized/2022-12-03 Nyland 01_stabilized.mp4,1654
source_retention,data/raw/NVD/annotated_videos/2022-12-03_Nyland_01_stabilized/2022-12-03 Nyland 01_stabilized.mp4,1655
source_retention,data/raw/NVD/annotated_videos/2022-12-03_Nyland_01_stabilized/2022-12-03 Nyland 01_stabilized.mp4,1656
source_retention,data/raw/NVD/annotated_videos/2022-12-03_Nyland_01_stabilized/2022-12-03 Nyland 01_stabilized.mp4,1657
source_retention,data/raw/NVD/annotated_videos/2022-12-03_Nyland_01_stabilized/2022-12-03 Nyland 01_stabilized.mp4,1658
source_retention,data/raw/NVD/annotated_videos/2022-12-03_Nyland_01_stabilized/2022-12-03 Nyland 01_stabilized.mp4,1659
source_retention,data/raw/NVD/annotated_videos/2022-12-03_Nyland_01_stabilized/2022-12-03 Nyland 01_stabilized.mp4,1660
source_retention,data/raw/NVD/annotated_videos/2022-12-03_Nyland_01_stabilized/2022-12-03 Nyland 01_stabilized.mp4,1661
source_retention,data/raw/NVD/annotated_videos/2022-12-03_Nyland_01_stabilized/2022-12-03 Nyland 01_stabilized.mp4,1662
source_retention,data/raw/NVD/annotated_videos/2022-12-03_Nyland_01_stabilized/2022-12-03 Nyland 01_stabilized.mp4,1663
source_retention,data/raw/NVD/annotated_videos/2022-12-03_Nyland_01_stabilized/2022-12-03 Nyland 01_stabilized.mp4,1664
source_retention,data/raw/NVD/annotated_videos/2022-12-03_Nyland_01_stabilized/2022-12-03 Nyland 01_stabilized.mp4,1665
source_retention,data/raw/NVD/annotated_videos/2022-12-03_Nyland_01_stabilized/2022-12-03 Nyland 01_stabilized.mp4,1666
source_retention,data/raw/NVD/annotated_videos/2022-12-03_Nyland_01_stabilized/2022-12-03 Nyland 01_stabilized.mp4,1667
source_retention,data/raw/NVD/annotated_videos/2022-12-03_Nyland_01_stabilized/2022-12-03 Nyland 01_stabilized.mp4,1668
source_retention,data/raw/NVD/annotated_videos/2022-12-03_Nyland_01_stabilized/2022-12-03 Nyland 01_stabilized.mp4,1669
source_retention,data/raw/NVD/annotated_videos/2022-12-03_Nyland_01_stabilized/2022-12-03 Nyland 01_stabilized.mp4,1670
source_retention,data/raw/NVD/annotated_videos/2022-12-03_Nyland_01_stabilized/2022-12-03 Nyland 01_stabilized.mp4,1671
source_retention,data/raw/NVD/annotated_videos/2022-12-03_Nyland_01_stabilized/2022-12-03 Nyland 01_stabilized.mp4,1672
source_retention,data/raw/NVD/annotated_videos/2022-12-03_Nyland_01_stabilized/2022-12-03 Nyland 01_stabilized.mp4,1673
source_retention,data/raw/NVD/annotated_videos/2022-12-03_Nyland_01_stabilized/2022-12-03 Nyland 01_stabilized.mp4,1674
source_retention,data/raw/NVD/annotated_videos/2022-12-03_Nyland_01_stabilized/2022-12-03 Nyland 01_stabilized.mp4,1675
source_retention,data/raw/NVD/annotated_videos/2022-12-03_Nyland_01_stabilized/2022-12-03 Nyland 01_stabilized.mp4,1676
source_retention,data/raw/NVD/annotated_videos/2022-12-03_Nyland_01_stabilized/2022-12-03 Nyland 01_stabilized.mp4,1677
source_retention,data/raw/NVD/annotated_videos/2022-12-03_Nyland_01_stabilized/2022-12-03 Nyland 01_stabilized.mp4,1678
source_retention,data/raw/NVD/annotated_videos/2022-12-03_Nyland_01_stabilized/2022-12-03 Nyland 01_stabilized.mp4,1679
source_retention,data/raw/NVD/annotated_videos/2022-12-03_Nyland_01_stabilized/2022-12-03 Nyland 01_stabilized.mp4,1680
source_retention,data/raw/NVD/annotated_videos/2022-12-03_Nyland_01_stabilized/2022-12-03 Nyland 01_stabilized.mp4,1681
source_retention,data/raw/NVD/annotated_videos/2022-12-03_Nyland_01_stabilized/2022-12-03 Nyland 01_stabilized.mp4,1682
source_retention,data/raw/NVD/annotated_videos/2022-12-03_Nyland_01_stabilized/2022-12-03 Nyland 01_stabilized.mp4,1683
source_retention,data/raw/NVD/annotated_videos/2022-12-03_Nyland_01_stabilized/2022-12-03 Nyland 01_stabilized.mp4,1684
source_retention,data/raw/NVD/annotated_videos/2022-12-03_Nyland_01_stabilized/2022-12-03 Nyland 01_stabilized.mp4,1685
source_retention,data/raw/NVD/annotated_videos/2022-12-03_Nyland_01_stabilized/2022-12-03 Nyland 01_stabilized.mp4,1686
source_retention,data/raw/NVD/annotated_videos/2022-12-03_Nyland_01_stabilized/2022-12-03 Nyland 01_stabilized.mp4,1687
source_retention,data/raw/NVD/annotated_videos/2022-12-03_Nyland_01_stabilized/2022-12-03 Nyland 01_stabilized.mp4,1688
source_retention,data/raw/NVD/annotated_videos/2022-12-03_Nyland_01_stabilized/2022-12-03 Nyland 01_stabilized.mp4,1689
source_retention,data/raw/NVD/annotated_videos/2022-12-03_Nyland_01_stabilized/2022-12-03 Nyland 01_stabilized.mp4,1690
source_retention,data/raw/NVD/annotated_videos/2022-12-03_Nyland_01_stabilized/2022-12-03 Nyland 01_stabilized.mp4,1691
source_retention,data/raw/NVD/annotated_videos/2022-12-03_Nyland_01_stabilized/2022-12-03 Nyland 01_stabilized.mp4,1692
source_retention,data/raw/NVD/annotated_videos/2022-12-03_Nyland_01_stabilized/2022-12-03 Nyland 01_stabilized.mp4,1693
source_retention,data/raw/NVD/annotated_videos/2022-12-03_Nyland_01_stabilized/2022-12-03 Nyland 01_stabilized.mp4,1694
source_retention,data/raw/NVD/annotated_videos/2022-12-03_Nyland_01_stabilized/2022-12-03 Nyland 01_stabilized.mp4,1695
source_retention,data/raw/NVD/annotated_videos/2022-12-03_Nyland_01_stabilized/2022-12-03 Nyland 01_stabilized.mp4,1696
source_retention,data/raw/NVD/annotated_videos/2022-12-03_Nyland_01_stabilized/2022-12-03 Nyland 01_stabilized.mp4,1697
source_retention,data/raw/NVD/annotated_videos/2022-12-03_Nyland_01_stabilized/2022-12-03 Nyland 01_stabilized.mp4,1698
source_retention,data/raw/NVD/annotated_videos/2022-12-03_Nyland_01_stabilized/2022-12-03 Nyland 01_stabilized.mp4,1699
source_retention,data/raw/NVD/annotated_videos/2022-12-03_Nyland_01_stabilized/2022-12-03 Nyland 01_stabilized.mp4,1700
source_retention,data/raw/NVD/annotated_videos/2022-12-03_Nyland_01_stabilized/2022-12-03 Nyland 01_stabilized.mp4,1701
source_retention,data/raw/NVD/annotated_videos/2022-12-03_Nyland_01_stabilized/2022-12-03 Nyland 01_stabilized.mp4,1702
source_retention,data/raw/NVD/annotated_videos/2022-12-03_Nyland_01_stabilized/2022-12-03 Nyland 01_stabilized.mp4,1703
source_retention,data/raw/NVD/annotated_videos/2022-12-03_Nyland_01_stabilized/2022-12-03 Nyland 01_stabilized.mp4,1704
source_retention,data/raw/NVD/annotated_videos/2022-12-03_Nyland_01_stabilized/2022-12-03 Nyland 01_stabilized.mp4,1705
source_retention,data/raw/NVD/annotated_videos/2022-12-03_Nyland_01_stabilized/2022-12-03 Nyland 01_stabilized.mp4,1706
source_retention,data/raw/NVD/annotated_videos/2022-12-03_Nyland_01_stabilized/2022-12-03 Nyland 01_stabilized.mp4,1707
source_retention,data/raw/NVD/annotated_videos/2022-12-03_Nyland_01_stabilized/2022-12-03 Nyland 01_stabilized.mp4,1708
source_retention,data/raw/NVD/annotated_videos/2022-12-03_Nyland_01_stabilized/2022-12-03 Nyland 01_stabilized.mp4,1709
source_retention,data/raw/NVD/annotated_videos/2022-12-03_Nyland_01_stabilized/2022-12-03 Nyland 01_stabilized.mp4,1710
source_retention,data/raw/NVD/annotated_videos/2022-12-03_Nyland_01_stabilized/2022-12-03 Nyland 01_stabilized.mp4,1711
source_retention,data/raw/NVD/annotated_videos/2022-12-03_Nyland_01_stabilized/2022-12-03 Nyland 01_stabilized.mp4,1712
source_retention,data/raw/NVD/annotated_videos/2022-12-03_Nyland_01_stabilized/2022-12-03 Nyland 01_stabilized.mp4,1713
source_retention,data/raw/NVD/annotated_videos/2022-12-03_Nyland_01_stabilized/2022-12-03 Nyland 01_stabilized.mp4,1714
source_retention,data/raw/NVD/annotated_videos/2022-12-03_Nyland_01_stabilized/2022-12-03 Nyland 01_stabilized.mp4,1715
source_retention,data/raw/NVD/annotated_videos/2022-12-03_Nyland_01_stabilized/2022-12-03 Nyland 01_stabilized.mp4,1716
source_retention,data/raw/NVD/annotated_videos/2022-12-03_Nyland_01_stabilized/2022-12-03 Nyland 01_stabilized.mp4,1717
source_retention,data/raw/NVD/annotated_videos/2022-12-03_Nyland_01_stabilized/2022-12-03 Nyland 01_stabilized.mp4,1718
source_retention,data/raw/NVD/annotated_videos/2022-12-03_Nyland_01_stabilized/2022-12-03 Nyland 01_stabilized.mp4,1719
source_retention,data/raw/NVD/annotated_videos/2022-12-03_Nyland_01_stabilized/2022-12-03 Nyland 01_stabilized.mp4,1720
source_retention,data/raw/NVD/annotated_videos/2022-12-03_Nyland_01_stabilized/2022-12-03 Nyland 01_stabilized.mp4,1721
source_retention,data/raw/NVD/annotated_videos/2022-12-03_Nyland_01_stabilized/2022-12-03 Nyland 01_stabilized.mp4,1722
source_retention,data/raw/NVD/annotated_videos/2022-12-03_Nyland_01_stabilized/2022-12-03 Nyland 01_stabilized.mp4,1723
source_retention,data/raw/NVD/annotated_videos/2022-12-03_Nyland_01_stabilized/2022-12-03 Nyland 01_stabilized.mp4,1724
source_retention,data/raw/NVD/annotated_videos/2022-12-03_Nyland_01_stabilized/2022-12-03 Nyland 01_stabilized.mp4,1725
source_retention,data/raw/NVD/annotated_videos/2022-12-03_Nyland_01_stabilized/2022-12-03 Nyland 01_stabilized.mp4,1726
source_retention,data/raw/NVD/annotated_videos/2022-12-03_Nyland_01_stabilized/2022-12-03 Nyland 01_stabilized.mp4,1727
source_retention,data/raw/NVD/annotated_videos/2022-12-03_Nyland_01_stabilized/2022-12-03 Nyland 01_stabilized.mp4,1728
source_retention,data/raw/NVD/annotated_videos/2022-12-03_Nyland_01_stabilized/2022-12-03 Nyland 01_stabilized.mp4,1729
source_retention,data/raw/NVD/annotated_videos/2022-12-03_Nyland_01_stabilized/2022-12-03 Nyland 01_stabilized.mp4,1730
source_retention,data/raw/NVD/annotated_videos/2022-12-03_Nyland_01_stabilized/2022-12-03 Nyland 01_stabilized.mp4,1731
source_retention,data/raw/NVD/annotated_videos/2022-12-03_Nyland_01_stabilized/2022-12-03 Nyland 01_stabilized.mp4,1732
source_retention,data/raw/NVD/annotated_videos/2022-12-03_Nyland_01_stabilized/2022-12-03 Nyland 01_stabilized.mp4,1733
source_retention,data/raw/NVD/annotated_videos/2022-12-03_Nyland_01_stabilized/2022-12-03 Nyland 01_stabilized.mp4,1734
source_retention,data/raw/NVD/annotated_videos/2022-12-03_Nyland_01_stabilized/2022-12-03 Nyland 01_stabilized.mp4,1735
source_retention,data/raw/NVD/annotated_videos/2022-12-03_Nyland_01_stabilized/2022-12-03 Nyland 01_stabilized.mp4,1736
source_retention,data/raw/NVD/annotated_videos/2022-12-03_Nyland_01_stabilized/2022-12-03 Nyland 01_stabilized.mp4,1737
source_retention,data/raw/NVD/annotated_videos/2022-12-03_Nyland_01_stabilized/2022-12-03 Nyland 01_stabilized.mp4,1738
source_retention,data/raw/NVD/annotated_videos/2022-12-03_Nyland_01_stabilized/2022-12-03 Nyland 01_stabilized.mp4,1739
source_retention,data/raw/NVD/annotated_videos/2022-12-03_Nyland_01_stabilized/2022-12-03 Nyland 01_stabilized.mp4,1740
source_retention,data/raw/NVD/annotated_videos/2022-12-03_Nyland_01_stabilized/2022-12-03 Nyland 01_stabilized.mp4,1741
source_retention,data/raw/NVD/annotated_videos/2022-12-03_Nyland_01_stabilized/2022-12-03 Nyland 01_stabilized.mp4,1742
source_retention,data/raw/NVD/annotated_videos/2022-12-03_Nyland_01_stabilized/2022-12-03 Nyland 01_stabilized.mp4,1743
source_retention,data/raw/NVD/annotated_videos/2022-12-03_Nyland_01_stabilized/2022-12-03 Nyland 01_stabilized.mp4,1744
source_retention,data/raw/NVD/annotated_videos/2022-12-03_Nyland_01_stabilized/2022-12-03 Nyland 01_stabilized.mp4,1745
source_retention,data/raw/NVD/annotated_videos/2022-12-03_Nyland_01_stabilized/2022-12-03 Nyland 01_stabilized.mp4,1746
source_retention,data/raw/NVD/annotated_videos/2022-12-03_Nyland_01_stabilized/2022-12-03 Nyland 01_stabilized.mp4,1747
source_retention,data/raw/NVD/annotated_videos/2022-12-03_Nyland_01_stabilized/2022-12-03 Nyland 01_stabilized.mp4,1748
source_retention,data/raw/NVD/annotated_videos/2022-12-03_Nyland_01_stabilized/2022-12-03 Nyland 01_stabilized.mp4,1749
source_retention,data/raw/NVD/annotated_videos/2022-12-03_Nyland_01_stabilized/2022-12-03 Nyland 01_stabilized.mp4,1750
source_retention,data/raw/NVD/annotated_videos/2022-12-03_Nyland_01_stabilized/2022-12-03 Nyland 01_stabilized.mp4,1751
source_retention,data/raw/NVD/annotated_videos/2022-12-03_Nyland_01_stabilized/2022-12-03 Nyland 01_stabilized.mp4,1752
source_retention,data/raw/NVD/annotated_videos/2022-12-03_Nyland_01_stabilized/2022-12-03 Nyland 01_stabilized.mp4,1753
source_retention,data/raw/NVD/annotated_videos/2022-12-03_Nyland_01_stabilized/2022-12-03 Nyland 01_stabilized.mp4,1754
source_retention,data/raw/NVD/annotated_videos/2022-12-03_Nyland_01_stabilized/2022-12-03 Nyland 01_stabilized.mp4,1755
source_retention,data/raw/NVD/annotated_videos/2022-12-03_Nyland_01_stabilized/2022-12-03 Nyland 01_stabilized.mp4,1756
source_retention,data/raw/NVD/annotated_videos/2022-12-03_Nyland_01_stabilized/2022-12-03 Nyland 01_stabilized.mp4,1757
source_retention,data/raw/NVD/annotated_videos/2022-12-03_Nyland_01_stabilized/2022-12-03 Nyland 01_stabilized.mp4,1758
source_retention,data/raw/NVD/annotated_videos/2022-12-03_Nyland_01_stabilized/2022-12-03 Nyland 01_stabilized.mp4,1759
source_retention,data/raw/NVD/annotated_videos/2022-12-03_Nyland_01_stabilized/2022-12-03 Nyland 01_stabilized.mp4,1760
source_retention,data/raw/NVD/annotated_videos/2022-12-03_Nyland_01_stabilized/2022-12-03 Nyland 01_stabilized.mp4,1761
source_retention,data/raw/NVD/annotated_videos/2022-12-03_Nyland_01_stabilized/2022-12-03 Nyland 01_stabilized.mp4,1762
source_retention,data/raw/NVD/annotated_videos/2022-12-03_Nyland_01_stabilized/2022-12-03 Nyland 01_stabilized.mp4,1763
source_retention,data/raw/NVD/annotated_videos/2022-12-03_Nyland_01_stabilized/2022-12-03 Nyland 01_stabilized.mp4,1764
source_retention,data/raw/NVD/annotated_videos/2022-12-03_Nyland_01_stabilized/2022-12-03 Nyland 01_stabilized.mp4,1765
source_retention,data/raw/NVD/annotated_videos/2022-12-03_Nyland_01_stabilized/2022-12-03 Nyland 01_stabilized.mp4,1766
source_retention,data/raw/NVD/annotated_videos/2022-12-03_Nyland_01_stabilized/2022-12-03 Nyland 01_stabilized.mp4,1767
source_retention,data/raw/NVD/annotated_videos/2022-12-03_Nyland_01_stabilized/2022-12-03 Nyland 01_stabilized.mp4,1768
source_retention,data/raw/NVD/annotated_videos/2022-12-03_Nyland_01_stabilized/2022-12-03 Nyland 01_stabilized.mp4,1769
source_retention,data/raw/NVD/annotated_videos/2022-12-03_Nyland_01_stabilized/2022-12-03 Nyland 01_stabilized.mp4,1770
source_retention,data/raw/NVD/annotated_videos/2022-12-03_Nyland_01_stabilized/2022-12-03 Nyland 01_stabilized.mp4,1771
source_retention,data/raw/NVD/annotated_videos/2022-12-03_Nyland_01_stabilized/2022-12-03 Nyland 01_stabilized.mp4,1772
source_retention,data/raw/NVD/annotated_videos/2022-12-03_Nyland_01_stabilized/2022-12-03 Nyland 01_stabilized.mp4,1773
source_retention,data/raw/NVD/annotated_videos/2022-12-03_Nyland_01_stabilized/2022-12-03 Nyland 01_stabilized.mp4,1774
source_retention,data/raw/NVD/annotated_videos/2022-12-03_Nyland_01_stabilized/2022-12-03 Nyland 01_stabilized.mp4,1775
source_retention,data/raw/NVD/annotated_videos/2022-12-03_Nyland_01_stabilized/2022-12-03 Nyland 01_stabilized.mp4,1776
source_retention,data/raw/NVD/annotated_videos/2022-12-03_Nyland_01_stabilized/2022-12-03 Nyland 01_stabilized.mp4,1777
source_retention,data/raw/NVD/annotated_videos/2022-12-03_Nyland_01_stabilized/2022-12-03 Nyland 01_stabilized.mp4,1778
source_retention,data/raw/NVD/annotated_videos/2022-12-03_Nyland_01_stabilized/2022-12-03 Nyland 01_stabilized.mp4,1779
source_retention,data/raw/NVD/annotated_videos/2022-12-03_Nyland_01_stabilized/2022-12-03 Nyland 01_stabilized.mp4,1780
source_retention,data/raw/NVD/annotated_videos/2022-12-03_Nyland_01_stabilized/2022-12-03 Nyland 01_stabilized.mp4,1781
source_retention,data/raw/NVD/annotated_videos/2022-12-03_Nyland_01_stabilized/2022-12-03 Nyland 01_stabilized.mp4,1782
source_retention,data/raw/NVD/annotated_videos/2022-12-03_Nyland_01_stabilized/2022-12-03 Nyland 01_stabilized.mp4,1783
source_retention,data/raw/NVD/annotated_videos/2022-12-03_Nyland_01_stabilized/2022-12-03 Nyland 01_stabilized.mp4,1784
source_retention,data/raw/NVD/annotated_videos/2022-12-03_Nyland_01_stabilized/2022-12-03 Nyland 01_stabilized.mp4,1785
source_retention,data/raw/NVD/annotated_videos/2022-12-03_Nyland_01_stabilized/2022-12-03 Nyland 01_stabilized.mp4,1786
source_retention,data/raw/NVD/annotated_videos/2022-12-03_Nyland_01_stabilized/2022-12-03 Nyland 01_stabilized.mp4,1787
source_retention,data/raw/NVD/annotated_videos/2022-12-03_Nyland_01_stabilized/2022-12-03 Nyland 01_stabilized.mp4,1788
source_retention,data/raw/NVD/annotated_videos/2022-12-03_Nyland_01_stabilized/2022-12-03 Nyland 01_stabilized.mp4,1789
source_retention,data/raw/NVD/annotated_videos/2022-12-03_Nyland_01_stabilized/2022-12-03 Nyland 01_stabilized.mp4,1790
source_retention,data/raw/NVD/annotated_videos/2022-12-03_Nyland_01_stabilized/2022-12-03 Nyland 01_stabilized.mp4,1791
source_retention,data/raw/NVD/annotated_videos/2022-12-03_Nyland_01_stabilized/2022-12-03 Nyland 01_stabilized.mp4,1792
source_retention,data/raw/NVD/annotated_videos/2022-12-03_Nyland_01_stabilized/2022-12-03 Nyland 01_stabilized.mp4,1793
source_retention,data/raw/NVD/annotated_videos/2022-12-03_Nyland_01_stabilized/2022-12-03 Nyland 01_stabilized.mp4,1794
source_retention,data/raw/NVD/annotated_videos/2022-12-03_Nyland_01_stabilized/2022-12-03 Nyland 01_stabilized.mp4,1795
source_retention,data/raw/NVD/annotated_videos/2022-12-03_Nyland_01_stabilized/2022-12-03 Nyland 01_stabilized.mp4,1796
source_retention,data/raw/NVD/annotated_videos/2022-12-03_Nyland_01_stabilized/2022-12-03 Nyland 01_stabilized.mp4,1797
source_retention,data/raw/NVD/annotated_videos/2022-12-03_Nyland_01_stabilized/2022-12-03 Nyland 01_stabilized.mp4,1798
source_retention,data/raw/NVD/annotated_videos/2022-12-03_Nyland_01_stabilized/2022-12-03 Nyland 01_stabilized.mp4,1799
source_retention,data/raw/NVD/annotated_videos/2022-12-03_Nyland_01_stabilized/2022-12-03 Nyland 01_stabilized.mp4,1800
source_retention,data/raw/NVD/annotated_videos/2022-12-03_Nyland_01_stabilized/2022-12-03 Nyland 01_stabilized.mp4,1801
source_retention,data/raw/NVD/annotated_videos/2022-12-03_Nyland_01_stabilized/2022-12-03 Nyland 01_stabilized.mp4,1802
source_retention,data/raw/NVD/annotated_videos/2022-12-03_Nyland_01_stabilized/2022-12-03 Nyland 01_stabilized.mp4,1803
source_retention,data/raw/NVD/annotated_videos/2022-12-03_Nyland_01_stabilized/2022-12-03 Nyland 01_stabilized.mp4,1804
source_retention,data/raw/NVD/annotated_videos/2022-12-03_Nyland_01_stabilized/2022-12-03 Nyland 01_stabilized.mp4,1805
source_retention,data/raw/NVD/annotated_videos/2022-12-03_Nyland_01_stabilized/2022-12-03 Nyland 01_stabilized.mp4,1806
source_retention,data/raw/NVD/annotated_videos/2022-12-03_Nyland_01_stabilized/2022-12-03 Nyland 01_stabilized.mp4,1807
source_retention,data/raw/NVD/annotated_videos/2022-12-03_Nyland_01_stabilized/2022-12-03 Nyland 01_stabilized.mp4,1808
source_retention,data/raw/NVD/annotated_videos/2022-12-03_Nyland_01_stabilized/2022-12-03 Nyland 01_stabilized.mp4,1809
source_retention,data/raw/NVD/annotated_videos/2022-12-03_Nyland_01_stabilized/2022-12-03 Nyland 01_stabilized.mp4,1810
source_retention,data/raw/NVD/annotated_videos/2022-12-03_Nyland_01_stabilized/2022-12-03 Nyland 01_stabilized.mp4,1811
source_retention,data/raw/NVD/annotated_videos/2022-12-03_Nyland_01_stabilized/2022-12-03 Nyland 01_stabilized.mp4,1812
source_retention,data/raw/NVD/annotated_videos/2022-12-03_Nyland_01_stabilized/2022-12-03 Nyland 01_stabilized.mp4,1813
source_retention,data/raw/NVD/annotated_videos/2022-12-03_Nyland_01_stabilized/2022-12-03 Nyland 01_stabilized.mp4,1814
source_retention,data/raw/NVD/annotated_videos/2022-12-03_Nyland_01_stabilized/2022-12-03 Nyland 01_stabilized.mp4,1815
source_retention,data/raw/NVD/annotated_videos/2022-12-03_Nyland_01_stabilized/2022-12-03 Nyland 01_stabilized.mp4,1816
source_retention,data/raw/NVD/annotated_videos/2022-12-03_Nyland_01_stabilized/2022-12-03 Nyland 01_stabilized.mp4,1817
source_retention,data/raw/NVD/annotated_videos/2022-12-03_Nyland_01_stabilized/2022-12-03 Nyland 01_stabilized.mp4,1818
source_retention,data/raw/NVD/annotated_videos/2022-12-03_Nyland_01_stabilized/2022-12-03 Nyland 01_stabilized.mp4,1819
source_retention,data/raw/NVD/annotated_videos/2022-12-03_Nyland_01_stabilized/2022-12-03 Nyland 01_stabilized.mp4,1820
source_retention,data/raw/NVD/annotated_videos/2022-12-03_Nyland_01_stabilized/2022-12-03 Nyland 01_stabilized.mp4,1821
source_retention,data/raw/NVD/annotated_videos/2022-12-03_Nyland_01_stabilized/2022-12-03 Nyland 01_stabilized.mp4,1822
source_retention,data/raw/NVD/annotated_videos/2022-12-03_Nyland_01_stabilized/2022-12-03 Nyland 01_stabilized.mp4,1823
source_retention,data/raw/NVD/annotated_videos/2022-12-03_Nyland_01_stabilized/2022-12-03 Nyland 01_stabilized.mp4,1824
source_retention,data/raw/NVD/annotated_videos/2022-12-03_Nyland_01_stabilized/2022-12-03 Nyland 01_stabilized.mp4,1825
source_retention,data/raw/NVD/annotated_videos/2022-12-03_Nyland_01_stabilized/2022-12-03 Nyland 01_stabilized.mp4,1826
source_retention,data/raw/NVD/annotated_videos/2022-12-03_Nyland_01_stabilized/2022-12-03 Nyland 01_stabilized.mp4,1827
source_retention,data/raw/NVD/annotated_videos/2022-12-03_Nyland_01_stabilized/2022-12-03 Nyland 01_stabilized.mp4,1828
source_retention,data/raw/NVD/annotated_videos/2022-12-03_Nyland_01_stabilized/2022-12-03 Nyland 01_stabilized.mp4,1829
source_retention,data/raw/NVD/annotated_videos/2022-12-03_Nyland_01_stabilized/2022-12-03 Nyland 01_stabilized.mp4,1830
source_retention,data/raw/NVD/annotated_videos/2022-12-03_Nyland_01_stabilized/2022-12-03 Nyland 01_stabilized.mp4,1831
source_retention,data/raw/NVD/annotated_videos/2022-12-03_Nyland_01_stabilized/2022-12-03 Nyland 01_stabilized.mp4,1832
source_retention,data/raw/NVD/annotated_videos/2022-12-03_Nyland_01_stabilized/2022-12-03 Nyland 01_stabilized.mp4,1833
source_retention,data/raw/NVD/annotated_videos/2022-12-03_Nyland_01_stabilized/2022-12-03 Nyland 01_stabilized.mp4,1834
source_retention,data/raw/NVD/annotated_videos/2022-12-03_Nyland_01_stabilized/2022-12-03 Nyland 01_stabilized.mp4,1835
source_retention,data/raw/NVD/annotated_videos/2022-12-03_Nyland_01_stabilized/2022-12-03 Nyland 01_stabilized.mp4,1836
source_retention,data/raw/NVD/annotated_videos/2022-12-03_Nyland_01_stabilized/2022-12-03 Nyland 01_stabilized.mp4,1837
source_retention,data/raw/NVD/annotated_videos/2022-12-03_Nyland_01_stabilized/2022-12-03 Nyland 01_stabilized.mp4,1838
source_retention,data/raw/NVD/annotated_videos/2022-12-03_Nyland_01_stabilized/2022-12-03 Nyland 01_stabilized.mp4,1839
source_retention,data/raw/NVD/annotated_videos/2022-12-03_Nyland_01_stabilized/2022-12-03 Nyland 01_stabilized.mp4,1840
source_retention,data/raw/NVD/annotated_videos/2022-12-03_Nyland_01_stabilized/2022-12-03 Nyland 01_stabilized.mp4,1841
source_retention,data/raw/NVD/annotated_videos/2022-12-03_Nyland_01_stabilized/2022-12-03 Nyland 01_stabilized.mp4,1842
source_retention,data/raw/NVD/annotated_videos/2022-12-03_Nyland_01_stabilized/2022-12-03 Nyland 01_stabilized.mp4,1843
source_retention,data/raw/NVD/annotated_videos/2022-12-03_Nyland_01_stabilized/2022-12-03 Nyland 01_stabilized.mp4,1844
source_retention,data/raw/NVD/annotated_videos/2022-12-03_Nyland_01_stabilized/2022-12-03 Nyland 01_stabilized.mp4,1845
source_retention,data/raw/NVD/annotated_videos/2022-12-03_Nyland_01_stabilized/2022-12-03 Nyland 01_stabilized.mp4,1846
source_retention,data/raw/NVD/annotated_videos/2022-12-03_Nyland_01_stabilized/2022-12-03 Nyland 01_stabilized.mp4,1847
source_retention,data/raw/NVD/annotated_videos/2022-12-03_Nyland_01_stabilized/2022-12-03 Nyland 01_stabilized.mp4,1848
source_retention,data/raw/NVD/annotated_videos/2022-12-03_Nyland_01_stabilized/2022-12-03 Nyland 01_stabilized.mp4,1849
source_retention,data/raw/NVD/annotated_videos/2022-12-03_Nyland_01_stabilized/2022-12-03 Nyland 01_stabilized.mp4,1850
source_retention,data/raw/NVD/annotated_videos/2022-12-03_Nyland_01_stabilized/2022-12-03 Nyland 01_stabilized.mp4,1851
source_retention,data/raw/NVD/annotated_videos/2022-12-03_Nyland_01_stabilized/2022-12-03 Nyland 01_stabilized.mp4,1852
source_retention,data/raw/NVD/annotated_videos/2022-12-03_Nyland_01_stabilized/2022-12-03 Nyland 01_stabilized.mp4,1853
source_retention,data/raw/NVD/annotated_videos/2022-12-03_Nyland_01_stabilized/2022-12-03 Nyland 01_stabilized.mp4,1854
source_retention,data/raw/NVD/annotated_videos/2022-12-03_Nyland_01_stabilized/2022-12-03 Nyland 01_stabilized.mp4,1855
source_retention,data/raw/NVD/annotated_videos/2022-12-03_Nyland_01_stabilized/2022-12-03 Nyland 01_stabilized.mp4,1856
source_retention,data/raw/NVD/annotated_videos/2022-12-03_Nyland_01_stabilized/2022-12-03 Nyland 01_stabilized.mp4,1857
source_retention,data/raw/NVD/annotated_videos/2022-12-03_Nyland_01_stabilized/2022-12-03 Nyland 01_stabilized.mp4,1858
source_retention,data/raw/NVD/annotated_videos/2022-12-03_Nyland_01_stabilized/2022-12-03 Nyland 01_stabilized.mp4,1859
source_retention,data/raw/NVD/annotated_videos/2022-12-03_Nyland_01_stabilized/2022-12-03 Nyland 01_stabilized.mp4,1860
source_retention,data/raw/NVD/annotated_videos/2022-12-03_Nyland_01_stabilized/2022-12-03 Nyland 01_stabilized.mp4,1861
source_retention,data/raw/NVD/annotated_videos/2022-12-03_Nyland_01_stabilized/2022-12-03 Nyland 01_stabilized.mp4,1862
source_retention,data/raw/NVD/annotated_videos/2022-12-03_Nyland_01_stabilized/2022-12-03 Nyland 01_stabilized.mp4,1863
source_retention,data/raw/NVD/annotated_videos/2022-12-03_Nyland_01_stabilized/2022-12-03 Nyland 01_stabilized.mp4,1864
source_retention,data/raw/NVD/annotated_videos/2022-12-03_Nyland_01_stabilized/2022-12-03 Nyland 01_stabilized.mp4,1865
source_retention,data/raw/NVD/annotated_videos/2022-12-03_Nyland_01_stabilized/2022-12-03 Nyland 01_stabilized.mp4,1866
source_retention,data/raw/NVD/annotated_videos/2022-12-03_Nyland_01_stabilized/2022-12-03 Nyland 01_stabilized.mp4,1867
source_retention,data/raw/NVD/annotated_videos/2022-12-03_Nyland_01_stabilized/2022-12-03 Nyland 01_stabilized.mp4,1868
source_retention,data/raw/NVD/annotated_videos/2022-12-03_Nyland_01_stabilized/2022-12-03 Nyland 01_stabilized.mp4,1869
source_retention,data/raw/NVD/annotated_videos/2022-12-03_Nyland_01_stabilized/2022-12-03 Nyland 01_stabilized.mp4,1870
source_retention,data/raw/NVD/annotated_videos/2022-12-03_Nyland_01_stabilized/2022-12-03 Nyland 01_stabilized.mp4,1871
source_retention,data/raw/NVD/annotated_videos/2022-12-03_Nyland_01_stabilized/2022-12-03 Nyland 01_stabilized.mp4,1872
source_retention,data/raw/NVD/annotated_videos/2022-12-03_Nyland_01_stabilized/2022-12-03 Nyland 01_stabilized.mp4,1873
source_retention,data/raw/NVD/annotated_videos/2022-12-03_Nyland_01_stabilized/2022-12-03 Nyland 01_stabilized.mp4,1874
source_retention,data/raw/NVD/annotated_videos/2022-12-03_Nyland_01_stabilized/2022-12-03 Nyland 01_stabilized.mp4,1875
source_retention,data/raw/NVD/annotated_videos/2022-12-03_Nyland_01_stabilized/2022-12-03 Nyland 01_stabilized.mp4,1876
source_retention,data/raw/NVD/annotated_videos/2022-12-03_Nyland_01_stabilized/2022-12-03 Nyland 01_stabilized.mp4,1877
source_retention,data/raw/NVD/annotated_videos/2022-12-03_Nyland_01_stabilized/2022-12-03 Nyland 01_stabilized.mp4,1878
source_retention,data/raw/NVD/annotated_videos/2022-12-03_Nyland_01_stabilized/2022-12-03 Nyland 01_stabilized.mp4,1879
source_retention,data/raw/NVD/annotated_videos/2022-12-03_Nyland_01_stabilized/2022-12-03 Nyland 01_stabilized.mp4,1880
source_retention,data/raw/NVD/annotated_videos/2022-12-03_Nyland_01_stabilized/2022-12-03 Nyland 01_stabilized.mp4,1881
source_retention,data/raw/NVD/annotated_videos/2022-12-03_Nyland_01_stabilized/2022-12-03 Nyland 01_stabilized.mp4,1882
source_retention,data/raw/NVD/annotated_videos/2022-12-03_Nyland_01_stabilized/2022-12-03 Nyland 01_stabilized.mp4,1883
source_retention,data/raw/NVD/annotated_videos/2022-12-03_Nyland_01_stabilized/2022-12-03 Nyland 01_stabilized.mp4,1884
source_retention,data/raw/NVD/annotated_videos/2022-12-03_Nyland_01_stabilized/2022-12-03 Nyland 01_stabilized.mp4,1885
source_retention,data/raw/NVD/annotated_videos/2022-12-03_Nyland_01_stabilized/2022-12-03 Nyland 01_stabilized.mp4,1886
source_retention,data/raw/NVD/annotated_videos/2022-12-03_Nyland_01_stabilized/2022-12-03 Nyland 01_stabilized.mp4,1887
source_retention,data/raw/NVD/annotated_videos/2022-12-03_Nyland_01_stabilized/2022-12-03 Nyland 01_stabilized.mp4,1888
source_retention,data/raw/NVD/annotated_videos/2022-12-03_Nyland_01_stabilized/2022-12-03 Nyland 01_stabilized.mp4,1889
source_retention,data/raw/NVD/annotated_videos/2022-12-03_Nyland_01_stabilized/2022-12-03 Nyland 01_stabilized.mp4,1890
source_retention,data/raw/NVD/annotated_videos/2022-12-03_Nyland_01_stabilized/2022-12-03 Nyland 01_stabilized.mp4,1891
source_retention,data/raw/NVD/annotated_videos/2022-12-03_Nyland_01_stabilized/2022-12-03 Nyland 01_stabilized.mp4,1892
source_retention,data/raw/NVD/annotated_videos/2022-12-03_Nyland_01_stabilized/2022-12-03 Nyland 01_stabilized.mp4,1893
source_retention,data/raw/NVD/annotated_videos/2022-12-03_Nyland_01_stabilized/2022-12-03 Nyland 01_stabilized.mp4,1894
source_retention,data/raw/NVD/annotated_videos/2022-12-03_Nyland_01_stabilized/2022-12-03 Nyland 01_stabilized.mp4,1895
source_retention,data/raw/NVD/annotated_videos/2022-12-03_Nyland_01_stabilized/2022-12-03 Nyland 01_stabilized.mp4,1896
source_retention,data/raw/NVD/annotated_videos/2022-12-03_Nyland_01_stabilized/2022-12-03 Nyland 01_stabilized.mp4,1897
source_retention,data/raw/NVD/annotated_videos/2022-12-03_Nyland_01_stabilized/2022-12-03 Nyland 01_stabilized.mp4,1898
source_retention,data/raw/NVD/annotated_videos/2022-12-03_Nyland_01_stabilized/2022-12-03 Nyland 01_stabilized.mp4,1899
source_retention,data/raw/NVD/annotated_videos/2022-12-03_Nyland_01_stabilized/2022-12-03 Nyland 01_stabilized.mp4,1900
source_retention,data/raw/NVD/annotated_videos/2022-12-03_Nyland_01_stabilized/2022-12-03 Nyland 01_stabilized.mp4,1901
source_retention,data/raw/NVD/annotated_videos/2022-12-03_Nyland_01_stabilized/2022-12-03 Nyland 01_stabilized.mp4,1902
source_retention,data/raw/NVD/annotated_videos/2022-12-03_Nyland_01_stabilized/2022-12-03 Nyland 01_stabilized.mp4,1903
source_retention,data/raw/NVD/annotated_videos/2022-12-03_Nyland_01_stabilized/2022-12-03 Nyland 01_stabilized.mp4,1904
source_retention,data/raw/NVD/annotated_videos/2022-12-03_Nyland_01_stabilized/2022-12-03 Nyland 01_stabilized.mp4,1905
source_retention,data/raw/NVD/annotated_videos/2022-12-03_Nyland_01_stabilized/2022-12-03 Nyland 01_stabilized.mp4,1906
source_retention,data/raw/NVD/annotated_videos/2022-12-03_Nyland_01_stabilized/2022-12-03 Nyland 01_stabilized.mp4,1907
source_retention,data/raw/NVD/annotated_videos/2022-12-03_Nyland_01_stabilized/2022-12-03 Nyland 01_stabilized.mp4,1908
source_retention,data/raw/NVD/annotated_videos/2022-12-03_Nyland_01_stabilized/2022-12-03 Nyland 01_stabilized.mp4,1909
source_retention,data/raw/NVD/annotated_videos/2022-12-03_Nyland_01_stabilized/2022-12-03 Nyland 01_stabilized.mp4,1910
source_retention,data/raw/NVD/annotated_videos/2022-12-03_Nyland_01_stabilized/2022-12-03 Nyland 01_stabilized.mp4,1911
source_retention,data/raw/NVD/annotated_videos/2022-12-03_Nyland_01_stabilized/2022-12-03 Nyland 01_stabilized.mp4,1912
source_retention,data/raw/NVD/annotated_videos/2022-12-03_Nyland_01_stabilized/2022-12-03 Nyland 01_stabilized.mp4,1913
source_retention,data/raw/NVD/annotated_videos/2022-12-03_Nyland_01_stabilized/2022-12-03 Nyland 01_stabilized.mp4,1914
source_retention,data/raw/NVD/annotated_videos/2022-12-03_Nyland_01_stabilized/2022-12-03 Nyland 01_stabilized.mp4,1915
source_retention,data/raw/NVD/annotated_videos/2022-12-03_Nyland_01_stabilized/2022-12-03 Nyland 01_stabilized.mp4,1916
source_retention,data/raw/NVD/annotated_videos/2022-12-03_Nyland_01_stabilized/2022-12-03 Nyland 01_stabilized.mp4,1917
source_retention,data/raw/NVD/annotated_videos/2022-12-03_Nyland_01_stabilized/2022-12-03 Nyland 01_stabilized.mp4,1918
source_retention,data/raw/NVD/annotated_videos/2022-12-03_Nyland_01_stabilized/2022-12-03 Nyland 01_stabilized.mp4,1919
source_retention,data/raw/NVD/annotated_videos/2022-12-03_Nyland_01_stabilized/2022-12-03 Nyland 01_stabilized.mp4,1920
source_retention,data/raw/NVD/annotated_videos/2022-12-03_Nyland_01_stabilized/2022-12-03 Nyland 01_stabilized.mp4,1921
source_retention,data/raw/NVD/annotated_videos/2022-12-03_Nyland_01_stabilized/2022-12-03 Nyland 01_stabilized.mp4,1922
source_retention,data/raw/NVD/annotated_videos/2022-12-03_Nyland_01_stabilized/2022-12-03 Nyland 01_stabilized.mp4,1923
source_retention,data/raw/NVD/annotated_videos/2022-12-03_Nyland_01_stabilized/2022-12-03 Nyland 01_stabilized.mp4,1924
source_retention,data/raw/NVD/annotated_videos/2022-12-03_Nyland_01_stabilized/2022-12-03 Nyland 01_stabilized.mp4,1925
source_retention,data/raw/NVD/annotated_videos/2022-12-03_Nyland_01_stabilized/2022-12-03 Nyland 01_stabilized.mp4,1926
source_retention,data/raw/NVD/annotated_videos/2022-12-03_Nyland_01_stabilized/2022-12-03 Nyland 01_stabilized.mp4,1927
source_retention,data/raw/NVD/annotated_videos/2022-12-03_Nyland_01_stabilized/2022-12-03 Nyland 01_stabilized.mp4,1928
source_retention,data/raw/NVD/annotated_videos/2022-12-03_Nyland_01_stabilized/2022-12-03 Nyland 01_stabilized.mp4,1929
source_retention,data/raw/NVD/annotated_videos/2022-12-03_Nyland_01_stabilized/2022-12-03 Nyland 01_stabilized.mp4,1930
source_retention,data/raw/NVD/annotated_videos/2022-12-03_Nyland_01_stabilized/2022-12-03 Nyland 01_stabilized.mp4,1931
source_retention,data/raw/NVD/annotated_videos/2022-12-03_Nyland_01_stabilized/2022-12-03 Nyland 01_stabilized.mp4,1932
source_retention,data/raw/NVD/annotated_videos/2022-12-03_Nyland_01_stabilized/2022-12-03 Nyland 01_stabilized.mp4,1933
source_retention,data/raw/NVD/annotated_videos/2022-12-03_Nyland_01_stabilized/2022-12-03 Nyland 01_stabilized.mp4,1934
source_retention,data/raw/NVD/annotated_videos/2022-12-03_Nyland_01_stabilized/2022-12-03 Nyland 01_stabilized.mp4,1935
source_retention,data/raw/NVD/annotated_videos/2022-12-03_Nyland_01_stabilized/2022-12-03 Nyland 01_stabilized.mp4,1936
source_retention,data/raw/NVD/annotated_videos/2022-12-03_Nyland_01_stabilized/2022-12-03 Nyland 01_stabilized.mp4,1937
source_retention,data/raw/NVD/annotated_videos/2022-12-03_Nyland_01_stabilized/2022-12-03 Nyland 01_stabilized.mp4,1938
source_retention,data/raw/NVD/annotated_videos/2022-12-03_Nyland_01_stabilized/2022-12-03 Nyland 01_stabilized.mp4,1939
source_retention,data/raw/NVD/annotated_videos/2022-12-03_Nyland_01_stabilized/2022-12-03 Nyland 01_stabilized.mp4,1940
source_retention,data/raw/NVD/annotated_videos/2022-12-03_Nyland_01_stabilized/2022-12-03 Nyland 01_stabilized.mp4,1941
source_retention,data/raw/NVD/annotated_videos/2022-12-03_Nyland_01_stabilized/2022-12-03 Nyland 01_stabilized.mp4,1942
source_retention,data/raw/NVD/annotated_videos/2022-12-03_Nyland_01_stabilized/2022-12-03 Nyland 01_stabilized.mp4,1943
source_retention,data/raw/NVD/annotated_videos/2022-12-03_Nyland_01_stabilized/2022-12-03 Nyland 01_stabilized.mp4,1944
source_retention,data/raw/NVD/annotated_videos/2022-12-03_Nyland_01_stabilized/2022-12-03 Nyland 01_stabilized.mp4,1945
source_retention,data/raw/NVD/annotated_videos/2022-12-03_Nyland_01_stabilized/2022-12-03 Nyland 01_stabilized.mp4,1946
source_retention,data/raw/NVD/annotated_videos/2022-12-03_Nyland_01_stabilized/2022-12-03 Nyland 01_stabilized.mp4,1947
source_retention,data/raw/NVD/annotated_videos/2022-12-03_Nyland_01_stabilized/2022-12-03 Nyland 01_stabilized.mp4,1948
source_retention,data/raw/NVD/annotated_videos/2022-12-03_Nyland_01_stabilized/2022-12-03 Nyland 01_stabilized.mp4,1949
source_retention,data/raw/NVD/annotated_videos/2022-12-03_Nyland_01_stabilized/2022-12-03 Nyland 01_stabilized.mp4,1950
source_retention,data/raw/NVD/annotated_videos/2022-12-03_Nyland_01_stabilized/2022-12-03 Nyland 01_stabilized.mp4,1951
source_retention,data/raw/NVD/annotated_videos/2022-12-03_Nyland_01_stabilized/2022-12-03 Nyland 01_stabilized.mp4,1952
source_retention,data/raw/NVD/annotated_videos/2022-12-03_Nyland_01_stabilized/2022-12-03 Nyland 01_stabilized.mp4,1953
source_retention,data/raw/NVD/annotated_videos/2022-12-03_Nyland_01_stabilized/2022-12-03 Nyland 01_stabilized.mp4,1954
source_retention,data/raw/NVD/annotated_videos/2022-12-03_Nyland_01_stabilized/2022-12-03 Nyland 01_stabilized.mp4,1955
source_retention,data/raw/NVD/annotated_videos/2022-12-03_Nyland_01_stabilized/2022-12-03 Nyland 01_stabilized.mp4,1956
source_retention,data/raw/NVD/annotated_videos/2022-12-03_Nyland_01_stabilized/2022-12-03 Nyland 01_stabilized.mp4,1957
source_retention,data/raw/NVD/annotated_videos/2022-12-03_Nyland_01_stabilized/2022-12-03 Nyland 01_stabilized.mp4,1958
source_retention,data/raw/NVD/annotated_videos/2022-12-03_Nyland_01_stabilized/2022-12-03 Nyland 01_stabilized.mp4,1959
source_retention,data/raw/NVD/annotated_videos/2022-12-03_Nyland_01_stabilized/2022-12-03 Nyland 01_stabilized.mp4,1960
source_retention,data/raw/NVD/annotated_videos/2022-12-03_Nyland_01_stabilized/2022-12-03 Nyland 01_stabilized.mp4,1961
source_retention,data/raw/NVD/annotated_videos/2022-12-03_Nyland_01_stabilized/2022-12-03 Nyland 01_stabilized.mp4,1962
source_retention,data/raw/NVD/annotated_videos/2022-12-03_Nyland_01_stabilized/2022-12-03 Nyland 01_stabilized.mp4,1963
source_retention,data/raw/NVD/annotated_videos/2022-12-03_Nyland_01_stabilized/2022-12-03 Nyland 01_stabilized.mp4,1964
source_retention,data/raw/NVD/annotated_videos/2022-12-03_Nyland_01_stabilized/2022-12-03 Nyland 01_stabilized.mp4,1965
source_retention,data/raw/NVD/annotated_videos/2022-12-03_Nyland_01_stabilized/2022-12-03 Nyland 01_stabilized.mp4,1966
source_retention,data/raw/NVD/annotated_videos/2022-12-03_Nyland_01_stabilized/2022-12-03 Nyland 01_stabilized.mp4,1967
source_retention,data/raw/NVD/annotated_videos/2022-12-03_Nyland_01_stabilized/2022-12-03 Nyland 01_stabilized.mp4,1968
source_retention,data/raw/NVD/annotated_videos/2022-12-03_Nyland_01_stabilized/2022-12-03 Nyland 01_stabilized.mp4,1969
source_retention,data/raw/NVD/annotated_videos/2022-12-03_Nyland_01_stabilized/2022-12-03 Nyland 01_stabilized.mp4,1970
source_retention,data/raw/NVD/annotated_videos/2022-12-03_Nyland_01_stabilized/2022-12-03 Nyland 01_stabilized.mp4,1971
source_retention,data/raw/NVD/annotated_videos/2022-12-03_Nyland_01_stabilized/2022-12-03 Nyland 01_stabilized.mp4,1972
source_retention,data/raw/NVD/annotated_videos/2022-12-03_Nyland_01_stabilized/2022-12-03 Nyland 01_stabilized.mp4,1973
source_retention,data/raw/NVD/annotated_videos/2022-12-03_Nyland_01_stabilized/2022-12-03 Nyland 01_stabilized.mp4,1974
source_retention,data/raw/NVD/annotated_videos/2022-12-03_Nyland_01_stabilized/2022-12-03 Nyland 01_stabilized.mp4,1975
source_retention,data/raw/NVD/annotated_videos/2022-12-03_Nyland_01_stabilized/2022-12-03 Nyland 01_stabilized.mp4,1976
source_retention,data/raw/NVD/annotated_videos/2022-12-03_Nyland_01_stabilized/2022-12-03 Nyland 01_stabilized.mp4,1977
source_retention,data/raw/NVD/annotated_videos/2022-12-03_Nyland_01_stabilized/2022-12-03 Nyland 01_stabilized.mp4,1978
source_retention,data/raw/NVD/annotated_videos/2022-12-03_Nyland_01_stabilized/2022-12-03 Nyland 01_stabilized.mp4,1979
source_retention,data/raw/NVD/annotated_videos/2022-12-03_Nyland_01_stabilized/2022-12-03 Nyland 01_stabilized.mp4,1980
source_retention,data/raw/NVD/annotated_videos/2022-12-03_Nyland_01_stabilized/2022-12-03 Nyland 01_stabilized.mp4,1981
source_retention,data/raw/NVD/annotated_videos/2022-12-03_Nyland_01_stabilized/2022-12-03 Nyland 01_stabilized.mp4,1982
source_retention,data/raw/NVD/annotated_videos/2022-12-03_Nyland_01_stabilized/2022-12-03 Nyland 01_stabilized.mp4,1983
source_retention,data/raw/NVD/annotated_videos/2022-12-03_Nyland_01_stabilized/2022-12-03 Nyland 01_stabilized.mp4,1984
source_retention,data/raw/NVD/annotated_videos/2022-12-03_Nyland_01_stabilized/2022-12-03 Nyland 01_stabilized.mp4,1985
source_retention,data/raw/NVD/annotated_videos/2022-12-03_Nyland_01_stabilized/2022-12-03 Nyland 01_stabilized.mp4,1986
source_retention,data/raw/NVD/annotated_videos/2022-12-03_Nyland_01_stabilized/2022-12-03 Nyland 01_stabilized.mp4,1987
source_retention,data/raw/NVD/annotated_videos/2022-12-03_Nyland_01_stabilized/2022-12-03 Nyland 01_stabilized.mp4,1988
source_retention,data/raw/NVD/annotated_videos/2022-12-03_Nyland_01_stabilized/2022-12-03 Nyland 01_stabilized.mp4,1989
source_retention,data/raw/NVD/annotated_videos/2022-12-03_Nyland_01_stabilized/2022-12-03 Nyland 01_stabilized.mp4,1990
source_retention,data/raw/NVD/annotated_videos/2022-12-03_Nyland_01_stabilized/2022-12-03 Nyland 01_stabilized.mp4,1991
source_retention,data/raw/NVD/annotated_videos/2022-12-03_Nyland_01_stabilized/2022-12-03 Nyland 01_stabilized.mp4,1992
source_retention,data/raw/NVD/annotated_videos/2022-12-03_Nyland_01_stabilized/2022-12-03 Nyland 01_stabilized.mp4,1993
source_retention,data/raw/NVD/annotated_videos/2022-12-03_Nyland_01_stabilized/2022-12-03 Nyland 01_stabilized.mp4,1994
source_retention,data/raw/NVD/annotated_videos/2022-12-03_Nyland_01_stabilized/2022-12-03 Nyland 01_stabilized.mp4,1995
source_retention,data/raw/NVD/annotated_videos/2022-12-03_Nyland_01_stabilized/2022-12-03 Nyland 01_stabilized.mp4,1996
source_retention,data/raw/NVD/annotated_videos/2022-12-03_Nyland_01_stabilized/2022-12-03 Nyland 01_stabilized.mp4,1997
source_retention,data/raw/NVD/annotated_videos/2022-12-03_Nyland_01_stabilized/2022-12-03 Nyland 01_stabilized.mp4,1998
source_retention,data/raw/NVD/annotated_videos/2022-12-03_Nyland_01_stabilized/2022-12-03 Nyland 01_stabilized.mp4,1999
source_retention,data/raw/NVD/annotated_videos/2022-12-03_Nyland_01_stabilized/2022-12-03 Nyland 01_stabilized.mp4,2000
source_retention,data/raw/NVD/annotated_videos/2022-12-03_Nyland_01_stabilized/2022-12-03 Nyland 01_stabilized.mp4,2001
source_retention,data/raw/NVD/annotated_videos/2022-12-03_Nyland_01_stabilized/2022-12-03 Nyland 01_stabilized.mp4,2002
source_retention,data/raw/NVD/annotated_videos/2022-12-03_Nyland_01_stabilized/2022-12-03 Nyland 01_stabilized.mp4,2003
source_retention,data/raw/NVD/annotated_videos/2022-12-03_Nyland_01_stabilized/2022-12-03 Nyland 01_stabilized.mp4,2004
source_retention,data/raw/NVD/annotated_videos/2022-12-03_Nyland_01_stabilized/2022-12-03 Nyland 01_stabilized.mp4,2005
source_retention,data/raw/NVD/annotated_videos/2022-12-03_Nyland_01_stabilized/2022-12-03 Nyland 01_stabilized.mp4,2006
source_retention,data/raw/NVD/annotated_videos/2022-12-03_Nyland_01_stabilized/2022-12-03 Nyland 01_stabilized.mp4,2007
source_retention,data/raw/NVD/annotated_videos/2022-12-03_Nyland_01_stabilized/2022-12-03 Nyland 01_stabilized.mp4,2008
source_retention,data/raw/NVD/annotated_videos/2022-12-03_Nyland_01_stabilized/2022-12-03 Nyland 01_stabilized.mp4,2009
source_retention,data/raw/NVD/annotated_videos/2022-12-03_Nyland_01_stabilized/2022-12-03 Nyland 01_stabilized.mp4,2010
source_retention,data/raw/NVD/annotated_videos/2022-12-03_Nyland_01_stabilized/2022-12-03 Nyland 01_stabilized.mp4,2011
source_retention,data/raw/NVD/annotated_videos/2022-12-03_Nyland_01_stabilized/2022-12-03 Nyland 01_stabilized.mp4,2012
source_retention,data/raw/NVD/annotated_videos/2022-12-03_Nyland_01_stabilized/2022-12-03 Nyland 01_stabilized.mp4,2013
source_retention,data/raw/NVD/annotated_videos/2022-12-03_Nyland_01_stabilized/2022-12-03 Nyland 01_stabilized.mp4,2014
source_retention,data/raw/NVD/annotated_videos/2022-12-03_Nyland_01_stabilized/2022-12-03 Nyland 01_stabilized.mp4,2015
source_retention,data/raw/NVD/annotated_videos/2022-12-03_Nyland_01_stabilized/2022-12-03 Nyland 01_stabilized.mp4,2016
source_retention,data/raw/NVD/annotated_videos/2022-12-03_Nyland_01_stabilized/2022-12-03 Nyland 01_stabilized.mp4,2017
source_retention,data/raw/NVD/annotated_videos/2022-12-03_Nyland_01_stabilized/2022-12-03 Nyland 01_stabilized.mp4,2018
source_retention,data/raw/NVD/annotated_videos/2022-12-03_Nyland_01_stabilized/2022-12-03 Nyland 01_stabilized.mp4,2019
source_retention,data/raw/NVD/annotated_videos/2022-12-03_Nyland_01_stabilized/2022-12-03 Nyland 01_stabilized.mp4,2020
source_retention,data/raw/NVD/annotated_videos/2022-12-03_Nyland_01_stabilized/2022-12-03 Nyland 01_stabilized.mp4,2021
source_retention,data/raw/NVD/annotated_videos/2022-12-03_Nyland_01_stabilized/2022-12-03 Nyland 01_stabilized.mp4,2022
source_retention,data/raw/NVD/annotated_videos/2022-12-03_Nyland_01_stabilized/2022-12-03 Nyland 01_stabilized.mp4,2023
source_retention,data/raw/NVD/annotated_videos/2022-12-03_Nyland_01_stabilized/2022-12-03 Nyland 01_stabilized.mp4,2024
source_retention,data/raw/NVD/annotated_videos/2022-12-03_Nyland_01_stabilized/2022-12-03 Nyland 01_stabilized.mp4,2025
source_retention,data/raw/NVD/annotated_videos/2022-12-03_Nyland_01_stabilized/2022-12-03 Nyland 01_stabilized.mp4,2026
source_retention,data/raw/NVD/annotated_videos/2022-12-03_Nyland_01_stabilized/2022-12-03 Nyland 01_stabilized.mp4,2027
source_retention,data/raw/NVD/annotated_videos/2022-12-03_Nyland_01_stabilized/2022-12-03 Nyland 01_stabilized.mp4,2028
source_retention,data/raw/NVD/annotated_videos/2022-12-03_Nyland_01_stabilized/2022-12-03 Nyland 01_stabilized.mp4,2029
source_retention,data/raw/NVD/annotated_videos/2022-12-03_Nyland_01_stabilized/2022-12-03 Nyland 01_stabilized.mp4,2030
source_retention,data/raw/NVD/annotated_videos/2022-12-03_Nyland_01_stabilized/2022-12-03 Nyland 01_stabilized.mp4,2031
source_retention,data/raw/NVD/annotated_videos/2022-12-03_Nyland_01_stabilized/2022-12-03 Nyland 01_stabilized.mp4,2032
source_retention,data/raw/NVD/annotated_videos/2022-12-03_Nyland_01_stabilized/2022-12-03 Nyland 01_stabilized.mp4,2033
source_retention,data/raw/NVD/annotated_videos/2022-12-03_Nyland_01_stabilized/2022-12-03 Nyland 01_stabilized.mp4,2034
source_retention,data/raw/NVD/annotated_videos/2022-12-03_Nyland_01_stabilized/2022-12-03 Nyland 01_stabilized.mp4,2035
source_retention,data/raw/NVD/annotated_videos/2022-12-03_Nyland_01_stabilized/2022-12-03 Nyland 01_stabilized.mp4,2036
source_retention,data/raw/NVD/annotated_videos/2022-12-03_Nyland_01_stabilized/2022-12-03 Nyland 01_stabilized.mp4,2037
source_retention,data/raw/NVD/annotated_videos/2022-12-03_Nyland_01_stabilized/2022-12-03 Nyland 01_stabilized.mp4,2038
source_retention,data/raw/NVD/annotated_videos/2022-12-03_Nyland_01_stabilized/2022-12-03 Nyland 01_stabilized.mp4,2039
source_retention,data/raw/NVD/annotated_videos/2022-12-03_Nyland_01_stabilized/2022-12-03 Nyland 01_stabilized.mp4,2040
source_retention,data/raw/NVD/annotated_videos/2022-12-03_Nyland_01_stabilized/2022-12-03 Nyland 01_stabilized.mp4,2041
source_retention,data/raw/NVD/annotated_videos/2022-12-03_Nyland_01_stabilized/2022-12-03 Nyland 01_stabilized.mp4,2042
source_retention,data/raw/NVD/annotated_videos/2022-12-03_Nyland_01_stabilized/2022-12-03 Nyland 01_stabilized.mp4,2043
source_retention,data/raw/NVD/annotated_videos/2022-12-03_Nyland_01_stabilized/2022-12-03 Nyland 01_stabilized.mp4,2044
source_retention,data/raw/NVD/annotated_videos/2022-12-03_Nyland_01_stabilized/2022-12-03 Nyland 01_stabilized.mp4,2045
source_retention,data/raw/NVD/annotated_videos/2022-12-03_Nyland_01_stabilized/2022-12-03 Nyland 01_stabilized.mp4,2046
source_retention,data/raw/NVD/annotated_videos/2022-12-03_Nyland_01_stabilized/2022-12-03 Nyland 01_stabilized.mp4,2047
source_retention,data/raw/NVD/annotated_videos/2022-12-03_Nyland_01_stabilized/2022-12-03 Nyland 01_stabilized.mp4,2048
source_retention,data/raw/NVD/annotated_videos/2022-12-03_Nyland_01_stabilized/2022-12-03 Nyland 01_stabilized.mp4,2049
source_retention,data/raw/NVD/annotated_videos/2022-12-03_Nyland_01_stabilized/2022-12-03 Nyland 01_stabilized.mp4,2050
source_retention,data/raw/NVD/annotated_videos/2022-12-03_Nyland_01_stabilized/2022-12-03 Nyland 01_stabilized.mp4,2051
source_retention,data/raw/NVD/annotated_videos/2022-12-03_Nyland_01_stabilized/2022-12-03 Nyland 01_stabilized.mp4,2052
source_retention,data/raw/NVD/annotated_videos/2022-12-03_Nyland_01_stabilized/2022-12-03 Nyland 01_stabilized.mp4,2053
source_retention,data/raw/NVD/annotated_videos/2022-12-03_Nyland_01_stabilized/2022-12-03 Nyland 01_stabilized.mp4,2054
source_retention,data/raw/NVD/annotated_videos/2022-12-03_Nyland_01_stabilized/2022-12-03 Nyland 01_stabilized.mp4,2055
source_retention,data/raw/NVD/annotated_videos/2022-12-03_Nyland_01_stabilized/2022-12-03 Nyland 01_stabilized.mp4,2056
source_retention,data/raw/NVD/annotated_videos/2022-12-03_Nyland_01_stabilized/2022-12-03 Nyland 01_stabilized.mp4,2057
source_retention,data/raw/NVD/annotated_videos/2022-12-03_Nyland_01_stabilized/2022-12-03 Nyland 01_stabilized.mp4,2058
source_retention,data/raw/NVD/annotated_videos/2022-12-03_Nyland_01_stabilized/2022-12-03 Nyland 01_stabilized.mp4,2059
source_retention,data/raw/NVD/annotated_videos/2022-12-03_Nyland_01_stabilized/2022-12-03 Nyland 01_stabilized.mp4,2060
source_retention,data/raw/NVD/annotated_videos/2022-12-03_Nyland_01_stabilized/2022-12-03 Nyland 01_stabilized.mp4,2061
source_retention,data/raw/NVD/annotated_videos/2022-12-03_Nyland_01_stabilized/2022-12-03 Nyland 01_stabilized.mp4,2062
source_retention,data/raw/NVD/annotated_videos/2022-12-03_Nyland_01_stabilized/2022-12-03 Nyland 01_stabilized.mp4,2063
source_retention,data/raw/NVD/annotated_videos/2022-12-03_Nyland_01_stabilized/2022-12-03 Nyland 01_stabilized.mp4,2064
source_retention,data/raw/NVD/annotated_videos/2022-12-03_Nyland_01_stabilized/2022-12-03 Nyland 01_stabilized.mp4,2065
source_retention,data/raw/NVD/annotated_videos/2022-12-03_Nyland_01_stabilized/2022-12-03 Nyland 01_stabilized.mp4,2066
source_retention,data/raw/NVD/annotated_videos/2022-12-03_Nyland_01_stabilized/2022-12-03 Nyland 01_stabilized.mp4,2067
source_retention,data/raw/NVD/annotated_videos/2022-12-03_Nyland_01_stabilized/2022-12-03 Nyland 01_stabilized.mp4,2068
source_retention,data/raw/NVD/annotated_videos/2022-12-03_Nyland_01_stabilized/2022-12-03 Nyland 01_stabilized.mp4,2069
source_retention,data/raw/NVD/annotated_videos/2022-12-03_Nyland_01_stabilized/2022-12-03 Nyland 01_stabilized.mp4,2070
source_retention,data/raw/NVD/annotated_videos/2022-12-03_Nyland_01_stabilized/2022-12-03 Nyland 01_stabilized.mp4,2071
source_retention,data/raw/NVD/annotated_videos/2022-12-03_Nyland_01_stabilized/2022-12-03 Nyland 01_stabilized.mp4,2072
source_retention,data/raw/NVD/annotated_videos/2022-12-03_Nyland_01_stabilized/2022-12-03 Nyland 01_stabilized.mp4,2073
source_retention,data/raw/NVD/annotated_videos/2022-12-03_Nyland_01_stabilized/2022-12-03 Nyland 01_stabilized.mp4,2074
source_retention,data/raw/NVD/annotated_videos/2022-12-03_Nyland_01_stabilized/2022-12-03 Nyland 01_stabilized.mp4,2075
source_retention,data/raw/NVD/annotated_videos/2022-12-03_Nyland_01_stabilized/2022-12-03 Nyland 01_stabilized.mp4,2076
source_retention,data/raw/NVD/annotated_videos/2022-12-03_Nyland_01_stabilized/2022-12-03 Nyland 01_stabilized.mp4,2077
source_retention,data/raw/NVD/annotated_videos/2022-12-03_Nyland_01_stabilized/2022-12-03 Nyland 01_stabilized.mp4,2078
source_retention,data/raw/NVD/annotated_videos/2022-12-03_Nyland_01_stabilized/2022-12-03 Nyland 01_stabilized.mp4,2079
source_retention,data/raw/NVD/annotated_videos/2022-12-03_Nyland_01_stabilized/2022-12-03 Nyland 01_stabilized.mp4,2080
source_retention,data/raw/NVD/annotated_videos/2022-12-03_Nyland_01_stabilized/2022-12-03 Nyland 01_stabilized.mp4,2081
source_retention,data/raw/NVD/annotated_videos/2022-12-03_Nyland_01_stabilized/2022-12-03 Nyland 01_stabilized.mp4,2082
source_retention,data/raw/NVD/annotated_videos/2022-12-03_Nyland_01_stabilized/2022-12-03 Nyland 01_stabilized.mp4,2083
source_retention,data/raw/NVD/annotated_videos/2022-12-03_Nyland_01_stabilized/2022-12-03 Nyland 01_stabilized.mp4,2084
source_retention,data/raw/NVD/annotated_videos/2022-12-03_Nyland_01_stabilized/2022-12-03 Nyland 01_stabilized.mp4,2085
source_retention,data/raw/NVD/annotated_videos/2022-12-03_Nyland_01_stabilized/2022-12-03 Nyland 01_stabilized.mp4,2086
source_retention,data/raw/NVD/annotated_videos/2022-12-03_Nyland_01_stabilized/2022-12-03 Nyland 01_stabilized.mp4,2087
source_retention,data/raw/NVD/annotated_videos/2022-12-03_Nyland_01_stabilized/2022-12-03 Nyland 01_stabilized.mp4,2088
source_retention,data/raw/NVD/annotated_videos/2022-12-03_Nyland_01_stabilized/2022-12-03 Nyland 01_stabilized.mp4,2089
source_retention,data/raw/NVD/annotated_videos/2022-12-03_Nyland_01_stabilized/2022-12-03 Nyland 01_stabilized.mp4,2090
source_retention,data/raw/NVD/annotated_videos/2022-12-03_Nyland_01_stabilized/2022-12-03 Nyland 01_stabilized.mp4,2091
source_retention,data/raw/NVD/annotated_videos/2022-12-03_Nyland_01_stabilized/2022-12-03 Nyland 01_stabilized.mp4,2092
source_retention,data/raw/NVD/annotated_videos/2022-12-03_Nyland_01_stabilized/2022-12-03 Nyland 01_stabilized.mp4,2093
source_retention,data/raw/NVD/annotated_videos/2022-12-03_Nyland_01_stabilized/2022-12-03 Nyland 01_stabilized.mp4,2094
source_retention,data/raw/NVD/annotated_videos/2022-12-03_Nyland_01_stabilized/2022-12-03 Nyland 01_stabilized.mp4,2095
source_retention,data/raw/NVD/annotated_videos/2022-12-03_Nyland_01_stabilized/2022-12-03 Nyland 01_stabilized.mp4,2096
source_retention,data/raw/NVD/annotated_videos/2022-12-03_Nyland_01_stabilized/2022-12-03 Nyland 01_stabilized.mp4,2097
source_retention,data/raw/NVD/annotated_videos/2022-12-03_Nyland_01_stabilized/2022-12-03 Nyland 01_stabilized.mp4,2098
source_retention,data/raw/NVD/annotated_videos/2022-12-03_Nyland_01_stabilized/2022-12-03 Nyland 01_stabilized.mp4,2099
source_retention,data/raw/NVD/annotated_videos/2022-12-03_Nyland_01_stabilized/2022-12-03 Nyland 01_stabilized.mp4,2100
source_retention,data/raw/NVD/annotated_videos/2022-12-03_Nyland_01_stabilized/2022-12-03 Nyland 01_stabilized.mp4,2101
source_retention,data/raw/NVD/annotated_videos/2022-12-03_Nyland_01_stabilized/2022-12-03 Nyland 01_stabilized.mp4,2102
source_retention,data/raw/NVD/annotated_videos/2022-12-03_Nyland_01_stabilized/2022-12-03 Nyland 01_stabilized.mp4,2103
source_retention,data/raw/NVD/annotated_videos/2022-12-03_Nyland_01_stabilized/2022-12-03 Nyland 01_stabilized.mp4,2104
source_retention,data/raw/NVD/annotated_videos/2022-12-03_Nyland_01_stabilized/2022-12-03 Nyland 01_stabilized.mp4,2105
source_retention,data/raw/NVD/annotated_videos/2022-12-03_Nyland_01_stabilized/2022-12-03 Nyland 01_stabilized.mp4,2106
source_retention,data/raw/NVD/annotated_videos/2022-12-03_Nyland_01_stabilized/2022-12-03 Nyland 01_stabilized.mp4,2107
source_retention,data/raw/NVD/annotated_videos/2022-12-03_Nyland_01_stabilized/2022-12-03 Nyland 01_stabilized.mp4,2108
source_retention,data/raw/NVD/annotated_videos/2022-12-03_Nyland_01_stabilized/2022-12-03 Nyland 01_stabilized.mp4,2109
source_retention,data/raw/NVD/annotated_videos/2022-12-03_Nyland_01_stabilized/2022-12-03 Nyland 01_stabilized.mp4,2110
source_retention,data/raw/NVD/annotated_videos/2022-12-03_Nyland_01_stabilized/2022-12-03 Nyland 01_stabilized.mp4,2111
source_retention,data/raw/NVD/annotated_videos/2022-12-03_Nyland_01_stabilized/2022-12-03 Nyland 01_stabilized.mp4,2112
source_retention,data/raw/NVD/annotated_videos/2022-12-03_Nyland_01_stabilized/2022-12-03 Nyland 01_stabilized.mp4,2113
source_retention,data/raw/NVD/annotated_videos/2022-12-03_Nyland_01_stabilized/2022-12-03 Nyland 01_stabilized.mp4,2114
source_retention,data/raw/NVD/annotated_videos/2022-12-03_Nyland_01_stabilized/2022-12-03 Nyland 01_stabilized.mp4,2115
source_retention,data/raw/NVD/annotated_videos/2022-12-03_Nyland_01_stabilized/2022-12-03 Nyland 01_stabilized.mp4,2116
source_retention,data/raw/NVD/annotated_videos/2022-12-03_Nyland_01_stabilized/2022-12-03 Nyland 01_stabilized.mp4,2117
source_retention,data/raw/NVD/annotated_videos/2022-12-03_Nyland_01_stabilized/2022-12-03 Nyland 01_stabilized.mp4,2118
source_retention,data/raw/NVD/annotated_videos/2022-12-03_Nyland_01_stabilized/2022-12-03 Nyland 01_stabilized.mp4,2119
source_retention,data/raw/NVD/annotated_videos/2022-12-03_Nyland_01_stabilized/2022-12-03 Nyland 01_stabilized.mp4,2120
source_retention,data/raw/NVD/annotated_videos/2022-12-03_Nyland_01_stabilized/2022-12-03 Nyland 01_stabilized.mp4,2121
source_retention,data/raw/NVD/annotated_videos/2022-12-03_Nyland_01_stabilized/2022-12-03 Nyland 01_stabilized.mp4,2122
source_retention,data/raw/NVD/annotated_videos/2022-12-03_Nyland_01_stabilized/2022-12-03 Nyland 01_stabilized.mp4,2123
source_retention,data/raw/NVD/annotated_videos/2022-12-03_Nyland_01_stabilized/2022-12-03 Nyland 01_stabilized.mp4,2124
source_retention,data/raw/NVD/annotated_videos/2022-12-03_Nyland_01_stabilized/2022-12-03 Nyland 01_stabilized.mp4,2125
source_retention,data/raw/NVD/annotated_videos/2022-12-03_Nyland_01_stabilized/2022-12-03 Nyland 01_stabilized.mp4,2126
source_retention,data/raw/NVD/annotated_videos/2022-12-03_Nyland_01_stabilized/2022-12-03 Nyland 01_stabilized.mp4,2127
source_retention,data/raw/NVD/annotated_videos/2022-12-03_Nyland_01_stabilized/2022-12-03 Nyland 01_stabilized.mp4,2128
source_retention,data/raw/NVD/annotated_videos/2022-12-03_Nyland_01_stabilized/2022-12-03 Nyland 01_stabilized.mp4,2129
source_retention,data/raw/NVD/annotated_videos/2022-12-03_Nyland_01_stabilized/2022-12-03 Nyland 01_stabilized.mp4,2130
source_retention,data/raw/NVD/annotated_videos/2022-12-03_Nyland_01_stabilized/2022-12-03 Nyland 01_stabilized.mp4,2131
source_retention,data/raw/NVD/annotated_videos/2022-12-03_Nyland_01_stabilized/2022-12-03 Nyland 01_stabilized.mp4,2132
source_retention,data/raw/NVD/annotated_videos/2022-12-03_Nyland_01_stabilized/2022-12-03 Nyland 01_stabilized.mp4,2133
source_retention,data/raw/NVD/annotated_videos/2022-12-03_Nyland_01_stabilized/2022-12-03 Nyland 01_stabilized.mp4,2134
source_retention,data/raw/NVD/annotated_videos/2022-12-03_Nyland_01_stabilized/2022-12-03 Nyland 01_stabilized.mp4,2135
source_retention,data/raw/NVD/annotated_videos/2022-12-03_Nyland_01_stabilized/2022-12-03 Nyland 01_stabilized.mp4,2136
source_retention,data/raw/NVD/annotated_videos/2022-12-03_Nyland_01_stabilized/2022-12-03 Nyland 01_stabilized.mp4,2137
source_retention,data/raw/NVD/annotated_videos/2022-12-03_Nyland_01_stabilized/2022-12-03 Nyland 01_stabilized.mp4,2138
source_retention,data/raw/NVD/annotated_videos/2022-12-03_Nyland_01_stabilized/2022-12-03 Nyland 01_stabilized.mp4,2139
source_retention,data/raw/NVD/annotated_videos/2022-12-03_Nyland_01_stabilized/2022-12-03 Nyland 01_stabilized.mp4,2140
source_retention,data/raw/NVD/annotated_videos/2022-12-03_Nyland_01_stabilized/2022-12-03 Nyland 01_stabilized.mp4,2141
source_retention,data/raw/NVD/annotated_videos/2022-12-03_Nyland_01_stabilized/2022-12-03 Nyland 01_stabilized.mp4,2142
source_retention,data/raw/NVD/annotated_videos/2022-12-03_Nyland_01_stabilized/2022-12-03 Nyland 01_stabilized.mp4,2143
source_retention,data/raw/NVD/annotated_videos/2022-12-03_Nyland_01_stabilized/2022-12-03 Nyland 01_stabilized.mp4,2144
source_retention,data/raw/NVD/annotated_videos/2022-12-03_Nyland_01_stabilized/2022-12-03 Nyland 01_stabilized.mp4,2145
source_retention,data/raw/NVD/annotated_videos/2022-12-03_Nyland_01_stabilized/2022-12-03 Nyland 01_stabilized.mp4,2146
source_retention,data/raw/NVD/annotated_videos/2022-12-03_Nyland_01_stabilized/2022-12-03 Nyland 01_stabilized.mp4,2147
source_retention,data/raw/NVD/annotated_videos/2022-12-03_Nyland_01_stabilized/2022-12-03 Nyland 01_stabilized.mp4,2148
source_retention,data/raw/NVD/annotated_videos/2022-12-03_Nyland_01_stabilized/2022-12-03 Nyland 01_stabilized.mp4,2149
source_retention,data/raw/NVD/annotated_videos/2022-12-03_Nyland_01_stabilized/2022-12-03 Nyland 01_stabilized.mp4,2150
source_retention,data/raw/NVD/annotated_videos/2022-12-03_Nyland_01_stabilized/2022-12-03 Nyland 01_stabilized.mp4,2151
source_retention,data/raw/NVD/annotated_videos/2022-12-03_Nyland_01_stabilized/2022-12-03 Nyland 01_stabilized.mp4,2152
source_retention,data/raw/NVD/annotated_videos/2022-12-03_Nyland_01_stabilized/2022-12-03 Nyland 01_stabilized.mp4,2153
source_retention,data/raw/NVD/annotated_videos/2022-12-03_Nyland_01_stabilized/2022-12-03 Nyland 01_stabilized.mp4,2154
source_retention,data/raw/NVD/annotated_videos/2022-12-03_Nyland_01_stabilized/2022-12-03 Nyland 01_stabilized.mp4,2155
source_retention,data/raw/NVD/annotated_videos/2022-12-03_Nyland_01_stabilized/2022-12-03 Nyland 01_stabilized.mp4,2156
source_retention,data/raw/NVD/annotated_videos/2022-12-03_Nyland_01_stabilized/2022-12-03 Nyland 01_stabilized.mp4,2157
source_retention,data/raw/NVD/annotated_videos/2022-12-03_Nyland_01_stabilized/2022-12-03 Nyland 01_stabilized.mp4,2158
source_retention,data/raw/NVD/annotated_videos/2022-12-03_Nyland_01_stabilized/2022-12-03 Nyland 01_stabilized.mp4,2159
source_retention,data/raw/NVD/annotated_videos/2022-12-03_Nyland_01_stabilized/2022-12-03 Nyland 01_stabilized.mp4,2160
source_retention,data/raw/NVD/annotated_videos/2022-12-03_Nyland_01_stabilized/2022-12-03 Nyland 01_stabilized.mp4,2161
source_retention,data/raw/NVD/annotated_videos/2022-12-03_Nyland_01_stabilized/2022-12-03 Nyland 01_stabilized.mp4,2162
source_retention,data/raw/NVD/annotated_videos/2022-12-03_Nyland_01_stabilized/2022-12-03 Nyland 01_stabilized.mp4,2163
source_retention,data/raw/NVD/annotated_videos/2022-12-03_Nyland_01_stabilized/2022-12-03 Nyland 01_stabilized.mp4,2164
source_retention,data/raw/NVD/annotated_videos/2022-12-03_Nyland_01_stabilized/2022-12-03 Nyland 01_stabilized.mp4,2165
source_retention,data/raw/NVD/annotated_videos/2022-12-03_Nyland_01_stabilized/2022-12-03 Nyland 01_stabilized.mp4,2166
source_retention,data/raw/NVD/annotated_videos/2022-12-03_Nyland_01_stabilized/2022-12-03 Nyland 01_stabilized.mp4,2167
source_retention,data/raw/NVD/annotated_videos/2022-12-03_Nyland_01_stabilized/2022-12-03 Nyland 01_stabilized.mp4,2168
source_retention,data/raw/NVD/annotated_videos/2022-12-03_Nyland_01_stabilized/2022-12-03 Nyland 01_stabilized.mp4,2169
source_retention,data/raw/NVD/annotated_videos/2022-12-03_Nyland_01_stabilized/2022-12-03 Nyland 01_stabilized.mp4,2170
source_retention,data/raw/NVD/annotated_videos/2022-12-03_Nyland_01_stabilized/2022-12-03 Nyland 01_stabilized.mp4,2171
source_retention,data/raw/NVD/annotated_videos/2022-12-03_Nyland_01_stabilized/2022-12-03 Nyland 01_stabilized.mp4,2172
source_retention,data/raw/NVD/annotated_videos/2022-12-03_Nyland_01_stabilized/2022-12-03 Nyland 01_stabilized.mp4,2173
source_retention,data/raw/NVD/annotated_videos/2022-12-03_Nyland_01_stabilized/2022-12-03 Nyland 01_stabilized.mp4,2174
source_retention,data/raw/NVD/annotated_videos/2022-12-03_Nyland_01_stabilized/2022-12-03 Nyland 01_stabilized.mp4,2175
source_retention,data/raw/NVD/annotated_videos/2022-12-03_Nyland_01_stabilized/2022-12-03 Nyland 01_stabilized.mp4,2176
source_retention,data/raw/NVD/annotated_videos/2022-12-03_Nyland_01_stabilized/2022-12-03 Nyland 01_stabilized.mp4,2177
source_retention,data/raw/NVD/annotated_videos/2022-12-03_Nyland_01_stabilized/2022-12-03 Nyland 01_stabilized.mp4,2178
source_retention,data/raw/NVD/annotated_videos/2022-12-03_Nyland_01_stabilized/2022-12-03 Nyland 01_stabilized.mp4,2179
source_retention,data/raw/NVD/annotated_videos/2022-12-03_Nyland_01_stabilized/2022-12-03 Nyland 01_stabilized.mp4,2180
source_retention,data/raw/NVD/annotated_videos/2022-12-03_Nyland_01_stabilized/2022-12-03 Nyland 01_stabilized.mp4,2181
source_retention,data/raw/NVD/annotated_videos/2022-12-03_Nyland_01_stabilized/2022-12-03 Nyland 01_stabilized.mp4,2182
source_retention,data/raw/NVD/annotated_videos/2022-12-03_Nyland_01_stabilized/2022-12-03 Nyland 01_stabilized.mp4,2183
source_retention,data/raw/NVD/annotated_videos/2022-12-03_Nyland_01_stabilized/2022-12-03 Nyland 01_stabilized.mp4,2184
source_retention,data/raw/NVD/annotated_videos/2022-12-03_Nyland_01_stabilized/2022-12-03 Nyland 01_stabilized.mp4,2185
source_retention,data/raw/NVD/annotated_videos/2022-12-03_Nyland_01_stabilized/2022-12-03 Nyland 01_stabilized.mp4,2186
source_retention,data/raw/NVD/annotated_videos/2022-12-03_Nyland_01_stabilized/2022-12-03 Nyland 01_stabilized.mp4,2187
source_retention,data/raw/NVD/annotated_videos/2022-12-03_Nyland_01_stabilized/2022-12-03 Nyland 01_stabilized.mp4,2188
source_retention,data/raw/NVD/annotated_videos/2022-12-03_Nyland_01_stabilized/2022-12-03 Nyland 01_stabilized.mp4,2189
source_retention,data/raw/NVD/annotated_videos/2022-12-03_Nyland_01_stabilized/2022-12-03 Nyland 01_stabilized.mp4,2190
source_retention,data/raw/NVD/annotated_videos/2022-12-03_Nyland_01_stabilized/2022-12-03 Nyland 01_stabilized.mp4,2191
source_retention,data/raw/NVD/annotated_videos/2022-12-03_Nyland_01_stabilized/2022-12-03 Nyland 01_stabilized.mp4,2192
source_retention,data/raw/NVD/annotated_videos/2022-12-03_Nyland_01_stabilized/2022-12-03 Nyland 01_stabilized.mp4,2193
source_retention,data/raw/NVD/annotated_videos/2022-12-03_Nyland_01_stabilized/2022-12-03 Nyland 01_stabilized.mp4,2194
source_retention,data/raw/NVD/annotated_videos/2022-12-03_Nyland_01_stabilized/2022-12-03 Nyland 01_stabilized.mp4,2195
source_retention,data/raw/NVD/annotated_videos/2022-12-03_Nyland_01_stabilized/2022-12-03 Nyland 01_stabilized.mp4,2196
source_retention,data/raw/NVD/annotated_videos/2022-12-03_Nyland_01_stabilized/2022-12-03 Nyland 01_stabilized.mp4,2197
source_retention,data/raw/NVD/annotated_videos/2022-12-03_Nyland_01_stabilized/2022-12-03 Nyland 01_stabilized.mp4,2198
source_retention,data/raw/NVD/annotated_videos/2022-12-03_Nyland_01_stabilized/2022-12-03 Nyland 01_stabilized.mp4,2199
source_retention,data/raw/NVD/annotated_videos/2022-12-03_Nyland_01_stabilized/2022-12-03 Nyland 01_stabilized.mp4,2200
source_retention,data/raw/NVD/annotated_videos/2022-12-03_Nyland_01_stabilized/2022-12-03 Nyland 01_stabilized.mp4,2201
source_retention,data/raw/NVD/annotated_videos/2022-12-03_Nyland_01_stabilized/2022-12-03 Nyland 01_stabilized.mp4,2202
source_retention,data/raw/NVD/annotated_videos/2022-12-03_Nyland_01_stabilized/2022-12-03 Nyland 01_stabilized.mp4,2203
source_retention,data/raw/NVD/annotated_videos/2022-12-03_Nyland_01_stabilized/2022-12-03 Nyland 01_stabilized.mp4,2204
source_retention,data/raw/NVD/annotated_videos/2022-12-03_Nyland_01_stabilized/2022-12-03 Nyland 01_stabilized.mp4,2205
source_retention,data/raw/NVD/annotated_videos/2022-12-03_Nyland_01_stabilized/2022-12-03 Nyland 01_stabilized.mp4,2206
source_retention,data/raw/NVD/annotated_videos/2022-12-03_Nyland_01_stabilized/2022-12-03 Nyland 01_stabilized.mp4,2207
source_retention,data/raw/NVD/annotated_videos/2022-12-03_Nyland_01_stabilized/2022-12-03 Nyland 01_stabilized.mp4,2208
source_retention,data/raw/NVD/annotated_videos/2022-12-03_Nyland_01_stabilized/2022-12-03 Nyland 01_stabilized.mp4,2209
source_retention,data/raw/NVD/annotated_videos/2022-12-03_Nyland_01_stabilized/2022-12-03 Nyland 01_stabilized.mp4,2210
source_retention,data/raw/NVD/annotated_videos/2022-12-03_Nyland_01_stabilized/2022-12-03 Nyland 01_stabilized.mp4,2211
source_retention,data/raw/NVD/annotated_videos/2022-12-03_Nyland_01_stabilized/2022-12-03 Nyland 01_stabilized.mp4,2212
source_retention,data/raw/NVD/annotated_videos/2022-12-03_Nyland_01_stabilized/2022-12-03 Nyland 01_stabilized.mp4,2213
source_retention,data/raw/NVD/annotated_videos/2022-12-03_Nyland_01_stabilized/2022-12-03 Nyland 01_stabilized.mp4,2214
source_retention,data/raw/NVD/annotated_videos/2022-12-03_Nyland_01_stabilized/2022-12-03 Nyland 01_stabilized.mp4,2215
source_retention,data/raw/NVD/annotated_videos/2022-12-03_Nyland_01_stabilized/2022-12-03 Nyland 01_stabilized.mp4,2216
source_retention,data/raw/NVD/annotated_videos/2022-12-03_Nyland_01_stabilized/2022-12-03 Nyland 01_stabilized.mp4,2217
source_retention,data/raw/NVD/annotated_videos/2022-12-03_Nyland_01_stabilized/2022-12-03 Nyland 01_stabilized.mp4,2218
source_retention,data/raw/NVD/annotated_videos/2022-12-03_Nyland_01_stabilized/2022-12-03 Nyland 01_stabilized.mp4,2219
source_retention,data/raw/NVD/annotated_videos/2022-12-03_Nyland_01_stabilized/2022-12-03 Nyland 01_stabilized.mp4,2220
source_retention,data/raw/NVD/annotated_videos/2022-12-03_Nyland_01_stabilized/2022-12-03 Nyland 01_stabilized.mp4,2221
source_retention,data/raw/NVD/annotated_videos/2022-12-03_Nyland_01_stabilized/2022-12-03 Nyland 01_stabilized.mp4,2222
source_retention,data/raw/NVD/annotated_videos/2022-12-03_Nyland_01_stabilized/2022-12-03 Nyland 01_stabilized.mp4,2223
source_retention,data/raw/NVD/annotated_videos/2022-12-03_Nyland_01_stabilized/2022-12-03 Nyland 01_stabilized.mp4,2224
source_retention,data/raw/NVD/annotated_videos/2022-12-03_Nyland_01_stabilized/2022-12-03 Nyland 01_stabilized.mp4,2225
source_retention,data/raw/NVD/annotated_videos/2022-12-03_Nyland_01_stabilized/2022-12-03 Nyland 01_stabilized.mp4,2226
source_retention,data/raw/NVD/annotated_videos/2022-12-03_Nyland_01_stabilized/2022-12-03 Nyland 01_stabilized.mp4,2227
source_retention,data/raw/NVD/annotated_videos/2022-12-03_Nyland_01_stabilized/2022-12-03 Nyland 01_stabilized.mp4,2228
source_retention,data/raw/NVD/annotated_videos/2022-12-03_Nyland_01_stabilized/2022-12-03 Nyland 01_stabilized.mp4,2229
source_retention,data/raw/NVD/annotated_videos/2022-12-03_Nyland_01_stabilized/2022-12-03 Nyland 01_stabilized.mp4,2230
source_retention,data/raw/NVD/annotated_videos/2022-12-03_Nyland_01_stabilized/2022-12-03 Nyland 01_stabilized.mp4,2231
source_retention,data/raw/NVD/annotated_videos/2022-12-03_Nyland_01_stabilized/2022-12-03 Nyland 01_stabilized.mp4,2232
source_retention,data/raw/NVD/annotated_videos/2022-12-03_Nyland_01_stabilized/2022-12-03 Nyland 01_stabilized.mp4,2233
source_retention,data/raw/NVD/annotated_videos/2022-12-03_Nyland_01_stabilized/2022-12-03 Nyland 01_stabilized.mp4,2234
source_retention,data/raw/NVD/annotated_videos/2022-12-03_Nyland_01_stabilized/2022-12-03 Nyland 01_stabilized.mp4,2235
source_retention,data/raw/NVD/annotated_videos/2022-12-03_Nyland_01_stabilized/2022-12-03 Nyland 01_stabilized.mp4,2236
source_retention,data/raw/NVD/annotated_videos/2022-12-03_Nyland_01_stabilized/2022-12-03 Nyland 01_stabilized.mp4,2237
source_retention,data/raw/NVD/annotated_videos/2022-12-03_Nyland_01_stabilized/2022-12-03 Nyland 01_stabilized.mp4,2238
source_retention,data/raw/NVD/annotated_videos/2022-12-03_Nyland_01_stabilized/2022-12-03 Nyland 01_stabilized.mp4,2239
source_retention,data/raw/NVD/annotated_videos/2022-12-03_Nyland_01_stabilized/2022-12-03 Nyland 01_stabilized.mp4,2240
source_retention,data/raw/NVD/annotated_videos/2022-12-03_Nyland_01_stabilized/2022-12-03 Nyland 01_stabilized.mp4,2241
source_retention,data/raw/NVD/annotated_videos/2022-12-03_Nyland_01_stabilized/2022-12-03 Nyland 01_stabilized.mp4,2242
source_retention,data/raw/NVD/annotated_videos/2022-12-03_Nyland_01_stabilized/2022-12-03 Nyland 01_stabilized.mp4,2243
source_retention,data/raw/NVD/annotated_videos/2022-12-03_Nyland_01_stabilized/2022-12-03 Nyland 01_stabilized.mp4,2244
source_retention,data/raw/NVD/annotated_videos/2022-12-03_Nyland_01_stabilized/2022-12-03 Nyland 01_stabilized.mp4,2245
source_retention,data/raw/NVD/annotated_videos/2022-12-03_Nyland_01_stabilized/2022-12-03 Nyland 01_stabilized.mp4,2246
source_retention,data/raw/NVD/annotated_videos/2022-12-03_Nyland_01_stabilized/2022-12-03 Nyland 01_stabilized.mp4,2247
source_retention,data/raw/NVD/annotated_videos/2022-12-03_Nyland_01_stabilized/2022-12-03 Nyland 01_stabilized.mp4,2248
source_retention,data/raw/NVD/annotated_videos/2022-12-03_Nyland_01_stabilized/2022-12-03 Nyland 01_stabilized.mp4,2249
source_retention,data/raw/NVD/annotated_videos/2022-12-03_Nyland_01_stabilized/2022-12-03 Nyland 01_stabilized.mp4,2250
source_retention,data/raw/NVD/annotated_videos/2022-12-03_Nyland_01_stabilized/2022-12-03 Nyland 01_stabilized.mp4,2251
source_retention,data/raw/NVD/annotated_videos/2022-12-03_Nyland_01_stabilized/2022-12-03 Nyland 01_stabilized.mp4,2252
source_retention,data/raw/NVD/annotated_videos/2022-12-03_Nyland_01_stabilized/2022-12-03 Nyland 01_stabilized.mp4,2253
source_retention,data/raw/NVD/annotated_videos/2022-12-03_Nyland_01_stabilized/2022-12-03 Nyland 01_stabilized.mp4,2254
source_retention,data/raw/NVD/annotated_videos/2022-12-03_Nyland_01_stabilized/2022-12-03 Nyland 01_stabilized.mp4,2255
source_retention,data/raw/NVD/annotated_videos/2022-12-03_Nyland_01_stabilized/2022-12-03 Nyland 01_stabilized.mp4,2256
source_retention,data/raw/NVD/annotated_videos/2022-12-03_Nyland_01_stabilized/2022-12-03 Nyland 01_stabilized.mp4,2257
source_retention,data/raw/NVD/annotated_videos/2022-12-03_Nyland_01_stabilized/2022-12-03 Nyland 01_stabilized.mp4,2258
source_retention,data/raw/NVD/annotated_videos/2022-12-03_Nyland_01_stabilized/2022-12-03 Nyland 01_stabilized.mp4,2259
source_retention,data/raw/NVD/annotated_videos/2022-12-03_Nyland_01_stabilized/2022-12-03 Nyland 01_stabilized.mp4,2260
source_retention,data/raw/NVD/annotated_videos/2022-12-03_Nyland_01_stabilized/2022-12-03 Nyland 01_stabilized.mp4,2261
source_retention,data/raw/NVD/annotated_videos/2022-12-03_Nyland_01_stabilized/2022-12-03 Nyland 01_stabilized.mp4,2262
source_retention,data/raw/NVD/annotated_videos/2022-12-03_Nyland_01_stabilized/2022-12-03 Nyland 01_stabilized.mp4,2263
source_retention,data/raw/NVD/annotated_videos/2022-12-03_Nyland_01_stabilized/2022-12-03 Nyland 01_stabilized.mp4,2264
source_retention,data/raw/NVD/annotated_videos/2022-12-03_Nyland_01_stabilized/2022-12-03 Nyland 01_stabilized.mp4,2265
source_retention,data/raw/NVD/annotated_videos/2022-12-03_Nyland_01_stabilized/2022-12-03 Nyland 01_stabilized.mp4,2266
source_retention,data/raw/NVD/annotated_videos/2022-12-03_Nyland_01_stabilized/2022-12-03 Nyland 01_stabilized.mp4,2267
source_retention,data/raw/NVD/annotated_videos/2022-12-03_Nyland_01_stabilized/2022-12-03 Nyland 01_stabilized.mp4,2268
source_retention,data/raw/NVD/annotated_videos/2022-12-03_Nyland_01_stabilized/2022-12-03 Nyland 01_stabilized.mp4,2269
source_retention,data/raw/NVD/annotated_videos/2022-12-03_Nyland_01_stabilized/2022-12-03 Nyland 01_stabilized.mp4,2270
source_retention,data/raw/NVD/annotated_videos/2022-12-03_Nyland_01_stabilized/2022-12-03 Nyland 01_stabilized.mp4,2271
source_retention,data/raw/NVD/annotated_videos/2022-12-03_Nyland_01_stabilized/2022-12-03 Nyland 01_stabilized.mp4,2272
source_retention,data/raw/NVD/annotated_videos/2022-12-03_Nyland_01_stabilized/2022-12-03 Nyland 01_stabilized.mp4,2273
source_retention,data/raw/NVD/annotated_videos/2022-12-03_Nyland_01_stabilized/2022-12-03 Nyland 01_stabilized.mp4,2274
source_retention,data/raw/NVD/annotated_videos/2022-12-03_Nyland_01_stabilized/2022-12-03 Nyland 01_stabilized.mp4,2275
source_retention,data/raw/NVD/annotated_videos/2022-12-03_Nyland_01_stabilized/2022-12-03 Nyland 01_stabilized.mp4,2276
source_retention,data/raw/NVD/annotated_videos/2022-12-03_Nyland_01_stabilized/2022-12-03 Nyland 01_stabilized.mp4,2277
source_retention,data/raw/NVD/annotated_videos/2022-12-03_Nyland_01_stabilized/2022-12-03 Nyland 01_stabilized.mp4,2278
source_retention,data/raw/NVD/annotated_videos/2022-12-03_Nyland_01_stabilized/2022-12-03 Nyland 01_stabilized.mp4,2279
source_retention,data/raw/NVD/annotated_videos/2022-12-03_Nyland_01_stabilized/2022-12-03 Nyland 01_stabilized.mp4,2280
source_retention,data/raw/NVD/annotated_videos/2022-12-03_Nyland_01_stabilized/2022-12-03 Nyland 01_stabilized.mp4,2281
source_retention,data/raw/NVD/annotated_videos/2022-12-03_Nyland_01_stabilized/2022-12-03 Nyland 01_stabilized.mp4,2282
source_retention,data/raw/NVD/annotated_videos/2022-12-03_Nyland_01_stabilized/2022-12-03 Nyland 01_stabilized.mp4,2283
source_retention,data/raw/NVD/annotated_videos/2022-12-03_Nyland_01_stabilized/2022-12-03 Nyland 01_stabilized.mp4,2284
source_retention,data/raw/NVD/annotated_videos/2022-12-03_Nyland_01_stabilized/2022-12-03 Nyland 01_stabilized.mp4,2285
source_retention,data/raw/NVD/annotated_videos/2022-12-03_Nyland_01_stabilized/2022-12-03 Nyland 01_stabilized.mp4,2286
source_retention,data/raw/NVD/annotated_videos/2022-12-03_Nyland_01_stabilized/2022-12-03 Nyland 01_stabilized.mp4,2287
source_retention,data/raw/NVD/annotated_videos/2022-12-03_Nyland_01_stabilized/2022-12-03 Nyland 01_stabilized.mp4,2288
source_retention,data/raw/NVD/annotated_videos/2022-12-03_Nyland_01_stabilized/2022-12-03 Nyland 01_stabilized.mp4,2289
source_retention,data/raw/NVD/annotated_videos/2022-12-03_Nyland_01_stabilized/2022-12-03 Nyland 01_stabilized.mp4,2290
source_retention,data/raw/NVD/annotated_videos/2022-12-03_Nyland_01_stabilized/2022-12-03 Nyland 01_stabilized.mp4,2291
source_retention,data/raw/NVD/annotated_videos/2022-12-03_Nyland_01_stabilized/2022-12-03 Nyland 01_stabilized.mp4,2292
source_retention,data/raw/NVD/annotated_videos/2022-12-03_Nyland_01_stabilized/2022-12-03 Nyland 01_stabilized.mp4,2293
source_retention,data/raw/NVD/annotated_videos/2022-12-03_Nyland_01_stabilized/2022-12-03 Nyland 01_stabilized.mp4,2294
source_retention,data/raw/NVD/annotated_videos/2022-12-03_Nyland_01_stabilized/2022-12-03 Nyland 01_stabilized.mp4,2295
source_retention,data/raw/NVD/annotated_videos/2022-12-03_Nyland_01_stabilized/2022-12-03 Nyland 01_stabilized.mp4,2296
source_retention,data/raw/NVD/annotated_videos/2022-12-03_Nyland_01_stabilized/2022-12-03 Nyland 01_stabilized.mp4,2297
source_retention,data/raw/NVD/annotated_videos/2022-12-03_Nyland_01_stabilized/2022-12-03 Nyland 01_stabilized.mp4,2298
source_retention,data/raw/NVD/annotated_videos/2022-12-03_Nyland_01_stabilized/2022-12-03 Nyland 01_stabilized.mp4,2299
source_retention,data/raw/NVD/annotated_videos/2022-12-03_Nyland_01_stabilized/2022-12-03 Nyland 01_stabilized.mp4,2300
source_retention,data/raw/NVD/annotated_videos/2022-12-03_Nyland_01_stabilized/2022-12-03 Nyland 01_stabilized.mp4,2301
source_retention,data/raw/NVD/annotated_videos/2022-12-03_Nyland_01_stabilized/2022-12-03 Nyland 01_stabilized.mp4,2302
source_retention,data/raw/NVD/annotated_videos/2022-12-03_Nyland_01_stabilized/2022-12-03 Nyland 01_stabilized.mp4,2303
source_retention,data/raw/NVD/annotated_videos/2022-12-03_Nyland_01_stabilized/2022-12-03 Nyland 01_stabilized.mp4,2304
source_retention,data/raw/NVD/annotated_videos/2022-12-03_Nyland_01_stabilized/2022-12-03 Nyland 01_stabilized.mp4,2305
source_retention,data/raw/NVD/annotated_videos/2022-12-03_Nyland_01_stabilized/2022-12-03 Nyland 01_stabilized.mp4,2306
source_retention,data/raw/NVD/annotated_videos/2022-12-03_Nyland_01_stabilized/2022-12-03 Nyland 01_stabilized.mp4,2307
source_retention,data/raw/NVD/annotated_videos/2022-12-03_Nyland_01_stabilized/2022-12-03 Nyland 01_stabilized.mp4,2308
source_retention,data/raw/NVD/annotated_videos/2022-12-03_Nyland_01_stabilized/2022-12-03 Nyland 01_stabilized.mp4,2309
source_retention,data/raw/NVD/annotated_videos/2022-12-03_Nyland_01_stabilized/2022-12-03 Nyland 01_stabilized.mp4,2310
source_retention,data/raw/NVD/annotated_videos/2022-12-03_Nyland_01_stabilized/2022-12-03 Nyland 01_stabilized.mp4,2311
source_retention,data/raw/NVD/annotated_videos/2022-12-03_Nyland_01_stabilized/2022-12-03 Nyland 01_stabilized.mp4,2312
source_retention,data/raw/NVD/annotated_videos/2022-12-03_Nyland_01_stabilized/2022-12-03 Nyland 01_stabilized.mp4,2313
source_retention,data/raw/NVD/annotated_videos/2022-12-03_Nyland_01_stabilized/2022-12-03 Nyland 01_stabilized.mp4,2314
source_retention,data/raw/NVD/annotated_videos/2022-12-03_Nyland_01_stabilized/2022-12-03 Nyland 01_stabilized.mp4,2315
source_retention,data/raw/NVD/annotated_videos/2022-12-03_Nyland_01_stabilized/2022-12-03 Nyland 01_stabilized.mp4,2316
source_retention,data/raw/NVD/annotated_videos/2022-12-03_Nyland_01_stabilized/2022-12-03 Nyland 01_stabilized.mp4,2317
source_retention,data/raw/NVD/annotated_videos/2022-12-03_Nyland_01_stabilized/2022-12-03 Nyland 01_stabilized.mp4,2318
source_retention,data/raw/NVD/annotated_videos/2022-12-03_Nyland_01_stabilized/2022-12-03 Nyland 01_stabilized.mp4,2319
source_retention,data/raw/NVD/annotated_videos/2022-12-03_Nyland_01_stabilized/2022-12-03 Nyland 01_stabilized.mp4,2320
source_retention,data/raw/NVD/annotated_videos/2022-12-03_Nyland_01_stabilized/2022-12-03 Nyland 01_stabilized.mp4,2321
source_retention,data/raw/NVD/annotated_videos/2022-12-03_Nyland_01_stabilized/2022-12-03 Nyland 01_stabilized.mp4,2322
source_retention,data/raw/NVD/annotated_videos/2022-12-03_Nyland_01_stabilized/2022-12-03 Nyland 01_stabilized.mp4,2323
source_retention,data/raw/NVD/annotated_videos/2022-12-03_Nyland_01_stabilized/2022-12-03 Nyland 01_stabilized.mp4,2324
source_retention,data/raw/NVD/annotated_videos/2022-12-03_Nyland_01_stabilized/2022-12-03 Nyland 01_stabilized.mp4,2325
source_retention,data/raw/NVD/annotated_videos/2022-12-03_Nyland_01_stabilized/2022-12-03 Nyland 01_stabilized.mp4,2326
source_retention,data/raw/NVD/annotated_videos/2022-12-03_Nyland_01_stabilized/2022-12-03 Nyland 01_stabilized.mp4,2327
source_retention,data/raw/NVD/annotated_videos/2022-12-03_Nyland_01_stabilized/2022-12-03 Nyland 01_stabilized.mp4,2328
source_retention,data/raw/NVD/annotated_videos/2022-12-03_Nyland_01_stabilized/2022-12-03 Nyland 01_stabilized.mp4,2329
source_retention,data/raw/NVD/annotated_videos/2022-12-03_Nyland_01_stabilized/2022-12-03 Nyland 01_stabilized.mp4,2330
source_retention,data/raw/NVD/annotated_videos/2022-12-03_Nyland_01_stabilized/2022-12-03 Nyland 01_stabilized.mp4,2331
source_retention,data/raw/NVD/annotated_videos/2022-12-03_Nyland_01_stabilized/2022-12-03 Nyland 01_stabilized.mp4,2332
source_retention,data/raw/NVD/annotated_videos/2022-12-03_Nyland_01_stabilized/2022-12-03 Nyland 01_stabilized.mp4,2333
source_retention,data/raw/NVD/annotated_videos/2022-12-03_Nyland_01_stabilized/2022-12-03 Nyland 01_stabilized.mp4,2334
source_retention,data/raw/NVD/annotated_videos/2022-12-03_Nyland_01_stabilized/2022-12-03 Nyland 01_stabilized.mp4,2335
source_retention,data/raw/NVD/annotated_videos/2022-12-03_Nyland_01_stabilized/2022-12-03 Nyland 01_stabilized.mp4,2336
source_retention,data/raw/NVD/annotated_videos/2022-12-03_Nyland_01_stabilized/2022-12-03 Nyland 01_stabilized.mp4,2337
source_retention,data/raw/NVD/annotated_videos/2022-12-03_Nyland_01_stabilized/2022-12-03 Nyland 01_stabilized.mp4,2338
source_retention,data/raw/NVD/annotated_videos/2022-12-03_Nyland_01_stabilized/2022-12-03 Nyland 01_stabilized.mp4,2339
source_retention,data/raw/NVD/annotated_videos/2022-12-03_Nyland_01_stabilized/2022-12-03 Nyland 01_stabilized.mp4,2340
source_retention,data/raw/NVD/annotated_videos/2022-12-03_Nyland_01_stabilized/2022-12-03 Nyland 01_stabilized.mp4,2341
source_retention,data/raw/NVD/annotated_videos/2022-12-03_Nyland_01_stabilized/2022-12-03 Nyland 01_stabilized.mp4,2342
source_retention,data/raw/NVD/annotated_videos/2022-12-03_Nyland_01_stabilized/2022-12-03 Nyland 01_stabilized.mp4,2343
source_retention,data/raw/NVD/annotated_videos/2022-12-03_Nyland_01_stabilized/2022-12-03 Nyland 01_stabilized.mp4,2344
source_retention,data/raw/NVD/annotated_videos/2022-12-03_Nyland_01_stabilized/2022-12-03 Nyland 01_stabilized.mp4,2345
source_retention,data/raw/NVD/annotated_videos/2022-12-03_Nyland_01_stabilized/2022-12-03 Nyland 01_stabilized.mp4,2346
source_retention,data/raw/NVD/annotated_videos/2022-12-03_Nyland_01_stabilized/2022-12-03 Nyland 01_stabilized.mp4,2347
source_retention,data/raw/NVD/annotated_videos/2022-12-03_Nyland_01_stabilized/2022-12-03 Nyland 01_stabilized.mp4,2348
source_retention,data/raw/NVD/annotated_videos/2022-12-03_Nyland_01_stabilized/2022-12-03 Nyland 01_stabilized.mp4,2349
source_retention,data/raw/NVD/annotated_videos/2022-12-03_Nyland_01_stabilized/2022-12-03 Nyland 01_stabilized.mp4,2350
source_retention,data/raw/NVD/annotated_videos/2022-12-03_Nyland_01_stabilized/2022-12-03 Nyland 01_stabilized.mp4,2351
source_retention,data/raw/NVD/annotated_videos/2022-12-03_Nyland_01_stabilized/2022-12-03 Nyland 01_stabilized.mp4,2352
source_retention,data/raw/NVD/annotated_videos/2022-12-03_Nyland_01_stabilized/2022-12-03 Nyland 01_stabilized.mp4,2353
source_retention,data/raw/NVD/annotated_videos/2022-12-03_Nyland_01_stabilized/2022-12-03 Nyland 01_stabilized.mp4,2354
source_retention,data/raw/NVD/annotated_videos/2022-12-03_Nyland_01_stabilized/2022-12-03 Nyland 01_stabilized.mp4,2355
source_retention,data/raw/NVD/annotated_videos/2022-12-03_Nyland_01_stabilized/2022-12-03 Nyland 01_stabilized.mp4,2356
source_retention,data/raw/NVD/annotated_videos/2022-12-03_Nyland_01_stabilized/2022-12-03 Nyland 01_stabilized.mp4,2357
source_retention,data/raw/NVD/annotated_videos/2022-12-03_Nyland_01_stabilized/2022-12-03 Nyland 01_stabilized.mp4,2358
source_retention,data/raw/NVD/annotated_videos/2022-12-03_Nyland_01_stabilized/2022-12-03 Nyland 01_stabilized.mp4,2359
source_retention,data/raw/NVD/annotated_videos/2022-12-03_Nyland_01_stabilized/2022-12-03 Nyland 01_stabilized.mp4,2360
source_retention,data/raw/NVD/annotated_videos/2022-12-03_Nyland_01_stabilized/2022-12-03 Nyland 01_stabilized.mp4,2361
source_retention,data/raw/NVD/annotated_videos/2022-12-03_Nyland_01_stabilized/2022-12-03 Nyland 01_stabilized.mp4,2362
source_retention,data/raw/NVD/annotated_videos/2022-12-03_Nyland_01_stabilized/2022-12-03 Nyland 01_stabilized.mp4,2363
source_retention,data/raw/NVD/annotated_videos/2022-12-03_Nyland_01_stabilized/2022-12-03 Nyland 01_stabilized.mp4,2364
source_retention,data/raw/NVD/annotated_videos/2022-12-03_Nyland_01_stabilized/2022-12-03 Nyland 01_stabilized.mp4,2365
source_retention,data/raw/NVD/annotated_videos/2022-12-03_Nyland_01_stabilized/2022-12-03 Nyland 01_stabilized.mp4,2366
source_retention,data/raw/NVD/annotated_videos/2022-12-03_Nyland_01_stabilized/2022-12-03 Nyland 01_stabilized.mp4,2367
source_retention,data/raw/NVD/annotated_videos/2022-12-03_Nyland_01_stabilized/2022-12-03 Nyland 01_stabilized.mp4,2368
source_retention,data/raw/NVD/annotated_videos/2022-12-03_Nyland_01_stabilized/2022-12-03 Nyland 01_stabilized.mp4,2369
source_retention,data/raw/NVD/annotated_videos/2022-12-03_Nyland_01_stabilized/2022-12-03 Nyland 01_stabilized.mp4,2370
source_retention,data/raw/NVD/annotated_videos/2022-12-03_Nyland_01_stabilized/2022-12-03 Nyland 01_stabilized.mp4,2371
source_retention,data/raw/NVD/annotated_videos/2022-12-03_Nyland_01_stabilized/2022-12-03 Nyland 01_stabilized.mp4,2372
source_retention,data/raw/NVD/annotated_videos/2022-12-03_Nyland_01_stabilized/2022-12-03 Nyland 01_stabilized.mp4,2373
source_retention,data/raw/NVD/annotated_videos/2022-12-03_Nyland_01_stabilized/2022-12-03 Nyland 01_stabilized.mp4,2374
source_retention,data/raw/NVD/annotated_videos/2022-12-03_Nyland_01_stabilized/2022-12-03 Nyland 01_stabilized.mp4,2375
source_retention,data/raw/NVD/annotated_videos/2022-12-03_Nyland_01_stabilized/2022-12-03 Nyland 01_stabilized.mp4,2376
source_retention,data/raw/NVD/annotated_videos/2022-12-03_Nyland_01_stabilized/2022-12-03 Nyland 01_stabilized.mp4,2377
source_retention,data/raw/NVD/annotated_videos/2022-12-03_Nyland_01_stabilized/2022-12-03 Nyland 01_stabilized.mp4,2378
source_retention,data/raw/NVD/annotated_videos/2022-12-03_Nyland_01_stabilized/2022-12-03 Nyland 01_stabilized.mp4,2379
source_retention,data/raw/NVD/annotated_videos/2022-12-03_Nyland_01_stabilized/2022-12-03 Nyland 01_stabilized.mp4,2380
source_retention,data/raw/NVD/annotated_videos/2022-12-03_Nyland_01_stabilized/2022-12-03 Nyland 01_stabilized.mp4,2381
source_retention,data/raw/NVD/annotated_videos/2022-12-03_Nyland_01_stabilized/2022-12-03 Nyland 01_stabilized.mp4,2382
source_retention,data/raw/NVD/annotated_videos/2022-12-03_Nyland_01_stabilized/2022-12-03 Nyland 01_stabilized.mp4,2383
source_retention,data/raw/NVD/annotated_videos/2022-12-03_Nyland_01_stabilized/2022-12-03 Nyland 01_stabilized.mp4,2384
source_retention,data/raw/NVD/annotated_videos/2022-12-03_Nyland_01_stabilized/2022-12-03 Nyland 01_stabilized.mp4,2385
source_retention,data/raw/NVD/annotated_videos/2022-12-03_Nyland_01_stabilized/2022-12-03 Nyland 01_stabilized.mp4,2386
source_retention,data/raw/NVD/annotated_videos/2022-12-03_Nyland_01_stabilized/2022-12-03 Nyland 01_stabilized.mp4,2387
source_retention,data/raw/NVD/annotated_videos/2022-12-03_Nyland_01_stabilized/2022-12-03 Nyland 01_stabilized.mp4,2388
source_retention,data/raw/NVD/annotated_videos/2022-12-03_Nyland_01_stabilized/2022-12-03 Nyland 01_stabilized.mp4,2389
source_retention,data/raw/NVD/annotated_videos/2022-12-03_Nyland_01_stabilized/2022-12-03 Nyland 01_stabilized.mp4,2390
source_retention,data/raw/NVD/annotated_videos/2022-12-03_Nyland_01_stabilized/2022-12-03 Nyland 01_stabilized.mp4,2391
source_retention,data/raw/NVD/annotated_videos/2022-12-03_Nyland_01_stabilized/2022-12-03 Nyland 01_stabilized.mp4,2392
source_retention,data/raw/NVD/annotated_videos/2022-12-03_Nyland_01_stabilized/2022-12-03 Nyland 01_stabilized.mp4,2393
source_retention,data/raw/NVD/annotated_videos/2022-12-03_Nyland_01_stabilized/2022-12-03 Nyland 01_stabilized.mp4,2394
source_retention,data/raw/NVD/annotated_videos/2022-12-03_Nyland_01_stabilized/2022-12-03 Nyland 01_stabilized.mp4,2395
source_retention,data/raw/NVD/annotated_videos/2022-12-03_Nyland_01_stabilized/2022-12-03 Nyland 01_stabilized.mp4,2396
source_retention,data/raw/NVD/annotated_videos/2022-12-03_Nyland_01_stabilized/2022-12-03 Nyland 01_stabilized.mp4,2397
source_retention,data/raw/NVD/annotated_videos/2022-12-03_Nyland_01_stabilized/2022-12-03 Nyland 01_stabilized.mp4,2398
source_retention,data/raw/NVD/annotated_videos/2022-12-03_Nyland_01_stabilized/2022-12-03 Nyland 01_stabilized.mp4,2399
source_retention,data/raw/NVD/annotated_videos/2022-12-03_Nyland_01_stabilized/2022-12-03 Nyland 01_stabilized.mp4,2400
source_retention,data/raw/NVD/annotated_videos/2022-12-03_Nyland_01_stabilized/2022-12-03 Nyland 01_stabilized.mp4,2401
source_retention,data/raw/NVD/annotated_videos/2022-12-03_Nyland_01_stabilized/2022-12-03 Nyland 01_stabilized.mp4,2402
source_retention,data/raw/NVD/annotated_videos/2022-12-03_Nyland_01_stabilized/2022-12-03 Nyland 01_stabilized.mp4,2403
source_retention,data/raw/NVD/annotated_videos/2022-12-03_Nyland_01_stabilized/2022-12-03 Nyland 01_stabilized.mp4,2404
source_retention,data/raw/NVD/annotated_videos/2022-12-03_Nyland_01_stabilized/2022-12-03 Nyland 01_stabilized.mp4,2405
source_retention,data/raw/NVD/annotated_videos/2022-12-03_Nyland_01_stabilized/2022-12-03 Nyland 01_stabilized.mp4,2406
source_retention,data/raw/NVD/annotated_videos/2022-12-03_Nyland_01_stabilized/2022-12-03 Nyland 01_stabilized.mp4,2407
source_retention,data/raw/NVD/annotated_videos/2022-12-03_Nyland_01_stabilized/2022-12-03 Nyland 01_stabilized.mp4,2408
source_retention,data/raw/NVD/annotated_videos/2022-12-03_Nyland_01_stabilized/2022-12-03 Nyland 01_stabilized.mp4,2409
source_retention,data/raw/NVD/annotated_videos/2022-12-03_Nyland_01_stabilized/2022-12-03 Nyland 01_stabilized.mp4,2410
source_retention,data/raw/NVD/annotated_videos/2022-12-03_Nyland_01_stabilized/2022-12-03 Nyland 01_stabilized.mp4,2411
source_retention,data/raw/NVD/annotated_videos/2022-12-03_Nyland_01_stabilized/2022-12-03 Nyland 01_stabilized.mp4,2412
source_retention,data/raw/NVD/annotated_videos/2022-12-03_Nyland_01_stabilized/2022-12-03 Nyland 01_stabilized.mp4,2413
source_retention,data/raw/NVD/annotated_videos/2022-12-03_Nyland_01_stabilized/2022-12-03 Nyland 01_stabilized.mp4,2414
source_retention,data/raw/NVD/annotated_videos/2022-12-03_Nyland_01_stabilized/2022-12-03 Nyland 01_stabilized.mp4,2415
source_retention,data/raw/NVD/annotated_videos/2022-12-03_Nyland_01_stabilized/2022-12-03 Nyland 01_stabilized.mp4,2416
source_retention,data/raw/NVD/annotated_videos/2022-12-03_Nyland_01_stabilized/2022-12-03 Nyland 01_stabilized.mp4,2417
source_retention,data/raw/NVD/annotated_videos/2022-12-03_Nyland_01_stabilized/2022-12-03 Nyland 01_stabilized.mp4,2418
source_retention,data/raw/NVD/annotated_videos/2022-12-03_Nyland_01_stabilized/2022-12-03 Nyland 01_stabilized.mp4,2419
source_retention,data/raw/NVD/annotated_videos/2022-12-03_Nyland_01_stabilized/2022-12-03 Nyland 01_stabilized.mp4,2420
source_retention,data/raw/NVD/annotated_videos/2022-12-03_Nyland_01_stabilized/2022-12-03 Nyland 01_stabilized.mp4,2421
source_retention,data/raw/NVD/annotated_videos/2022-12-03_Nyland_01_stabilized/2022-12-03 Nyland 01_stabilized.mp4,2422
source_retention,data/raw/NVD/annotated_videos/2022-12-03_Nyland_01_stabilized/2022-12-03 Nyland 01_stabilized.mp4,2423
source_retention,data/raw/NVD/annotated_videos/2022-12-03_Nyland_01_stabilized/2022-12-03 Nyland 01_stabilized.mp4,2424
source_retention,data/raw/NVD/annotated_videos/2022-12-03_Nyland_01_stabilized/2022-12-03 Nyland 01_stabilized.mp4,2425
source_retention,data/raw/NVD/annotated_videos/2022-12-03_Nyland_01_stabilized/2022-12-03 Nyland 01_stabilized.mp4,2426
source_retention,data/raw/NVD/annotated_videos/2022-12-03_Nyland_01_stabilized/2022-12-03 Nyland 01_stabilized.mp4,2427
source_retention,data/raw/NVD/annotated_videos/2022-12-03_Nyland_01_stabilized/2022-12-03 Nyland 01_stabilized.mp4,2428
source_retention,data/raw/NVD/annotated_videos/2022-12-03_Nyland_01_stabilized/2022-12-03 Nyland 01_stabilized.mp4,2429
source_retention,data/raw/NVD/annotated_videos/2022-12-03_Nyland_01_stabilized/2022-12-03 Nyland 01_stabilized.mp4,2430
source_retention,data/raw/NVD/annotated_videos/2022-12-03_Nyland_01_stabilized/2022-12-03 Nyland 01_stabilized.mp4,2431
source_retention,data/raw/NVD/annotated_videos/2022-12-03_Nyland_01_stabilized/2022-12-03 Nyland 01_stabilized.mp4,2432
source_retention,data/raw/NVD/annotated_videos/2022-12-03_Nyland_01_stabilized/2022-12-03 Nyland 01_stabilized.mp4,2433
source_retention,data/raw/NVD/annotated_videos/2022-12-03_Nyland_01_stabilized/2022-12-03 Nyland 01_stabilized.mp4,2434
source_retention,data/raw/NVD/annotated_videos/2022-12-03_Nyland_01_stabilized/2022-12-03 Nyland 01_stabilized.mp4,2435
source_retention,data/raw/NVD/annotated_videos/2022-12-03_Nyland_01_stabilized/2022-12-03 Nyland 01_stabilized.mp4,2436
source_retention,data/raw/NVD/annotated_videos/2022-12-03_Nyland_01_stabilized/2022-12-03 Nyland 01_stabilized.mp4,2437
source_retention,data/raw/NVD/annotated_videos/2022-12-03_Nyland_01_stabilized/2022-12-03 Nyland 01_stabilized.mp4,2438
source_retention,data/raw/NVD/annotated_videos/2022-12-03_Nyland_01_stabilized/2022-12-03 Nyland 01_stabilized.mp4,2439
source_retention,data/raw/NVD/annotated_videos/2022-12-03_Nyland_01_stabilized/2022-12-03 Nyland 01_stabilized.mp4,2440
source_retention,data/raw/NVD/annotated_videos/2022-12-03_Nyland_01_stabilized/2022-12-03 Nyland 01_stabilized.mp4,2441
source_retention,data/raw/NVD/annotated_videos/2022-12-03_Nyland_01_stabilized/2022-12-03 Nyland 01_stabilized.mp4,2442
source_retention,data/raw/NVD/annotated_videos/2022-12-03_Nyland_01_stabilized/2022-12-03 Nyland 01_stabilized.mp4,2443
source_retention,data/raw/NVD/annotated_videos/2022-12-03_Nyland_01_stabilized/2022-12-03 Nyland 01_stabilized.mp4,2444
source_retention,data/raw/NVD/annotated_videos/2022-12-03_Nyland_01_stabilized/2022-12-03 Nyland 01_stabilized.mp4,2445
source_retention,data/raw/NVD/annotated_videos/2022-12-03_Nyland_01_stabilized/2022-12-03 Nyland 01_stabilized.mp4,2446
source_retention,data/raw/NVD/annotated_videos/2022-12-03_Nyland_01_stabilized/2022-12-03 Nyland 01_stabilized.mp4,2447
source_retention,data/raw/NVD/annotated_videos/2022-12-03_Nyland_01_stabilized/2022-12-03 Nyland 01_stabilized.mp4,2448
source_retention,data/raw/NVD/annotated_videos/2022-12-03_Nyland_01_stabilized/2022-12-03 Nyland 01_stabilized.mp4,2449
source_retention,data/raw/NVD/annotated_videos/2022-12-03_Nyland_01_stabilized/2022-12-03 Nyland 01_stabilized.mp4,2450
source_retention,data/raw/NVD/annotated_videos/2022-12-03_Nyland_01_stabilized/2022-12-03 Nyland 01_stabilized.mp4,2451
source_retention,data/raw/NVD/annotated_videos/2022-12-03_Nyland_01_stabilized/2022-12-03 Nyland 01_stabilized.mp4,2452
source_retention,data/raw/NVD/annotated_videos/2022-12-03_Nyland_01_stabilized/2022-12-03 Nyland 01_stabilized.mp4,2453
source_retention,data/raw/NVD/annotated_videos/2022-12-03_Nyland_01_stabilized/2022-12-03 Nyland 01_stabilized.mp4,2454
source_retention,data/raw/NVD/annotated_videos/2022-12-03_Nyland_01_stabilized/2022-12-03 Nyland 01_stabilized.mp4,2455
source_retention,data/raw/NVD/annotated_videos/2022-12-03_Nyland_01_stabilized/2022-12-03 Nyland 01_stabilized.mp4,2456
source_retention,data/raw/NVD/annotated_videos/2022-12-03_Nyland_01_stabilized/2022-12-03 Nyland 01_stabilized.mp4,2457
source_retention,data/raw/NVD/annotated_videos/2022-12-03_Nyland_01_stabilized/2022-12-03 Nyland 01_stabilized.mp4,2458
source_retention,data/raw/NVD/annotated_videos/2022-12-03_Nyland_01_stabilized/2022-12-03 Nyland 01_stabilized.mp4,2459
source_retention,data/raw/NVD/annotated_videos/2022-12-03_Nyland_01_stabilized/2022-12-03 Nyland 01_stabilized.mp4,2460
source_retention,data/raw/NVD/annotated_videos/2022-12-03_Nyland_01_stabilized/2022-12-03 Nyland 01_stabilized.mp4,2461
source_retention,data/raw/NVD/annotated_videos/2022-12-03_Nyland_01_stabilized/2022-12-03 Nyland 01_stabilized.mp4,2462
source_retention,data/raw/NVD/annotated_videos/2022-12-03_Nyland_01_stabilized/2022-12-03 Nyland 01_stabilized.mp4,2463
source_retention,data/raw/NVD/annotated_videos/2022-12-03_Nyland_01_stabilized/2022-12-03 Nyland 01_stabilized.mp4,2464
source_retention,data/raw/NVD/annotated_videos/2022-12-03_Nyland_01_stabilized/2022-12-03 Nyland 01_stabilized.mp4,2465
source_retention,data/raw/NVD/annotated_videos/2022-12-03_Nyland_01_stabilized/2022-12-03 Nyland 01_stabilized.mp4,2466
source_retention,data/raw/NVD/annotated_videos/2022-12-03_Nyland_01_stabilized/2022-12-03 Nyland 01_stabilized.mp4,2467
source_retention,data/raw/NVD/annotated_videos/2022-12-03_Nyland_01_stabilized/2022-12-03 Nyland 01_stabilized.mp4,2468
source_retention,data/raw/NVD/annotated_videos/2022-12-03_Nyland_01_stabilized/2022-12-03 Nyland 01_stabilized.mp4,2469
source_retention,data/raw/NVD/annotated_videos/2022-12-03_Nyland_01_stabilized/2022-12-03 Nyland 01_stabilized.mp4,2470
source_retention,data/raw/NVD/annotated_videos/2022-12-03_Nyland_01_stabilized/2022-12-03 Nyland 01_stabilized.mp4,2471
source_retention,data/raw/NVD/annotated_videos/2022-12-03_Nyland_01_stabilized/2022-12-03 Nyland 01_stabilized.mp4,2472
source_retention,data/raw/NVD/annotated_videos/2022-12-03_Nyland_01_stabilized/2022-12-03 Nyland 01_stabilized.mp4,2473
source_retention,data/raw/NVD/annotated_videos/2022-12-03_Nyland_01_stabilized/2022-12-03 Nyland 01_stabilized.mp4,2474
source_retention,data/raw/NVD/annotated_videos/2022-12-03_Nyland_01_stabilized/2022-12-03 Nyland 01_stabilized.mp4,2475
source_retention,data/raw/NVD/annotated_videos/2022-12-03_Nyland_01_stabilized/2022-12-03 Nyland 01_stabilized.mp4,2476
source_retention,data/raw/NVD/annotated_videos/2022-12-03_Nyland_01_stabilized/2022-12-03 Nyland 01_stabilized.mp4,2477
source_retention,data/raw/NVD/annotated_videos/2022-12-03_Nyland_01_stabilized/2022-12-03 Nyland 01_stabilized.mp4,2478
source_retention,data/raw/NVD/annotated_videos/2022-12-03_Nyland_01_stabilized/2022-12-03 Nyland 01_stabilized.mp4,2479
source_retention,data/raw/NVD/annotated_videos/2022-12-03_Nyland_01_stabilized/2022-12-03 Nyland 01_stabilized.mp4,2480
source_retention,data/raw/NVD/annotated_videos/2022-12-03_Nyland_01_stabilized/2022-12-03 Nyland 01_stabilized.mp4,2481
source_retention,data/raw/NVD/annotated_videos/2022-12-03_Nyland_01_stabilized/2022-12-03 Nyland 01_stabilized.mp4,2482
source_retention,data/raw/NVD/annotated_videos/2022-12-03_Nyland_01_stabilized/2022-12-03 Nyland 01_stabilized.mp4,2483
source_retention,data/raw/NVD/annotated_videos/2022-12-03_Nyland_01_stabilized/2022-12-03 Nyland 01_stabilized.mp4,2484
source_retention,data/raw/NVD/annotated_videos/2022-12-03_Nyland_01_stabilized/2022-12-03 Nyland 01_stabilized.mp4,2485
source_retention,data/raw/NVD/annotated_videos/2022-12-03_Nyland_01_stabilized/2022-12-03 Nyland 01_stabilized.mp4,2486
source_retention,data/raw/NVD/annotated_videos/2022-12-03_Nyland_01_stabilized/2022-12-03 Nyland 01_stabilized.mp4,2487
source_retention,data/raw/NVD/annotated_videos/2022-12-03_Nyland_01_stabilized/2022-12-03 Nyland 01_stabilized.mp4,2488
source_retention,data/raw/NVD/annotated_videos/2022-12-03_Nyland_01_stabilized/2022-12-03 Nyland 01_stabilized.mp4,2489
source_retention,data/raw/NVD/annotated_videos/2022-12-03_Nyland_01_stabilized/2022-12-03 Nyland 01_stabilized.mp4,2490
source_retention,data/raw/NVD/annotated_videos/2022-12-03_Nyland_01_stabilized/2022-12-03 Nyland 01_stabilized.mp4,2491
source_retention,data/raw/NVD/annotated_videos/2022-12-03_Nyland_01_stabilized/2022-12-03 Nyland 01_stabilized.mp4,2492
source_retention,data/raw/NVD/annotated_videos/2022-12-03_Nyland_01_stabilized/2022-12-03 Nyland 01_stabilized.mp4,2493
source_retention,data/raw/NVD/annotated_videos/2022-12-03_Nyland_01_stabilized/2022-12-03 Nyland 01_stabilized.mp4,2494
source_retention,data/raw/NVD/annotated_videos/2022-12-03_Nyland_01_stabilized/2022-12-03 Nyland 01_stabilized.mp4,2495
source_retention,data/raw/NVD/annotated_videos/2022-12-03_Nyland_01_stabilized/2022-12-03 Nyland 01_stabilized.mp4,2496
source_retention,data/raw/NVD/annotated_videos/2022-12-03_Nyland_01_stabilized/2022-12-03 Nyland 01_stabilized.mp4,2497
source_retention,data/raw/NVD/annotated_videos/2022-12-03_Nyland_01_stabilized/2022-12-03 Nyland 01_stabilized.mp4,2498
source_retention,data/raw/NVD/annotated_videos/2022-12-03_Nyland_01_stabilized/2022-12-03 Nyland 01_stabilized.mp4,2499
source_retention,data/raw/NVD/annotated_videos/2022-12-03_Nyland_01_stabilized/2022-12-03 Nyland 01_stabilized.mp4,2500
source_retention,data/raw/NVD/annotated_videos/2022-12-03_Nyland_01_stabilized/2022-12-03 Nyland 01_stabilized.mp4,2501
source_retention,data/raw/NVD/annotated_videos/2022-12-03_Nyland_01_stabilized/2022-12-03 Nyland 01_stabilized.mp4,2502
source_retention,data/raw/NVD/annotated_videos/2022-12-03_Nyland_01_stabilized/2022-12-03 Nyland 01_stabilized.mp4,2503
source_retention,data/raw/NVD/annotated_videos/2022-12-03_Nyland_01_stabilized/2022-12-03 Nyland 01_stabilized.mp4,2504
source_retention,data/raw/NVD/annotated_videos/2022-12-03_Nyland_01_stabilized/2022-12-03 Nyland 01_stabilized.mp4,2505
source_retention,data/raw/NVD/annotated_videos/2022-12-03_Nyland_01_stabilized/2022-12-03 Nyland 01_stabilized.mp4,2506
source_retention,data/raw/NVD/annotated_videos/2022-12-03_Nyland_01_stabilized/2022-12-03 Nyland 01_stabilized.mp4,2507
source_retention,data/raw/NVD/annotated_videos/2022-12-03_Nyland_01_stabilized/2022-12-03 Nyland 01_stabilized.mp4,2508
source_retention,data/raw/NVD/annotated_videos/2022-12-03_Nyland_01_stabilized/2022-12-03 Nyland 01_stabilized.mp4,2509
source_retention,data/raw/NVD/annotated_videos/2022-12-03_Nyland_01_stabilized/2022-12-03 Nyland 01_stabilized.mp4,2510
source_retention,data/raw/NVD/annotated_videos/2022-12-03_Nyland_01_stabilized/2022-12-03 Nyland 01_stabilized.mp4,2511
source_retention,data/raw/NVD/annotated_videos/2022-12-03_Nyland_01_stabilized/2022-12-03 Nyland 01_stabilized.mp4,2512
source_retention,data/raw/NVD/annotated_videos/2022-12-03_Nyland_01_stabilized/2022-12-03 Nyland 01_stabilized.mp4,2513
source_retention,data/raw/NVD/annotated_videos/2022-12-03_Nyland_01_stabilized/2022-12-03 Nyland 01_stabilized.mp4,2514
source_retention,data/raw/NVD/annotated_videos/2022-12-03_Nyland_01_stabilized/2022-12-03 Nyland 01_stabilized.mp4,2515
source_retention,data/raw/NVD/annotated_videos/2022-12-03_Nyland_01_stabilized/2022-12-03 Nyland 01_stabilized.mp4,2516
source_retention,data/raw/NVD/annotated_videos/2022-12-03_Nyland_01_stabilized/2022-12-03 Nyland 01_stabilized.mp4,2517
source_retention,data/raw/NVD/annotated_videos/2022-12-03_Nyland_01_stabilized/2022-12-03 Nyland 01_stabilized.mp4,2518
source_retention,data/raw/NVD/annotated_videos/2022-12-03_Nyland_01_stabilized/2022-12-03 Nyland 01_stabilized.mp4,2519
source_retention,data/raw/NVD/annotated_videos/2022-12-03_Nyland_01_stabilized/2022-12-03 Nyland 01_stabilized.mp4,2520
source_retention,data/raw/NVD/annotated_videos/2022-12-03_Nyland_01_stabilized/2022-12-03 Nyland 01_stabilized.mp4,2521
source_retention,data/raw/NVD/annotated_videos/2022-12-03_Nyland_01_stabilized/2022-12-03 Nyland 01_stabilized.mp4,2522
source_retention,data/raw/NVD/annotated_videos/2022-12-03_Nyland_01_stabilized/2022-12-03 Nyland 01_stabilized.mp4,2523
source_retention,data/raw/NVD/annotated_videos/2022-12-03_Nyland_01_stabilized/2022-12-03 Nyland 01_stabilized.mp4,2524
source_retention,data/raw/NVD/annotated_videos/2022-12-03_Nyland_01_stabilized/2022-12-03 Nyland 01_stabilized.mp4,2525
source_train,data/raw/NVD/annotated_videos/2022-12-02_Asjo_01_stabilized/2022-12-02 Asjo 01_stabilized.MP4,0
source_train,data/raw/NVD/annotated_videos/2022-12-02_Asjo_01_stabilized/2022-12-02 Asjo 01_stabilized.MP4,3
source_train,data/raw/NVD/annotated_videos/2022-12-02_Asjo_01_stabilized/2022-12-02 Asjo 01_stabilized.MP4,6
source_train,data/raw/NVD/annotated_videos/2022-12-02_Asjo_01_stabilized/2022-12-02 Asjo 01_stabilized.MP4,10
source_train,data/raw/NVD/annotated_videos/2022-12-02_Asjo_01_stabilized/2022-12-02 Asjo 01_stabilized.MP4,13
source_train,data/raw/NVD/annotated_videos/2022-12-02_Asjo_01_stabilized/2022-12-02 Asjo 01_stabilized.MP4,16
source_train,data/raw/NVD/annotated_videos/2022-12-02_Asjo_01_stabilized/2022-12-02 Asjo 01_stabilized.MP4,20
source_train,data/raw/NVD/annotated_videos/2022-12-02_Asjo_01_stabilized/2022-12-02 Asjo 01_stabilized.MP4,23
source_train,data/raw/NVD/annotated_videos/2022-12-02_Asjo_01_stabilized/2022-12-02 Asjo 01_stabilized.MP4,27
source_train,data/raw/NVD/annotated_videos/2022-12-02_Asjo_01_stabilized/2022-12-02 Asjo 01_stabilized.MP4,30
source_train,data/raw/NVD/annotated_videos/2022-12-02_Asjo_01_stabilized/2022-12-02 Asjo 01_stabilized.MP4,33
source_train,data/raw/NVD/annotated_videos/2022-12-02_Asjo_01_stabilized/2022-12-02 Asjo 01_stabilized.MP4,37
source_train,data/raw/NVD/annotated_videos/2022-12-02_Asjo_01_stabilized/2022-12-02 Asjo 01_stabilized.MP4,40
source_train,data/raw/NVD/annotated_videos/2022-12-02_Asjo_01_stabilized/2022-12-02 Asjo 01_stabilized.MP4,44
source_train,data/raw/NVD/annotated_videos/2022-12-02_Asjo_01_stabilized/2022-12-02 Asjo 01_stabilized.MP4,47
source_train,data/raw/NVD/annotated_videos/2022-12-02_Asjo_01_stabilized/2022-12-02 Asjo 01_stabilized.MP4,50
source_train,data/raw/NVD/annotated_videos/2022-12-02_Asjo_01_stabilized/2022-12-02 Asjo 01_stabilized.MP4,54
source_train,data/raw/NVD/annotated_videos/2022-12-02_Asjo_01_stabilized/2022-12-02 Asjo 01_stabilized.MP4,57
source_train,data/raw/NVD/annotated_videos/2022-12-02_Asjo_01_stabilized/2022-12-02 Asjo 01_stabilized.MP4,60
source_train,data/raw/NVD/annotated_videos/2022-12-02_Asjo_01_stabilized/2022-12-02 Asjo 01_stabilized.MP4,64
source_train,data/raw/NVD/annotated_videos/2022-12-02_Asjo_01_stabilized/2022-12-02 Asjo 01_stabilized.MP4,67
source_train,data/raw/NVD/annotated_videos/2022-12-02_Asjo_01_stabilized/2022-12-02 Asjo 01_stabilized.MP4,71
source_train,data/raw/NVD/annotated_videos/2022-12-02_Asjo_01_stabilized/2022-12-02 Asjo 01_stabilized.MP4,74
source_train,data/raw/NVD/annotated_videos/2022-12-02_Asjo_01_stabilized/2022-12-02 Asjo 01_stabilized.MP4,77
source_train,data/raw/NVD/annotated_videos/2022-12-02_Asjo_01_stabilized/2022-12-02 Asjo 01_stabilized.MP4,81
source_train,data/raw/NVD/annotated_videos/2022-12-02_Asjo_01_stabilized/2022-12-02 Asjo 01_stabilized.MP4,84
source_train,data/raw/NVD/annotated_videos/2022-12-02_Asjo_01_stabilized/2022-12-02 Asjo 01_stabilized.MP4,88
source_train,data/raw/NVD/annotated_videos/2022-12-02_Asjo_01_stabilized/2022-12-02 Asjo 01_stabilized.MP4,91
source_train,data/raw/NVD/annotated_videos/2022-12-02_Asjo_01_stabilized/2022-12-02 Asjo 01_stabilized.MP4,94
source_train,data/raw/NVD/annotated_videos/2022-12-02_Asjo_01_stabilized/2022-12-02 Asjo 01_stabilized.MP4,98
source_train,data/raw/NVD/annotated_videos/2022-12-02_Asjo_01_stabilized/2022-12-02 Asjo 01_stabilized.MP4,101
source_train,data/raw/NVD/annotated_videos/2022-12-02_Asjo_01_stabilized/2022-12-02 Asjo 01_stabilized.MP4,104
source_train,data/raw/NVD/annotated_videos/2022-12-02_Asjo_01_stabilized/2022-12-02 Asjo 01_stabilized.MP4,108
source_train,data/raw/NVD/annotated_videos/2022-12-02_Asjo_01_stabilized/2022-12-02 Asjo 01_stabilized.MP4,111
source_train,data/raw/NVD/annotated_videos/2022-12-02_Asjo_01_stabilized/2022-12-02 Asjo 01_stabilized.MP4,115
source_train,data/raw/NVD/annotated_videos/2022-12-02_Asjo_01_stabilized/2022-12-02 Asjo 01_stabilized.MP4,118
source_train,data/raw/NVD/annotated_videos/2022-12-02_Asjo_01_stabilized/2022-12-02 Asjo 01_stabilized.MP4,121
source_train,data/raw/NVD/annotated_videos/2022-12-02_Asjo_01_stabilized/2022-12-02 Asjo 01_stabilized.MP4,125
source_train,data/raw/NVD/annotated_videos/2022-12-02_Asjo_01_stabilized/2022-12-02 Asjo 01_stabilized.MP4,128
source_train,data/raw/NVD/annotated_videos/2022-12-02_Asjo_01_stabilized/2022-12-02 Asjo 01_stabilized.MP4,132
source_train,data/raw/NVD/annotated_videos/2022-12-02_Asjo_01_stabilized/2022-12-02 Asjo 01_stabilized.MP4,135
source_train,data/raw/NVD/annotated_videos/2022-12-02_Asjo_01_stabilized/2022-12-02 Asjo 01_stabilized.MP4,138
source_train,data/raw/NVD/annotated_videos/2022-12-02_Asjo_01_stabilized/2022-12-02 Asjo 01_stabilized.MP4,142
source_train,data/raw/NVD/annotated_videos/2022-12-02_Asjo_01_stabilized/2022-12-02 Asjo 01_stabilized.MP4,145
source_train,data/raw/NVD/annotated_videos/2022-12-02_Asjo_01_stabilized/2022-12-02 Asjo 01_stabilized.MP4,148
source_train,data/raw/NVD/annotated_videos/2022-12-02_Asjo_01_stabilized/2022-12-02 Asjo 01_stabilized.MP4,152
source_train,data/raw/NVD/annotated_videos/2022-12-02_Asjo_01_stabilized/2022-12-02 Asjo 01_stabilized.MP4,155
source_train,data/raw/NVD/annotated_videos/2022-12-02_Asjo_01_stabilized/2022-12-02 Asjo 01_stabilized.MP4,159
source_train,data/raw/NVD/annotated_videos/2022-12-02_Asjo_01_stabilized/2022-12-02 Asjo 01_stabilized.MP4,162
source_train,data/raw/NVD/annotated_videos/2022-12-02_Asjo_01_stabilized/2022-12-02 Asjo 01_stabilized.MP4,165
source_train,data/raw/NVD/annotated_videos/2022-12-02_Asjo_01_stabilized/2022-12-02 Asjo 01_stabilized.MP4,169
source_train,data/raw/NVD/annotated_videos/2022-12-02_Asjo_01_stabilized/2022-12-02 Asjo 01_stabilized.MP4,172
source_train,data/raw/NVD/annotated_videos/2022-12-02_Asjo_01_stabilized/2022-12-02 Asjo 01_stabilized.MP4,176
source_train,data/raw/NVD/annotated_videos/2022-12-02_Asjo_01_stabilized/2022-12-02 Asjo 01_stabilized.MP4,179
source_train,data/raw/NVD/annotated_videos/2022-12-02_Asjo_01_stabilized/2022-12-02 Asjo 01_stabilized.MP4,182
source_train,data/raw/NVD/annotated_videos/2022-12-02_Asjo_01_stabilized/2022-12-02 Asjo 01_stabilized.MP4,186
source_train,data/raw/NVD/annotated_videos/2022-12-02_Asjo_01_stabilized/2022-12-02 Asjo 01_stabilized.MP4,189
source_train,data/raw/NVD/annotated_videos/2022-12-02_Asjo_01_stabilized/2022-12-02 Asjo 01_stabilized.MP4,192
source_train,data/raw/NVD/annotated_videos/2022-12-02_Asjo_01_stabilized/2022-12-02 Asjo 01_stabilized.MP4,196
source_train,data/raw/NVD/annotated_videos/2022-12-02_Asjo_01_stabilized/2022-12-02 Asjo 01_stabilized.MP4,199
source_train,data/raw/NVD/annotated_videos/2022-12-02_Asjo_01_stabilized/2022-12-02 Asjo 01_stabilized.MP4,203
source_train,data/raw/NVD/annotated_videos/2022-12-02_Asjo_01_stabilized/2022-12-02 Asjo 01_stabilized.MP4,206
source_train,data/raw/NVD/annotated_videos/2022-12-02_Asjo_01_stabilized/2022-12-02 Asjo 01_stabilized.MP4,209
source_train,data/raw/NVD/annotated_videos/2022-12-02_Asjo_01_stabilized/2022-12-02 Asjo 01_stabilized.MP4,213
source_train,data/raw/NVD/annotated_videos/2022-12-02_Asjo_01_stabilized/2022-12-02 Asjo 01_stabilized.MP4,216
source_train,data/raw/NVD/annotated_videos/2022-12-02_Asjo_01_stabilized/2022-12-02 Asjo 01_stabilized.MP4,220
source_train,data/raw/NVD/annotated_videos/2022-12-02_Asjo_01_stabilized/2022-12-02 Asjo 01_stabilized.MP4,223
source_train,data/raw/NVD/annotated_videos/2022-12-02_Asjo_01_stabilized/2022-12-02 Asjo 01_stabilized.MP4,226
source_train,data/raw/NVD/annotated_videos/2022-12-02_Asjo_01_stabilized/2022-12-02 Asjo 01_stabilized.MP4,230
source_train,data/raw/NVD/annotated_videos/2022-12-02_Asjo_01_stabilized/2022-12-02 Asjo 01_stabilized.MP4,233
source_train,data/raw/NVD/annotated_videos/2022-12-02_Asjo_01_stabilized/2022-12-02 Asjo 01_stabilized.MP4,236
source_train,data/raw/NVD/annotated_videos/2022-12-02_Asjo_01_stabilized/2022-12-02 Asjo 01_stabilized.MP4,240
source_train,data/raw/NVD/annotated_videos/2022-12-02_Asjo_01_stabilized/2022-12-02 Asjo 01_stabilized.MP4,243
source_train,data/raw/NVD/annotated_videos/2022-12-02_Asjo_01_stabilized/2022-12-02 Asjo 01_stabilized.MP4,247
source_train,data/raw/NVD/annotated_videos/2022-12-02_Asjo_01_stabilized/2022-12-02 Asjo 01_stabilized.MP4,250
source_train,data/raw/NVD/annotated_videos/2022-12-02_Asjo_01_stabilized/2022-12-02 Asjo 01_stabilized.MP4,253
source_train,data/raw/NVD/annotated_videos/2022-12-02_Asjo_01_stabilized/2022-12-02 Asjo 01_stabilized.MP4,257
source_train,data/raw/NVD/annotated_videos/2022-12-02_Asjo_01_stabilized/2022-12-02 Asjo 01_stabilized.MP4,260
source_train,data/raw/NVD/annotated_videos/2022-12-02_Asjo_01_stabilized/2022-12-02 Asjo 01_stabilized.MP4,264
source_train,data/raw/NVD/annotated_videos/2022-12-02_Asjo_01_stabilized/2022-12-02 Asjo 01_stabilized.MP4,267
source_train,data/raw/NVD/annotated_videos/2022-12-02_Asjo_01_stabilized/2022-12-02 Asjo 01_stabilized.MP4,270
source_train,data/raw/NVD/annotated_videos/2022-12-02_Asjo_01_stabilized/2022-12-02 Asjo 01_stabilized.MP4,274
source_train,data/raw/NVD/annotated_videos/2022-12-02_Asjo_01_stabilized/2022-12-02 Asjo 01_stabilized.MP4,277
source_train,data/raw/NVD/annotated_videos/2022-12-02_Asjo_01_stabilized/2022-12-02 Asjo 01_stabilized.MP4,280
source_train,data/raw/NVD/annotated_videos/2022-12-02_Asjo_01_stabilized/2022-12-02 Asjo 01_stabilized.MP4,284
source_train,data/raw/NVD/annotated_videos/2022-12-02_Asjo_01_stabilized/2022-12-02 Asjo 01_stabilized.MP4,287
source_train,data/raw/NVD/annotated_videos/2022-12-02_Asjo_01_stabilized/2022-12-02 Asjo 01_stabilized.MP4,291
source_train,data/raw/NVD/annotated_videos/2022-12-02_Asjo_01_stabilized/2022-12-02 Asjo 01_stabilized.MP4,294
source_train,data/raw/NVD/annotated_videos/2022-12-02_Asjo_01_stabilized/2022-12-02 Asjo 01_stabilized.MP4,297
source_train,data/raw/NVD/annotated_videos/2022-12-02_Asjo_01_stabilized/2022-12-02 Asjo 01_stabilized.MP4,301
source_train,data/raw/NVD/annotated_videos/2022-12-02_Asjo_01_stabilized/2022-12-02 Asjo 01_stabilized.MP4,304
source_train,data/raw/NVD/annotated_videos/2022-12-02_Asjo_01_stabilized/2022-12-02 Asjo 01_stabilized.MP4,308
source_train,data/raw/NVD/annotated_videos/2022-12-02_Asjo_01_stabilized/2022-12-02 Asjo 01_stabilized.MP4,311
source_train,data/raw/NVD/annotated_videos/2022-12-02_Asjo_01_stabilized/2022-12-02 Asjo 01_stabilized.MP4,314
source_train,data/raw/NVD/annotated_videos/2022-12-02_Asjo_01_stabilized/2022-12-02 Asjo 01_stabilized.MP4,318
source_train,data/raw/NVD/annotated_videos/2022-12-02_Asjo_01_stabilized/2022-12-02 Asjo 01_stabilized.MP4,321
source_train,data/raw/NVD/annotated_videos/2022-12-02_Asjo_01_stabilized/2022-12-02 Asjo 01_stabilized.MP4,324
source_train,data/raw/NVD/annotated_videos/2022-12-02_Asjo_01_stabilized/2022-12-02 Asjo 01_stabilized.MP4,328
source_train,data/raw/NVD/annotated_videos/2022-12-02_Asjo_01_stabilized/2022-12-02 Asjo 01_stabilized.MP4,331
source_train,data/raw/NVD/annotated_videos/2022-12-02_Asjo_01_stabilized/2022-12-02 Asjo 01_stabilized.MP4,335
source_train,data/raw/NVD/annotated_videos/2022-12-02_Asjo_01_stabilized/2022-12-02 Asjo 01_stabilized.MP4,338
source_train,data/raw/NVD/annotated_videos/2022-12-02_Asjo_01_stabilized/2022-12-02 Asjo 01_stabilized.MP4,341
source_train,data/raw/NVD/annotated_videos/2022-12-02_Asjo_01_stabilized/2022-12-02 Asjo 01_stabilized.MP4,345
source_train,data/raw/NVD/annotated_videos/2022-12-02_Asjo_01_stabilized/2022-12-02 Asjo 01_stabilized.MP4,348
source_train,data/raw/NVD/annotated_videos/2022-12-02_Asjo_01_stabilized/2022-12-02 Asjo 01_stabilized.MP4,352
source_train,data/raw/NVD/annotated_videos/2022-12-02_Asjo_01_stabilized/2022-12-02 Asjo 01_stabilized.MP4,355
source_train,data/raw/NVD/annotated_videos/2022-12-02_Asjo_01_stabilized/2022-12-02 Asjo 01_stabilized.MP4,358
source_train,data/raw/NVD/annotated_videos/2022-12-02_Asjo_01_stabilized/2022-12-02 Asjo 01_stabilized.MP4,362
source_train,data/raw/NVD/annotated_videos/2022-12-02_Asjo_01_stabilized/2022-12-02 Asjo 01_stabilized.MP4,365
source_train,data/raw/NVD/annotated_videos/2022-12-02_Asjo_01_stabilized/2022-12-02 Asjo 01_stabilized.MP4,368
source_train,data/raw/NVD/annotated_videos/2022-12-02_Asjo_01_stabilized/2022-12-02 Asjo 01_stabilized.MP4,372
source_train,data/raw/NVD/annotated_videos/2022-12-02_Asjo_01_stabilized/2022-12-02 Asjo 01_stabilized.MP4,375
source_train,data/raw/NVD/annotated_videos/2022-12-02_Asjo_01_stabilized/2022-12-02 Asjo 01_stabilized.MP4,379
source_train,data/raw/NVD/annotated_videos/2022-12-02_Asjo_01_stabilized/2022-12-02 Asjo 01_stabilized.MP4,382
source_train,data/raw/NVD/annotated_videos/2022-12-02_Asjo_01_stabilized/2022-12-02 Asjo 01_stabilized.MP4,385
source_train,data/raw/NVD/annotated_videos/2022-12-02_Asjo_01_stabilized/2022-12-02 Asjo 01_stabilized.MP4,389
source_train,data/raw/NVD/annotated_videos/2022-12-02_Asjo_01_stabilized/2022-12-02 Asjo 01_stabilized.MP4,392
source_train,data/raw/NVD/annotated_videos/2022-12-02_Asjo_01_stabilized/2022-12-02 Asjo 01_stabilized.MP4,396
source_train,data/raw/NVD/annotated_videos/2022-12-02_Asjo_01_stabilized/2022-12-02 Asjo 01_stabilized.MP4,399
source_train,data/raw/NVD/annotated_videos/2022-12-02_Asjo_01_stabilized/2022-12-02 Asjo 01_stabilized.MP4,402
source_train,data/raw/NVD/annotated_videos/2022-12-02_Asjo_01_stabilized/2022-12-02 Asjo 01_stabilized.MP4,406
source_train,data/raw/NVD/annotated_videos/2022-12-02_Asjo_01_stabilized/2022-12-02 Asjo 01_stabilized.MP4,409
source_train,data/raw/NVD/annotated_videos/2022-12-02_Asjo_01_stabilized/2022-12-02 Asjo 01_stabilized.MP4,412
source_train,data/raw/NVD/annotated_videos/2022-12-02_Asjo_01_stabilized/2022-12-02 Asjo 01_stabilized.MP4,416
source_train,data/raw/NVD/annotated_videos/2022-12-02_Asjo_01_stabilized/2022-12-02 Asjo 01_stabilized.MP4,419
source_train,data/raw/NVD/annotated_videos/2022-12-02_Asjo_01_stabilized/2022-12-02 Asjo 01_stabilized.MP4,423
source_train,data/raw/NVD/annotated_videos/2022-12-02_Asjo_01_stabilized/2022-12-02 Asjo 01_stabilized.MP4,426
source_train,data/raw/NVD/annotated_videos/2022-12-02_Asjo_01_stabilized/2022-12-02 Asjo 01_stabilized.MP4,429
source_train,data/raw/NVD/annotated_videos/2022-12-02_Asjo_01_stabilized/2022-12-02 Asjo 01_stabilized.MP4,433
source_train,data/raw/NVD/annotated_videos/2022-12-02_Asjo_01_stabilized/2022-12-02 Asjo 01_stabilized.MP4,436
source_train,data/raw/NVD/annotated_videos/2022-12-02_Asjo_01_stabilized/2022-12-02 Asjo 01_stabilized.MP4,440
source_train,data/raw/NVD/annotated_videos/2022-12-02_Asjo_01_stabilized/2022-12-02 Asjo 01_stabilized.MP4,443
source_train,data/raw/NVD/annotated_videos/2022-12-02_Asjo_01_stabilized/2022-12-02 Asjo 01_stabilized.MP4,446
source_train,data/raw/NVD/annotated_videos/2022-12-02_Asjo_01_stabilized/2022-12-02 Asjo 01_stabilized.MP4,450
source_train,data/raw/NVD/annotated_videos/2022-12-02_Asjo_01_stabilized/2022-12-02 Asjo 01_stabilized.MP4,453
source_train,data/raw/NVD/annotated_videos/2022-12-02_Asjo_01_stabilized/2022-12-02 Asjo 01_stabilized.MP4,456
source_train,data/raw/NVD/annotated_videos/2022-12-02_Asjo_01_stabilized/2022-12-02 Asjo 01_stabilized.MP4,460
source_train,data/raw/NVD/annotated_videos/2022-12-02_Asjo_01_stabilized/2022-12-02 Asjo 01_stabilized.MP4,463
source_train,data/raw/NVD/annotated_videos/2022-12-02_Asjo_01_stabilized/2022-12-02 Asjo 01_stabilized.MP4,467
source_train,data/raw/NVD/annotated_videos/2022-12-02_Asjo_01_stabilized/2022-12-02 Asjo 01_stabilized.MP4,470
source_train,data/raw/NVD/annotated_videos/2022-12-02_Asjo_01_stabilized/2022-12-02 Asjo 01_stabilized.MP4,473
source_train,data/raw/NVD/annotated_videos/2022-12-02_Asjo_01_stabilized/2022-12-02 Asjo 01_stabilized.MP4,477
source_train,data/raw/NVD/annotated_videos/2022-12-02_Asjo_01_stabilized/2022-12-02 Asjo 01_stabilized.MP4,480
source_train,data/raw/NVD/annotated_videos/2022-12-02_Asjo_01_stabilized/2022-12-02 Asjo 01_stabilized.MP4,484
source_train,data/raw/NVD/annotated_videos/2022-12-02_Asjo_01_stabilized/2022-12-02 Asjo 01_stabilized.MP4,487
source_train,data/raw/NVD/annotated_videos/2022-12-02_Asjo_01_stabilized/2022-12-02 Asjo 01_stabilized.MP4,490
source_train,data/raw/NVD/annotated_videos/2022-12-02_Asjo_01_stabilized/2022-12-02 Asjo 01_stabilized.MP4,494
source_train,data/raw/NVD/annotated_videos/2022-12-02_Asjo_01_stabilized/2022-12-02 Asjo 01_stabilized.MP4,497
source_train,data/raw/NVD/annotated_videos/2022-12-02_Asjo_01_stabilized/2022-12-02 Asjo 01_stabilized.MP4,500
source_train,data/raw/NVD/annotated_videos/2022-12-02_Asjo_01_stabilized/2022-12-02 Asjo 01_stabilized.MP4,504
source_train,data/raw/NVD/annotated_videos/2022-12-02_Asjo_01_stabilized/2022-12-02 Asjo 01_stabilized.MP4,507
source_train,data/raw/NVD/annotated_videos/2022-12-02_Asjo_01_stabilized/2022-12-02 Asjo 01_stabilized.MP4,511
source_train,data/raw/NVD/annotated_videos/2022-12-02_Asjo_01_stabilized/2022-12-02 Asjo 01_stabilized.MP4,514
source_train,data/raw/NVD/annotated_videos/2022-12-02_Asjo_01_stabilized/2022-12-02 Asjo 01_stabilized.MP4,517
source_train,data/raw/NVD/annotated_videos/2022-12-02_Asjo_01_stabilized/2022-12-02 Asjo 01_stabilized.MP4,521
source_train,data/raw/NVD/annotated_videos/2022-12-02_Asjo_01_stabilized/2022-12-02 Asjo 01_stabilized.MP4,524
source_train,data/raw/NVD/annotated_videos/2022-12-02_Asjo_01_stabilized/2022-12-02 Asjo 01_stabilized.MP4,528
source_train,data/raw/NVD/annotated_videos/2022-12-02_Asjo_01_stabilized/2022-12-02 Asjo 01_stabilized.MP4,531
source_train,data/raw/NVD/annotated_videos/2022-12-02_Asjo_01_stabilized/2022-12-02 Asjo 01_stabilized.MP4,534
source_train,data/raw/NVD/annotated_videos/2022-12-02_Asjo_01_stabilized/2022-12-02 Asjo 01_stabilized.MP4,538
source_train,data/raw/NVD/annotated_videos/2022-12-02_Asjo_01_stabilized/2022-12-02 Asjo 01_stabilized.MP4,541
source_train,data/raw/NVD/annotated_videos/2022-12-02_Asjo_01_stabilized/2022-12-02 Asjo 01_stabilized.MP4,544
source_train,data/raw/NVD/annotated_videos/2022-12-02_Asjo_01_stabilized/2022-12-02 Asjo 01_stabilized.MP4,548
source_train,data/raw/NVD/annotated_videos/2022-12-02_Asjo_01_stabilized/2022-12-02 Asjo 01_stabilized.MP4,551
source_train,data/raw/NVD/annotated_videos/2022-12-02_Asjo_01_stabilized/2022-12-02 Asjo 01_stabilized.MP4,555
source_train,data/raw/NVD/annotated_videos/2022-12-02_Asjo_01_stabilized/2022-12-02 Asjo 01_stabilized.MP4,558
source_train,data/raw/NVD/annotated_videos/2022-12-02_Asjo_01_stabilized/2022-12-02 Asjo 01_stabilized.MP4,561
source_train,data/raw/NVD/annotated_videos/2022-12-02_Asjo_01_stabilized/2022-12-02 Asjo 01_stabilized.MP4,565
source_train,data/raw/NVD/annotated_videos/2022-12-02_Asjo_01_stabilized/2022-12-02 Asjo 01_stabilized.MP4,568
source_train,data/raw/NVD/annotated_videos/2022-12-02_Asjo_01_stabilized/2022-12-02 Asjo 01_stabilized.MP4,572
source_train,data/raw/NVD/annotated_videos/2022-12-02_Asjo_01_stabilized/2022-12-02 Asjo 01_stabilized.MP4,575
source_train,data/raw/NVD/annotated_videos/2022-12-02_Asjo_01_stabilized/2022-12-02 Asjo 01_stabilized.MP4,578
source_train,data/raw/NVD/annotated_videos/2022-12-02_Asjo_01_stabilized/2022-12-02 Asjo 01_stabilized.MP4,582
source_train,data/raw/NVD/annotated_videos/2022-12-02_Asjo_01_stabilized/2022-12-02 Asjo 01_stabilized.MP4,585
source_train,data/raw/NVD/annotated_videos/2022-12-02_Asjo_01_stabilized/2022-12-02 Asjo 01_stabilized.MP4,588
source_train,data/raw/NVD/annotated_videos/2022-12-02_Asjo_01_stabilized/2022-12-02 Asjo 01_stabilized.MP4,592
source_train,data/raw/NVD/annotated_videos/2022-12-02_Asjo_01_stabilized/2022-12-02 Asjo 01_stabilized.MP4,595
source_train,data/raw/NVD/annotated_videos/2022-12-02_Asjo_01_stabilized/2022-12-02 Asjo 01_stabilized.MP4,599
source_train,data/raw/NVD/annotated_videos/2022-12-02_Asjo_01_stabilized/2022-12-02 Asjo 01_stabilized.MP4,602
source_train,data/raw/NVD/annotated_videos/2022-12-02_Asjo_01_stabilized/2022-12-02 Asjo 01_stabilized.MP4,605
source_train,data/raw/NVD/annotated_videos/2022-12-02_Asjo_01_stabilized/2022-12-02 Asjo 01_stabilized.MP4,609
source_train,data/raw/NVD/annotated_videos/2022-12-02_Asjo_01_stabilized/2022-12-02 Asjo 01_stabilized.MP4,612
source_train,data/raw/NVD/annotated_videos/2022-12-02_Asjo_01_stabilized/2022-12-02 Asjo 01_stabilized.MP4,616
source_train,data/raw/NVD/annotated_videos/2022-12-02_Asjo_01_stabilized/2022-12-02 Asjo 01_stabilized.MP4,619
source_train,data/raw/NVD/annotated_videos/2022-12-02_Asjo_01_stabilized/2022-12-02 Asjo 01_stabilized.MP4,622
source_train,data/raw/NVD/annotated_videos/2022-12-02_Asjo_01_stabilized/2022-12-02 Asjo 01_stabilized.MP4,626
source_train,data/raw/NVD/annotated_videos/2022-12-02_Asjo_01_stabilized/2022-12-02 Asjo 01_stabilized.MP4,629
source_train,data/raw/NVD/annotated_videos/2022-12-02_Asjo_01_stabilized/2022-12-02 Asjo 01_stabilized.MP4,632
source_train,data/raw/NVD/annotated_videos/2022-12-02_Asjo_01_stabilized/2022-12-02 Asjo 01_stabilized.MP4,636
source_train,data/raw/NVD/annotated_videos/2022-12-02_Asjo_01_stabilized/2022-12-02 Asjo 01_stabilized.MP4,639
source_train,data/raw/NVD/annotated_videos/2022-12-02_Asjo_01_stabilized/2022-12-02 Asjo 01_stabilized.MP4,643
source_train,data/raw/NVD/annotated_videos/2022-12-02_Asjo_01_stabilized/2022-12-02 Asjo 01_stabilized.MP4,646
source_train,data/raw/NVD/annotated_videos/2022-12-02_Asjo_01_stabilized/2022-12-02 Asjo 01_stabilized.MP4,649
source_train,data/raw/NVD/annotated_videos/2022-12-02_Asjo_01_stabilized/2022-12-02 Asjo 01_stabilized.MP4,653
source_train,data/raw/NVD/annotated_videos/2022-12-02_Asjo_01_stabilized/2022-12-02 Asjo 01_stabilized.MP4,656
source_train,data/raw/NVD/annotated_videos/2022-12-02_Asjo_01_stabilized/2022-12-02 Asjo 01_stabilized.MP4,660
source_train,data/raw/NVD/annotated_videos/2022-12-02_Asjo_01_stabilized/2022-12-02 Asjo 01_stabilized.MP4,663
source_train,data/raw/NVD/annotated_videos/2022-12-02_Asjo_01_stabilized/2022-12-02 Asjo 01_stabilized.MP4,666
source_train,data/raw/NVD/annotated_videos/2022-12-02_Asjo_01_stabilized/2022-12-02 Asjo 01_stabilized.MP4,670
source_train,data/raw/NVD/annotated_videos/2022-12-02_Asjo_01_stabilized/2022-12-02 Asjo 01_stabilized.MP4,673
source_train,data/raw/NVD/annotated_videos/2022-12-02_Asjo_01_stabilized/2022-12-02 Asjo 01_stabilized.MP4,676
source_train,data/raw/NVD/annotated_videos/2022-12-02_Asjo_01_stabilized/2022-12-02 Asjo 01_stabilized.MP4,680
source_train,data/raw/NVD/annotated_videos/2022-12-02_Asjo_01_stabilized/2022-12-02 Asjo 01_stabilized.MP4,683
source_train,data/raw/NVD/annotated_videos/2022-12-02_Asjo_01_stabilized/2022-12-02 Asjo 01_stabilized.MP4,687
source_train,data/raw/NVD/annotated_videos/2022-12-02_Asjo_01_stabilized/2022-12-02 Asjo 01_stabilized.MP4,690
source_train,data/raw/NVD/annotated_videos/2022-12-02_Asjo_01_stabilized/2022-12-02 Asjo 01_stabilized.MP4,693
source_train,data/raw/NVD/annotated_videos/2022-12-02_Asjo_01_stabilized/2022-12-02 Asjo 01_stabilized.MP4,697
source_train,data/raw/NVD/annotated_videos/2022-12-02_Asjo_01_stabilized/2022-12-02 Asjo 01_stabilized.MP4,700
source_train,data/raw/NVD/annotated_videos/2022-12-02_Asjo_01_stabilized/2022-12-02 Asjo 01_stabilized.MP4,704
source_train,data/raw/NVD/annotated_videos/2022-12-02_Asjo_01_stabilized/2022-12-02 Asjo 01_stabilized.MP4,707
source_train,data/raw/NVD/annotated_videos/2022-12-02_Asjo_01_stabilized/2022-12-02 Asjo 01_stabilized.MP4,710
source_train,data/raw/NVD/annotated_videos/2022-12-02_Asjo_01_stabilized/2022-12-02 Asjo 01_stabilized.MP4,714
source_train,data/raw/NVD/annotated_videos/2022-12-02_Asjo_01_stabilized/2022-12-02 Asjo 01_stabilized.MP4,717
source_train,data/raw/NVD/annotated_videos/2022-12-02_Asjo_01_stabilized/2022-12-02 Asjo 01_stabilized.MP4,720
source_train,data/raw/NVD/annotated_videos/2022-12-02_Asjo_01_stabilized/2022-12-02 Asjo 01_stabilized.MP4,724
source_train,data/raw/NVD/annotated_videos/2022-12-02_Asjo_01_stabilized/2022-12-02 Asjo 01_stabilized.MP4,727
source_train,data/raw/NVD/annotated_videos/2022-12-02_Asjo_01_stabilized/2022-12-02 Asjo 01_stabilized.MP4,731
source_train,data/raw/NVD/annotated_videos/2022-12-02_Asjo_01_stabilized/2022-12-02 Asjo 01_stabilized.MP4,734
source_train,data/raw/NVD/annotated_videos/2022-12-02_Asjo_01_stabilized/2022-12-02 Asjo 01_stabilized.MP4,737
source_train,data/raw/NVD/annotated_videos/2022-12-02_Asjo_01_stabilized/2022-12-02 Asjo 01_stabilized.MP4,741
source_train,data/raw/NVD/annotated_videos/2022-12-02_Asjo_01_stabilized/2022-12-02 Asjo 01_stabilized.MP4,744
source_train,data/raw/NVD/annotated_videos/2022-12-02_Asjo_01_stabilized/2022-12-02 Asjo 01_stabilized.MP4,748
source_train,data/raw/NVD/annotated_videos/2022-12-02_Asjo_01_stabilized/2022-12-02 Asjo 01_stabilized.MP4,751
source_train,data/raw/NVD/annotated_videos/2022-12-02_Asjo_01_stabilized/2022-12-02 Asjo 01_stabilized.MP4,754
source_train,data/raw/NVD/annotated_videos/2022-12-02_Asjo_01_stabilized/2022-12-02 Asjo 01_stabilized.MP4,758
source_train,data/raw/NVD/annotated_videos/2022-12-02_Asjo_01_stabilized/2022-12-02 Asjo 01_stabilized.MP4,761
source_train,data/raw/NVD/annotated_videos/2022-12-02_Asjo_01_stabilized/2022-12-02 Asjo 01_stabilized.MP4,764
source_train,data/raw/NVD/annotated_videos/2022-12-02_Asjo_01_stabilized/2022-12-02 Asjo 01_stabilized.MP4,768
source_train,data/raw/NVD/annotated_videos/2022-12-02_Asjo_01_stabilized/2022-12-02 Asjo 01_stabilized.MP4,771
source_train,data/raw/NVD/annotated_videos/2022-12-02_Asjo_01_stabilized/2022-12-02 Asjo 01_stabilized.MP4,775
source_train,data/raw/NVD/annotated_videos/2022-12-02_Asjo_01_stabilized/2022-12-02 Asjo 01_stabilized.MP4,778
source_train,data/raw/NVD/annotated_videos/2022-12-02_Asjo_01_stabilized/2022-12-02 Asjo 01_stabilized.MP4,781
source_train,data/raw/NVD/annotated_videos/2022-12-02_Asjo_01_stabilized/2022-12-02 Asjo 01_stabilized.MP4,785
source_train,data/raw/NVD/annotated_videos/2022-12-02_Asjo_01_stabilized/2022-12-02 Asjo 01_stabilized.MP4,788
source_train,data/raw/NVD/annotated_videos/2022-12-02_Asjo_01_stabilized/2022-12-02 Asjo 01_stabilized.MP4,792
source_train,data/raw/NVD/annotated_videos/2022-12-02_Asjo_01_stabilized/2022-12-02 Asjo 01_stabilized.MP4,795
source_train,data/raw/NVD/annotated_videos/2022-12-02_Asjo_01_stabilized/2022-12-02 Asjo 01_stabilized.MP4,798
source_train,data/raw/NVD/annotated_videos/2022-12-02_Asjo_01_stabilized/2022-12-02 Asjo 01_stabilized.MP4,802
source_train,data/raw/NVD/annotated_videos/2022-12-02_Asjo_01_stabilized/2022-12-02 Asjo 01_stabilized.MP4,805
source_train,data/raw/NVD/annotated_videos/2022-12-02_Asjo_01_stabilized/2022-12-02 Asjo 01_stabilized.MP4,808
source_train,data/raw/NVD/annotated_videos/2022-12-02_Asjo_01_stabilized/2022-12-02 Asjo 01_stabilized.MP4,812
source_train,data/raw/NVD/annotated_videos/2022-12-02_Asjo_01_stabilized/2022-12-02 Asjo 01_stabilized.MP4,815
source_train,data/raw/NVD/annotated_videos/2022-12-02_Asjo_01_stabilized/2022-12-02 Asjo 01_stabilized.MP4,819
source_train,data/raw/NVD/annotated_videos/2022-12-02_Asjo_01_stabilized/2022-12-02 Asjo 01_stabilized.MP4,822
source_train,data/raw/NVD/annotated_videos/2022-12-02_Asjo_01_stabilized/2022-12-02 Asjo 01_stabilized.MP4,825
source_train,data/raw/NVD/annotated_videos/2022-12-02_Asjo_01_stabilized/2022-12-02 Asjo 01_stabilized.MP4,829
source_train,data/raw/NVD/annotated_videos/2022-12-02_Asjo_01_stabilized/2022-12-02 Asjo 01_stabilized.MP4,832
source_train,data/raw/NVD/annotated_videos/2022-12-02_Asjo_01_stabilized/2022-12-02 Asjo 01_stabilized.MP4,836
source_train,data/raw/NVD/annotated_videos/2022-12-02_Asjo_01_stabilized/2022-12-02 Asjo 01_stabilized.MP4,839
source_train,data/raw/NVD/annotated_videos/2022-12-02_Asjo_01_stabilized/2022-12-02 Asjo 01_stabilized.MP4,842
source_train,data/raw/NVD/annotated_videos/2022-12-02_Asjo_01_stabilized/2022-12-02 Asjo 01_stabilized.MP4,846
source_train,data/raw/NVD/annotated_videos/2022-12-02_Asjo_01_stabilized/2022-12-02 Asjo 01_stabilized.MP4,849
source_train,data/raw/NVD/annotated_videos/2022-12-02_Asjo_01_stabilized/2022-12-02 Asjo 01_stabilized.MP4,852
source_train,data/raw/NVD/annotated_videos/2022-12-02_Asjo_01_stabilized/2022-12-02 Asjo 01_stabilized.MP4,856
source_train,data/raw/NVD/annotated_videos/2022-12-02_Asjo_01_stabilized/2022-12-02 Asjo 01_stabilized.MP4,859
source_train,data/raw/NVD/annotated_videos/2022-12-02_Asjo_01_stabilized/2022-12-02 Asjo 01_stabilized.MP4,863
source_train,data/raw/NVD/annotated_videos/2022-12-02_Asjo_01_stabilized/2022-12-02 Asjo 01_stabilized.MP4,866
source_train,data/raw/NVD/annotated_videos/2022-12-02_Asjo_01_stabilized/2022-12-02 Asjo 01_stabilized.MP4,869
source_train,data/raw/NVD/annotated_videos/2022-12-02_Asjo_01_stabilized/2022-12-02 Asjo 01_stabilized.MP4,873
source_train,data/raw/NVD/annotated_videos/2022-12-02_Asjo_01_stabilized/2022-12-02 Asjo 01_stabilized.MP4,876
source_train,data/raw/NVD/annotated_videos/2022-12-02_Asjo_01_stabilized/2022-12-02 Asjo 01_stabilized.MP4,880
source_train,data/raw/NVD/annotated_videos/2022-12-02_Asjo_01_stabilized/2022-12-02 Asjo 01_stabilized.MP4,883
source_train,data/raw/NVD/annotated_videos/2022-12-02_Asjo_01_stabilized/2022-12-02 Asjo 01_stabilized.MP4,886
source_train,data/raw/NVD/annotated_videos/2022-12-02_Asjo_01_stabilized/2022-12-02 Asjo 01_stabilized.MP4,890
source_train,data/raw/NVD/annotated_videos/2022-12-02_Asjo_01_stabilized/2022-12-02 Asjo 01_stabilized.MP4,893
source_train,data/raw/NVD/annotated_videos/2022-12-02_Asjo_01_stabilized/2022-12-02 Asjo 01_stabilized.MP4,896
source_train,data/raw/NVD/annotated_videos/2022-12-02_Asjo_01_stabilized/2022-12-02 Asjo 01_stabilized.MP4,900
source_train,data/raw/NVD/annotated_videos/2022-12-02_Asjo_01_stabilized/2022-12-02 Asjo 01_stabilized.MP4,903
source_train,data/raw/NVD/annotated_videos/2022-12-02_Asjo_01_stabilized/2022-12-02 Asjo 01_stabilized.MP4,907
source_train,data/raw/NVD/annotated_videos/2022-12-02_Asjo_01_stabilized/2022-12-02 Asjo 01_stabilized.MP4,910
source_train,data/raw/NVD/annotated_videos/2022-12-02_Asjo_01_stabilized/2022-12-02 Asjo 01_stabilized.MP4,913
source_train,data/raw/NVD/annotated_videos/2022-12-02_Asjo_01_stabilized/2022-12-02 Asjo 01_stabilized.MP4,917
source_train,data/raw/NVD/annotated_videos/2022-12-02_Asjo_01_stabilized/2022-12-02 Asjo 01_stabilized.MP4,920
source_train,data/raw/NVD/annotated_videos/2022-12-02_Asjo_01_stabilized/2022-12-02 Asjo 01_stabilized.MP4,924
source_train,data/raw/NVD/annotated_videos/2022-12-02_Asjo_01_stabilized/2022-12-02 Asjo 01_stabilized.MP4,927
source_train,data/raw/NVD/annotated_videos/2022-12-02_Asjo_01_stabilized/2022-12-02 Asjo 01_stabilized.MP4,930
source_train,data/raw/NVD/annotated_videos/2022-12-02_Asjo_01_stabilized/2022-12-02 Asjo 01_stabilized.MP4,934
source_train,data/raw/NVD/annotated_videos/2022-12-02_Asjo_01_stabilized/2022-12-02 Asjo 01_stabilized.MP4,937
source_train,data/raw/NVD/annotated_videos/2022-12-02_Asjo_01_stabilized/2022-12-02 Asjo 01_stabilized.MP4,940
source_train,data/raw/NVD/annotated_videos/2022-12-02_Asjo_01_stabilized/2022-12-02 Asjo 01_stabilized.MP4,944
source_train,data/raw/NVD/annotated_videos/2022-12-02_Asjo_01_stabilized/2022-12-02 Asjo 01_stabilized.MP4,947
source_train,data/raw/NVD/annotated_videos/2022-12-02_Asjo_01_stabilized/2022-12-02 Asjo 01_stabilized.MP4,951
source_train,data/raw/NVD/annotated_videos/2022-12-02_Asjo_01_stabilized/2022-12-02 Asjo 01_stabilized.MP4,954
source_train,data/raw/NVD/annotated_videos/2022-12-02_Asjo_01_stabilized/2022-12-02 Asjo 01_stabilized.MP4,957
source_train,data/raw/NVD/annotated_videos/2022-12-02_Asjo_01_stabilized/2022-12-02 Asjo 01_stabilized.MP4,961
source_train,data/raw/NVD/annotated_videos/2022-12-02_Asjo_01_stabilized/2022-12-02 Asjo 01_stabilized.MP4,964
source_train,data/raw/NVD/annotated_videos/2022-12-02_Asjo_01_stabilized/2022-12-02 Asjo 01_stabilized.MP4,968
source_train,data/raw/NVD/annotated_videos/2022-12-02_Asjo_01_stabilized/2022-12-02 Asjo 01_stabilized.MP4,971
source_train,data/raw/NVD/annotated_videos/2022-12-02_Asjo_01_stabilized/2022-12-02 Asjo 01_stabilized.MP4,974
source_train,data/raw/NVD/annotated_videos/2022-12-02_Asjo_01_stabilized/2022-12-02 Asjo 01_stabilized.MP4,978
source_train,data/raw/NVD/annotated_videos/2022-12-02_Asjo_01_stabilized/2022-12-02 Asjo 01_stabilized.MP4,981
source_train,data/raw/NVD/annotated_videos/2022-12-02_Asjo_01_stabilized/2022-12-02 Asjo 01_stabilized.MP4,984
source_train,data/raw/NVD/annotated_videos/2022-12-02_Asjo_01_stabilized/2022-12-02 Asjo 01_stabilized.MP4,988
source_train,data/raw/NVD/annotated_videos/2022-12-02_Asjo_01_stabilized/2022-12-02 Asjo 01_stabilized.MP4,991
source_train,data/raw/NVD/annotated_videos/2022-12-02_Asjo_01_stabilized/2022-12-02 Asjo 01_stabilized.MP4,995
source_train,data/raw/NVD/annotated_videos/2022-12-02_Asjo_01_stabilized/2022-12-02 Asjo 01_stabilized.MP4,998
source_train,data/raw/NVD/annotated_videos/2022-12-02_Asjo_01_stabilized/2022-12-02 Asjo 01_stabilized.MP4,1001
source_train,data/raw/NVD/annotated_videos/2022-12-02_Asjo_01_stabilized/2022-12-02 Asjo 01_stabilized.MP4,1005
source_train,data/raw/NVD/annotated_videos/2022-12-02_Asjo_01_stabilized/2022-12-02 Asjo 01_stabilized.MP4,1008
source_train,data/raw/NVD/annotated_videos/2022-12-02_Asjo_01_stabilized/2022-12-02 Asjo 01_stabilized.MP4,1012
source_train,data/raw/NVD/annotated_videos/2022-12-02_Asjo_01_stabilized/2022-12-02 Asjo 01_stabilized.MP4,1015
source_train,data/raw/NVD/annotated_videos/2022-12-02_Asjo_01_stabilized/2022-12-02 Asjo 01_stabilized.MP4,1018
source_train,data/raw/NVD/annotated_videos/2022-12-02_Asjo_01_stabilized/2022-12-02 Asjo 01_stabilized.MP4,1022
source_train,data/raw/NVD/annotated_videos/2022-12-02_Asjo_01_stabilized/2022-12-02 Asjo 01_stabilized.MP4,1025
source_train,data/raw/NVD/annotated_videos/2022-12-02_Asjo_01_stabilized/2022-12-02 Asjo 01_stabilized.MP4,1029
source_train,data/raw/NVD/annotated_videos/2022-12-02_Asjo_01_stabilized/2022-12-02 Asjo 01_stabilized.MP4,1032
source_train,data/raw/NVD/annotated_videos/2022-12-02_Asjo_01_stabilized/2022-12-02 Asjo 01_stabilized.MP4,1035
source_train,data/raw/NVD/annotated_videos/2022-12-02_Asjo_01_stabilized/2022-12-02 Asjo 01_stabilized.MP4,1039
source_train,data/raw/NVD/annotated_videos/2022-12-02_Asjo_01_stabilized/2022-12-02 Asjo 01_stabilized.MP4,1042
source_train,data/raw/NVD/annotated_videos/2022-12-02_Asjo_01_stabilized/2022-12-02 Asjo 01_stabilized.MP4,1045
source_train,data/raw/NVD/annotated_videos/2022-12-02_Asjo_01_stabilized/2022-12-02 Asjo 01_stabilized.MP4,1049
source_train,data/raw/NVD/annotated_videos/2022-12-02_Asjo_01_stabilized/2022-12-02 Asjo 01_stabilized.MP4,1052
source_train,data/raw/NVD/annotated_videos/2022-12-02_Asjo_01_stabilized/2022-12-02 Asjo 01_stabilized.MP4,1056
source_train,data/raw/NVD/annotated_videos/2022-12-02_Asjo_01_stabilized/2022-12-02 Asjo 01_stabilized.MP4,1059
source_train,data/raw/NVD/annotated_videos/2022-12-02_Asjo_01_stabilized/2022-12-02 Asjo 01_stabilized.MP4,1062
source_train,data/raw/NVD/annotated_videos/2022-12-02_Asjo_01_stabilized/2022-12-02 Asjo 01_stabilized.MP4,1066
source_train,data/raw/NVD/annotated_videos/2022-12-02_Asjo_01_stabilized/2022-12-02 Asjo 01_stabilized.MP4,1069
source_train,data/raw/NVD/annotated_videos/2022-12-02_Asjo_01_stabilized/2022-12-02 Asjo 01_stabilized.MP4,1073
source_train,data/raw/NVD/annotated_videos/2022-12-02_Asjo_01_stabilized/2022-12-02 Asjo 01_stabilized.MP4,1076
source_train,data/raw/NVD/annotated_videos/2022-12-02_Asjo_01_stabilized/2022-12-02 Asjo 01_stabilized.MP4,1079
source_train,data/raw/NVD/annotated_videos/2022-12-02_Asjo_01_stabilized/2022-12-02 Asjo 01_stabilized.MP4,1083
source_train,data/raw/NVD/annotated_videos/2022-12-02_Asjo_01_stabilized/2022-12-02 Asjo 01_stabilized.MP4,1086
source_train,data/raw/NVD/annotated_videos/2022-12-02_Asjo_01_stabilized/2022-12-02 Asjo 01_stabilized.MP4,1089
source_train,data/raw/NVD/annotated_videos/2022-12-02_Asjo_01_stabilized/2022-12-02 Asjo 01_stabilized.MP4,1093
source_train,data/raw/NVD/annotated_videos/2022-12-02_Asjo_01_stabilized/2022-12-02 Asjo 01_stabilized.MP4,1096
source_train,data/raw/NVD/annotated_videos/2022-12-02_Asjo_01_stabilized/2022-12-02 Asjo 01_stabilized.MP4,1100
source_train,data/raw/NVD/annotated_videos/2022-12-02_Asjo_01_stabilized/2022-12-02 Asjo 01_stabilized.MP4,1103
source_train,data/raw/NVD/annotated_videos/2022-12-02_Asjo_01_stabilized/2022-12-02 Asjo 01_stabilized.MP4,1106
source_train,data/raw/NVD/annotated_videos/2022-12-02_Asjo_01_stabilized/2022-12-02 Asjo 01_stabilized.MP4,1110
source_train,data/raw/NVD/annotated_videos/2022-12-02_Asjo_01_stabilized/2022-12-02 Asjo 01_stabilized.MP4,1113
source_train,data/raw/NVD/annotated_videos/2022-12-02_Asjo_01_stabilized/2022-12-02 Asjo 01_stabilized.MP4,1117
source_train,data/raw/NVD/annotated_videos/2022-12-02_Asjo_01_stabilized/2022-12-02 Asjo 01_stabilized.MP4,1120
source_train,data/raw/NVD/annotated_videos/2022-12-02_Asjo_01_stabilized/2022-12-02 Asjo 01_stabilized.MP4,1123
source_train,data/raw/NVD/annotated_videos/2022-12-02_Asjo_01_stabilized/2022-12-02 Asjo 01_stabilized.MP4,1127
source_train,data/raw/NVD/annotated_videos/2022-12-02_Asjo_01_stabilized/2022-12-02 Asjo 01_stabilized.MP4,1130
source_train,data/raw/NVD/annotated_videos/2022-12-02_Asjo_01_stabilized/2022-12-02 Asjo 01_stabilized.MP4,1133
source_train,data/raw/NVD/annotated_videos/2022-12-02_Asjo_01_stabilized/2022-12-02 Asjo 01_stabilized.MP4,1137
source_train,data/raw/NVD/annotated_videos/2022-12-02_Asjo_01_stabilized/2022-12-02 Asjo 01_stabilized.MP4,1140
source_train,data/raw/NVD/annotated_videos/2022-12-02_Asjo_01_stabilized/2022-12-02 Asjo 01_stabilized.MP4,1144
source_train,data/raw/NVD/annotated_videos/2022-12-02_Asjo_01_stabilized/2022-12-02 Asjo 01_stabilized.MP4,1147
source_train,data/raw/NVD/annotated_videos/2022-12-02_Asjo_01_stabilized/2022-12-02 Asjo 01_stabilized.MP4,1150
source_train,data/raw/NVD/annotated_videos/2022-12-02_Asjo_01_stabilized/2022-12-02 Asjo 01_stabilized.MP4,1154
source_train,data/raw/NVD/annotated_videos/2022-12-02_Asjo_01_stabilized/2022-12-02 Asjo 01_stabilized.MP4,1157
source_train,data/raw/NVD/annotated_videos/2022-12-02_Asjo_01_stabilized/2022-12-02 Asjo 01_stabilized.MP4,1161
source_train,data/raw/NVD/annotated_videos/2022-12-02_Asjo_01_stabilized/2022-12-02 Asjo 01_stabilized.MP4,1164
source_train,data/raw/NVD/annotated_videos/2022-12-02_Asjo_01_stabilized/2022-12-02 Asjo 01_stabilized.MP4,1167
source_train,data/raw/NVD/annotated_videos/2022-12-02_Asjo_01_stabilized/2022-12-02 Asjo 01_stabilized.MP4,1171
source_train,data/raw/NVD/annotated_videos/2022-12-02_Asjo_01_stabilized/2022-12-02 Asjo 01_stabilized.MP4,1174
source_train,data/raw/NVD/annotated_videos/2022-12-02_Asjo_01_stabilized/2022-12-02 Asjo 01_stabilized.MP4,1177
source_train,data/raw/NVD/annotated_videos/2022-12-02_Asjo_01_stabilized/2022-12-02 Asjo 01_stabilized.MP4,1181
source_train,data/raw/NVD/annotated_videos/2022-12-02_Asjo_01_stabilized/2022-12-02 Asjo 01_stabilized.MP4,1184
source_train,data/raw/NVD/annotated_videos/2022-12-02_Asjo_01_stabilized/2022-12-02 Asjo 01_stabilized.MP4,1188
source_train,data/raw/NVD/annotated_videos/2022-12-02_Asjo_01_stabilized/2022-12-02 Asjo 01_stabilized.MP4,1191
source_train,data/raw/NVD/annotated_videos/2022-12-02_Asjo_01_stabilized/2022-12-02 Asjo 01_stabilized.MP4,1194
source_train,data/raw/NVD/annotated_videos/2022-12-02_Asjo_01_stabilized/2022-12-02 Asjo 01_stabilized.MP4,1198
source_train,data/raw/NVD/annotated_videos/2022-12-02_Asjo_01_stabilized/2022-12-02 Asjo 01_stabilized.MP4,1201
source_train,data/raw/NVD/annotated_videos/2022-12-02_Asjo_01_stabilized/2022-12-02 Asjo 01_stabilized.MP4,1205
source_train,data/raw/NVD/annotated_videos/2022-12-02_Asjo_01_stabilized/2022-12-02 Asjo 01_stabilized.MP4,1208
source_train,data/raw/NVD/annotated_videos/2022-12-02_Asjo_01_stabilized/2022-12-02 Asjo 01_stabilized.MP4,1211
source_train,data/raw/NVD/annotated_videos/2022-12-02_Asjo_01_stabilized/2022-12-02 Asjo 01_stabilized.MP4,1215
source_train,data/raw/NVD/annotated_videos/2022-12-02_Asjo_01_stabilized/2022-12-02 Asjo 01_stabilized.MP4,1218
source_train,data/raw/NVD/annotated_videos/2022-12-02_Asjo_01_stabilized/2022-12-02 Asjo 01_stabilized.MP4,1221
source_train,data/raw/NVD/annotated_videos/2022-12-02_Asjo_01_stabilized/2022-12-02 Asjo 01_stabilized.MP4,1225
source_train,data/raw/NVD/annotated_videos/2022-12-02_Asjo_01_stabilized/2022-12-02 Asjo 01_stabilized.MP4,1228
source_train,data/raw/NVD/annotated_videos/2022-12-02_Asjo_01_stabilized/2022-12-02 Asjo 01_stabilized.MP4,1232
source_train,data/raw/NVD/annotated_videos/2022-12-02_Asjo_01_stabilized/2022-12-02 Asjo 01_stabilized.MP4,1235
source_train,data/raw/NVD/annotated_videos/2022-12-02_Asjo_01_stabilized/2022-12-02 Asjo 01_stabilized.MP4,1238
source_train,data/raw/NVD/annotated_videos/2022-12-02_Asjo_01_stabilized/2022-12-02 Asjo 01_stabilized.MP4,1242
source_train,data/raw/NVD/annotated_videos/2022-12-02_Asjo_01_stabilized/2022-12-02 Asjo 01_stabilized.MP4,1245
source_train,data/raw/NVD/annotated_videos/2022-12-02_Asjo_01_stabilized/2022-12-02 Asjo 01_stabilized.MP4,1249
source_train,data/raw/NVD/annotated_videos/2022-12-02_Asjo_01_stabilized/2022-12-02 Asjo 01_stabilized.MP4,1252
source_train,data/raw/NVD/annotated_videos/2022-12-02_Asjo_01_stabilized/2022-12-02 Asjo 01_stabilized.MP4,1255
source_train,data/raw/NVD/annotated_videos/2022-12-02_Asjo_01_stabilized/2022-12-02 Asjo 01_stabilized.MP4,1259
source_train,data/raw/NVD/annotated_videos/2022-12-02_Asjo_01_stabilized/2022-12-02 Asjo 01_stabilized.MP4,1262
source_train,data/raw/NVD/annotated_videos/2022-12-02_Asjo_01_stabilized/2022-12-02 Asjo 01_stabilized.MP4,1265
source_train,data/raw/NVD/annotated_videos/2022-12-02_Asjo_01_stabilized/2022-12-02 Asjo 01_stabilized.MP4,1269
source_train,data/raw/NVD/annotated_videos/2022-12-02_Asjo_01_stabilized/2022-12-02 Asjo 01_stabilized.MP4,1272
source_train,data/raw/NVD/annotated_videos/2022-12-02_Asjo_01_stabilized/2022-12-02 Asjo 01_stabilized.MP4,1276
source_train,data/raw/NVD/annotated_videos/2022-12-02_Asjo_01_stabilized/2022-12-02 Asjo 01_stabilized.MP4,1279
source_train,data/raw/NVD/annotated_videos/2022-12-02_Asjo_01_stabilized/2022-12-02 Asjo 01_stabilized.MP4,1282
source_train,data/raw/NVD/annotated_videos/2022-12-02_Asjo_01_stabilized/2022-12-02 Asjo 01_stabilized.MP4,1286
source_train,data/raw/NVD/annotated_videos/2022-12-02_Asjo_01_stabilized/2022-12-02 Asjo 01_stabilized.MP4,1289
source_train,data/raw/NVD/annotated_videos/2022-12-02_Asjo_01_stabilized/2022-12-02 Asjo 01_stabilized.MP4,1293
source_train,data/raw/NVD/annotated_videos/2022-12-02_Asjo_01_stabilized/2022-12-02 Asjo 01_stabilized.MP4,1296
source_train,data/raw/NVD/annotated_videos/2022-12-02_Asjo_01_stabilized/2022-12-02 Asjo 01_stabilized.MP4,1299
source_train,data/raw/NVD/annotated_videos/2022-12-02_Asjo_01_stabilized/2022-12-02 Asjo 01_stabilized.MP4,1303
source_train,data/raw/NVD/annotated_videos/2022-12-02_Asjo_01_stabilized/2022-12-02 Asjo 01_stabilized.MP4,1306
source_train,data/raw/NVD/annotated_videos/2022-12-02_Asjo_01_stabilized/2022-12-02 Asjo 01_stabilized.MP4,1309
source_train,data/raw/NVD/annotated_videos/2022-12-02_Asjo_01_stabilized/2022-12-02 Asjo 01_stabilized.MP4,1313
source_train,data/raw/NVD/annotated_videos/2022-12-02_Asjo_01_stabilized/2022-12-02 Asjo 01_stabilized.MP4,1316
source_train,data/raw/NVD/annotated_videos/2022-12-02_Asjo_01_stabilized/2022-12-02 Asjo 01_stabilized.MP4,1320
source_train,data/raw/NVD/annotated_videos/2022-12-02_Asjo_01_stabilized/2022-12-02 Asjo 01_stabilized.MP4,1323
source_train,data/raw/NVD/annotated_videos/2022-12-02_Asjo_01_stabilized/2022-12-02 Asjo 01_stabilized.MP4,1326
source_train,data/raw/NVD/annotated_videos/2022-12-02_Asjo_01_stabilized/2022-12-02 Asjo 01_stabilized.MP4,1330
source_train,data/raw/NVD/annotated_videos/2022-12-02_Asjo_01_stabilized/2022-12-02 Asjo 01_stabilized.MP4,1333
source_train,data/raw/NVD/annotated_videos/2022-12-02_Asjo_01_stabilized/2022-12-02 Asjo 01_stabilized.MP4,1337
source_train,data/raw/NVD/annotated_videos/2022-12-02_Asjo_01_stabilized/2022-12-02 Asjo 01_stabilized.MP4,1340
source_train,data/raw/NVD/annotated_videos/2022-12-02_Asjo_01_stabilized/2022-12-02 Asjo 01_stabilized.MP4,1343
source_train,data/raw/NVD/annotated_videos/2022-12-02_Asjo_01_stabilized/2022-12-02 Asjo 01_stabilized.MP4,1347
source_train,data/raw/NVD/annotated_videos/2022-12-02_Asjo_01_stabilized/2022-12-02 Asjo 01_stabilized.MP4,1350
source_train,data/raw/NVD/annotated_videos/2022-12-02_Asjo_01_stabilized/2022-12-02 Asjo 01_stabilized.MP4,1353
source_train,data/raw/NVD/annotated_videos/2022-12-02_Asjo_01_stabilized/2022-12-02 Asjo 01_stabilized.MP4,1357
source_train,data/raw/NVD/annotated_videos/2022-12-02_Asjo_01_stabilized/2022-12-02 Asjo 01_stabilized.MP4,1360
source_train,data/raw/NVD/annotated_videos/2022-12-02_Asjo_01_stabilized/2022-12-02 Asjo 01_stabilized.MP4,1364
source_train,data/raw/NVD/annotated_videos/2022-12-02_Asjo_01_stabilized/2022-12-02 Asjo 01_stabilized.MP4,1367
source_train,data/raw/NVD/annotated_videos/2022-12-02_Asjo_01_stabilized/2022-12-02 Asjo 01_stabilized.MP4,1370
source_train,data/raw/NVD/annotated_videos/2022-12-02_Asjo_01_stabilized/2022-12-02 Asjo 01_stabilized.MP4,1374
source_train,data/raw/NVD/annotated_videos/2022-12-02_Asjo_01_stabilized/2022-12-02 Asjo 01_stabilized.MP4,1377
source_train,data/raw/NVD/annotated_videos/2022-12-02_Asjo_01_stabilized/2022-12-02 Asjo 01_stabilized.MP4,1381
source_train,data/raw/NVD/annotated_videos/2022-12-02_Asjo_01_stabilized/2022-12-02 Asjo 01_stabilized.MP4,1384
source_train,data/raw/NVD/annotated_videos/2022-12-02_Asjo_01_stabilized/2022-12-02 Asjo 01_stabilized.MP4,1387
source_train,data/raw/NVD/annotated_videos/2022-12-02_Asjo_01_stabilized/2022-12-02 Asjo 01_stabilized.MP4,1391
source_train,data/raw/NVD/annotated_videos/2022-12-02_Asjo_01_stabilized/2022-12-02 Asjo 01_stabilized.MP4,1394
source_train,data/raw/NVD/annotated_videos/2022-12-02_Asjo_01_stabilized/2022-12-02 Asjo 01_stabilized.MP4,1397
source_train,data/raw/NVD/annotated_videos/2022-12-02_Asjo_01_stabilized/2022-12-02 Asjo 01_stabilized.MP4,1401
source_train,data/raw/NVD/annotated_videos/2022-12-02_Asjo_01_stabilized/2022-12-02 Asjo 01_stabilized.MP4,1404
source_train,data/raw/NVD/annotated_videos/2022-12-02_Asjo_01_stabilized/2022-12-02 Asjo 01_stabilized.MP4,1408
source_train,data/raw/NVD/annotated_videos/2022-12-02_Asjo_01_stabilized/2022-12-02 Asjo 01_stabilized.MP4,1411
source_train,data/raw/NVD/annotated_videos/2022-12-02_Asjo_01_stabilized/2022-12-02 Asjo 01_stabilized.MP4,1414
source_train,data/raw/NVD/annotated_videos/2022-12-02_Asjo_01_stabilized/2022-12-02 Asjo 01_stabilized.MP4,1418
source_train,data/raw/NVD/annotated_videos/2022-12-02_Asjo_01_stabilized/2022-12-02 Asjo 01_stabilized.MP4,1421
source_train,data/raw/NVD/annotated_videos/2022-12-02_Asjo_01_stabilized/2022-12-02 Asjo 01_stabilized.MP4,1425
source_train,data/raw/NVD/annotated_videos/2022-12-02_Asjo_01_stabilized/2022-12-02 Asjo 01_stabilized.MP4,1428
source_train,data/raw/NVD/annotated_videos/2022-12-02_Asjo_01_stabilized/2022-12-02 Asjo 01_stabilized.MP4,1431
source_train,data/raw/NVD/annotated_videos/2022-12-02_Asjo_01_stabilized/2022-12-02 Asjo 01_stabilized.MP4,1435
source_train,data/raw/NVD/annotated_videos/2022-12-02_Asjo_01_stabilized/2022-12-02 Asjo 01_stabilized.MP4,1438
source_train,data/raw/NVD/annotated_videos/2022-12-02_Asjo_01_stabilized/2022-12-02 Asjo 01_stabilized.MP4,1441
source_train,data/raw/NVD/annotated_videos/2022-12-02_Asjo_01_stabilized/2022-12-02 Asjo 01_stabilized.MP4,1445
source_train,data/raw/NVD/annotated_videos/2022-12-02_Asjo_01_stabilized/2022-12-02 Asjo 01_stabilized.MP4,1448
source_train,data/raw/NVD/annotated_videos/2022-12-02_Asjo_01_stabilized/2022-12-02 Asjo 01_stabilized.MP4,1452
source_train,data/raw/NVD/annotated_videos/2022-12-02_Asjo_01_stabilized/2022-12-02 Asjo 01_stabilized.MP4,1455
source_train,data/raw/NVD/annotated_videos/2022-12-02_Asjo_01_stabilized/2022-12-02 Asjo 01_stabilized.MP4,1458
source_train,data/raw/NVD/annotated_videos/2022-12-02_Asjo_01_stabilized/2022-12-02 Asjo 01_stabilized.MP4,1462
source_train,data/raw/NVD/annotated_videos/2022-12-02_Asjo_01_stabilized/2022-12-02 Asjo 01_stabilized.MP4,1465
source_train,data/raw/NVD/annotated_videos/2022-12-02_Asjo_01_stabilized/2022-12-02 Asjo 01_stabilized.MP4,1469
source_train,data/raw/NVD/annotated_videos/2022-12-02_Asjo_01_stabilized/2022-12-02 Asjo 01_stabilized.MP4,1472
source_train,data/raw/NVD/annotated_videos/2022-12-02_Asjo_01_stabilized/2022-12-02 Asjo 01_stabilized.MP4,1475
source_train,data/raw/NVD/annotated_videos/2022-12-02_Asjo_01_stabilized/2022-12-02 Asjo 01_stabilized.MP4,1479
source_train,data/raw/NVD/annotated_videos/2022-12-02_Asjo_01_stabilized/2022-12-02 Asjo 01_stabilized.MP4,1482
source_train,data/raw/NVD/annotated_videos/2022-12-02_Asjo_01_stabilized/2022-12-02 Asjo 01_stabilized.MP4,1485
source_train,data/raw/NVD/annotated_videos/2022-12-02_Asjo_01_stabilized/2022-12-02 Asjo 01_stabilized.MP4,1489
source_train,data/raw/NVD/annotated_videos/2022-12-02_Asjo_01_stabilized/2022-12-02 Asjo 01_stabilized.MP4,1492
source_train,data/raw/NVD/annotated_videos/2022-12-02_Asjo_01_stabilized/2022-12-02 Asjo 01_stabilized.MP4,1496
source_train,data/raw/NVD/annotated_videos/2022-12-02_Asjo_01_stabilized/2022-12-02 Asjo 01_stabilized.MP4,1499
source_train,data/raw/NVD/annotated_videos/2022-12-02_Asjo_01_stabilized/2022-12-02 Asjo 01_stabilized.MP4,1502
source_train,data/raw/NVD/annotated_videos/2022-12-02_Asjo_01_stabilized/2022-12-02 Asjo 01_stabilized.MP4,1506
source_train,data/raw/NVD/annotated_videos/2022-12-02_Asjo_01_stabilized/2022-12-02 Asjo 01_stabilized.MP4,1509
source_train,data/raw/NVD/annotated_videos/2022-12-02_Asjo_01_stabilized/2022-12-02 Asjo 01_stabilized.MP4,1513
source_train,data/raw/NVD/annotated_videos/2022-12-02_Asjo_01_stabilized/2022-12-02 Asjo 01_stabilized.MP4,1516
source_train,data/raw/NVD/annotated_videos/2022-12-02_Asjo_01_stabilized/2022-12-02 Asjo 01_stabilized.MP4,1519
source_train,data/raw/NVD/annotated_videos/2022-12-02_Asjo_01_stabilized/2022-12-02 Asjo 01_stabilized.MP4,1523
source_train,data/raw/NVD/annotated_videos/2022-12-02_Asjo_01_stabilized/2022-12-02 Asjo 01_stabilized.MP4,1526
source_train,data/raw/NVD/annotated_videos/2022-12-02_Asjo_01_stabilized/2022-12-02 Asjo 01_stabilized.MP4,1529
source_train,data/raw/NVD/annotated_videos/2022-12-02_Asjo_01_stabilized/2022-12-02 Asjo 01_stabilized.MP4,1533
source_train,data/raw/NVD/annotated_videos/2022-12-02_Asjo_01_stabilized/2022-12-02 Asjo 01_stabilized.MP4,1536
source_train,data/raw/NVD/annotated_videos/2022-12-02_Asjo_01_stabilized/2022-12-02 Asjo 01_stabilized.MP4,1540
source_train,data/raw/NVD/annotated_videos/2022-12-02_Asjo_01_stabilized/2022-12-02 Asjo 01_stabilized.MP4,1543
source_train,data/raw/NVD/annotated_videos/2022-12-02_Asjo_01_stabilized/2022-12-02 Asjo 01_stabilized.MP4,1546
source_train,data/raw/NVD/annotated_videos/2022-12-02_Asjo_01_stabilized/2022-12-02 Asjo 01_stabilized.MP4,1550
source_train,data/raw/NVD/annotated_videos/2022-12-02_Asjo_01_stabilized/2022-12-02 Asjo 01_stabilized.MP4,1553
source_train,data/raw/NVD/annotated_videos/2022-12-02_Asjo_01_stabilized/2022-12-02 Asjo 01_stabilized.MP4,1557
source_train,data/raw/NVD/annotated_videos/2022-12-02_Asjo_01_stabilized/2022-12-02 Asjo 01_stabilized.MP4,1560
source_train,data/raw/NVD/annotated_videos/2022-12-02_Asjo_01_stabilized/2022-12-02 Asjo 01_stabilized.MP4,1563
source_train,data/raw/NVD/annotated_videos/2022-12-02_Asjo_01_stabilized/2022-12-02 Asjo 01_stabilized.MP4,1567
source_train,data/raw/NVD/annotated_videos/2022-12-02_Asjo_01_stabilized/2022-12-02 Asjo 01_stabilized.MP4,1570
source_train,data/raw/NVD/annotated_videos/2022-12-02_Asjo_01_stabilized/2022-12-02 Asjo 01_stabilized.MP4,1573
source_train,data/raw/NVD/annotated_videos/2022-12-02_Asjo_01_stabilized/2022-12-02 Asjo 01_stabilized.MP4,1577
source_train,data/raw/NVD/annotated_videos/2022-12-02_Asjo_01_stabilized/2022-12-02 Asjo 01_stabilized.MP4,1580
source_train,data/raw/NVD/annotated_videos/2022-12-02_Asjo_01_stabilized/2022-12-02 Asjo 01_stabilized.MP4,1584
source_train,data/raw/NVD/annotated_videos/2022-12-02_Asjo_01_stabilized/2022-12-02 Asjo 01_stabilized.MP4,1587
source_train,data/raw/NVD/annotated_videos/2022-12-02_Asjo_01_stabilized/2022-12-02 Asjo 01_stabilized.MP4,1590
source_train,data/raw/NVD/annotated_videos/2022-12-02_Asjo_01_stabilized/2022-12-02 Asjo 01_stabilized.MP4,1594
source_train,data/raw/NVD/annotated_videos/2022-12-02_Asjo_01_stabilized/2022-12-02 Asjo 01_stabilized.MP4,1597
source_train,data/raw/NVD/annotated_videos/2022-12-02_Asjo_01_stabilized/2022-12-02 Asjo 01_stabilized.MP4,1601
source_train,data/raw/NVD/annotated_videos/2022-12-02_Asjo_01_stabilized/2022-12-02 Asjo 01_stabilized.MP4,1604
source_train,data/raw/NVD/annotated_videos/2022-12-02_Asjo_01_stabilized/2022-12-02 Asjo 01_stabilized.MP4,1607
source_train,data/raw/NVD/annotated_videos/2022-12-02_Asjo_01_stabilized/2022-12-02 Asjo 01_stabilized.MP4,1611
source_train,data/raw/NVD/annotated_videos/2022-12-02_Asjo_01_stabilized/2022-12-02 Asjo 01_stabilized.MP4,1614
source_train,data/raw/NVD/annotated_videos/2022-12-02_Asjo_01_stabilized/2022-12-02 Asjo 01_stabilized.MP4,1617
source_train,data/raw/NVD/annotated_videos/2022-12-02_Asjo_01_stabilized/2022-12-02 Asjo 01_stabilized.MP4,1621
source_train,data/raw/NVD/annotated_videos/2022-12-02_Asjo_01_stabilized/2022-12-02 Asjo 01_stabilized.MP4,1624
source_train,data/raw/NVD/annotated_videos/2022-12-02_Asjo_01_stabilized/2022-12-02 Asjo 01_stabilized.MP4,1628
source_train,data/raw/NVD/annotated_videos/2022-12-02_Asjo_01_stabilized/2022-12-02 Asjo 01_stabilized.MP4,1631
source_train,data/raw/NVD/annotated_videos/2022-12-02_Asjo_01_stabilized/2022-12-02 Asjo 01_stabilized.MP4,1634
source_train,data/raw/NVD/annotated_videos/2022-12-02_Asjo_01_stabilized/2022-12-02 Asjo 01_stabilized.MP4,1638
source_train,data/raw/NVD/annotated_videos/2022-12-02_Asjo_01_stabilized/2022-12-02 Asjo 01_stabilized.MP4,1641
source_train,data/raw/NVD/annotated_videos/2022-12-02_Asjo_01_stabilized/2022-12-02 Asjo 01_stabilized.MP4,1645
source_train,data/raw/NVD/annotated_videos/2022-12-02_Asjo_01_stabilized/2022-12-02 Asjo 01_stabilized.MP4,1648
source_train,data/raw/NVD/annotated_videos/2022-12-02_Asjo_01_stabilized/2022-12-02 Asjo 01_stabilized.MP4,1651
source_train,data/raw/NVD/annotated_videos/2022-12-02_Asjo_01_stabilized/2022-12-02 Asjo 01_stabilized.MP4,1655
source_train,data/raw/NVD/annotated_videos/2022-12-02_Asjo_01_stabilized/2022-12-02 Asjo 01_stabilized.MP4,1658
source_train,data/raw/NVD/annotated_videos/2022-12-02_Asjo_01_stabilized/2022-12-02 Asjo 01_stabilized.MP4,1661
source_train,data/raw/NVD/annotated_videos/2022-12-02_Asjo_01_stabilized/2022-12-02 Asjo 01_stabilized.MP4,1665
source_train,data/raw/NVD/annotated_videos/2022-12-02_Asjo_01_stabilized/2022-12-02 Asjo 01_stabilized.MP4,1668
source_train,data/raw/NVD/annotated_videos/2022-12-02_Asjo_01_stabilized/2022-12-02 Asjo 01_stabilized.MP4,1672
source_train,data/raw/NVD/annotated_videos/2022-12-02_Asjo_01_stabilized/2022-12-02 Asjo 01_stabilized.MP4,1675
source_train,data/raw/NVD/annotated_videos/2022-12-02_Asjo_01_stabilized/2022-12-02 Asjo 01_stabilized.MP4,1678
source_train,data/raw/NVD/annotated_videos/2022-12-02_Asjo_01_stabilized/2022-12-02 Asjo 01_stabilized.MP4,1682
source_train,data/raw/NVD/annotated_videos/2022-12-02_Asjo_01_stabilized/2022-12-02 Asjo 01_stabilized.MP4,1685
source_train,data/raw/NVD/annotated_videos/2022-12-02_Asjo_01_stabilized/2022-12-02 Asjo 01_stabilized.MP4,1689
source_train,data/raw/NVD/annotated_videos/2022-12-02_Asjo_01_stabilized/2022-12-02 Asjo 01_stabilized.MP4,1692
source_train,data/raw/NVD/annotated_videos/2022-12-02_Asjo_01_stabilized/2022-12-02 Asjo 01_stabilized.MP4,1695
source_train,data/raw/NVD/annotated_videos/2022-12-02_Asjo_01_stabilized/2022-12-02 Asjo 01_stabilized.MP4,1699
source_train,data/raw/NVD/annotated_videos/2022-12-02_Asjo_01_stabilized/2022-12-02 Asjo 01_stabilized.MP4,1702
source_train,data/raw/NVD/annotated_videos/2022-12-02_Asjo_01_stabilized/2022-12-02 Asjo 01_stabilized.MP4,1705
source_train,data/raw/NVD/annotated_videos/2022-12-02_Asjo_01_stabilized/2022-12-02 Asjo 01_stabilized.MP4,1709
source_train,data/raw/NVD/annotated_videos/2022-12-02_Asjo_01_stabilized/2022-12-02 Asjo 01_stabilized.MP4,1712
source_train,data/raw/NVD/annotated_videos/2022-12-02_Asjo_01_stabilized/2022-12-02 Asjo 01_stabilized.MP4,1716
source_train,data/raw/NVD/annotated_videos/2022-12-02_Asjo_01_stabilized/2022-12-02 Asjo 01_stabilized.MP4,1719
source_train,data/raw/NVD/annotated_videos/2022-12-02_Asjo_01_stabilized/2022-12-02 Asjo 01_stabilized.MP4,1722
source_train,data/raw/NVD/annotated_videos/2022-12-02_Asjo_01_stabilized/2022-12-02 Asjo 01_stabilized.MP4,1726
source_train,data/raw/NVD/annotated_videos/2022-12-02_Asjo_01_stabilized/2022-12-02 Asjo 01_stabilized.MP4,1729
source_train,data/raw/NVD/annotated_videos/2022-12-02_Asjo_01_stabilized/2022-12-02 Asjo 01_stabilized.MP4,1733
source_train,data/raw/NVD/annotated_videos/2022-12-02_Asjo_01_stabilized/2022-12-02 Asjo 01_stabilized.MP4,1736
source_train,data/raw/NVD/annotated_videos/2022-12-02_Asjo_01_stabilized/2022-12-02 Asjo 01_stabilized.MP4,1739
source_train,data/raw/NVD/annotated_videos/2022-12-02_Asjo_01_stabilized/2022-12-02 Asjo 01_stabilized.MP4,1743
source_train,data/raw/NVD/annotated_videos/2022-12-02_Asjo_01_stabilized/2022-12-02 Asjo 01_stabilized.MP4,1746
source_train,data/raw/NVD/annotated_videos/2022-12-02_Asjo_01_stabilized/2022-12-02 Asjo 01_stabilized.MP4,1749
source_train,data/raw/NVD/annotated_videos/2022-12-02_Asjo_01_stabilized/2022-12-02 Asjo 01_stabilized.MP4,1753
source_train,data/raw/NVD/annotated_videos/2022-12-02_Asjo_01_stabilized/2022-12-02 Asjo 01_stabilized.MP4,1756
source_train,data/raw/NVD/annotated_videos/2022-12-02_Asjo_01_stabilized/2022-12-02 Asjo 01_stabilized.MP4,1760
source_train,data/raw/NVD/annotated_videos/2022-12-02_Asjo_01_stabilized/2022-12-02 Asjo 01_stabilized.MP4,1763
source_train,data/raw/NVD/annotated_videos/2022-12-02_Asjo_01_stabilized/2022-12-02 Asjo 01_stabilized.MP4,1766
source_train,data/raw/NVD/annotated_videos/2022-12-02_Asjo_01_stabilized/2022-12-02 Asjo 01_stabilized.MP4,1770
source_train,data/raw/NVD/annotated_videos/2022-12-02_Asjo_01_stabilized/2022-12-02 Asjo 01_stabilized.MP4,1773
source_train,data/raw/NVD/annotated_videos/2022-12-02_Asjo_01_stabilized/2022-12-02 Asjo 01_stabilized.MP4,1777
source_train,data/raw/NVD/annotated_videos/2022-12-02_Asjo_01_stabilized/2022-12-02 Asjo 01_stabilized.MP4,1780
source_train,data/raw/NVD/annotated_videos/2022-12-02_Asjo_01_stabilized/2022-12-02 Asjo 01_stabilized.MP4,1783
source_train,data/raw/NVD/annotated_videos/2022-12-02_Asjo_01_stabilized/2022-12-02 Asjo 01_stabilized.MP4,1787
source_train,data/raw/NVD/annotated_videos/2022-12-02_Asjo_01_stabilized/2022-12-02 Asjo 01_stabilized.MP4,1790
source_train,data/raw/NVD/annotated_videos/2022-12-02_Asjo_01_stabilized/2022-12-02 Asjo 01_stabilized.MP4,1793
source_train,data/raw/NVD/annotated_videos/2022-12-02_Asjo_01_stabilized/2022-12-02 Asjo 01_stabilized.MP4,1797
source_train,data/raw/NVD/annotated_videos/2022-12-02_Asjo_01_stabilized/2022-12-02 Asjo 01_stabilized.MP4,1800
source_train,data/raw/NVD/annotated_videos/2022-12-02_Asjo_01_stabilized/2022-12-02 Asjo 01_stabilized.MP4,1804
source_train,data/raw/NVD/annotated_videos/2022-12-02_Asjo_01_stabilized/2022-12-02 Asjo 01_stabilized.MP4,1807
source_train,data/raw/NVD/annotated_videos/2022-12-02_Asjo_01_stabilized/2022-12-02 Asjo 01_stabilized.MP4,1810
source_train,data/raw/NVD/annotated_videos/2022-12-02_Asjo_01_stabilized/2022-12-02 Asjo 01_stabilized.MP4,1814
source_train,data/raw/NVD/annotated_videos/2022-12-02_Asjo_01_stabilized/2022-12-02 Asjo 01_stabilized.MP4,1817
source_train,data/raw/NVD/annotated_videos/2022-12-02_Asjo_01_stabilized/2022-12-02 Asjo 01_stabilized.MP4,1821
source_train,data/raw/NVD/annotated_videos/2022-12-02_Asjo_01_stabilized/2022-12-02 Asjo 01_stabilized.MP4,1824
source_train,data/raw/NVD/annotated_videos/2022-12-02_Asjo_01_stabilized/2022-12-02 Asjo 01_stabilized.MP4,1827
source_train,data/raw/NVD/annotated_videos/2022-12-02_Asjo_01_stabilized/2022-12-02 Asjo 01_stabilized.MP4,1831
source_train,data/raw/NVD/annotated_videos/2022-12-02_Asjo_01_stabilized/2022-12-02 Asjo 01_stabilized.MP4,1834
source_train,data/raw/NVD/annotated_videos/2022-12-02_Asjo_01_stabilized/2022-12-02 Asjo 01_stabilized.MP4,1837
source_train,data/raw/NVD/annotated_videos/2022-12-02_Asjo_01_stabilized/2022-12-02 Asjo 01_stabilized.MP4,1841
source_train,data/raw/NVD/annotated_videos/2022-12-02_Asjo_01_stabilized/2022-12-02 Asjo 01_stabilized.MP4,1844
source_train,data/raw/NVD/annotated_videos/2022-12-02_Asjo_01_stabilized/2022-12-02 Asjo 01_stabilized.MP4,1848
source_train,data/raw/NVD/annotated_videos/2022-12-02_Asjo_01_stabilized/2022-12-02 Asjo 01_stabilized.MP4,1851
source_train,data/raw/NVD/annotated_videos/2022-12-02_Asjo_01_stabilized/2022-12-02 Asjo 01_stabilized.MP4,1854
source_train,data/raw/NVD/annotated_videos/2022-12-02_Asjo_01_stabilized/2022-12-02 Asjo 01_stabilized.MP4,1858
source_train,data/raw/NVD/annotated_videos/2022-12-02_Asjo_01_stabilized/2022-12-02 Asjo 01_stabilized.MP4,1861
source_train,data/raw/NVD/annotated_videos/2022-12-02_Asjo_01_stabilized/2022-12-02 Asjo 01_stabilized.MP4,1865
source_train,data/raw/NVD/annotated_videos/2022-12-02_Asjo_01_stabilized/2022-12-02 Asjo 01_stabilized.MP4,1868
source_train,data/raw/NVD/annotated_videos/2022-12-02_Asjo_01_stabilized/2022-12-02 Asjo 01_stabilized.MP4,1871
source_train,data/raw/NVD/annotated_videos/2022-12-02_Asjo_01_stabilized/2022-12-02 Asjo 01_stabilized.MP4,1875
source_train,data/raw/NVD/annotated_videos/2022-12-02_Asjo_01_stabilized/2022-12-02 Asjo 01_stabilized.MP4,1878
source_train,data/raw/NVD/annotated_videos/2022-12-02_Asjo_01_stabilized/2022-12-02 Asjo 01_stabilized.MP4,1881
source_train,data/raw/NVD/annotated_videos/2022-12-02_Asjo_01_stabilized/2022-12-02 Asjo 01_stabilized.MP4,1885
source_train,data/raw/NVD/annotated_videos/2022-12-02_Asjo_01_stabilized/2022-12-02 Asjo 01_stabilized.MP4,1888
source_train,data/raw/NVD/annotated_videos/2022-12-02_Asjo_01_stabilized/2022-12-02 Asjo 01_stabilized.MP4,1892
source_train,data/raw/NVD/annotated_videos/2022-12-02_Asjo_01_stabilized/2022-12-02 Asjo 01_stabilized.MP4,1895
source_train,data/raw/NVD/annotated_videos/2022-12-02_Asjo_01_stabilized/2022-12-02 Asjo 01_stabilized.MP4,1898
source_train,data/raw/NVD/annotated_videos/2022-12-02_Asjo_01_stabilized/2022-12-02 Asjo 01_stabilized.MP4,1902
source_train,data/raw/NVD/annotated_videos/2022-12-02_Asjo_01_stabilized/2022-12-02 Asjo 01_stabilized.MP4,1905
source_train,data/raw/NVD/annotated_videos/2022-12-02_Asjo_01_stabilized/2022-12-02 Asjo 01_stabilized.MP4,1909
source_train,data/raw/NVD/annotated_videos/2022-12-02_Asjo_01_stabilized/2022-12-02 Asjo 01_stabilized.MP4,1912
source_train,data/raw/NVD/annotated_videos/2022-12-02_Asjo_01_stabilized/2022-12-02 Asjo 01_stabilized.MP4,1915
source_train,data/raw/NVD/annotated_videos/2022-12-02_Asjo_01_stabilized/2022-12-02 Asjo 01_stabilized.MP4,1919
source_train,data/raw/NVD/annotated_videos/2022-12-02_Asjo_01_stabilized/2022-12-02 Asjo 01_stabilized.MP4,1922
source_train,data/raw/NVD/annotated_videos/2022-12-02_Asjo_01_stabilized/2022-12-02 Asjo 01_stabilized.MP4,1925
source_train,data/raw/NVD/annotated_videos/2022-12-02_Asjo_01_stabilized/2022-12-02 Asjo 01_stabilized.MP4,1929
source_train,data/raw/NVD/annotated_videos/2022-12-02_Asjo_01_stabilized/2022-12-02 Asjo 01_stabilized.MP4,1932
source_train,data/raw/NVD/annotated_videos/2022-12-02_Asjo_01_stabilized/2022-12-02 Asjo 01_stabilized.MP4,1936
source_train,data/raw/NVD/annotated_videos/2022-12-02_Asjo_01_stabilized/2022-12-02 Asjo 01_stabilized.MP4,1939
source_train,data/raw/NVD/annotated_videos/2022-12-02_Asjo_01_stabilized/2022-12-02 Asjo 01_stabilized.MP4,1942
source_train,data/raw/NVD/annotated_videos/2022-12-02_Asjo_01_stabilized/2022-12-02 Asjo 01_stabilized.MP4,1946
source_train,data/raw/NVD/annotated_videos/2022-12-02_Asjo_01_stabilized/2022-12-02 Asjo 01_stabilized.MP4,1949
source_train,data/raw/NVD/annotated_videos/2022-12-02_Asjo_01_stabilized/2022-12-02 Asjo 01_stabilized.MP4,1953
source_train,data/raw/NVD/annotated_videos/2022-12-02_Asjo_01_stabilized/2022-12-02 Asjo 01_stabilized.MP4,1956
source_train,data/raw/NVD/annotated_videos/2022-12-02_Asjo_01_stabilized/2022-12-02 Asjo 01_stabilized.MP4,1959
source_train,data/raw/NVD/annotated_videos/2022-12-02_Asjo_01_stabilized/2022-12-02 Asjo 01_stabilized.MP4,1963
source_train,data/raw/NVD/annotated_videos/2022-12-02_Asjo_01_stabilized/2022-12-02 Asjo 01_stabilized.MP4,1966
source_train,data/raw/NVD/annotated_videos/2022-12-02_Asjo_01_stabilized/2022-12-02 Asjo 01_stabilized.MP4,1969
source_train,data/raw/NVD/annotated_videos/2022-12-02_Asjo_01_stabilized/2022-12-02 Asjo 01_stabilized.MP4,1973
source_train,data/raw/NVD/annotated_videos/2022-12-02_Asjo_01_stabilized/2022-12-02 Asjo 01_stabilized.MP4,1976
source_train,data/raw/NVD/annotated_videos/2022-12-02_Asjo_01_stabilized/2022-12-02 Asjo 01_stabilized.MP4,1980
source_train,data/raw/NVD/annotated_videos/2022-12-02_Asjo_01_stabilized/2022-12-02 Asjo 01_stabilized.MP4,1983
source_train,data/raw/NVD/annotated_videos/2022-12-02_Asjo_01_stabilized/2022-12-02 Asjo 01_stabilized.MP4,1986
source_train,data/raw/NVD/annotated_videos/2022-12-02_Asjo_01_stabilized/2022-12-02 Asjo 01_stabilized.MP4,1990
source_train,data/raw/NVD/annotated_videos/2022-12-02_Asjo_01_stabilized/2022-12-02 Asjo 01_stabilized.MP4,1993
source_train,data/raw/NVD/annotated_videos/2022-12-02_Asjo_01_stabilized/2022-12-02 Asjo 01_stabilized.MP4,1997
source_train,data/raw/NVD/annotated_videos/2022-12-02_Asjo_01_stabilized/2022-12-02 Asjo 01_stabilized.MP4,2000
source_train,data/raw/NVD/annotated_videos/2022-12-02_Asjo_01_stabilized/2022-12-02 Asjo 01_stabilized.MP4,2003
source_train,data/raw/NVD/annotated_videos/2022-12-02_Asjo_01_stabilized/2022-12-02 Asjo 01_stabilized.MP4,2007
source_train,data/raw/NVD/annotated_videos/2022-12-02_Asjo_01_stabilized/2022-12-02 Asjo 01_stabilized.MP4,2010
source_train,data/raw/NVD/annotated_videos/2022-12-02_Asjo_01_stabilized/2022-12-02 Asjo 01_stabilized.MP4,2013
source_train,data/raw/NVD/annotated_videos/2022-12-02_Asjo_01_stabilized/2022-12-02 Asjo 01_stabilized.MP4,2017
source_train,data/raw/NVD/annotated_videos/2022-12-02_Asjo_01_stabilized/2022-12-02 Asjo 01_stabilized.MP4,2020
source_train,data/raw/NVD/annotated_videos/2022-12-02_Asjo_01_stabilized/2022-12-02 Asjo 01_stabilized.MP4,2024
source_train,data/raw/NVD/annotated_videos/2022-12-02_Asjo_01_stabilized/2022-12-02 Asjo 01_stabilized.MP4,2027
source_train,data/raw/NVD/annotated_videos/2022-12-02_Asjo_01_stabilized/2022-12-02 Asjo 01_stabilized.MP4,2030
source_train,data/raw/NVD/annotated_videos/2022-12-02_Asjo_01_stabilized/2022-12-02 Asjo 01_stabilized.MP4,2034
source_train,data/raw/NVD/annotated_videos/2022-12-02_Asjo_01_stabilized/2022-12-02 Asjo 01_stabilized.MP4,2037
source_train,data/raw/NVD/annotated_videos/2022-12-02_Asjo_01_stabilized/2022-12-02 Asjo 01_stabilized.MP4,2041
source_train,data/raw/NVD/annotated_videos/2022-12-02_Asjo_01_stabilized/2022-12-02 Asjo 01_stabilized.MP4,2044
source_train,data/raw/NVD/annotated_videos/2022-12-02_Asjo_01_stabilized/2022-12-02 Asjo 01_stabilized.MP4,2047
source_train,data/raw/NVD/annotated_videos/2022-12-02_Asjo_01_stabilized/2022-12-02 Asjo 01_stabilized.MP4,2051
source_train,data/raw/NVD/annotated_videos/2022-12-02_Asjo_01_stabilized/2022-12-02 Asjo 01_stabilized.MP4,2054
source_train,data/raw/NVD/annotated_videos/2022-12-02_Asjo_01_stabilized/2022-12-02 Asjo 01_stabilized.MP4,2058
source_train,data/raw/NVD/annotated_videos/2022-12-02_Asjo_01_stabilized/2022-12-02 Asjo 01_stabilized.MP4,2061
source_train,data/raw/NVD/annotated_videos/2022-12-02_Asjo_01_stabilized/2022-12-02 Asjo 01_stabilized.MP4,2064
source_train,data/raw/NVD/annotated_videos/2022-12-02_Asjo_01_stabilized/2022-12-02 Asjo 01_stabilized.MP4,2068
source_train,data/raw/NVD/annotated_videos/2022-12-02_Asjo_01_stabilized/2022-12-02 Asjo 01_stabilized.MP4,2071
source_train,data/raw/NVD/annotated_videos/2022-12-02_Asjo_01_stabilized/2022-12-02 Asjo 01_stabilized.MP4,2074
source_train,data/raw/NVD/annotated_videos/2022-12-02_Asjo_01_stabilized/2022-12-02 Asjo 01_stabilized.MP4,2078
source_train,data/raw/NVD/annotated_videos/2022-12-02_Asjo_01_stabilized/2022-12-02 Asjo 01_stabilized.MP4,2081
source_train,data/raw/NVD/annotated_videos/2022-12-02_Asjo_01_stabilized/2022-12-02 Asjo 01_stabilized.MP4,2085
source_train,data/raw/NVD/annotated_videos/2022-12-02_Asjo_01_stabilized/2022-12-02 Asjo 01_stabilized.MP4,2088
source_train,data/raw/NVD/annotated_videos/2022-12-02_Asjo_01_stabilized/2022-12-02 Asjo 01_stabilized.MP4,2091
source_train,data/raw/NVD/annotated_videos/2022-12-02_Asjo_01_stabilized/2022-12-02 Asjo 01_stabilized.MP4,2095
source_train,data/raw/NVD/annotated_videos/2022-12-02_Asjo_01_stabilized/2022-12-02 Asjo 01_stabilized.MP4,2098
source_train,data/raw/NVD/annotated_videos/2022-12-02_Asjo_01_stabilized/2022-12-02 Asjo 01_stabilized.MP4,2102
source_train,data/raw/NVD/annotated_videos/2022-12-02_Asjo_01_stabilized/2022-12-02 Asjo 01_stabilized.MP4,2105
source_train,data/raw/NVD/annotated_videos/2022-12-02_Asjo_01_stabilized/2022-12-02 Asjo 01_stabilized.MP4,2108
source_train,data/raw/NVD/annotated_videos/2022-12-02_Asjo_01_stabilized/2022-12-02 Asjo 01_stabilized.MP4,2112
source_train,data/raw/NVD/annotated_videos/2022-12-02_Asjo_01_stabilized/2022-12-02 Asjo 01_stabilized.MP4,2115
source_train,data/raw/NVD/annotated_videos/2022-12-02_Asjo_01_stabilized/2022-12-02 Asjo 01_stabilized.MP4,2118
source_train,data/raw/NVD/annotated_videos/2022-12-02_Asjo_01_stabilized/2022-12-02 Asjo 01_stabilized.MP4,2122
source_train,data/raw/NVD/annotated_videos/2022-12-02_Asjo_01_stabilized/2022-12-02 Asjo 01_stabilized.MP4,2125
source_train,data/raw/NVD/annotated_videos/2022-12-02_Asjo_01_stabilized/2022-12-02 Asjo 01_stabilized.MP4,2129
source_train,data/raw/NVD/annotated_videos/2022-12-02_Asjo_01_stabilized/2022-12-02 Asjo 01_stabilized.MP4,2132
source_train,data/raw/NVD/annotated_videos/2022-12-02_Asjo_01_stabilized/2022-12-02 Asjo 01_stabilized.MP4,2135
source_train,data/raw/NVD/annotated_videos/2022-12-02_Asjo_01_stabilized/2022-12-02 Asjo 01_stabilized.MP4,2139
source_train,data/raw/NVD/annotated_videos/2022-12-02_Asjo_01_stabilized/2022-12-02 Asjo 01_stabilized.MP4,2142
source_train,data/raw/NVD/annotated_videos/2022-12-02_Asjo_01_stabilized/2022-12-02 Asjo 01_stabilized.MP4,2146
source_train,data/raw/NVD/annotated_videos/2022-12-02_Asjo_01_stabilized/2022-12-02 Asjo 01_stabilized.MP4,2149
source_train,data/raw/NVD/annotated_videos/2022-12-02_Asjo_01_stabilized/2022-12-02 Asjo 01_stabilized.MP4,2152
source_train,data/raw/NVD/annotated_videos/2022-12-02_Asjo_01_stabilized/2022-12-02 Asjo 01_stabilized.MP4,2156
source_train,data/raw/NVD/annotated_videos/2022-12-02_Asjo_01_stabilized/2022-12-02 Asjo 01_stabilized.MP4,2159
source_train,data/raw/NVD/annotated_videos/2022-12-02_Asjo_01_stabilized/2022-12-02 Asjo 01_stabilized.MP4,2162
source_train,data/raw/NVD/annotated_videos/2022-12-02_Asjo_01_stabilized/2022-12-02 Asjo 01_stabilized.MP4,2166
source_train,data/raw/NVD/annotated_videos/2022-12-02_Asjo_01_stabilized/2022-12-02 Asjo 01_stabilized.MP4,2169
source_train,data/raw/NVD/annotated_videos/2022-12-02_Asjo_01_stabilized/2022-12-02 Asjo 01_stabilized.MP4,2173
source_train,data/raw/NVD/annotated_videos/2022-12-02_Asjo_01_stabilized/2022-12-02 Asjo 01_stabilized.MP4,2176
source_train,data/raw/NVD/annotated_videos/2022-12-02_Asjo_01_stabilized/2022-12-02 Asjo 01_stabilized.MP4,2179
source_train,data/raw/NVD/annotated_videos/2022-12-02_Asjo_01_stabilized/2022-12-02 Asjo 01_stabilized.MP4,2183
source_train,data/raw/NVD/annotated_videos/2022-12-02_Asjo_01_stabilized/2022-12-02 Asjo 01_stabilized.MP4,2186
source_train,data/raw/NVD/annotated_videos/2022-12-02_Asjo_01_stabilized/2022-12-02 Asjo 01_stabilized.MP4,2190
source_train,data/raw/NVD/annotated_videos/2022-12-02_Asjo_01_stabilized/2022-12-02 Asjo 01_stabilized.MP4,2193
source_train,data/raw/NVD/annotated_videos/2022-12-02_Asjo_01_stabilized/2022-12-02 Asjo 01_stabilized.MP4,2196
source_train,data/raw/NVD/annotated_videos/2022-12-02_Asjo_01_stabilized/2022-12-02 Asjo 01_stabilized.MP4,2200
source_train,data/raw/NVD/annotated_videos/2022-12-02_Asjo_01_stabilized/2022-12-02 Asjo 01_stabilized.MP4,2203
source_train,data/raw/NVD/annotated_videos/2022-12-02_Asjo_01_stabilized/2022-12-02 Asjo 01_stabilized.MP4,2206
source_train,data/raw/NVD/annotated_videos/2022-12-02_Asjo_01_stabilized/2022-12-02 Asjo 01_stabilized.MP4,2210
source_train,data/raw/NVD/annotated_videos/2022-12-02_Asjo_01_stabilized/2022-12-02 Asjo 01_stabilized.MP4,2213
source_train,data/raw/NVD/annotated_videos/2022-12-02_Asjo_01_stabilized/2022-12-02 Asjo 01_stabilized.MP4,2217
source_train,data/raw/NVD/annotated_videos/2022-12-02_Asjo_01_stabilized/2022-12-02 Asjo 01_stabilized.MP4,2220
source_train,data/raw/NVD/annotated_videos/2022-12-02_Asjo_01_stabilized/2022-12-02 Asjo 01_stabilized.MP4,2223
source_train,data/raw/NVD/annotated_videos/2022-12-02_Asjo_01_stabilized/2022-12-02 Asjo 01_stabilized.MP4,2227
source_train,data/raw/NVD/annotated_videos/2022-12-02_Asjo_01_stabilized/2022-12-02 Asjo 01_stabilized.MP4,2230
source_train,data/raw/NVD/annotated_videos/2022-12-02_Asjo_01_stabilized/2022-12-02 Asjo 01_stabilized.MP4,2234
source_train,data/raw/NVD/annotated_videos/2022-12-02_Asjo_01_stabilized/2022-12-02 Asjo 01_stabilized.MP4,2237
source_train,data/raw/NVD/annotated_videos/2022-12-02_Asjo_01_stabilized/2022-12-02 Asjo 01_stabilized.MP4,2240
source_train,data/raw/NVD/annotated_videos/2022-12-02_Asjo_01_stabilized/2022-12-02 Asjo 01_stabilized.MP4,2244
source_train,data/raw/NVD/annotated_videos/2022-12-02_Asjo_01_stabilized/2022-12-02 Asjo 01_stabilized.MP4,2247
source_train,data/raw/NVD/annotated_videos/2022-12-02_Asjo_01_stabilized/2022-12-02 Asjo 01_stabilized.MP4,2250
source_train,data/raw/NVD/annotated_videos/2022-12-02_Asjo_01_stabilized/2022-12-02 Asjo 01_stabilized.MP4,2254
source_train,data/raw/NVD/annotated_videos/2022-12-02_Asjo_01_stabilized/2022-12-02 Asjo 01_stabilized.MP4,2257
source_train,data/raw/NVD/annotated_videos/2022-12-02_Asjo_01_stabilized/2022-12-02 Asjo 01_stabilized.MP4,2261
source_train,data/raw/NVD/annotated_videos/2022-12-02_Asjo_01_stabilized/2022-12-02 Asjo 01_stabilized.MP4,2264
source_train,data/raw/NVD/annotated_videos/2022-12-02_Asjo_01_stabilized/2022-12-02 Asjo 01_stabilized.MP4,2267
source_train,data/raw/NVD/annotated_videos/2022-12-02_Asjo_01_stabilized/2022-12-02 Asjo 01_stabilized.MP4,2271
source_train,data/raw/NVD/annotated_videos/2022-12-02_Asjo_01_stabilized/2022-12-02 Asjo 01_stabilized.MP4,2274
source_train,data/raw/NVD/annotated_videos/2022-12-02_Asjo_01_stabilized/2022-12-02 Asjo 01_stabilized.MP4,2278
source_train,data/raw/NVD/annotated_videos/2022-12-02_Asjo_01_stabilized/2022-12-02 Asjo 01_stabilized.MP4,2281
source_train,data/raw/NVD/annotated_videos/2022-12-02_Asjo_01_stabilized/2022-12-02 Asjo 01_stabilized.MP4,2284
source_train,data/raw/NVD/annotated_videos/2022-12-02_Asjo_01_stabilized/2022-12-02 Asjo 01_stabilized.MP4,2288
source_train,data/raw/NVD/annotated_videos/2022-12-02_Asjo_01_stabilized/2022-12-02 Asjo 01_stabilized.MP4,2291
source_train,data/raw/NVD/annotated_videos/2022-12-02_Asjo_01_stabilized/2022-12-02 Asjo 01_stabilized.MP4,2294
source_train,data/raw/NVD/annotated_videos/2022-12-02_Asjo_01_stabilized/2022-12-02 Asjo 01_stabilized.MP4,2298
source_train,data/raw/NVD/annotated_videos/2022-12-02_Asjo_01_stabilized/2022-12-02 Asjo 01_stabilized.MP4,2301
source_train,data/raw/NVD/annotated_videos/2022-12-02_Asjo_01_stabilized/2022-12-02 Asjo 01_stabilized.MP4,2305
source_train,data/raw/NVD/annotated_videos/2022-12-02_Asjo_01_stabilized/2022-12-02 Asjo 01_stabilized.MP4,2308
source_train,data/raw/NVD/annotated_videos/2022-12-02_Asjo_01_stabilized/2022-12-02 Asjo 01_stabilized.MP4,2311
source_train,data/raw/NVD/annotated_videos/2022-12-02_Asjo_01_stabilized/2022-12-02 Asjo 01_stabilized.MP4,2315
source_train,data/raw/NVD/annotated_videos/2022-12-02_Asjo_01_stabilized/2022-12-02 Asjo 01_stabilized.MP4,2318
source_train,data/raw/NVD/annotated_videos/2022-12-02_Asjo_01_stabilized/2022-12-02 Asjo 01_stabilized.MP4,2322
source_train,data/raw/NVD/annotated_videos/2022-12-02_Asjo_01_stabilized/2022-12-02 Asjo 01_stabilized.MP4,2325
source_train,data/raw/NVD/annotated_videos/2022-12-02_Asjo_01_stabilized/2022-12-02 Asjo 01_stabilized.MP4,2328
source_train,data/raw/NVD/annotated_videos/2022-12-02_Asjo_01_stabilized/2022-12-02 Asjo 01_stabilized.MP4,2332
source_train,data/raw/NVD/annotated_videos/2022-12-02_Asjo_01_stabilized/2022-12-02 Asjo 01_stabilized.MP4,2335
source_train,data/raw/NVD/annotated_videos/2022-12-02_Asjo_01_stabilized/2022-12-02 Asjo 01_stabilized.MP4,2338
source_train,data/raw/NVD/annotated_videos/2022-12-02_Asjo_01_stabilized/2022-12-02 Asjo 01_stabilized.MP4,2342
source_train,data/raw/NVD/annotated_videos/2022-12-02_Asjo_01_stabilized/2022-12-02 Asjo 01_stabilized.MP4,2345
source_train,data/raw/NVD/annotated_videos/2022-12-02_Asjo_01_stabilized/2022-12-02 Asjo 01_stabilized.MP4,2349
source_train,data/raw/NVD/annotated_videos/2022-12-02_Asjo_01_stabilized/2022-12-02 Asjo 01_stabilized.MP4,2352
source_train,data/raw/NVD/annotated_videos/2022-12-02_Asjo_01_stabilized/2022-12-02 Asjo 01_stabilized.MP4,2355
source_train,data/raw/NVD/annotated_videos/2022-12-02_Asjo_01_stabilized/2022-12-02 Asjo 01_stabilized.MP4,2359
source_train,data/raw/NVD/annotated_videos/2022-12-02_Asjo_01_stabilized/2022-12-02 Asjo 01_stabilized.MP4,2362
source_train,data/raw/NVD/annotated_videos/2022-12-02_Asjo_01_stabilized/2022-12-02 Asjo 01_stabilized.MP4,2366
source_train,data/raw/NVD/annotated_videos/2022-12-02_Asjo_01_stabilized/2022-12-02 Asjo 01_stabilized.MP4,2369
source_train,data/raw/NVD/annotated_videos/2022-12-02_Asjo_01_stabilized/2022-12-02 Asjo 01_stabilized.MP4,2372
source_train,data/raw/NVD/annotated_videos/2022-12-02_Asjo_01_stabilized/2022-12-02 Asjo 01_stabilized.MP4,2376
source_train,data/raw/NVD/annotated_videos/2022-12-02_Asjo_01_stabilized/2022-12-02 Asjo 01_stabilized.MP4,2379
source_train,data/raw/NVD/annotated_videos/2022-12-02_Asjo_01_stabilized/2022-12-02 Asjo 01_stabilized.MP4,2382
source_train,data/raw/NVD/annotated_videos/2022-12-02_Asjo_01_stabilized/2022-12-02 Asjo 01_stabilized.MP4,2386
source_train,data/raw/NVD/annotated_videos/2022-12-02_Asjo_01_stabilized/2022-12-02 Asjo 01_stabilized.MP4,2389
source_train,data/raw/NVD/annotated_videos/2022-12-02_Asjo_01_stabilized/2022-12-02 Asjo 01_stabilized.MP4,2393
source_train,data/raw/NVD/annotated_videos/2022-12-02_Asjo_01_stabilized/2022-12-02 Asjo 01_stabilized.MP4,2396
source_train,data/raw/NVD/annotated_videos/2022-12-02_Asjo_01_stabilized/2022-12-02 Asjo 01_stabilized.MP4,2399
source_train,data/raw/NVD/annotated_videos/2022-12-02_Asjo_01_stabilized/2022-12-02 Asjo 01_stabilized.MP4,2403
source_train,data/raw/NVD/annotated_videos/2022-12-02_Asjo_01_stabilized/2022-12-02 Asjo 01_stabilized.MP4,2406
source_train,data/raw/NVD/annotated_videos/2022-12-02_Asjo_01_stabilized/2022-12-02 Asjo 01_stabilized.MP4,2410
source_train,data/raw/NVD/annotated_videos/2022-12-02_Asjo_01_stabilized/2022-12-02 Asjo 01_stabilized.MP4,2413
source_train,data/raw/NVD/annotated_videos/2022-12-02_Asjo_01_stabilized/2022-12-02 Asjo 01_stabilized.MP4,2416
source_train,data/raw/NVD/annotated_videos/2022-12-02_Asjo_01_stabilized/2022-12-02 Asjo 01_stabilized.MP4,2420
source_train,data/raw/NVD/annotated_videos/2022-12-02_Asjo_01_stabilized/2022-12-02 Asjo 01_stabilized.MP4,2423
source_train,data/raw/NVD/annotated_videos/2022-12-02_Asjo_01_stabilized/2022-12-02 Asjo 01_stabilized.MP4,2426
source_train,data/raw/NVD/annotated_videos/2022-12-02_Asjo_01_stabilized/2022-12-02 Asjo 01_stabilized.MP4,2430
source_train,data/raw/NVD/annotated_videos/2022-12-02_Asjo_01_stabilized/2022-12-02 Asjo 01_stabilized.MP4,2433
source_train,data/raw/NVD/annotated_videos/2022-12-02_Asjo_01_stabilized/2022-12-02 Asjo 01_stabilized.MP4,2437
source_train,data/raw/NVD/annotated_videos/2022-12-02_Asjo_01_stabilized/2022-12-02 Asjo 01_stabilized.MP4,2440
source_train,data/raw/NVD/annotated_videos/2022-12-02_Asjo_01_stabilized/2022-12-02 Asjo 01_stabilized.MP4,2443
source_train,data/raw/NVD/annotated_videos/2022-12-02_Asjo_01_stabilized/2022-12-02 Asjo 01_stabilized.MP4,2447
source_train,data/raw/NVD/annotated_videos/2022-12-02_Asjo_01_stabilized/2022-12-02 Asjo 01_stabilized.MP4,2450
source_train,data/raw/NVD/annotated_videos/2022-12-02_Asjo_01_stabilized/2022-12-02 Asjo 01_stabilized.MP4,2454
source_train,data/raw/NVD/annotated_videos/2022-12-02_Asjo_01_stabilized/2022-12-02 Asjo 01_stabilized.MP4,2457
source_train,data/raw/NVD/annotated_videos/2022-12-02_Asjo_01_stabilized/2022-12-02 Asjo 01_stabilized.MP4,2460
source_train,data/raw/NVD/annotated_videos/2022-12-02_Asjo_01_stabilized/2022-12-02 Asjo 01_stabilized.MP4,2464
source_train,data/raw/NVD/annotated_videos/2022-12-02_Asjo_01_stabilized/2022-12-02 Asjo 01_stabilized.MP4,2467
source_train,data/raw/NVD/annotated_videos/2022-12-02_Asjo_01_stabilized/2022-12-02 Asjo 01_stabilized.MP4,2470
source_train,data/raw/NVD/annotated_videos/2022-12-02_Asjo_01_stabilized/2022-12-02 Asjo 01_stabilized.MP4,2474
source_train,data/raw/NVD/annotated_videos/2022-12-02_Asjo_01_stabilized/2022-12-02 Asjo 01_stabilized.MP4,2477
source_train,data/raw/NVD/annotated_videos/2022-12-02_Asjo_01_stabilized/2022-12-02 Asjo 01_stabilized.MP4,2481
source_train,data/raw/NVD/annotated_videos/2022-12-02_Asjo_01_stabilized/2022-12-02 Asjo 01_stabilized.MP4,2484
source_train,data/raw/NVD/annotated_videos/2022-12-02_Asjo_01_stabilized/2022-12-02 Asjo 01_stabilized.MP4,2487
source_train,data/raw/NVD/annotated_videos/2022-12-02_Asjo_01_stabilized/2022-12-02 Asjo 01_stabilized.MP4,2491
source_train,data/raw/NVD/annotated_videos/2022-12-02_Asjo_01_stabilized/2022-12-02 Asjo 01_stabilized.MP4,2494
source_train,data/raw/NVD/annotated_videos/2022-12-02_Asjo_01_stabilized/2022-12-02 Asjo 01_stabilized.MP4,2498
source_train,data/raw/NVD/annotated_videos/2022-12-02_Asjo_01_stabilized/2022-12-02 Asjo 01_stabilized.MP4,2501
source_train,data/raw/NVD/annotated_videos/2022-12-02_Asjo_01_stabilized/2022-12-02 Asjo 01_stabilized.MP4,2504
source_train,data/raw/NVD/annotated_videos/2022-12-02_Asjo_01_stabilized/2022-12-02 Asjo 01_stabilized.MP4,2508
source_train,data/raw/NVD/annotated_videos/2022-12-02_Asjo_01_stabilized/2022-12-02 Asjo 01_stabilized.MP4,2511
source_train,data/raw/NVD/annotated_videos/2022-12-02_Asjo_01_stabilized/2022-12-02 Asjo 01_stabilized.MP4,2514
source_train,data/raw/NVD/annotated_videos/2022-12-02_Asjo_01_stabilized/2022-12-02 Asjo 01_stabilized.MP4,2518
source_train,data/raw/NVD/annotated_videos/2022-12-02_Asjo_01_stabilized/2022-12-02 Asjo 01_stabilized.MP4,2521
source_train,data/raw/NVD/annotated_videos/2022-12-02_Asjo_01_stabilized/2022-12-02 Asjo 01_stabilized.MP4,2525
source_train,data/raw/NVD/annotated_videos/2022-12-02_Asjo_01_stabilized/2022-12-02 Asjo 01_stabilized.MP4,2528
source_train,data/raw/NVD/annotated_videos/2022-12-02_Asjo_01_stabilized/2022-12-02 Asjo 01_stabilized.MP4,2531
source_train,data/raw/NVD/annotated_videos/2022-12-02_Asjo_01_stabilized/2022-12-02 Asjo 01_stabilized.MP4,2535
source_train,data/raw/NVD/annotated_videos/2022-12-02_Asjo_01_stabilized/2022-12-02 Asjo 01_stabilized.MP4,2538
source_train,data/raw/NVD/annotated_videos/2022-12-02_Asjo_01_stabilized/2022-12-02 Asjo 01_stabilized.MP4,2542
source_train,data/raw/NVD/annotated_videos/2022-12-02_Asjo_01_stabilized/2022-12-02 Asjo 01_stabilized.MP4,2545
source_train,data/raw/NVD/annotated_videos/2022-12-02_Asjo_01_stabilized/2022-12-02 Asjo 01_stabilized.MP4,2548
source_train,data/raw/NVD/annotated_videos/2022-12-02_Asjo_01_stabilized/2022-12-02 Asjo 01_stabilized.MP4,2552
source_train,data/raw/NVD/annotated_videos/2022-12-02_Asjo_01_stabilized/2022-12-02 Asjo 01_stabilized.MP4,2555
source_train,data/raw/NVD/annotated_videos/2022-12-02_Asjo_01_stabilized/2022-12-02 Asjo 01_stabilized.MP4,2558
source_train,data/raw/NVD/annotated_videos/2022-12-02_Asjo_01_stabilized/2022-12-02 Asjo 01_stabilized.MP4,2562
source_train,data/raw/NVD/annotated_videos/2022-12-02_Asjo_01_stabilized/2022-12-02 Asjo 01_stabilized.MP4,2565
source_train,data/raw/NVD/annotated_videos/2022-12-02_Asjo_01_stabilized/2022-12-02 Asjo 01_stabilized.MP4,2569
source_train,data/raw/NVD/annotated_videos/2022-12-02_Asjo_01_stabilized/2022-12-02 Asjo 01_stabilized.MP4,2572
source_train,data/raw/NVD/annotated_videos/2022-12-02_Asjo_01_stabilized/2022-12-02 Asjo 01_stabilized.MP4,2575
source_train,data/raw/NVD/annotated_videos/2022-12-02_Asjo_01_stabilized/2022-12-02 Asjo 01_stabilized.MP4,2579
source_train,data/raw/NVD/annotated_videos/2022-12-02_Asjo_01_stabilized/2022-12-02 Asjo 01_stabilized.MP4,2582
source_train,data/raw/NVD/annotated_videos/2022-12-02_Asjo_01_stabilized/2022-12-02 Asjo 01_stabilized.MP4,2586
source_train,data/raw/NVD/annotated_videos/2022-12-02_Asjo_01_stabilized/2022-12-02 Asjo 01_stabilized.MP4,2589
source_train,data/raw/NVD/annotated_videos/2022-12-02_Asjo_01_stabilized/2022-12-02 Asjo 01_stabilized.MP4,2592
source_train,data/raw/NVD/annotated_videos/2022-12-02_Asjo_01_stabilized/2022-12-02 Asjo 01_stabilized.MP4,2596
source_train,data/raw/NVD/annotated_videos/2022-12-02_Asjo_01_stabilized/2022-12-02 Asjo 01_stabilized.MP4,2599
source_train,data/raw/NVD/annotated_videos/2022-12-02_Asjo_01_stabilized/2022-12-02 Asjo 01_stabilized.MP4,2602
source_train,data/raw/NVD/annotated_videos/2022-12-02_Asjo_01_stabilized/2022-12-02 Asjo 01_stabilized.MP4,2606
source_train,data/raw/NVD/annotated_videos/2022-12-02_Asjo_01_stabilized/2022-12-02 Asjo 01_stabilized.MP4,2609
source_train,data/raw/NVD/annotated_videos/2022-12-02_Asjo_01_stabilized/2022-12-02 Asjo 01_stabilized.MP4,2613
source_train,data/raw/NVD/annotated_videos/2022-12-02_Asjo_01_stabilized/2022-12-02 Asjo 01_stabilized.MP4,2616
source_train,data/raw/NVD/annotated_videos/2022-12-02_Asjo_01_stabilized/2022-12-02 Asjo 01_stabilized.MP4,2619
source_train,data/raw/NVD/annotated_videos/2022-12-02_Asjo_01_stabilized/2022-12-02 Asjo 01_stabilized.MP4,2623
source_train,data/raw/NVD/annotated_videos/2022-12-02_Asjo_01_stabilized/2022-12-02 Asjo 01_stabilized.MP4,2626
source_train,data/raw/NVD/annotated_videos/2022-12-02_Asjo_01_stabilized/2022-12-02 Asjo 01_stabilized.MP4,2630
source_train,data/raw/NVD/annotated_videos/2022-12-02_Asjo_01_stabilized/2022-12-02 Asjo 01_stabilized.MP4,2633
source_train,data/raw/NVD/annotated_videos/2022-12-02_Asjo_01_stabilized/2022-12-02 Asjo 01_stabilized.MP4,2636
source_train,data/raw/NVD/annotated_videos/2022-12-02_Asjo_01_stabilized/2022-12-02 Asjo 01_stabilized.MP4,2640
source_train,data/raw/NVD/annotated_videos/2022-12-02_Asjo_01_stabilized/2022-12-02 Asjo 01_stabilized.MP4,2643
source_train,data/raw/NVD/annotated_videos/2022-12-02_Asjo_01_stabilized/2022-12-02 Asjo 01_stabilized.MP4,2646
source_train,data/raw/NVD/annotated_videos/2022-12-02_Asjo_01_stabilized/2022-12-02 Asjo 01_stabilized.MP4,2650
source_train,data/raw/NVD/annotated_videos/2022-12-02_Asjo_01_stabilized/2022-12-02 Asjo 01_stabilized.MP4,2653
source_train,data/raw/NVD/annotated_videos/2022-12-02_Asjo_01_stabilized/2022-12-02 Asjo 01_stabilized.MP4,2657
source_train,data/raw/NVD/annotated_videos/2022-12-02_Asjo_01_stabilized/2022-12-02 Asjo 01_stabilized.MP4,2660
source_train,data/raw/NVD/annotated_videos/2022-12-02_Asjo_01_stabilized/2022-12-02 Asjo 01_stabilized.MP4,2663
source_train,data/raw/NVD/annotated_videos/2022-12-02_Asjo_01_stabilized/2022-12-02 Asjo 01_stabilized.MP4,2667
source_train,data/raw/NVD/annotated_videos/2022-12-02_Asjo_01_stabilized/2022-12-02 Asjo 01_stabilized.MP4,2670
source_train,data/raw/NVD/annotated_videos/2022-12-02_Asjo_01_stabilized/2022-12-02 Asjo 01_stabilized.MP4,2674
source_train,data/raw/NVD/annotated_videos/2022-12-02_Asjo_01_stabilized/2022-12-02 Asjo 01_stabilized.MP4,2677
source_train,data/raw/NVD/annotated_videos/2022-12-02_Asjo_01_stabilized/2022-12-02 Asjo 01_stabilized.MP4,2680
source_train,data/raw/NVD/annotated_videos/2022-12-02_Asjo_01_stabilized/2022-12-02 Asjo 01_stabilized.MP4,2684
source_train,data/raw/NVD/annotated_videos/2022-12-02_Asjo_01_stabilized/2022-12-02 Asjo 01_stabilized.MP4,2687
source_train,data/raw/NVD/annotated_videos/2022-12-02_Asjo_01_stabilized/2022-12-02 Asjo 01_stabilized.MP4,2690
source_train,data/raw/NVD/annotated_videos/2022-12-02_Asjo_01_stabilized/2022-12-02 Asjo 01_stabilized.MP4,2694
source_train,data/raw/NVD/annotated_videos/2022-12-02_Asjo_01_stabilized/2022-12-02 Asjo 01_stabilized.MP4,2697
source_train,data/raw/NVD/annotated_videos/2022-12-02_Asjo_01_stabilized/2022-12-02 Asjo 01_stabilized.MP4,2701
source_train,data/raw/NVD/annotated_videos/2022-12-02_Asjo_01_stabilized/2022-12-02 Asjo 01_stabilized.MP4,2704
source_train,data/raw/NVD/annotated_videos/2022-12-02_Asjo_01_stabilized/2022-12-02 Asjo 01_stabilized.MP4,2707
source_train,data/raw/NVD/annotated_videos/2022-12-02_Asjo_01_stabilized/2022-12-02 Asjo 01_stabilized.MP4,2711
source_train,data/raw/NVD/annotated_videos/2022-12-02_Asjo_01_stabilized/2022-12-02 Asjo 01_stabilized.MP4,2714
source_train,data/raw/NVD/annotated_videos/2022-12-02_Asjo_01_stabilized/2022-12-02 Asjo 01_stabilized.MP4,2718
source_train,data/raw/NVD/annotated_videos/2022-12-02_Asjo_01_stabilized/2022-12-02 Asjo 01_stabilized.MP4,2721
source_train,data/raw/NVD/annotated_videos/2022-12-02_Asjo_01_stabilized/2022-12-02 Asjo 01_stabilized.MP4,2724
source_train,data/raw/NVD/annotated_videos/2022-12-02_Asjo_01_stabilized/2022-12-02 Asjo 01_stabilized.MP4,2728
source_train,data/raw/NVD/annotated_videos/2022-12-02_Asjo_01_stabilized/2022-12-02 Asjo 01_stabilized.MP4,2731
source_train,data/raw/NVD/annotated_videos/2022-12-02_Asjo_01_stabilized/2022-12-02 Asjo 01_stabilized.MP4,2734
source_train,data/raw/NVD/annotated_videos/2022-12-02_Asjo_01_stabilized/2022-12-02 Asjo 01_stabilized.MP4,2738
source_train,data/raw/NVD/annotated_videos/2022-12-02_Asjo_01_stabilized/2022-12-02 Asjo 01_stabilized.MP4,2741
source_train,data/raw/NVD/annotated_videos/2022-12-02_Asjo_01_stabilized/2022-12-02 Asjo 01_stabilized.MP4,2745
source_train,data/raw/NVD/annotated_videos/2022-12-02_Asjo_01_stabilized/2022-12-02 Asjo 01_stabilized.MP4,2748
source_train,data/raw/NVD/annotated_videos/2022-12-02_Asjo_01_stabilized/2022-12-02 Asjo 01_stabilized.MP4,2751
source_train,data/raw/NVD/annotated_videos/2022-12-02_Asjo_01_stabilized/2022-12-02 Asjo 01_stabilized.MP4,2755
source_train,data/raw/NVD/annotated_videos/2022-12-02_Asjo_01_stabilized/2022-12-02 Asjo 01_stabilized.MP4,2758
source_train,data/raw/NVD/annotated_videos/2022-12-02_Asjo_01_stabilized/2022-12-02 Asjo 01_stabilized.MP4,2762
source_train,data/raw/NVD/annotated_videos/2022-12-02_Asjo_01_stabilized/2022-12-02 Asjo 01_stabilized.MP4,2765
source_train,data/raw/NVD/annotated_videos/2022-12-02_Asjo_01_stabilized/2022-12-02 Asjo 01_stabilized.MP4,2768
source_train,data/raw/NVD/annotated_videos/2022-12-02_Asjo_01_stabilized/2022-12-02 Asjo 01_stabilized.MP4,2772
source_train,data/raw/NVD/annotated_videos/2022-12-02_Asjo_01_stabilized/2022-12-02 Asjo 01_stabilized.MP4,2775
source_train,data/raw/NVD/annotated_videos/2022-12-02_Asjo_01_stabilized/2022-12-02 Asjo 01_stabilized.MP4,2778
source_train,data/raw/NVD/annotated_videos/2022-12-02_Asjo_01_stabilized/2022-12-02 Asjo 01_stabilized.MP4,2782
source_train,data/raw/NVD/annotated_videos/2022-12-02_Asjo_01_stabilized/2022-12-02 Asjo 01_stabilized.MP4,2785
source_train,data/raw/NVD/annotated_videos/2022-12-02_Asjo_01_stabilized/2022-12-02 Asjo 01_stabilized.MP4,2789
source_train,data/raw/NVD/annotated_videos/2022-12-02_Asjo_01_stabilized/2022-12-02 Asjo 01_stabilized.MP4,2792
source_train,data/raw/NVD/annotated_videos/2022-12-02_Asjo_01_stabilized/2022-12-02 Asjo 01_stabilized.MP4,2795
source_train,data/raw/NVD/annotated_videos/2022-12-02_Asjo_01_stabilized/2022-12-02 Asjo 01_stabilized.MP4,2799
source_train,data/raw/NVD/annotated_videos/2022-12-02_Asjo_01_stabilized/2022-12-02 Asjo 01_stabilized.MP4,2802
source_train,data/raw/NVD/annotated_videos/2022-12-02_Asjo_01_stabilized/2022-12-02 Asjo 01_stabilized.MP4,2806
source_train,data/raw/NVD/annotated_videos/2022-12-02_Asjo_01_stabilized/2022-12-02 Asjo 01_stabilized.MP4,2809
source_train,data/raw/NVD/annotated_videos/2022-12-02_Asjo_01_stabilized/2022-12-02 Asjo 01_stabilized.MP4,2812
source_train,data/raw/NVD/annotated_videos/2022-12-02_Asjo_01_stabilized/2022-12-02 Asjo 01_stabilized.MP4,2816
source_train,data/raw/NVD/annotated_videos/2022-12-02_Asjo_01_stabilized/2022-12-02 Asjo 01_stabilized.MP4,2819
source_train,data/raw/NVD/annotated_videos/2022-12-02_Asjo_01_stabilized/2022-12-02 Asjo 01_stabilized.MP4,2822
source_train,data/raw/NVD/annotated_videos/2022-12-02_Asjo_01_stabilized/2022-12-02 Asjo 01_stabilized.MP4,2826
source_train,data/raw/NVD/annotated_videos/2022-12-02_Asjo_01_stabilized/2022-12-02 Asjo 01_stabilized.MP4,2829
source_train,data/raw/NVD/annotated_videos/2022-12-02_Asjo_01_stabilized/2022-12-02 Asjo 01_stabilized.MP4,2833
source_train,data/raw/NVD/annotated_videos/2022-12-02_Asjo_01_stabilized/2022-12-02 Asjo 01_stabilized.MP4,2836
source_train,data/raw/NVD/annotated_videos/2022-12-02_Asjo_01_stabilized/2022-12-02 Asjo 01_stabilized.MP4,2839
source_train,data/raw/NVD/annotated_videos/2022-12-02_Asjo_01_stabilized/2022-12-02 Asjo 01_stabilized.MP4,2843
source_train,data/raw/NVD/annotated_videos/2022-12-02_Asjo_01_stabilized/2022-12-02 Asjo 01_stabilized.MP4,2846
source_train,data/raw/NVD/annotated_videos/2022-12-02_Asjo_01_stabilized/2022-12-02 Asjo 01_stabilized.MP4,2850
source_train,data/raw/NVD/annotated_videos/2022-12-02_Asjo_01_stabilized/2022-12-02 Asjo 01_stabilized.MP4,2853
source_train,data/raw/NVD/annotated_videos/2022-12-02_Asjo_01_stabilized/2022-12-02 Asjo 01_stabilized.MP4,2856
source_train,data/raw/NVD/annotated_videos/2022-12-02_Asjo_01_stabilized/2022-12-02 Asjo 01_stabilized.MP4,2860
source_train,data/raw/NVD/annotated_videos/2022-12-02_Asjo_01_stabilized/2022-12-02 Asjo 01_stabilized.MP4,2863
source_train,data/raw/NVD/annotated_videos/2022-12-02_Asjo_01_stabilized/2022-12-02 Asjo 01_stabilized.MP4,2866
source_train,data/raw/NVD/annotated_videos/2022-12-02_Asjo_01_stabilized/2022-12-02 Asjo 01_stabilized.MP4,2870
source_train,data/raw/NVD/annotated_videos/2022-12-02_Asjo_01_stabilized/2022-12-02 Asjo 01_stabilized.MP4,2873
source_train,data/raw/NVD/annotated_videos/2022-12-02_Asjo_01_stabilized/2022-12-02 Asjo 01_stabilized.MP4,2877
source_train,data/raw/NVD/annotated_videos/2022-12-02_Asjo_01_stabilized/2022-12-02 Asjo 01_stabilized.MP4,2880
source_train,data/raw/NVD/annotated_videos/2022-12-02_Asjo_01_stabilized/2022-12-02 Asjo 01_stabilized.MP4,2883
source_train,data/raw/NVD/annotated_videos/2022-12-02_Asjo_01_stabilized/2022-12-02 Asjo 01_stabilized.MP4,2887
source_train,data/raw/NVD/annotated_videos/2022-12-02_Asjo_01_stabilized/2022-12-02 Asjo 01_stabilized.MP4,2890
source_train,data/raw/NVD/annotated_videos/2022-12-02_Asjo_01_stabilized/2022-12-02 Asjo 01_stabilized.MP4,2894
source_train,data/raw/NVD/annotated_videos/2022-12-02_Asjo_01_stabilized/2022-12-02 Asjo 01_stabilized.MP4,2897
source_train,data/raw/NVD/annotated_videos/2022-12-02_Asjo_01_stabilized/2022-12-02 Asjo 01_stabilized.MP4,2900
source_train,data/raw/NVD/annotated_videos/2022-12-02_Asjo_01_stabilized/2022-12-02 Asjo 01_stabilized.MP4,2904
source_train,data/raw/NVD/annotated_videos/2022-12-02_Asjo_01_stabilized/2022-12-02 Asjo 01_stabilized.MP4,2907
source_train,data/raw/NVD/annotated_videos/2022-12-02_Asjo_01_stabilized/2022-12-02 Asjo 01_stabilized.MP4,2910
source_train,data/raw/NVD/annotated_videos/2022-12-02_Asjo_01_stabilized/2022-12-02 Asjo 01_stabilized.MP4,2914
source_train,data/raw/NVD/annotated_videos/2022-12-02_Asjo_01_stabilized/2022-12-02 Asjo 01_stabilized.MP4,2917
source_train,data/raw/NVD/annotated_videos/2022-12-02_Asjo_01_stabilized/2022-12-02 Asjo 01_stabilized.MP4,2921
source_train,data/raw/NVD/annotated_videos/2022-12-02_Asjo_01_stabilized/2022-12-02 Asjo 01_stabilized.MP4,2924
source_train,data/raw/NVD/annotated_videos/2022-12-02_Asjo_01_stabilized/2022-12-02 Asjo 01_stabilized.MP4,2927
source_train,data/raw/NVD/annotated_videos/2022-12-02_Asjo_01_stabilized/2022-12-02 Asjo 01_stabilized.MP4,2931
source_train,data/raw/NVD/annotated_videos/2022-12-02_Asjo_01_stabilized/2022-12-02 Asjo 01_stabilized.MP4,2934
source_train,data/raw/NVD/annotated_videos/2022-12-02_Asjo_01_stabilized/2022-12-02 Asjo 01_stabilized.MP4,2938
source_train,data/raw/NVD/annotated_videos/2022-12-02_Asjo_01_stabilized/2022-12-02 Asjo 01_stabilized.MP4,2941
source_train,data/raw/NVD/annotated_videos/2022-12-02_Asjo_01_stabilized/2022-12-02 Asjo 01_stabilized.MP4,2944
source_train,data/raw/NVD/annotated_videos/2022-12-02_Asjo_01_stabilized/2022-12-02 Asjo 01_stabilized.MP4,2948
source_train,data/raw/NVD/annotated_videos/2022-12-02_Asjo_01_stabilized/2022-12-02 Asjo 01_stabilized.MP4,2951
source_train,data/raw/NVD/annotated_videos/2022-12-02_Asjo_01_stabilized/2022-12-02 Asjo 01_stabilized.MP4,2954
source_train,data/raw/NVD/annotated_videos/2022-12-02_Asjo_01_stabilized/2022-12-02 Asjo 01_stabilized.MP4,2958
source_train,data/raw/NVD/annotated_videos/2022-12-02_Asjo_01_stabilized/2022-12-02 Asjo 01_stabilized.MP4,2961
source_train,data/raw/NVD/annotated_videos/2022-12-02_Asjo_01_stabilized/2022-12-02 Asjo 01_stabilized.MP4,2965
source_train,data/raw/NVD/annotated_videos/2022-12-02_Asjo_01_stabilized/2022-12-02 Asjo 01_stabilized.MP4,2968
source_train,data/raw/NVD/annotated_videos/2022-12-02_Asjo_01_stabilized/2022-12-02 Asjo 01_stabilized.MP4,2971
source_train,data/raw/NVD/annotated_videos/2022-12-02_Asjo_01_stabilized/2022-12-02 Asjo 01_stabilized.MP4,2975
source_train,data/raw/NVD/annotated_videos/2022-12-02_Asjo_01_stabilized/2022-12-02 Asjo 01_stabilized.MP4,2978
source_train,data/raw/NVD/annotated_videos/2022-12-02_Asjo_01_stabilized/2022-12-02 Asjo 01_stabilized.MP4,2982
source_train,data/raw/NVD/annotated_videos/2022-12-02_Asjo_01_stabilized/2022-12-02 Asjo 01_stabilized.MP4,2985
source_train,data/raw/NVD/annotated_videos/2022-12-02_Asjo_01_stabilized/2022-12-02 Asjo 01_stabilized.MP4,2988
source_train,data/raw/NVD/annotated_videos/2022-12-02_Asjo_01_stabilized/2022-12-02 Asjo 01_stabilized.MP4,2992
source_train,data/raw/NVD/annotated_videos/2022-12-02_Asjo_01_stabilized/2022-12-02 Asjo 01_stabilized.MP4,2995
source_train,data/raw/NVD/annotated_videos/2022-12-02_Asjo_01_stabilized/2022-12-02 Asjo 01_stabilized.MP4,2998
source_train,data/raw/NVD/annotated_videos/2022-12-02_Asjo_01_stabilized/2022-12-02 Asjo 01_stabilized.MP4,3002
source_train,data/raw/NVD/annotated_videos/2022-12-02_Asjo_01_stabilized/2022-12-02 Asjo 01_stabilized.MP4,3005
source_train,data/raw/NVD/annotated_videos/2022-12-02_Asjo_01_stabilized/2022-12-02 Asjo 01_stabilized.MP4,3009
source_train,data/raw/NVD/annotated_videos/2022-12-02_Asjo_01_stabilized/2022-12-02 Asjo 01_stabilized.MP4,3012
source_train,data/raw/NVD/annotated_videos/2022-12-02_Asjo_01_stabilized/2022-12-02 Asjo 01_stabilized.MP4,3015
source_train,data/raw/NVD/annotated_videos/2022-12-02_Asjo_01_stabilized/2022-12-02 Asjo 01_stabilized.MP4,3019
source_train,data/raw/NVD/annotated_videos/2022-12-02_Asjo_01_stabilized/2022-12-02 Asjo 01_stabilized.MP4,3022
source_train,data/raw/NVD/annotated_videos/2022-12-02_Asjo_01_stabilized/2022-12-02 Asjo 01_stabilized.MP4,3026
source_train,data/raw/NVD/annotated_videos/2022-12-02_Asjo_01_stabilized/2022-12-02 Asjo 01_stabilized.MP4,3029
source_train,data/raw/NVD/annotated_videos/2022-12-02_Asjo_01_stabilized/2022-12-02 Asjo 01_stabilized.MP4,3032
source_train,data/raw/NVD/annotated_videos/2022-12-02_Asjo_01_stabilized/2022-12-02 Asjo 01_stabilized.MP4,3036
source_train,data/raw/NVD/annotated_videos/2022-12-02_Asjo_01_stabilized/2022-12-02 Asjo 01_stabilized.MP4,3039
source_train,data/raw/NVD/annotated_videos/2022-12-02_Asjo_01_stabilized/2022-12-02 Asjo 01_stabilized.MP4,3043
target_adaptation,data/raw/NVD/annotated_videos/2022-12-23_Asjo_01_HD_5x_stab/2022-12-23 Asjo 01_HD 5x stab.MP4,0
target_adaptation,data/raw/NVD/annotated_videos/2022-12-23_Asjo_01_HD_5x_stab/2022-12-23 Asjo 01_HD 5x stab.MP4,2
target_adaptation,data/raw/NVD/annotated_videos/2022-12-23_Asjo_01_HD_5x_stab/2022-12-23 Asjo 01_HD 5x stab.MP4,5
target_adaptation,data/raw/NVD/annotated_videos/2022-12-23_Asjo_01_HD_5x_stab/2022-12-23 Asjo 01_HD 5x stab.MP4,8
target_adaptation,data/raw/NVD/annotated_videos/2022-12-23_Asjo_01_HD_5x_stab/2022-12-23 Asjo 01_HD 5x stab.MP4,11
target_adaptation,data/raw/NVD/annotated_videos/2022-12-23_Asjo_01_HD_5x_stab/2022-12-23 Asjo 01_HD 5x stab.MP4,13
target_adaptation,data/raw/NVD/annotated_videos/2022-12-23_Asjo_01_HD_5x_stab/2022-12-23 Asjo 01_HD 5x stab.MP4,16
target_adaptation,data/raw/NVD/annotated_videos/2022-12-23_Asjo_01_HD_5x_stab/2022-12-23 Asjo 01_HD 5x stab.MP4,19
target_adaptation,data/raw/NVD/annotated_videos/2022-12-23_Asjo_01_HD_5x_stab/2022-12-23 Asjo 01_HD 5x stab.MP4,22
target_adaptation,data/raw/NVD/annotated_videos/2022-12-23_Asjo_01_HD_5x_stab/2022-12-23 Asjo 01_HD 5x stab.MP4,24
target_adaptation,data/raw/NVD/annotated_videos/2022-12-23_Asjo_01_HD_5x_stab/2022-12-23 Asjo 01_HD 5x stab.MP4,27
target_adaptation,data/raw/NVD/annotated_videos/2022-12-23_Asjo_01_HD_5x_stab/2022-12-23 Asjo 01_HD 5x stab.MP4,30
target_adaptation,data/raw/NVD/annotated_videos/2022-12-23_Asjo_01_HD_5x_stab/2022-12-23 Asjo 01_HD 5x stab.MP4,33
target_adaptation,data/raw/NVD/annotated_videos/2022-12-23_Asjo_01_HD_5x_stab/2022-12-23 Asjo 01_HD 5x stab.MP4,35
target_adaptation,data/raw/NVD/annotated_videos/2022-12-23_Asjo_01_HD_5x_stab/2022-12-23 Asjo 01_HD 5x stab.MP4,38
target_adaptation,data/raw/NVD/annotated_videos/2022-12-23_Asjo_01_HD_5x_stab/2022-12-23 Asjo 01_HD 5x stab.MP4,41
target_adaptation,data/raw/NVD/annotated_videos/2022-12-23_Asjo_01_HD_5x_stab/2022-12-23 Asjo 01_HD 5x stab.MP4,44
target_adaptation,data/raw/NVD/annotated_videos/2022-12-23_Asjo_01_HD_5x_stab/2022-12-23 Asjo 01_HD 5x stab.MP4,46
target_adaptation,data/raw/NVD/annotated_videos/2022-12-23_Asjo_01_HD_5x_stab/2022-12-23 Asjo 01_HD 5x stab.MP4,49
target_adaptation,data/raw/NVD/annotated_videos/2022-12-23_Asjo_01_HD_5x_stab/2022-12-23 Asjo 01_HD 5x stab.MP4,52
target_adaptation,data/raw/NVD/annotated_videos/2022-12-23_Asjo_01_HD_5x_stab/2022-12-23 Asjo 01_HD 5x stab.MP4,55
target_adaptation,data/raw/NVD/annotated_videos/2022-12-23_Asjo_01_HD_5x_stab/2022-12-23 Asjo 01_HD 5x stab.MP4,57
target_adaptation,data/raw/NVD/annotated_videos/2022-12-23_Asjo_01_HD_5x_stab/2022-12-23 Asjo 01_HD 5x stab.MP4,60
target_adaptation,data/raw/NVD/annotated_videos/2022-12-23_Asjo_01_HD_5x_stab/2022-12-23 Asjo 01_HD 5x stab.MP4,63
target_adaptation,data/raw/NVD/annotated_videos/2022-12-23_Asjo_01_HD_5x_stab/2022-12-23 Asjo 01_HD 5x stab.MP4,66
target_adaptation,data/raw/NVD/annotated_videos/2022-12-23_Asjo_01_HD_5x_stab/2022-12-23 Asjo 01_HD 5x stab.MP4,68
target_adaptation,data/raw/NVD/annotated_videos/2022-12-23_Asjo_01_HD_5x_stab/2022-12-23 Asjo 01_HD 5x stab.MP4,71
target_adaptation,data/raw/NVD/annotated_videos/2022-12-23_Asjo_01_HD_5x_stab/2022-12-23 Asjo 01_HD 5x stab.MP4,74
target_adaptation,data/raw/NVD/annotated_videos/2022-12-23_Asjo_01_HD_5x_stab/2022-12-23 Asjo 01_HD 5x stab.MP4,77
target_adaptation,data/raw/NVD/annotated_videos/2022-12-23_Asjo_01_HD_5x_stab/2022-12-23 Asjo 01_HD 5x stab.MP4,79
target_adaptation,data/raw/NVD/annotated_videos/2022-12-23_Asjo_01_HD_5x_stab/2022-12-23 Asjo 01_HD 5x stab.MP4,82
target_adaptation,data/raw/NVD/annotated_videos/2022-12-23_Asjo_01_HD_5x_stab/2022-12-23 Asjo 01_HD 5x stab.MP4,85
target_adaptation,data/raw/NVD/annotated_videos/2022-12-23_Asjo_01_HD_5x_stab/2022-12-23 Asjo 01_HD 5x stab.MP4,88
target_adaptation,data/raw/NVD/annotated_videos/2022-12-23_Asjo_01_HD_5x_stab/2022-12-23 Asjo 01_HD 5x stab.MP4,90
target_adaptation,data/raw/NVD/annotated_videos/2022-12-23_Asjo_01_HD_5x_stab/2022-12-23 Asjo 01_HD 5x stab.MP4,93
target_adaptation,data/raw/NVD/annotated_videos/2022-12-23_Asjo_01_HD_5x_stab/2022-12-23 Asjo 01_HD 5x stab.MP4,96
target_adaptation,data/raw/NVD/annotated_videos/2022-12-23_Asjo_01_HD_5x_stab/2022-12-23 Asjo 01_HD 5x stab.MP4,99
target_adaptation,data/raw/NVD/annotated_videos/2022-12-23_Asjo_01_HD_5x_stab/2022-12-23 Asjo 01_HD 5x stab.MP4,102
target_adaptation,data/raw/NVD/annotated_videos/2022-12-23_Asjo_01_HD_5x_stab/2022-12-23 Asjo 01_HD 5x stab.MP4,104
target_adaptation,data/raw/NVD/annotated_videos/2022-12-23_Asjo_01_HD_5x_stab/2022-12-23 Asjo 01_HD 5x stab.MP4,107
target_adaptation,data/raw/NVD/annotated_videos/2022-12-23_Asjo_01_HD_5x_stab/2022-12-23 Asjo 01_HD 5x stab.MP4,110
target_adaptation,data/raw/NVD/annotated_videos/2022-12-23_Asjo_01_HD_5x_stab/2022-12-23 Asjo 01_HD 5x stab.MP4,113
target_adaptation,data/raw/NVD/annotated_videos/2022-12-23_Asjo_01_HD_5x_stab/2022-12-23 Asjo 01_HD 5x stab.MP4,115
target_adaptation,data/raw/NVD/annotated_videos/2022-12-23_Asjo_01_HD_5x_stab/2022-12-23 Asjo 01_HD 5x stab.MP4,118
target_adaptation,data/raw/NVD/annotated_videos/2022-12-23_Asjo_01_HD_5x_stab/2022-12-23 Asjo 01_HD 5x stab.MP4,121
target_adaptation,data/raw/NVD/annotated_videos/2022-12-23_Asjo_01_HD_5x_stab/2022-12-23 Asjo 01_HD 5x stab.MP4,124
target_adaptation,data/raw/NVD/annotated_videos/2022-12-23_Asjo_01_HD_5x_stab/2022-12-23 Asjo 01_HD 5x stab.MP4,126
target_adaptation,data/raw/NVD/annotated_videos/2022-12-23_Asjo_01_HD_5x_stab/2022-12-23 Asjo 01_HD 5x stab.MP4,129
target_adaptation,data/raw/NVD/annotated_videos/2022-12-23_Asjo_01_HD_5x_stab/2022-12-23 Asjo 01_HD 5x stab.MP4,132
target_adaptation,data/raw/NVD/annotated_videos/2022-12-23_Asjo_01_HD_5x_stab/2022-12-23 Asjo 01_HD 5x stab.MP4,135
target_adaptation,data/raw/NVD/annotated_videos/2022-12-23_Asjo_01_HD_5x_stab/2022-12-23 Asjo 01_HD 5x stab.MP4,137
target_adaptation,data/raw/NVD/annotated_videos/2022-12-23_Asjo_01_HD_5x_stab/2022-12-23 Asjo 01_HD 5x stab.MP4,140
target_adaptation,data/raw/NVD/annotated_videos/2022-12-23_Asjo_01_HD_5x_stab/2022-12-23 Asjo 01_HD 5x stab.MP4,143
target_adaptation,data/raw/NVD/annotated_videos/2022-12-23_Asjo_01_HD_5x_stab/2022-12-23 Asjo 01_HD 5x stab.MP4,146
target_adaptation,data/raw/NVD/annotated_videos/2022-12-23_Asjo_01_HD_5x_stab/2022-12-23 Asjo 01_HD 5x stab.MP4,148
target_adaptation,data/raw/NVD/annotated_videos/2022-12-23_Asjo_01_HD_5x_stab/2022-12-23 Asjo 01_HD 5x stab.MP4,151
target_adaptation,data/raw/NVD/annotated_videos/2022-12-23_Asjo_01_HD_5x_stab/2022-12-23 Asjo 01_HD 5x stab.MP4,154
target_adaptation,data/raw/NVD/annotated_videos/2022-12-23_Asjo_01_HD_5x_stab/2022-12-23 Asjo 01_HD 5x stab.MP4,157
target_adaptation,data/raw/NVD/annotated_videos/2022-12-23_Asjo_01_HD_5x_stab/2022-12-23 Asjo 01_HD 5x stab.MP4,159
target_adaptation,data/raw/NVD/annotated_videos/2022-12-23_Asjo_01_HD_5x_stab/2022-12-23 Asjo 01_HD 5x stab.MP4,162
target_adaptation,data/raw/NVD/annotated_videos/2022-12-23_Asjo_01_HD_5x_stab/2022-12-23 Asjo 01_HD 5x stab.MP4,165
target_adaptation,data/raw/NVD/annotated_videos/2022-12-23_Asjo_01_HD_5x_stab/2022-12-23 Asjo 01_HD 5x stab.MP4,168
target_adaptation,data/raw/NVD/annotated_videos/2022-12-23_Asjo_01_HD_5x_stab/2022-12-23 Asjo 01_HD 5x stab.MP4,170
target_adaptation,data/raw/NVD/annotated_videos/2022-12-23_Asjo_01_HD_5x_stab/2022-12-23 Asjo 01_HD 5x stab.MP4,173
target_adaptation,data/raw/NVD/annotated_videos/2022-12-23_Asjo_01_HD_5x_stab/2022-12-23 Asjo 01_HD 5x stab.MP4,176
target_adaptation,data/raw/NVD/annotated_videos/2022-12-23_Asjo_01_HD_5x_stab/2022-12-23 Asjo 01_HD 5x stab.MP4,179
target_adaptation,data/raw/NVD/annotated_videos/2022-12-23_Asjo_01_HD_5x_stab/2022-12-23 Asjo 01_HD 5x stab.MP4,181
target_adaptation,data/raw/NVD/annotated_videos/2022-12-23_Asjo_01_HD_5x_stab/2022-12-23 Asjo 01_HD 5x stab.MP4,184
target_adaptation,data/raw/NVD/annotated_videos/2022-12-23_Asjo_01_HD_5x_stab/2022-12-23 Asjo 01_HD 5x stab.MP4,187
target_adaptation,data/raw/NVD/annotated_videos/2022-12-23_Asjo_01_HD_5x_stab/2022-12-23 Asjo 01_HD 5x stab.MP4,190
target_adaptation,data/raw/NVD/annotated_videos/2022-12-23_Asjo_01_HD_5x_stab/2022-12-23 Asjo 01_HD 5x stab.MP4,193
target_adaptation,data/raw/NVD/annotated_videos/2022-12-23_Asjo_01_HD_5x_stab/2022-12-23 Asjo 01_HD 5x stab.MP4,195
target_adaptation,data/raw/NVD/annotated_videos/2022-12-23_Asjo_01_HD_5x_stab/2022-12-23 Asjo 01_HD 5x stab.MP4,198
target_adaptation,data/raw/NVD/annotated_videos/2022-12-23_Asjo_01_HD_5x_stab/2022-12-23 Asjo 01_HD 5x stab.MP4,201
target_adaptation,data/raw/NVD/annotated_videos/2022-12-23_Asjo_01_HD_5x_stab/2022-12-23 Asjo 01_HD 5x stab.MP4,204
target_adaptation,data/raw/NVD/annotated_videos/2022-12-23_Asjo_01_HD_5x_stab/2022-12-23 Asjo 01_HD 5x stab.MP4,206
target_adaptation,data/raw/NVD/annotated_videos/2022-12-23_Asjo_01_HD_5x_stab/2022-12-23 Asjo 01_HD 5x stab.MP4,209
target_adaptation,data/raw/NVD/annotated_videos/2022-12-23_Asjo_01_HD_5x_stab/2022-12-23 Asjo 01_HD 5x stab.MP4,212
target_adaptation,data/raw/NVD/annotated_videos/2022-12-23_Asjo_01_HD_5x_stab/2022-12-23 Asjo 01_HD 5x stab.MP4,215
target_adaptation,data/raw/NVD/annotated_videos/2022-12-23_Asjo_01_HD_5x_stab/2022-12-23 Asjo 01_HD 5x stab.MP4,217
target_adaptation,data/raw/NVD/annotated_videos/2022-12-23_Asjo_01_HD_5x_stab/2022-12-23 Asjo 01_HD 5x stab.MP4,220
target_adaptation,data/raw/NVD/annotated_videos/2022-12-23_Asjo_01_HD_5x_stab/2022-12-23 Asjo 01_HD 5x stab.MP4,223
target_adaptation,data/raw/NVD/annotated_videos/2022-12-23_Asjo_01_HD_5x_stab/2022-12-23 Asjo 01_HD 5x stab.MP4,226
target_adaptation,data/raw/NVD/annotated_videos/2022-12-23_Asjo_01_HD_5x_stab/2022-12-23 Asjo 01_HD 5x stab.MP4,228
target_adaptation,data/raw/NVD/annotated_videos/2022-12-23_Asjo_01_HD_5x_stab/2022-12-23 Asjo 01_HD 5x stab.MP4,231
target_adaptation,data/raw/NVD/annotated_videos/2022-12-23_Asjo_01_HD_5x_stab/2022-12-23 Asjo 01_HD 5x stab.MP4,234
target_adaptation,data/raw/NVD/annotated_videos/2022-12-23_Asjo_01_HD_5x_stab/2022-12-23 Asjo 01_HD 5x stab.MP4,237
target_adaptation,data/raw/NVD/annotated_videos/2022-12-23_Asjo_01_HD_5x_stab/2022-12-23 Asjo 01_HD 5x stab.MP4,239
target_adaptation,data/raw/NVD/annotated_videos/2022-12-23_Asjo_01_HD_5x_stab/2022-12-23 Asjo 01_HD 5x stab.MP4,242
target_adaptation,data/raw/NVD/annotated_videos/2022-12-23_Asjo_01_HD_5x_stab/2022-12-23 Asjo 01_HD 5x stab.MP4,245
target_adaptation,data/raw/NVD/annotated_videos/2022-12-23_Asjo_01_HD_5x_stab/2022-12-23 Asjo 01_HD 5x stab.MP4,248
target_adaptation,data/raw/NVD/annotated_videos/2022-12-23_Asjo_01_HD_5x_stab/2022-12-23 Asjo 01_HD 5x stab.MP4,250
target_adaptation,data/raw/NVD/annotated_videos/2022-12-23_Asjo_01_HD_5x_stab/2022-12-23 Asjo 01_HD 5x stab.MP4,253
target_adaptation,data/raw/NVD/annotated_videos/2022-12-23_Asjo_01_HD_5x_stab/2022-12-23 Asjo 01_HD 5x stab.MP4,256
target_adaptation,data/raw/NVD/annotated_videos/2022-12-23_Asjo_01_HD_5x_stab/2022-12-23 Asjo 01_HD 5x stab.MP4,259
target_adaptation,data/raw/NVD/annotated_videos/2022-12-23_Asjo_01_HD_5x_stab/2022-12-23 Asjo 01_HD 5x stab.MP4,261
target_adaptation,data/raw/NVD/annotated_videos/2022-12-23_Asjo_01_HD_5x_stab/2022-12-23 Asjo 01_HD 5x stab.MP4,264
target_adaptation,data/raw/NVD/annotated_videos/2022-12-23_Asjo_01_HD_5x_stab/2022-12-23 Asjo 01_HD 5x stab.MP4,267
target_adaptation,data/raw/NVD/annotated_videos/2022-12-23_Asjo_01_HD_5x_stab/2022-12-23 Asjo 01_HD 5x stab.MP4,270
target_adaptation,data/raw/NVD/annotated_videos/2022-12-23_Asjo_01_HD_5x_stab/2022-12-23 Asjo 01_HD 5x stab.MP4,272
target_adaptation,data/raw/NVD/annotated_videos/2022-12-23_Asjo_01_HD_5x_stab/2022-12-23 Asjo 01_HD 5x stab.MP4,275
target_adaptation,data/raw/NVD/annotated_videos/2022-12-23_Asjo_01_HD_5x_stab/2022-12-23 Asjo 01_HD 5x stab.MP4,278
target_adaptation,data/raw/NVD/annotated_videos/2022-12-23_Asjo_01_HD_5x_stab/2022-12-23 Asjo 01_HD 5x stab.MP4,281
target_adaptation,data/raw/NVD/annotated_videos/2022-12-23_Asjo_01_HD_5x_stab/2022-12-23 Asjo 01_HD 5x stab.MP4,284
target_adaptation,data/raw/NVD/annotated_videos/2022-12-23_Asjo_01_HD_5x_stab/2022-12-23 Asjo 01_HD 5x stab.MP4,286
target_adaptation,data/raw/NVD/annotated_videos/2022-12-23_Asjo_01_HD_5x_stab/2022-12-23 Asjo 01_HD 5x stab.MP4,289
target_adaptation,data/raw/NVD/annotated_videos/2022-12-23_Asjo_01_HD_5x_stab/2022-12-23 Asjo 01_HD 5x stab.MP4,292
target_adaptation,data/raw/NVD/annotated_videos/2022-12-23_Asjo_01_HD_5x_stab/2022-12-23 Asjo 01_HD 5x stab.MP4,295
target_adaptation,data/raw/NVD/annotated_videos/2022-12-23_Asjo_01_HD_5x_stab/2022-12-23 Asjo 01_HD 5x stab.MP4,297
target_adaptation,data/raw/NVD/annotated_videos/2022-12-23_Asjo_01_HD_5x_stab/2022-12-23 Asjo 01_HD 5x stab.MP4,300
target_adaptation,data/raw/NVD/annotated_videos/2022-12-23_Asjo_01_HD_5x_stab/2022-12-23 Asjo 01_HD 5x stab.MP4,303
target_adaptation,data/raw/NVD/annotated_videos/2022-12-23_Asjo_01_HD_5x_stab/2022-12-23 Asjo 01_HD 5x stab.MP4,306
target_adaptation,data/raw/NVD/annotated_videos/2022-12-23_Asjo_01_HD_5x_stab/2022-12-23 Asjo 01_HD 5x stab.MP4,308
target_adaptation,data/raw/NVD/annotated_videos/2022-12-23_Asjo_01_HD_5x_stab/2022-12-23 Asjo 01_HD 5x stab.MP4,311
target_adaptation,data/raw/NVD/annotated_videos/2022-12-23_Asjo_01_HD_5x_stab/2022-12-23 Asjo 01_HD 5x stab.MP4,314
target_adaptation,data/raw/NVD/annotated_videos/2022-12-23_Asjo_01_HD_5x_stab/2022-12-23 Asjo 01_HD 5x stab.MP4,317
target_adaptation,data/raw/NVD/annotated_videos/2022-12-23_Asjo_01_HD_5x_stab/2022-12-23 Asjo 01_HD 5x stab.MP4,319
target_adaptation,data/raw/NVD/annotated_videos/2022-12-23_Asjo_01_HD_5x_stab/2022-12-23 Asjo 01_HD 5x stab.MP4,322
target_adaptation,data/raw/NVD/annotated_videos/2022-12-23_Asjo_01_HD_5x_stab/2022-12-23 Asjo 01_HD 5x stab.MP4,325
target_adaptation,data/raw/NVD/annotated_videos/2022-12-23_Asjo_01_HD_5x_stab/2022-12-23 Asjo 01_HD 5x stab.MP4,328
target_adaptation,data/raw/NVD/annotated_videos/2022-12-23_Asjo_01_HD_5x_stab/2022-12-23 Asjo 01_HD 5x stab.MP4,330
target_adaptation,data/raw/NVD/annotated_videos/2022-12-23_Asjo_01_HD_5x_stab/2022-12-23 Asjo 01_HD 5x stab.MP4,333
target_adaptation,data/raw/NVD/annotated_videos/2022-12-23_Asjo_01_HD_5x_stab/2022-12-23 Asjo 01_HD 5x stab.MP4,336
target_adaptation,data/raw/NVD/annotated_videos/2022-12-23_Asjo_01_HD_5x_stab/2022-12-23 Asjo 01_HD 5x stab.MP4,339
target_adaptation,data/raw/NVD/annotated_videos/2022-12-23_Asjo_01_HD_5x_stab/2022-12-23 Asjo 01_HD 5x stab.MP4,341
target_adaptation,data/raw/NVD/annotated_videos/2022-12-23_Asjo_01_HD_5x_stab/2022-12-23 Asjo 01_HD 5x stab.MP4,344
target_adaptation,data/raw/NVD/annotated_videos/2022-12-23_Asjo_01_HD_5x_stab/2022-12-23 Asjo 01_HD 5x stab.MP4,347
target_adaptation,data/raw/NVD/annotated_videos/2022-12-23_Asjo_01_HD_5x_stab/2022-12-23 Asjo 01_HD 5x stab.MP4,350
target_adaptation,data/raw/NVD/annotated_videos/2022-12-23_Asjo_01_HD_5x_stab/2022-12-23 Asjo 01_HD 5x stab.MP4,352
target_adaptation,data/raw/NVD/annotated_videos/2022-12-23_Asjo_01_HD_5x_stab/2022-12-23 Asjo 01_HD 5x stab.MP4,355
target_adaptation,data/raw/NVD/annotated_videos/2022-12-23_Asjo_01_HD_5x_stab/2022-12-23 Asjo 01_HD 5x stab.MP4,358
target_adaptation,data/raw/NVD/annotated_videos/2022-12-23_Asjo_01_HD_5x_stab/2022-12-23 Asjo 01_HD 5x stab.MP4,361
target_adaptation,data/raw/NVD/annotated_videos/2022-12-23_Asjo_01_HD_5x_stab/2022-12-23 Asjo 01_HD 5x stab.MP4,363
target_adaptation,data/raw/NVD/annotated_videos/2022-12-23_Asjo_01_HD_5x_stab/2022-12-23 Asjo 01_HD 5x stab.MP4,366
target_adaptation,data/raw/NVD/annotated_videos/2022-12-23_Asjo_01_HD_5x_stab/2022-12-23 Asjo 01_HD 5x stab.MP4,369
target_adaptation,data/raw/NVD/annotated_videos/2022-12-23_Asjo_01_HD_5x_stab/2022-12-23 Asjo 01_HD 5x stab.MP4,372
target_adaptation,data/raw/NVD/annotated_videos/2022-12-23_Asjo_01_HD_5x_stab/2022-12-23 Asjo 01_HD 5x stab.MP4,375
target_adaptation,data/raw/NVD/annotated_videos/2022-12-23_Asjo_01_HD_5x_stab/2022-12-23 Asjo 01_HD 5x stab.MP4,377
target_adaptation,data/raw/NVD/annotated_videos/2022-12-23_Asjo_01_HD_5x_stab/2022-12-23 Asjo 01_HD 5x stab.MP4,380
target_adaptation,data/raw/NVD/annotated_videos/2022-12-23_Asjo_01_HD_5x_stab/2022-12-23 Asjo 01_HD 5x stab.MP4,383
target_adaptation,data/raw/NVD/annotated_videos/2022-12-23_Asjo_01_HD_5x_stab/2022-12-23 Asjo 01_HD 5x stab.MP4,386
target_adaptation,data/raw/NVD/annotated_videos/2022-12-23_Asjo_01_HD_5x_stab/2022-12-23 Asjo 01_HD 5x stab.MP4,388
target_adaptation,data/raw/NVD/annotated_videos/2022-12-23_Asjo_01_HD_5x_stab/2022-12-23 Asjo 01_HD 5x stab.MP4,391
target_adaptation,data/raw/NVD/annotated_videos/2022-12-23_Asjo_01_HD_5x_stab/2022-12-23 Asjo 01_HD 5x stab.MP4,394
target_adaptation,data/raw/NVD/annotated_videos/2022-12-23_Asjo_01_HD_5x_stab/2022-12-23 Asjo 01_HD 5x stab.MP4,397
target_adaptation,data/raw/NVD/annotated_videos/2022-12-23_Asjo_01_HD_5x_stab/2022-12-23 Asjo 01_HD 5x stab.MP4,399
target_adaptation,data/raw/NVD/annotated_videos/2022-12-23_Asjo_01_HD_5x_stab/2022-12-23 Asjo 01_HD 5x stab.MP4,402
target_adaptation,data/raw/NVD/annotated_videos/2022-12-23_Asjo_01_HD_5x_stab/2022-12-23 Asjo 01_HD 5x stab.MP4,405
target_adaptation,data/raw/NVD/annotated_videos/2022-12-23_Asjo_01_HD_5x_stab/2022-12-23 Asjo 01_HD 5x stab.MP4,408
target_adaptation,data/raw/NVD/annotated_videos/2022-12-23_Asjo_01_HD_5x_stab/2022-12-23 Asjo 01_HD 5x stab.MP4,410
target_adaptation,data/raw/NVD/annotated_videos/2022-12-23_Asjo_01_HD_5x_stab/2022-12-23 Asjo 01_HD 5x stab.MP4,413
target_adaptation,data/raw/NVD/annotated_videos/2022-12-23_Asjo_01_HD_5x_stab/2022-12-23 Asjo 01_HD 5x stab.MP4,416
target_adaptation,data/raw/NVD/annotated_videos/2022-12-23_Asjo_01_HD_5x_stab/2022-12-23 Asjo 01_HD 5x stab.MP4,419
target_adaptation,data/raw/NVD/annotated_videos/2022-12-23_Asjo_01_HD_5x_stab/2022-12-23 Asjo 01_HD 5x stab.MP4,421
target_adaptation,data/raw/NVD/annotated_videos/2022-12-23_Asjo_01_HD_5x_stab/2022-12-23 Asjo 01_HD 5x stab.MP4,424
target_adaptation,data/raw/NVD/annotated_videos/2022-12-23_Asjo_01_HD_5x_stab/2022-12-23 Asjo 01_HD 5x stab.MP4,427
target_adaptation,data/raw/NVD/annotated_videos/2022-12-23_Asjo_01_HD_5x_stab/2022-12-23 Asjo 01_HD 5x stab.MP4,430
target_adaptation,data/raw/NVD/annotated_videos/2022-12-23_Asjo_01_HD_5x_stab/2022-12-23 Asjo 01_HD 5x stab.MP4,432
target_adaptation,data/raw/NVD/annotated_videos/2022-12-23_Asjo_01_HD_5x_stab/2022-12-23 Asjo 01_HD 5x stab.MP4,435
target_adaptation,data/raw/NVD/annotated_videos/2022-12-23_Asjo_01_HD_5x_stab/2022-12-23 Asjo 01_HD 5x stab.MP4,438
target_adaptation,data/raw/NVD/annotated_videos/2022-12-23_Asjo_01_HD_5x_stab/2022-12-23 Asjo 01_HD 5x stab.MP4,441
target_adaptation,data/raw/NVD/annotated_videos/2022-12-23_Asjo_01_HD_5x_stab/2022-12-23 Asjo 01_HD 5x stab.MP4,443
target_adaptation,data/raw/NVD/annotated_videos/2022-12-23_Asjo_01_HD_5x_stab/2022-12-23 Asjo 01_HD 5x stab.MP4,446
target_adaptation,data/raw/NVD/annotated_videos/2022-12-23_Asjo_01_HD_5x_stab/2022-12-23 Asjo 01_HD 5x stab.MP4,449
target_adaptation,data/raw/NVD/annotated_videos/2022-12-23_Asjo_01_HD_5x_stab/2022-12-23 Asjo 01_HD 5x stab.MP4,452
target_adaptation,data/raw/NVD/annotated_videos/2022-12-23_Asjo_01_HD_5x_stab/2022-12-23 Asjo 01_HD 5x stab.MP4,454
target_adaptation,data/raw/NVD/annotated_videos/2022-12-23_Asjo_01_HD_5x_stab/2022-12-23 Asjo 01_HD 5x stab.MP4,457
target_adaptation,data/raw/NVD/annotated_videos/2022-12-23_Asjo_01_HD_5x_stab/2022-12-23 Asjo 01_HD 5x stab.MP4,460
target_adaptation,data/raw/NVD/annotated_videos/2022-12-23_Asjo_01_HD_5x_stab/2022-12-23 Asjo 01_HD 5x stab.MP4,463
target_adaptation,data/raw/NVD/annotated_videos/2022-12-23_Asjo_01_HD_5x_stab/2022-12-23 Asjo 01_HD 5x stab.MP4,466
target_adaptation,data/raw/NVD/annotated_videos/2022-12-23_Asjo_01_HD_5x_stab/2022-12-23 Asjo 01_HD 5x stab.MP4,468
target_adaptation,data/raw/NVD/annotated_videos/2022-12-23_Asjo_01_HD_5x_stab/2022-12-23 Asjo 01_HD 5x stab.MP4,471
target_adaptation,data/raw/NVD/annotated_videos/2022-12-23_Asjo_01_HD_5x_stab/2022-12-23 Asjo 01_HD 5x stab.MP4,474
target_adaptation,data/raw/NVD/annotated_videos/2022-12-23_Asjo_01_HD_5x_stab/2022-12-23 Asjo 01_HD 5x stab.MP4,477
target_adaptation,data/raw/NVD/annotated_videos/2022-12-23_Asjo_01_HD_5x_stab/2022-12-23 Asjo 01_HD 5x stab.MP4,479
target_adaptation,data/raw/NVD/annotated_videos/2022-12-23_Asjo_01_HD_5x_stab/2022-12-23 Asjo 01_HD 5x stab.MP4,482
target_adaptation,data/raw/NVD/annotated_videos/2022-12-23_Asjo_01_HD_5x_stab/2022-12-23 Asjo 01_HD 5x stab.MP4,485
target_adaptation,data/raw/NVD/annotated_videos/2022-12-23_Asjo_01_HD_5x_stab/2022-12-23 Asjo 01_HD 5x stab.MP4,488
target_adaptation,data/raw/NVD/annotated_videos/2022-12-23_Asjo_01_HD_5x_stab/2022-12-23 Asjo 01_HD 5x stab.MP4,490
target_adaptation,data/raw/NVD/annotated_videos/2022-12-23_Asjo_01_HD_5x_stab/2022-12-23 Asjo 01_HD 5x stab.MP4,493
target_adaptation,data/raw/NVD/annotated_videos/2022-12-23_Asjo_01_HD_5x_stab/2022-12-23 Asjo 01_HD 5x stab.MP4,496
target_adaptation,data/raw/NVD/annotated_videos/2022-12-23_Asjo_01_HD_5x_stab/2022-12-23 Asjo 01_HD 5x stab.MP4,499
target_adaptation,data/raw/NVD/annotated_videos/2022-12-23_Asjo_01_HD_5x_stab/2022-12-23 Asjo 01_HD 5x stab.MP4,501
target_adaptation,data/raw/NVD/annotated_videos/2022-12-23_Asjo_01_HD_5x_stab/2022-12-23 Asjo 01_HD 5x stab.MP4,504
target_adaptation,data/raw/NVD/annotated_videos/2022-12-23_Asjo_01_HD_5x_stab/2022-12-23 Asjo 01_HD 5x stab.MP4,507
target_adaptation,data/raw/NVD/annotated_videos/2022-12-23_Asjo_01_HD_5x_stab/2022-12-23 Asjo 01_HD 5x stab.MP4,510
target_adaptation,data/raw/NVD/annotated_videos/2022-12-23_Asjo_01_HD_5x_stab/2022-12-23 Asjo 01_HD 5x stab.MP4,512
target_adaptation,data/raw/NVD/annotated_videos/2022-12-23_Asjo_01_HD_5x_stab/2022-12-23 Asjo 01_HD 5x stab.MP4,515
target_adaptation,data/raw/NVD/annotated_videos/2022-12-23_Asjo_01_HD_5x_stab/2022-12-23 Asjo 01_HD 5x stab.MP4,518
target_adaptation,data/raw/NVD/annotated_videos/2022-12-23_Asjo_01_HD_5x_stab/2022-12-23 Asjo 01_HD 5x stab.MP4,521
target_adaptation,data/raw/NVD/annotated_videos/2022-12-23_Asjo_01_HD_5x_stab/2022-12-23 Asjo 01_HD 5x stab.MP4,523
target_adaptation,data/raw/NVD/annotated_videos/2022-12-23_Asjo_01_HD_5x_stab/2022-12-23 Asjo 01_HD 5x stab.MP4,526
target_adaptation,data/raw/NVD/annotated_videos/2022-12-23_Asjo_01_HD_5x_stab/2022-12-23 Asjo 01_HD 5x stab.MP4,529
target_adaptation,data/raw/NVD/annotated_videos/2022-12-23_Asjo_01_HD_5x_stab/2022-12-23 Asjo 01_HD 5x stab.MP4,532
target_adaptation,data/raw/NVD/annotated_videos/2022-12-23_Asjo_01_HD_5x_stab/2022-12-23 Asjo 01_HD 5x stab.MP4,534
target_adaptation,data/raw/NVD/annotated_videos/2022-12-23_Asjo_01_HD_5x_stab/2022-12-23 Asjo 01_HD 5x stab.MP4,537
target_adaptation,data/raw/NVD/annotated_videos/2022-12-23_Asjo_01_HD_5x_stab/2022-12-23 Asjo 01_HD 5x stab.MP4,540
target_adaptation,data/raw/NVD/annotated_videos/2022-12-23_Asjo_01_HD_5x_stab/2022-12-23 Asjo 01_HD 5x stab.MP4,543
target_adaptation,data/raw/NVD/annotated_videos/2022-12-23_Asjo_01_HD_5x_stab/2022-12-23 Asjo 01_HD 5x stab.MP4,545
target_adaptation,data/raw/NVD/annotated_videos/2022-12-23_Asjo_01_HD_5x_stab/2022-12-23 Asjo 01_HD 5x stab.MP4,548
target_adaptation,data/raw/NVD/annotated_videos/2022-12-23_Asjo_01_HD_5x_stab/2022-12-23 Asjo 01_HD 5x stab.MP4,551
target_adaptation,data/raw/NVD/annotated_videos/2022-12-23_Asjo_01_HD_5x_stab/2022-12-23 Asjo 01_HD 5x stab.MP4,554
target_adaptation,data/raw/NVD/annotated_videos/2022-12-23_Asjo_01_HD_5x_stab/2022-12-23 Asjo 01_HD 5x stab.MP4,557
target_adaptation,data/raw/NVD/annotated_videos/2022-12-23_Asjo_01_HD_5x_stab/2022-12-23 Asjo 01_HD 5x stab.MP4,559
target_adaptation,data/raw/NVD/annotated_videos/2022-12-23_Asjo_01_HD_5x_stab/2022-12-23 Asjo 01_HD 5x stab.MP4,562
target_adaptation,data/raw/NVD/annotated_videos/2022-12-23_Asjo_01_HD_5x_stab/2022-12-23 Asjo 01_HD 5x stab.MP4,565
target_adaptation,data/raw/NVD/annotated_videos/2022-12-23_Asjo_01_HD_5x_stab/2022-12-23 Asjo 01_HD 5x stab.MP4,568
target_adaptation,data/raw/NVD/annotated_videos/2022-12-23_Asjo_01_HD_5x_stab/2022-12-23 Asjo 01_HD 5x stab.MP4,570
target_adaptation,data/raw/NVD/annotated_videos/2022-12-23_Asjo_01_HD_5x_stab/2022-12-23 Asjo 01_HD 5x stab.MP4,573
target_adaptation,data/raw/NVD/annotated_videos/2022-12-23_Asjo_01_HD_5x_stab/2022-12-23 Asjo 01_HD 5x stab.MP4,576
target_adaptation,data/raw/NVD/annotated_videos/2022-12-23_Asjo_01_HD_5x_stab/2022-12-23 Asjo 01_HD 5x stab.MP4,579
target_adaptation,data/raw/NVD/annotated_videos/2022-12-23_Asjo_01_HD_5x_stab/2022-12-23 Asjo 01_HD 5x stab.MP4,581
target_adaptation,data/raw/NVD/annotated_videos/2022-12-23_Asjo_01_HD_5x_stab/2022-12-23 Asjo 01_HD 5x stab.MP4,584
target_adaptation,data/raw/NVD/annotated_videos/2022-12-23_Asjo_01_HD_5x_stab/2022-12-23 Asjo 01_HD 5x stab.MP4,587
target_adaptation,data/raw/NVD/annotated_videos/2022-12-23_Asjo_01_HD_5x_stab/2022-12-23 Asjo 01_HD 5x stab.MP4,590
target_adaptation,data/raw/NVD/annotated_videos/2022-12-23_Asjo_01_HD_5x_stab/2022-12-23 Asjo 01_HD 5x stab.MP4,592
target_adaptation,data/raw/NVD/annotated_videos/2022-12-23_Asjo_01_HD_5x_stab/2022-12-23 Asjo 01_HD 5x stab.MP4,595
target_adaptation,data/raw/NVD/annotated_videos/2022-12-23_Asjo_01_HD_5x_stab/2022-12-23 Asjo 01_HD 5x stab.MP4,598
target_adaptation,data/raw/NVD/annotated_videos/2022-12-23_Asjo_01_HD_5x_stab/2022-12-23 Asjo 01_HD 5x stab.MP4,601
target_adaptation,data/raw/NVD/annotated_videos/2022-12-23_Asjo_01_HD_5x_stab/2022-12-23 Asjo 01_HD 5x stab.MP4,603
target_adaptation,data/raw/NVD/annotated_videos/2022-12-23_Asjo_01_HD_5x_stab/2022-12-23 Asjo 01_HD 5x stab.MP4,606
target_adaptation,data/raw/NVD/annotated_videos/2022-12-23_Asjo_01_HD_5x_stab/2022-12-23 Asjo 01_HD 5x stab.MP4,609
target_adaptation,data/raw/NVD/annotated_videos/2022-12-23_Asjo_01_HD_5x_stab/2022-12-23 Asjo 01_HD 5x stab.MP4,612
target_adaptation,data/raw/NVD/annotated_videos/2022-12-23_Asjo_01_HD_5x_stab/2022-12-23 Asjo 01_HD 5x stab.MP4,614
target_adaptation,data/raw/NVD/annotated_videos/2022-12-23_Asjo_01_HD_5x_stab/2022-12-23 Asjo 01_HD 5x stab.MP4,617
target_adaptation,data/raw/NVD/annotated_videos/2022-12-23_Asjo_01_HD_5x_stab/2022-12-23 Asjo 01_HD 5x stab.MP4,620
target_adaptation,data/raw/NVD/annotated_videos/2022-12-23_Asjo_01_HD_5x_stab/2022-12-23 Asjo 01_HD 5x stab.MP4,623
target_adaptation,data/raw/NVD/annotated_videos/2022-12-23_Asjo_01_HD_5x_stab/2022-12-23 Asjo 01_HD 5x stab.MP4,625
target_adaptation,data/raw/NVD/annotated_videos/2022-12-23_Asjo_01_HD_5x_stab/2022-12-23 Asjo 01_HD 5x stab.MP4,628
target_adaptation,data/raw/NVD/annotated_videos/2022-12-23_Asjo_01_HD_5x_stab/2022-12-23 Asjo 01_HD 5x stab.MP4,631
target_adaptation,data/raw/NVD/annotated_videos/2022-12-23_Asjo_01_HD_5x_stab/2022-12-23 Asjo 01_HD 5x stab.MP4,634
target_adaptation,data/raw/NVD/annotated_videos/2022-12-23_Asjo_01_HD_5x_stab/2022-12-23 Asjo 01_HD 5x stab.MP4,636
target_adaptation,data/raw/NVD/annotated_videos/2022-12-23_Asjo_01_HD_5x_stab/2022-12-23 Asjo 01_HD 5x stab.MP4,639
target_adaptation,data/raw/NVD/annotated_videos/2022-12-23_Asjo_01_HD_5x_stab/2022-12-23 Asjo 01_HD 5x stab.MP4,642
target_adaptation,data/raw/NVD/annotated_videos/2022-12-23_Asjo_01_HD_5x_stab/2022-12-23 Asjo 01_HD 5x stab.MP4,645
target_adaptation,data/raw/NVD/annotated_videos/2022-12-23_Asjo_01_HD_5x_stab/2022-12-23 Asjo 01_HD 5x stab.MP4,648
target_adaptation,data/raw/NVD/annotated_videos/2022-12-23_Asjo_01_HD_5x_stab/2022-12-23 Asjo 01_HD 5x stab.MP4,650
target_adaptation,data/raw/NVD/annotated_videos/2022-12-23_Asjo_01_HD_5x_stab/2022-12-23 Asjo 01_HD 5x stab.MP4,653
target_adaptation,data/raw/NVD/annotated_videos/2022-12-23_Asjo_01_HD_5x_stab/2022-12-23 Asjo 01_HD 5x stab.MP4,656
target_adaptation,data/raw/NVD/annotated_videos/2022-12-23_Asjo_01_HD_5x_stab/2022-12-23 Asjo 01_HD 5x stab.MP4,659
target_adaptation,data/raw/NVD/annotated_videos/2022-12-23_Asjo_01_HD_5x_stab/2022-12-23 Asjo 01_HD 5x stab.MP4,661
target_adaptation,data/raw/NVD/annotated_videos/2022-12-23_Asjo_01_HD_5x_stab/2022-12-23 Asjo 01_HD 5x stab.MP4,664
target_adaptation,data/raw/NVD/annotated_videos/2022-12-23_Asjo_01_HD_5x_stab/2022-12-23 Asjo 01_HD 5x stab.MP4,667
target_adaptation,data/raw/NVD/annotated_videos/2022-12-23_Asjo_01_HD_5x_stab/2022-12-23 Asjo 01_HD 5x stab.MP4,670
target_adaptation,data/raw/NVD/annotated_videos/2022-12-23_Asjo_01_HD_5x_stab/2022-12-23 Asjo 01_HD 5x stab.MP4,672
target_adaptation,data/raw/NVD/annotated_videos/2022-12-23_Asjo_01_HD_5x_stab/2022-12-23 Asjo 01_HD 5x stab.MP4,675
target_adaptation,data/raw/NVD/annotated_videos/2022-12-23_Asjo_01_HD_5x_stab/2022-12-23 Asjo 01_HD 5x stab.MP4,678
target_adaptation,data/raw/NVD/annotated_videos/2022-12-23_Asjo_01_HD_5x_stab/2022-12-23 Asjo 01_HD 5x stab.MP4,681
target_adaptation,data/raw/NVD/annotated_videos/2022-12-23_Asjo_01_HD_5x_stab/2022-12-23 Asjo 01_HD 5x stab.MP4,683
target_adaptation,data/raw/NVD/annotated_videos/2022-12-23_Asjo_01_HD_5x_stab/2022-12-23 Asjo 01_HD 5x stab.MP4,686
target_adaptation,data/raw/NVD/annotated_videos/2022-12-23_Asjo_01_HD_5x_stab/2022-12-23 Asjo 01_HD 5x stab.MP4,689
target_adaptation,data/raw/NVD/annotated_videos/2022-12-23_Asjo_01_HD_5x_stab/2022-12-23 Asjo 01_HD 5x stab.MP4,692
target_adaptation,data/raw/NVD/annotated_videos/2022-12-23_Asjo_01_HD_5x_stab/2022-12-23 Asjo 01_HD 5x stab.MP4,694
target_adaptation,data/raw/NVD/annotated_videos/2022-12-23_Asjo_01_HD_5x_stab/2022-12-23 Asjo 01_HD 5x stab.MP4,697
target_adaptation,data/raw/NVD/annotated_videos/2022-12-23_Asjo_01_HD_5x_stab/2022-12-23 Asjo 01_HD 5x stab.MP4,700
target_adaptation,data/raw/NVD/annotated_videos/2022-12-23_Asjo_01_HD_5x_stab/2022-12-23 Asjo 01_HD 5x stab.MP4,703
target_adaptation,data/raw/NVD/annotated_videos/2022-12-23_Asjo_01_HD_5x_stab/2022-12-23 Asjo 01_HD 5x stab.MP4,705
target_adaptation,data/raw/NVD/annotated_videos/2022-12-23_Asjo_01_HD_5x_stab/2022-12-23 Asjo 01_HD 5x stab.MP4,708
target_adaptation,data/raw/NVD/annotated_videos/2022-12-23_Asjo_01_HD_5x_stab/2022-12-23 Asjo 01_HD 5x stab.MP4,711
target_adaptation,data/raw/NVD/annotated_videos/2022-12-23_Asjo_01_HD_5x_stab/2022-12-23 Asjo 01_HD 5x stab.MP4,714
target_adaptation,data/raw/NVD/annotated_videos/2022-12-23_Asjo_01_HD_5x_stab/2022-12-23 Asjo 01_HD 5x stab.MP4,716
target_adaptation,data/raw/NVD/annotated_videos/2022-12-23_Asjo_01_HD_5x_stab/2022-12-23 Asjo 01_HD 5x stab.MP4,719
target_adaptation,data/raw/NVD/annotated_videos/2022-12-23_Asjo_01_HD_5x_stab/2022-12-23 Asjo 01_HD 5x stab.MP4,722
target_adaptation,data/raw/NVD/annotated_videos/2022-12-23_Asjo_01_HD_5x_stab/2022-12-23 Asjo 01_HD 5x stab.MP4,725
target_adaptation,data/raw/NVD/annotated_videos/2022-12-23_Asjo_01_HD_5x_stab/2022-12-23 Asjo 01_HD 5x stab.MP4,727
target_adaptation,data/raw/NVD/annotated_videos/2022-12-23_Asjo_01_HD_5x_stab/2022-12-23 Asjo 01_HD 5x stab.MP4,730
target_adaptation,data/raw/NVD/annotated_videos/2022-12-23_Asjo_01_HD_5x_stab/2022-12-23 Asjo 01_HD 5x stab.MP4,733
target_adaptation,data/raw/NVD/annotated_videos/2022-12-23_Asjo_01_HD_5x_stab/2022-12-23 Asjo 01_HD 5x stab.MP4,736
target_adaptation,data/raw/NVD/annotated_videos/2022-12-23_Asjo_01_HD_5x_stab/2022-12-23 Asjo 01_HD 5x stab.MP4,739
target_adaptation,data/raw/NVD/annotated_videos/2022-12-23_Asjo_01_HD_5x_stab/2022-12-23 Asjo 01_HD 5x stab.MP4,741
target_adaptation,data/raw/NVD/annotated_videos/2022-12-23_Asjo_01_HD_5x_stab/2022-12-23 Asjo 01_HD 5x stab.MP4,744
target_adaptation,data/raw/NVD/annotated_videos/2022-12-23_Asjo_01_HD_5x_stab/2022-12-23 Asjo 01_HD 5x stab.MP4,747
target_adaptation,data/raw/NVD/annotated_videos/2022-12-23_Asjo_01_HD_5x_stab/2022-12-23 Asjo 01_HD 5x stab.MP4,750
target_adaptation,data/raw/NVD/annotated_videos/2022-12-23_Asjo_01_HD_5x_stab/2022-12-23 Asjo 01_HD 5x stab.MP4,752
target_adaptation,data/raw/NVD/annotated_videos/2022-12-23_Asjo_01_HD_5x_stab/2022-12-23 Asjo 01_HD 5x stab.MP4,755
target_adaptation,data/raw/NVD/annotated_videos/2022-12-23_Asjo_01_HD_5x_stab/2022-12-23 Asjo 01_HD 5x stab.MP4,758
target_adaptation,data/raw/NVD/annotated_videos/2022-12-23_Asjo_01_HD_5x_stab/2022-12-23 Asjo 01_HD 5x stab.MP4,761
target_adaptation,data/raw/NVD/annotated_videos/2022-12-23_Asjo_01_HD_5x_stab/2022-12-23 Asjo 01_HD 5x stab.MP4,763
target_adaptation,data/raw/NVD/annotated_videos/2022-12-23_Asjo_01_HD_5x_stab/2022-12-23 Asjo 01_HD 5x stab.MP4,766
target_adaptation,data/raw/NVD/annotated_videos/2022-12-23_Asjo_01_HD_5x_stab/2022-12-23 Asjo 01_HD 5x stab.MP4,769
target_adaptation,data/raw/NVD/annotated_videos/2022-12-23_Asjo_01_HD_5x_stab/2022-12-23 Asjo 01_HD 5x stab.MP4,772
target_adaptation,data/raw/NVD/annotated_videos/2022-12-23_Asjo_01_HD_5x_stab/2022-12-23 Asjo 01_HD 5x stab.MP4,774
target_adaptation,data/raw/NVD/annotated_videos/2022-12-23_Asjo_01_HD_5x_stab/2022-12-23 Asjo 01_HD 5x stab.MP4,777
target_adaptation,data/raw/NVD/annotated_videos/2022-12-23_Asjo_01_HD_5x_stab/2022-12-23 Asjo 01_HD 5x stab.MP4,780
target_adaptation,data/raw/NVD/annotated_videos/2022-12-23_Asjo_01_HD_5x_stab/2022-12-23 Asjo 01_HD 5x stab.MP4,783
target_adaptation,data/raw/NVD/annotated_videos/2022-12-23_Asjo_01_HD_5x_stab/2022-12-23 Asjo 01_HD 5x stab.MP4,785
target_adaptation,data/raw/NVD/annotated_videos/2022-12-23_Asjo_01_HD_5x_stab/2022-12-23 Asjo 01_HD 5x stab.MP4,788
target_adaptation,data/raw/NVD/annotated_videos/2022-12-23_Asjo_01_HD_5x_stab/2022-12-23 Asjo 01_HD 5x stab.MP4,791
target_adaptation,data/raw/NVD/annotated_videos/2022-12-23_Asjo_01_HD_5x_stab/2022-12-23 Asjo 01_HD 5x stab.MP4,794
target_adaptation,data/raw/NVD/annotated_videos/2022-12-23_Asjo_01_HD_5x_stab/2022-12-23 Asjo 01_HD 5x stab.MP4,796
target_adaptation,data/raw/NVD/annotated_videos/2022-12-23_Asjo_01_HD_5x_stab/2022-12-23 Asjo 01_HD 5x stab.MP4,799
target_adaptation,data/raw/NVD/annotated_videos/2022-12-23_Asjo_01_HD_5x_stab/2022-12-23 Asjo 01_HD 5x stab.MP4,802
target_adaptation,data/raw/NVD/annotated_videos/2022-12-23_Asjo_01_HD_5x_stab/2022-12-23 Asjo 01_HD 5x stab.MP4,805
target_adaptation,data/raw/NVD/annotated_videos/2022-12-23_Asjo_01_HD_5x_stab/2022-12-23 Asjo 01_HD 5x stab.MP4,807
target_adaptation,data/raw/NVD/annotated_videos/2022-12-23_Asjo_01_HD_5x_stab/2022-12-23 Asjo 01_HD 5x stab.MP4,810
target_adaptation,data/raw/NVD/annotated_videos/2022-12-23_Asjo_01_HD_5x_stab/2022-12-23 Asjo 01_HD 5x stab.MP4,813
target_adaptation,data/raw/NVD/annotated_videos/2022-12-23_Asjo_01_HD_5x_stab/2022-12-23 Asjo 01_HD 5x stab.MP4,816
target_adaptation,data/raw/NVD/annotated_videos/2022-12-23_Asjo_01_HD_5x_stab/2022-12-23 Asjo 01_HD 5x stab.MP4,818
target_adaptation,data/raw/NVD/annotated_videos/2022-12-23_Asjo_01_HD_5x_stab/2022-12-23 Asjo 01_HD 5x stab.MP4,821
target_adaptation,data/raw/NVD/annotated_videos/2022-12-23_Asjo_01_HD_5x_stab/2022-12-23 Asjo 01_HD 5x stab.MP4,824
target_adaptation,data/raw/NVD/annotated_videos/2022-12-23_Asjo_01_HD_5x_stab/2022-12-23 Asjo 01_HD 5x stab.MP4,827
target_adaptation,data/raw/NVD/annotated_videos/2022-12-23_Asjo_01_HD_5x_stab/2022-12-23 Asjo 01_HD 5x stab.MP4,830
target_adaptation,data/raw/NVD/annotated_videos/2022-12-23_Asjo_01_HD_5x_stab/2022-12-23 Asjo 01_HD 5x stab.MP4,832
target_adaptation,data/raw/NVD/annotated_videos/2022-12-23_Asjo_01_HD_5x_stab/2022-12-23 Asjo 01_HD 5x stab.MP4,835
target_adaptation,data/raw/NVD/annotated_videos/2022-12-23_Asjo_01_HD_5x_stab/2022-12-23 Asjo 01_HD 5x stab.MP4,838
target_adaptation,data/raw/NVD/annotated_videos/2022-12-23_Asjo_01_HD_5x_stab/2022-12-23 Asjo 01_HD 5x stab.MP4,841
target_adaptation,data/raw/NVD/annotated_videos/2022-12-23_Asjo_01_HD_5x_stab/2022-12-23 Asjo 01_HD 5x stab.MP4,843
target_adaptation,data/raw/NVD/annotated_videos/2022-12-23_Asjo_01_HD_5x_stab/2022-12-23 Asjo 01_HD 5x stab.MP4,846
target_adaptation,data/raw/NVD/annotated_videos/2022-12-23_Asjo_01_HD_5x_stab/2022-12-23 Asjo 01_HD 5x stab.MP4,849
target_adaptation,data/raw/NVD/annotated_videos/2022-12-23_Asjo_01_HD_5x_stab/2022-12-23 Asjo 01_HD 5x stab.MP4,852
target_adaptation,data/raw/NVD/annotated_videos/2022-12-23_Asjo_01_HD_5x_stab/2022-12-23 Asjo 01_HD 5x stab.MP4,854
target_adaptation,data/raw/NVD/annotated_videos/2022-12-23_Asjo_01_HD_5x_stab/2022-12-23 Asjo 01_HD 5x stab.MP4,857
target_adaptation,data/raw/NVD/annotated_videos/2022-12-23_Asjo_01_HD_5x_stab/2022-12-23 Asjo 01_HD 5x stab.MP4,860
target_adaptation,data/raw/NVD/annotated_videos/2022-12-23_Asjo_01_HD_5x_stab/2022-12-23 Asjo 01_HD 5x stab.MP4,863
target_adaptation,data/raw/NVD/annotated_videos/2022-12-23_Asjo_01_HD_5x_stab/2022-12-23 Asjo 01_HD 5x stab.MP4,865
target_adaptation,data/raw/NVD/annotated_videos/2022-12-23_Asjo_01_HD_5x_stab/2022-12-23 Asjo 01_HD 5x stab.MP4,868
target_adaptation,data/raw/NVD/annotated_videos/2022-12-23_Asjo_01_HD_5x_stab/2022-12-23 Asjo 01_HD 5x stab.MP4,871
target_adaptation,data/raw/NVD/annotated_videos/2022-12-23_Asjo_01_HD_5x_stab/2022-12-23 Asjo 01_HD 5x stab.MP4,874
target_adaptation,data/raw/NVD/annotated_videos/2022-12-23_Asjo_01_HD_5x_stab/2022-12-23 Asjo 01_HD 5x stab.MP4,876
target_adaptation,data/raw/NVD/annotated_videos/2022-12-23_Asjo_01_HD_5x_stab/2022-12-23 Asjo 01_HD 5x stab.MP4,879
target_adaptation,data/raw/NVD/annotated_videos/2022-12-23_Asjo_01_HD_5x_stab/2022-12-23 Asjo 01_HD 5x stab.MP4,882
target_adaptation,data/raw/NVD/annotated_videos/2022-12-23_Asjo_01_HD_5x_stab/2022-12-23 Asjo 01_HD 5x stab.MP4,885
target_adaptation,data/raw/NVD/annotated_videos/2022-12-23_Asjo_01_HD_5x_stab/2022-12-23 Asjo 01_HD 5x stab.MP4,887
target_adaptation,data/raw/NVD/annotated_videos/2022-12-23_Asjo_01_HD_5x_stab/2022-12-23 Asjo 01_HD 5x stab.MP4,890
target_adaptation,data/raw/NVD/annotated_videos/2022-12-23_Asjo_01_HD_5x_stab/2022-12-23 Asjo 01_HD 5x stab.MP4,893
target_adaptation,data/raw/NVD/annotated_videos/2022-12-23_Asjo_01_HD_5x_stab/2022-12-23 Asjo 01_HD 5x stab.MP4,896
target_adaptation,data/raw/NVD/annotated_videos/2022-12-23_Asjo_01_HD_5x_stab/2022-12-23 Asjo 01_HD 5x stab.MP4,898
target_adaptation,data/raw/NVD/annotated_videos/2022-12-23_Asjo_01_HD_5x_stab/2022-12-23 Asjo 01_HD 5x stab.MP4,901
target_adaptation,data/raw/NVD/annotated_videos/2022-12-23_Asjo_01_HD_5x_stab/2022-12-23 Asjo 01_HD 5x stab.MP4,904
target_adaptation,data/raw/NVD/annotated_videos/2022-12-23_Asjo_01_HD_5x_stab/2022-12-23 Asjo 01_HD 5x stab.MP4,907
target_adaptation,data/raw/NVD/annotated_videos/2022-12-23_Asjo_01_HD_5x_stab/2022-12-23 Asjo 01_HD 5x stab.MP4,909
target_adaptation,data/raw/NVD/annotated_videos/2022-12-23_Asjo_01_HD_5x_stab/2022-12-23 Asjo 01_HD 5x stab.MP4,912
target_adaptation,data/raw/NVD/annotated_videos/2022-12-23_Asjo_01_HD_5x_stab/2022-12-23 Asjo 01_HD 5x stab.MP4,915
target_adaptation,data/raw/NVD/annotated_videos/2022-12-23_Asjo_01_HD_5x_stab/2022-12-23 Asjo 01_HD 5x stab.MP4,918
target_adaptation,data/raw/NVD/annotated_videos/2022-12-23_Asjo_01_HD_5x_stab/2022-12-23 Asjo 01_HD 5x stab.MP4,921
target_adaptation,data/raw/NVD/annotated_videos/2022-12-23_Asjo_01_HD_5x_stab/2022-12-23 Asjo 01_HD 5x stab.MP4,923
target_adaptation,data/raw/NVD/annotated_videos/2022-12-23_Asjo_01_HD_5x_stab/2022-12-23 Asjo 01_HD 5x stab.MP4,926
target_adaptation,data/raw/NVD/annotated_videos/2022-12-23_Asjo_01_HD_5x_stab/2022-12-23 Asjo 01_HD 5x stab.MP4,929
target_adaptation,data/raw/NVD/annotated_videos/2022-12-23_Asjo_01_HD_5x_stab/2022-12-23 Asjo 01_HD 5x stab.MP4,932
target_adaptation,data/raw/NVD/annotated_videos/2022-12-23_Asjo_01_HD_5x_stab/2022-12-23 Asjo 01_HD 5x stab.MP4,934
target_adaptation,data/raw/NVD/annotated_videos/2022-12-23_Asjo_01_HD_5x_stab/2022-12-23 Asjo 01_HD 5x stab.MP4,937
target_adaptation,data/raw/NVD/annotated_videos/2022-12-23_Asjo_01_HD_5x_stab/2022-12-23 Asjo 01_HD 5x stab.MP4,940
target_adaptation,data/raw/NVD/annotated_videos/2022-12-23_Asjo_01_HD_5x_stab/2022-12-23 Asjo 01_HD 5x stab.MP4,943
target_adaptation,data/raw/NVD/annotated_videos/2022-12-23_Asjo_01_HD_5x_stab/2022-12-23 Asjo 01_HD 5x stab.MP4,945
target_adaptation,data/raw/NVD/annotated_videos/2022-12-23_Asjo_01_HD_5x_stab/2022-12-23 Asjo 01_HD 5x stab.MP4,948
target_adaptation,data/raw/NVD/annotated_videos/2022-12-23_Asjo_01_HD_5x_stab/2022-12-23 Asjo 01_HD 5x stab.MP4,951
target_adaptation,data/raw/NVD/annotated_videos/2022-12-23_Asjo_01_HD_5x_stab/2022-12-23 Asjo 01_HD 5x stab.MP4,954
target_adaptation,data/raw/NVD/annotated_videos/2022-12-23_Asjo_01_HD_5x_stab/2022-12-23 Asjo 01_HD 5x stab.MP4,956
target_adaptation,data/raw/NVD/annotated_videos/2022-12-23_Asjo_01_HD_5x_stab/2022-12-23 Asjo 01_HD 5x stab.MP4,959
target_adaptation,data/raw/NVD/annotated_videos/2022-12-23_Asjo_01_HD_5x_stab/2022-12-23 Asjo 01_HD 5x stab.MP4,962
target_adaptation,data/raw/NVD/annotated_videos/2022-12-23_Asjo_01_HD_5x_stab/2022-12-23 Asjo 01_HD 5x stab.MP4,965
target_adaptation,data/raw/NVD/annotated_videos/2022-12-23_Asjo_01_HD_5x_stab/2022-12-23 Asjo 01_HD 5x stab.MP4,967
target_adaptation,data/raw/NVD/annotated_videos/2022-12-23_Asjo_01_HD_5x_stab/2022-12-23 Asjo 01_HD 5x stab.MP4,970
target_adaptation,data/raw/NVD/annotated_videos/2022-12-23_Asjo_01_HD_5x_stab/2022-12-23 Asjo 01_HD 5x stab.MP4,973
target_adaptation,data/raw/NVD/annotated_videos/2022-12-23_Asjo_01_HD_5x_stab/2022-12-23 Asjo 01_HD 5x stab.MP4,976
target_adaptation,data/raw/NVD/annotated_videos/2022-12-23_Asjo_01_HD_5x_stab/2022-12-23 Asjo 01_HD 5x stab.MP4,978
target_adaptation,data/raw/NVD/annotated_videos/2022-12-23_Asjo_01_HD_5x_stab/2022-12-23 Asjo 01_HD 5x stab.MP4,981
target_adaptation,data/raw/NVD/annotated_videos/2022-12-23_Asjo_01_HD_5x_stab/2022-12-23 Asjo 01_HD 5x stab.MP4,984
target_adaptation,data/raw/NVD/annotated_videos/2022-12-23_Asjo_01_HD_5x_stab/2022-12-23 Asjo 01_HD 5x stab.MP4,987
target_adaptation,data/raw/NVD/annotated_videos/2022-12-23_Asjo_01_HD_5x_stab/2022-12-23 Asjo 01_HD 5x stab.MP4,989
target_adaptation,data/raw/NVD/annotated_videos/2022-12-23_Asjo_01_HD_5x_stab/2022-12-23 Asjo 01_HD 5x stab.MP4,992
target_adaptation,data/raw/NVD/annotated_videos/2022-12-23_Asjo_01_HD_5x_stab/2022-12-23 Asjo 01_HD 5x stab.MP4,995
target_adaptation,data/raw/NVD/annotated_videos/2022-12-23_Asjo_01_HD_5x_stab/2022-12-23 Asjo 01_HD 5x stab.MP4,998
target_adaptation,data/raw/NVD/annotated_videos/2022-12-23_Asjo_01_HD_5x_stab/2022-12-23 Asjo 01_HD 5x stab.MP4,1000
target_adaptation,data/raw/NVD/annotated_videos/2022-12-23_Asjo_01_HD_5x_stab/2022-12-23 Asjo 01_HD 5x stab.MP4,1003
target_adaptation,data/raw/NVD/annotated_videos/2022-12-23_Asjo_01_HD_5x_stab/2022-12-23 Asjo 01_HD 5x stab.MP4,1006
target_adaptation,data/raw/NVD/annotated_videos/2022-12-23_Asjo_01_HD_5x_stab/2022-12-23 Asjo 01_HD 5x stab.MP4,1009
target_adaptation,data/raw/NVD/annotated_videos/2022-12-23_Asjo_01_HD_5x_stab/2022-12-23 Asjo 01_HD 5x stab.MP4,1012
target_adaptation,data/raw/NVD/annotated_videos/2022-12-23_Asjo_01_HD_5x_stab/2022-12-23 Asjo 01_HD 5x stab.MP4,1014
target_adaptation,data/raw/NVD/annotated_videos/2022-12-23_Asjo_01_HD_5x_stab/2022-12-23 Asjo 01_HD 5x stab.MP4,1017
target_adaptation,data/raw/NVD/annotated_videos/2022-12-23_Asjo_01_HD_5x_stab/2022-12-23 Asjo 01_HD 5x stab.MP4,1020
target_adaptation,data/raw/NVD/annotated_videos/2022-12-23_Asjo_01_HD_5x_stab/2022-12-23 Asjo 01_HD 5x stab.MP4,1023
target_adaptation,data/raw/NVD/annotated_videos/2022-12-23_Asjo_01_HD_5x_stab/2022-12-23 Asjo 01_HD 5x stab.MP4,1025
target_adaptation,data/raw/NVD/annotated_videos/2022-12-23_Asjo_01_HD_5x_stab/2022-12-23 Asjo 01_HD 5x stab.MP4,1028
target_adaptation,data/raw/NVD/annotated_videos/2022-12-23_Asjo_01_HD_5x_stab/2022-12-23 Asjo 01_HD 5x stab.MP4,1031
target_adaptation,data/raw/NVD/annotated_videos/2022-12-23_Asjo_01_HD_5x_stab/2022-12-23 Asjo 01_HD 5x stab.MP4,1034
target_adaptation,data/raw/NVD/annotated_videos/2022-12-23_Asjo_01_HD_5x_stab/2022-12-23 Asjo 01_HD 5x stab.MP4,1036
target_adaptation,data/raw/NVD/annotated_videos/2022-12-23_Asjo_01_HD_5x_stab/2022-12-23 Asjo 01_HD 5x stab.MP4,1039
target_adaptation,data/raw/NVD/annotated_videos/2022-12-23_Asjo_01_HD_5x_stab/2022-12-23 Asjo 01_HD 5x stab.MP4,1042
target_adaptation,data/raw/NVD/annotated_videos/2022-12-23_Asjo_01_HD_5x_stab/2022-12-23 Asjo 01_HD 5x stab.MP4,1045
target_adaptation,data/raw/NVD/annotated_videos/2022-12-23_Asjo_01_HD_5x_stab/2022-12-23 Asjo 01_HD 5x stab.MP4,1047
target_adaptation,data/raw/NVD/annotated_videos/2022-12-23_Asjo_01_HD_5x_stab/2022-12-23 Asjo 01_HD 5x stab.MP4,1050
target_adaptation,data/raw/NVD/annotated_videos/2022-12-23_Asjo_01_HD_5x_stab/2022-12-23 Asjo 01_HD 5x stab.MP4,1053
target_adaptation,data/raw/NVD/annotated_videos/2022-12-23_Asjo_01_HD_5x_stab/2022-12-23 Asjo 01_HD 5x stab.MP4,1056
target_adaptation,data/raw/NVD/annotated_videos/2022-12-23_Asjo_01_HD_5x_stab/2022-12-23 Asjo 01_HD 5x stab.MP4,1058
target_adaptation,data/raw/NVD/annotated_videos/2022-12-23_Asjo_01_HD_5x_stab/2022-12-23 Asjo 01_HD 5x stab.MP4,1061
target_adaptation,data/raw/NVD/annotated_videos/2022-12-23_Asjo_01_HD_5x_stab/2022-12-23 Asjo 01_HD 5x stab.MP4,1064
target_adaptation,data/raw/NVD/annotated_videos/2022-12-23_Asjo_01_HD_5x_stab/2022-12-23 Asjo 01_HD 5x stab.MP4,1067
target_adaptation,data/raw/NVD/annotated_videos/2022-12-23_Asjo_01_HD_5x_stab/2022-12-23 Asjo 01_HD 5x stab.MP4,1069
target_adaptation,data/raw/NVD/annotated_videos/2022-12-23_Asjo_01_HD_5x_stab/2022-12-23 Asjo 01_HD 5x stab.MP4,1072
target_adaptation,data/raw/NVD/annotated_videos/2022-12-23_Asjo_01_HD_5x_stab/2022-12-23 Asjo 01_HD 5x stab.MP4,1075
target_adaptation,data/raw/NVD/annotated_videos/2022-12-23_Asjo_01_HD_5x_stab/2022-12-23 Asjo 01_HD 5x stab.MP4,1078
target_adaptation,data/raw/NVD/annotated_videos/2022-12-23_Asjo_01_HD_5x_stab/2022-12-23 Asjo 01_HD 5x stab.MP4,1080
target_adaptation,data/raw/NVD/annotated_videos/2022-12-23_Asjo_01_HD_5x_stab/2022-12-23 Asjo 01_HD 5x stab.MP4,1083
target_adaptation,data/raw/NVD/annotated_videos/2022-12-23_Asjo_01_HD_5x_stab/2022-12-23 Asjo 01_HD 5x stab.MP4,1086
target_adaptation,data/raw/NVD/annotated_videos/2022-12-23_Asjo_01_HD_5x_stab/2022-12-23 Asjo 01_HD 5x stab.MP4,1089
target_adaptation,data/raw/NVD/annotated_videos/2022-12-23_Asjo_01_HD_5x_stab/2022-12-23 Asjo 01_HD 5x stab.MP4,1091
target_adaptation,data/raw/NVD/annotated_videos/2022-12-23_Asjo_01_HD_5x_stab/2022-12-23 Asjo 01_HD 5x stab.MP4,1094
target_adaptation,data/raw/NVD/annotated_videos/2022-12-23_Asjo_01_HD_5x_stab/2022-12-23 Asjo 01_HD 5x stab.MP4,1097
target_adaptation,data/raw/NVD/annotated_videos/2022-12-23_Asjo_01_HD_5x_stab/2022-12-23 Asjo 01_HD 5x stab.MP4,1100
target_adaptation,data/raw/NVD/annotated_videos/2022-12-23_Asjo_01_HD_5x_stab/2022-12-23 Asjo 01_HD 5x stab.MP4,1103
target_adaptation,data/raw/NVD/annotated_videos/2022-12-23_Asjo_01_HD_5x_stab/2022-12-23 Asjo 01_HD 5x stab.MP4,1105
target_adaptation,data/raw/NVD/annotated_videos/2022-12-23_Asjo_01_HD_5x_stab/2022-12-23 Asjo 01_HD 5x stab.MP4,1108
target_adaptation,data/raw/NVD/annotated_videos/2022-12-23_Asjo_01_HD_5x_stab/2022-12-23 Asjo 01_HD 5x stab.MP4,1111
target_adaptation,data/raw/NVD/annotated_videos/2022-12-23_Asjo_01_HD_5x_stab/2022-12-23 Asjo 01_HD 5x stab.MP4,1114
target_adaptation,data/raw/NVD/annotated_videos/2022-12-23_Asjo_01_HD_5x_stab/2022-12-23 Asjo 01_HD 5x stab.MP4,1116
target_adaptation,data/raw/NVD/annotated_videos/2022-12-23_Asjo_01_HD_5x_stab/2022-12-23 Asjo 01_HD 5x stab.MP4,1119
target_adaptation,data/raw/NVD/annotated_videos/2022-12-23_Asjo_01_HD_5x_stab/2022-12-23 Asjo 01_HD 5x stab.MP4,1122
target_adaptation,data/raw/NVD/annotated_videos/2022-12-23_Asjo_01_HD_5x_stab/2022-12-23 Asjo 01_HD 5x stab.MP4,1125
target_adaptation,data/raw/NVD/annotated_videos/2022-12-23_Asjo_01_HD_5x_stab/2022-12-23 Asjo 01_HD 5x stab.MP4,1127
target_adaptation,data/raw/NVD/annotated_videos/2022-12-23_Asjo_01_HD_5x_stab/2022-12-23 Asjo 01_HD 5x stab.MP4,1130
target_adaptation,data/raw/NVD/annotated_videos/2022-12-23_Asjo_01_HD_5x_stab/2022-12-23 Asjo 01_HD 5x stab.MP4,1133
target_adaptation,data/raw/NVD/annotated_videos/2022-12-23_Asjo_01_HD_5x_stab/2022-12-23 Asjo 01_HD 5x stab.MP4,1136
target_adaptation,data/raw/NVD/annotated_videos/2022-12-23_Asjo_01_HD_5x_stab/2022-12-23 Asjo 01_HD 5x stab.MP4,1138
target_adaptation,data/raw/NVD/annotated_videos/2022-12-23_Asjo_01_HD_5x_stab/2022-12-23 Asjo 01_HD 5x stab.MP4,1141
target_adaptation,data/raw/NVD/annotated_videos/2022-12-23_Asjo_01_HD_5x_stab/2022-12-23 Asjo 01_HD 5x stab.MP4,1144
target_adaptation,data/raw/NVD/annotated_videos/2022-12-23_Asjo_01_HD_5x_stab/2022-12-23 Asjo 01_HD 5x stab.MP4,1147
target_adaptation,data/raw/NVD/annotated_videos/2022-12-23_Asjo_01_HD_5x_stab/2022-12-23 Asjo 01_HD 5x stab.MP4,1149
target_adaptation,data/raw/NVD/annotated_videos/2022-12-23_Asjo_01_HD_5x_stab/2022-12-23 Asjo 01_HD 5x stab.MP4,1152
target_adaptation,data/raw/NVD/annotated_videos/2022-12-23_Asjo_01_HD_5x_stab/2022-12-23 Asjo 01_HD 5x stab.MP4,1155
target_adaptation,data/raw/NVD/annotated_videos/2022-12-23_Asjo_01_HD_5x_stab/2022-12-23 Asjo 01_HD 5x stab.MP4,1158
target_adaptation,data/raw/NVD/annotated_videos/2022-12-23_Asjo_01_HD_5x_stab/2022-12-23 Asjo 01_HD 5x stab.MP4,1160
target_adaptation,data/raw/NVD/annotated_videos/2022-12-23_Asjo_01_HD_5x_stab/2022-12-23 Asjo 01_HD 5x stab.MP4,1163
target_adaptation,data/raw/NVD/annotated_videos/2022-12-23_Asjo_01_HD_5x_stab/2022-12-23 Asjo 01_HD 5x stab.MP4,1166
target_adaptation,data/raw/NVD/annotated_videos/2022-12-23_Asjo_01_HD_5x_stab/2022-12-23 Asjo 01_HD 5x stab.MP4,1169
target_adaptation,data/raw/NVD/annotated_videos/2022-12-23_Asjo_01_HD_5x_stab/2022-12-23 Asjo 01_HD 5x stab.MP4,1171
target_adaptation,data/raw/NVD/annotated_videos/2022-12-23_Asjo_01_HD_5x_stab/2022-12-23 Asjo 01_HD 5x stab.MP4,1174
target_adaptation,data/raw/NVD/annotated_videos/2022-12-23_Asjo_01_HD_5x_stab/2022-12-23 Asjo 01_HD 5x stab.MP4,1177
target_adaptation,data/raw/NVD/annotated_videos/2022-12-23_Asjo_01_HD_5x_stab/2022-12-23 Asjo 01_HD 5x stab.MP4,1180
target_adaptation,data/raw/NVD/annotated_videos/2022-12-23_Asjo_01_HD_5x_stab/2022-12-23 Asjo 01_HD 5x stab.MP4,1182
target_adaptation,data/raw/NVD/annotated_videos/2022-12-23_Asjo_01_HD_5x_stab/2022-12-23 Asjo 01_HD 5x stab.MP4,1185
target_adaptation,data/raw/NVD/annotated_videos/2022-12-23_Asjo_01_HD_5x_stab/2022-12-23 Asjo 01_HD 5x stab.MP4,1188
target_adaptation,data/raw/NVD/annotated_videos/2022-12-23_Asjo_01_HD_5x_stab/2022-12-23 Asjo 01_HD 5x stab.MP4,1191
target_adaptation,data/raw/NVD/annotated_videos/2022-12-23_Asjo_01_HD_5x_stab/2022-12-23 Asjo 01_HD 5x stab.MP4,1194
target_adaptation,data/raw/NVD/annotated_videos/2022-12-23_Asjo_01_HD_5x_stab/2022-12-23 Asjo 01_HD 5x stab.MP4,1196
target_adaptation,data/raw/NVD/annotated_videos/2022-12-23_Asjo_01_HD_5x_stab/2022-12-23 Asjo 01_HD 5x stab.MP4,1199
target_adaptation,data/raw/NVD/annotated_videos/2022-12-23_Asjo_01_HD_5x_stab/2022-12-23 Asjo 01_HD 5x stab.MP4,1202
target_adaptation,data/raw/NVD/annotated_videos/2022-12-23_Asjo_01_HD_5x_stab/2022-12-23 Asjo 01_HD 5x stab.MP4,1205
target_adaptation,data/raw/NVD/annotated_videos/2022-12-23_Asjo_01_HD_5x_stab/2022-12-23 Asjo 01_HD 5x stab.MP4,1207
target_adaptation,data/raw/NVD/annotated_videos/2022-12-23_Asjo_01_HD_5x_stab/2022-12-23 Asjo 01_HD 5x stab.MP4,1210
target_adaptation,data/raw/NVD/annotated_videos/2022-12-23_Asjo_01_HD_5x_stab/2022-12-23 Asjo 01_HD 5x stab.MP4,1213
target_adaptation,data/raw/NVD/annotated_videos/2022-12-23_Asjo_01_HD_5x_stab/2022-12-23 Asjo 01_HD 5x stab.MP4,1216
target_adaptation,data/raw/NVD/annotated_videos/2022-12-23_Asjo_01_HD_5x_stab/2022-12-23 Asjo 01_HD 5x stab.MP4,1218
target_adaptation,data/raw/NVD/annotated_videos/2022-12-23_Asjo_01_HD_5x_stab/2022-12-23 Asjo 01_HD 5x stab.MP4,1221
target_adaptation,data/raw/NVD/annotated_videos/2022-12-23_Asjo_01_HD_5x_stab/2022-12-23 Asjo 01_HD 5x stab.MP4,1224
target_adaptation,data/raw/NVD/annotated_videos/2022-12-23_Asjo_01_HD_5x_stab/2022-12-23 Asjo 01_HD 5x stab.MP4,1227
target_adaptation,data/raw/NVD/annotated_videos/2022-12-23_Asjo_01_HD_5x_stab/2022-12-23 Asjo 01_HD 5x stab.MP4,1229
target_adaptation,data/raw/NVD/annotated_videos/2022-12-23_Asjo_01_HD_5x_stab/2022-12-23 Asjo 01_HD 5x stab.MP4,1232
target_adaptation,data/raw/NVD/annotated_videos/2022-12-23_Asjo_01_HD_5x_stab/2022-12-23 Asjo 01_HD 5x stab.MP4,1235
target_adaptation,data/raw/NVD/annotated_videos/2022-12-23_Asjo_01_HD_5x_stab/2022-12-23 Asjo 01_HD 5x stab.MP4,1238
target_adaptation,data/raw/NVD/annotated_videos/2022-12-23_Asjo_01_HD_5x_stab/2022-12-23 Asjo 01_HD 5x stab.MP4,1240
target_adaptation,data/raw/NVD/annotated_videos/2022-12-23_Asjo_01_HD_5x_stab/2022-12-23 Asjo 01_HD 5x stab.MP4,1243
target_adaptation,data/raw/NVD/annotated_videos/2022-12-23_Asjo_01_HD_5x_stab/2022-12-23 Asjo 01_HD 5x stab.MP4,1246
target_adaptation,data/raw/NVD/annotated_videos/2022-12-23_Asjo_01_HD_5x_stab/2022-12-23 Asjo 01_HD 5x stab.MP4,1249
target_adaptation,data/raw/NVD/annotated_videos/2022-12-23_Asjo_01_HD_5x_stab/2022-12-23 Asjo 01_HD 5x stab.MP4,1251
target_adaptation,data/raw/NVD/annotated_videos/2022-12-23_Asjo_01_HD_5x_stab/2022-12-23 Asjo 01_HD 5x stab.MP4,1254
target_adaptation,data/raw/NVD/annotated_videos/2022-12-23_Asjo_01_HD_5x_stab/2022-12-23 Asjo 01_HD 5x stab.MP4,1257
target_adaptation,data/raw/NVD/annotated_videos/2022-12-23_Asjo_01_HD_5x_stab/2022-12-23 Asjo 01_HD 5x stab.MP4,1260
target_adaptation,data/raw/NVD/annotated_videos/2022-12-23_Asjo_01_HD_5x_stab/2022-12-23 Asjo 01_HD 5x stab.MP4,1262
target_adaptation,data/raw/NVD/annotated_videos/2022-12-23_Asjo_01_HD_5x_stab/2022-12-23 Asjo 01_HD 5x stab.MP4,1265
target_adaptation,data/raw/NVD/annotated_videos/2022-12-23_Asjo_01_HD_5x_stab/2022-12-23 Asjo 01_HD 5x stab.MP4,1268
target_adaptation,data/raw/NVD/annotated_videos/2022-12-23_Asjo_01_HD_5x_stab/2022-12-23 Asjo 01_HD 5x stab.MP4,1271
target_adaptation,data/raw/NVD/annotated_videos/2022-12-23_Asjo_01_HD_5x_stab/2022-12-23 Asjo 01_HD 5x stab.MP4,1273
target_adaptation,data/raw/NVD/annotated_videos/2022-12-23_Asjo_01_HD_5x_stab/2022-12-23 Asjo 01_HD 5x stab.MP4,1276
target_adaptation,data/raw/NVD/annotated_videos/2022-12-23_Asjo_01_HD_5x_stab/2022-12-23 Asjo 01_HD 5x stab.MP4,1279
target_adaptation,data/raw/NVD/annotated_videos/2022-12-23_Asjo_01_HD_5x_stab/2022-12-23 Asjo 01_HD 5x stab.MP4,1282
target_adaptation,data/raw/NVD/annotated_videos/2022-12-23_Asjo_01_HD_5x_stab/2022-12-23 Asjo 01_HD 5x stab.MP4,1284
target_adaptation,data/raw/NVD/annotated_videos/2022-12-23_Asjo_01_HD_5x_stab/2022-12-23 Asjo 01_HD 5x stab.MP4,1287
target_adaptation,data/raw/NVD/annotated_videos/2022-12-23_Asjo_01_HD_5x_stab/2022-12-23 Asjo 01_HD 5x stab.MP4,1290
target_adaptation,data/raw/NVD/annotated_videos/2022-12-23_Asjo_01_HD_5x_stab/2022-12-23 Asjo 01_HD 5x stab.MP4,1293
target_adaptation,data/raw/NVD/annotated_videos/2022-12-23_Asjo_01_HD_5x_stab/2022-12-23 Asjo 01_HD 5x stab.MP4,1296
target_adaptation,data/raw/NVD/annotated_videos/2022-12-23_Asjo_01_HD_5x_stab/2022-12-23 Asjo 01_HD 5x stab.MP4,1298
target_adaptation,data/raw/NVD/annotated_videos/2022-12-23_Asjo_01_HD_5x_stab/2022-12-23 Asjo 01_HD 5x stab.MP4,1301
target_adaptation,data/raw/NVD/annotated_videos/2022-12-23_Asjo_01_HD_5x_stab/2022-12-23 Asjo 01_HD 5x stab.MP4,1304
target_adaptation,data/raw/NVD/annotated_videos/2022-12-23_Asjo_01_HD_5x_stab/2022-12-23 Asjo 01_HD 5x stab.MP4,1307
target_adaptation,data/raw/NVD/annotated_videos/2022-12-23_Asjo_01_HD_5x_stab/2022-12-23 Asjo 01_HD 5x stab.MP4,1309
target_adaptation,data/raw/NVD/annotated_videos/2022-12-23_Asjo_01_HD_5x_stab/2022-12-23 Asjo 01_HD 5x stab.MP4,1312
target_adaptation,data/raw/NVD/annotated_videos/2022-12-23_Asjo_01_HD_5x_stab/2022-12-23 Asjo 01_HD 5x stab.MP4,1315
target_adaptation,data/raw/NVD/annotated_videos/2022-12-23_Asjo_01_HD_5x_stab/2022-12-23 Asjo 01_HD 5x stab.MP4,1318
target_adaptation,data/raw/NVD/annotated_videos/2022-12-23_Asjo_01_HD_5x_stab/2022-12-23 Asjo 01_HD 5x stab.MP4,1320
target_adaptation,data/raw/NVD/annotated_videos/2022-12-23_Asjo_01_HD_5x_stab/2022-12-23 Asjo 01_HD 5x stab.MP4,1323
target_adaptation,data/raw/NVD/annotated_videos/2022-12-23_Asjo_01_HD_5x_stab/2022-12-23 Asjo 01_HD 5x stab.MP4,1326
target_adaptation,data/raw/NVD/annotated_videos/2022-12-23_Asjo_01_HD_5x_stab/2022-12-23 Asjo 01_HD 5x stab.MP4,1329
target_adaptation,data/raw/NVD/annotated_videos/2022-12-23_Asjo_01_HD_5x_stab/2022-12-23 Asjo 01_HD 5x stab.MP4,1331
target_adaptation,data/raw/NVD/annotated_videos/2022-12-23_Asjo_01_HD_5x_stab/2022-12-23 Asjo 01_HD 5x stab.MP4,1334
target_adaptation,data/raw/NVD/annotated_videos/2022-12-23_Asjo_01_HD_5x_stab/2022-12-23 Asjo 01_HD 5x stab.MP4,1337
target_adaptation,data/raw/NVD/annotated_videos/2022-12-23_Asjo_01_HD_5x_stab/2022-12-23 Asjo 01_HD 5x stab.MP4,1340
target_adaptation,data/raw/NVD/annotated_videos/2022-12-23_Asjo_01_HD_5x_stab/2022-12-23 Asjo 01_HD 5x stab.MP4,1342
target_adaptation,data/raw/NVD/annotated_videos/2022-12-23_Asjo_01_HD_5x_stab/2022-12-23 Asjo 01_HD 5x stab.MP4,1345
target_adaptation,data/raw/NVD/annotated_videos/2022-12-23_Asjo_01_HD_5x_stab/2022-12-23 Asjo 01_HD 5x stab.MP4,1348
target_adaptation,data/raw/NVD/annotated_videos/2022-12-23_Asjo_01_HD_5x_stab/2022-12-23 Asjo 01_HD 5x stab.MP4,1351
target_adaptation,data/raw/NVD/annotated_videos/2022-12-23_Asjo_01_HD_5x_stab/2022-12-23 Asjo 01_HD 5x stab.MP4,1353
target_adaptation,data/raw/NVD/annotated_videos/2022-12-23_Asjo_01_HD_5x_stab/2022-12-23 Asjo 01_HD 5x stab.MP4,1356
target_adaptation,data/raw/NVD/annotated_videos/2022-12-23_Asjo_01_HD_5x_stab/2022-12-23 Asjo 01_HD 5x stab.MP4,1359
target_adaptation,data/raw/NVD/annotated_videos/2022-12-23_Asjo_01_HD_5x_stab/2022-12-23 Asjo 01_HD 5x stab.MP4,1362
target_adaptation,data/raw/NVD/annotated_videos/2022-12-23_Asjo_01_HD_5x_stab/2022-12-23 Asjo 01_HD 5x stab.MP4,1364
target_adaptation,data/raw/NVD/annotated_videos/2022-12-23_Asjo_01_HD_5x_stab/2022-12-23 Asjo 01_HD 5x stab.MP4,1367
target_adaptation,data/raw/NVD/annotated_videos/2022-12-23_Asjo_01_HD_5x_stab/2022-12-23 Asjo 01_HD 5x stab.MP4,1370
target_adaptation,data/raw/NVD/annotated_videos/2022-12-23_Asjo_01_HD_5x_stab/2022-12-23 Asjo 01_HD 5x stab.MP4,1373
target_adaptation,data/raw/NVD/annotated_videos/2022-12-23_Asjo_01_HD_5x_stab/2022-12-23 Asjo 01_HD 5x stab.MP4,1375
target_adaptation,data/raw/NVD/annotated_videos/2022-12-23_Asjo_01_HD_5x_stab/2022-12-23 Asjo 01_HD 5x stab.MP4,1378
target_adaptation,data/raw/NVD/annotated_videos/2022-12-23_Asjo_01_HD_5x_stab/2022-12-23 Asjo 01_HD 5x stab.MP4,1381
target_adaptation,data/raw/NVD/annotated_videos/2022-12-23_Asjo_01_HD_5x_stab/2022-12-23 Asjo 01_HD 5x stab.MP4,1384
target_adaptation,data/raw/NVD/annotated_videos/2022-12-23_Asjo_01_HD_5x_stab/2022-12-23 Asjo 01_HD 5x stab.MP4,1387
target_adaptation,data/raw/NVD/annotated_videos/2022-12-23_Asjo_01_HD_5x_stab/2022-12-23 Asjo 01_HD 5x stab.MP4,1389
target_adaptation,data/raw/NVD/annotated_videos/2022-12-23_Asjo_01_HD_5x_stab/2022-12-23 Asjo 01_HD 5x stab.MP4,1392
target_adaptation,data/raw/NVD/annotated_videos/2022-12-23_Asjo_01_HD_5x_stab/2022-12-23 Asjo 01_HD 5x stab.MP4,1395
target_adaptation,data/raw/NVD/annotated_videos/2022-12-23_Asjo_01_HD_5x_stab/2022-12-23 Asjo 01_HD 5x stab.MP4,1398
target_adaptation,data/raw/NVD/annotated_videos/2022-12-23_Asjo_01_HD_5x_stab/2022-12-23 Asjo 01_HD 5x stab.MP4,1400
target_adaptation,data/raw/NVD/annotated_videos/2022-12-23_Asjo_01_HD_5x_stab/2022-12-23 Asjo 01_HD 5x stab.MP4,1403
target_adaptation,data/raw/NVD/annotated_videos/2022-12-23_Asjo_01_HD_5x_stab/2022-12-23 Asjo 01_HD 5x stab.MP4,1406
target_adaptation,data/raw/NVD/annotated_videos/2022-12-23_Asjo_01_HD_5x_stab/2022-12-23 Asjo 01_HD 5x stab.MP4,1409
target_adaptation,data/raw/NVD/annotated_videos/2022-12-23_Asjo_01_HD_5x_stab/2022-12-23 Asjo 01_HD 5x stab.MP4,1411
target_adaptation,data/raw/NVD/annotated_videos/2022-12-23_Asjo_01_HD_5x_stab/2022-12-23 Asjo 01_HD 5x stab.MP4,1414
target_adaptation,data/raw/NVD/annotated_videos/2022-12-23_Asjo_01_HD_5x_stab/2022-12-23 Asjo 01_HD 5x stab.MP4,1417
target_adaptation,data/raw/NVD/annotated_videos/2022-12-23_Asjo_01_HD_5x_stab/2022-12-23 Asjo 01_HD 5x stab.MP4,1420
target_adaptation,data/raw/NVD/annotated_videos/2022-12-23_Asjo_01_HD_5x_stab/2022-12-23 Asjo 01_HD 5x stab.MP4,1422
target_adaptation,data/raw/NVD/annotated_videos/2022-12-23_Asjo_01_HD_5x_stab/2022-12-23 Asjo 01_HD 5x stab.MP4,1425
target_adaptation,data/raw/NVD/annotated_videos/2022-12-23_Asjo_01_HD_5x_stab/2022-12-23 Asjo 01_HD 5x stab.MP4,1428
target_adaptation,data/raw/NVD/annotated_videos/2022-12-23_Asjo_01_HD_5x_stab/2022-12-23 Asjo 01_HD 5x stab.MP4,1431
target_adaptation,data/raw/NVD/annotated_videos/2022-12-23_Asjo_01_HD_5x_stab/2022-12-23 Asjo 01_HD 5x stab.MP4,1433
target_adaptation,data/raw/NVD/annotated_videos/2022-12-23_Asjo_01_HD_5x_stab/2022-12-23 Asjo 01_HD 5x stab.MP4,1436
target_adaptation,data/raw/NVD/annotated_videos/2022-12-23_Asjo_01_HD_5x_stab/2022-12-23 Asjo 01_HD 5x stab.MP4,1439
target_adaptation,data/raw/NVD/annotated_videos/2022-12-23_Asjo_01_HD_5x_stab/2022-12-23 Asjo 01_HD 5x stab.MP4,1442
target_adaptation,data/raw/NVD/annotated_videos/2022-12-23_Asjo_01_HD_5x_stab/2022-12-23 Asjo 01_HD 5x stab.MP4,1444
target_adaptation,data/raw/NVD/annotated_videos/2022-12-23_Asjo_01_HD_5x_stab/2022-12-23 Asjo 01_HD 5x stab.MP4,1447
target_adaptation,data/raw/NVD/annotated_videos/2022-12-23_Asjo_01_HD_5x_stab/2022-12-23 Asjo 01_HD 5x stab.MP4,1450
target_adaptation,data/raw/NVD/annotated_videos/2022-12-23_Asjo_01_HD_5x_stab/2022-12-23 Asjo 01_HD 5x stab.MP4,1453
target_adaptation,data/raw/NVD/annotated_videos/2022-12-23_Asjo_01_HD_5x_stab/2022-12-23 Asjo 01_HD 5x stab.MP4,1455
target_adaptation,data/raw/NVD/annotated_videos/2022-12-23_Asjo_01_HD_5x_stab/2022-12-23 Asjo 01_HD 5x stab.MP4,1458
target_adaptation,data/raw/NVD/annotated_videos/2022-12-23_Asjo_01_HD_5x_stab/2022-12-23 Asjo 01_HD 5x stab.MP4,1461
target_adaptation,data/raw/NVD/annotated_videos/2022-12-23_Asjo_01_HD_5x_stab/2022-12-23 Asjo 01_HD 5x stab.MP4,1464
target_adaptation,data/raw/NVD/annotated_videos/2022-12-23_Asjo_01_HD_5x_stab/2022-12-23 Asjo 01_HD 5x stab.MP4,1466
target_adaptation,data/raw/NVD/annotated_videos/2022-12-23_Asjo_01_HD_5x_stab/2022-12-23 Asjo 01_HD 5x stab.MP4,1469
target_adaptation,data/raw/NVD/annotated_videos/2022-12-23_Asjo_01_HD_5x_stab/2022-12-23 Asjo 01_HD 5x stab.MP4,1472
target_adaptation,data/raw/NVD/annotated_videos/2022-12-23_Asjo_01_HD_5x_stab/2022-12-23 Asjo 01_HD 5x stab.MP4,1475
target_adaptation,data/raw/NVD/annotated_videos/2022-12-23_Asjo_01_HD_5x_stab/2022-12-23 Asjo 01_HD 5x stab.MP4,1478
target_adaptation,data/raw/NVD/annotated_videos/2022-12-23_Asjo_01_HD_5x_stab/2022-12-23 Asjo 01_HD 5x stab.MP4,1480
target_adaptation,data/raw/NVD/annotated_videos/2022-12-23_Asjo_01_HD_5x_stab/2022-12-23 Asjo 01_HD 5x stab.MP4,1483
target_adaptation,data/raw/NVD/annotated_videos/2022-12-23_Asjo_01_HD_5x_stab/2022-12-23 Asjo 01_HD 5x stab.MP4,1486
target_adaptation,data/raw/NVD/annotated_videos/2022-12-23_Asjo_01_HD_5x_stab/2022-12-23 Asjo 01_HD 5x stab.MP4,1489
target_adaptation,data/raw/NVD/annotated_videos/2022-12-23_Asjo_01_HD_5x_stab/2022-12-23 Asjo 01_HD 5x stab.MP4,1491
target_adaptation,data/raw/NVD/annotated_videos/2022-12-23_Asjo_01_HD_5x_stab/2022-12-23 Asjo 01_HD 5x stab.MP4,1494
target_adaptation,data/raw/NVD/annotated_videos/2022-12-23_Asjo_01_HD_5x_stab/2022-12-23 Asjo 01_HD 5x stab.MP4,1497
target_adaptation,data/raw/NVD/annotated_videos/2022-12-23_Asjo_01_HD_5x_stab/2022-12-23 Asjo 01_HD 5x stab.MP4,1500
target_adaptation,data/raw/NVD/annotated_videos/2022-12-23_Asjo_01_HD_5x_stab/2022-12-23 Asjo 01_HD 5x stab.MP4,1502
target_adaptation,data/raw/NVD/annotated_videos/2022-12-23_Asjo_01_HD_5x_stab/2022-12-23 Asjo 01_HD 5x stab.MP4,1505
target_adaptation,data/raw/NVD/annotated_videos/2022-12-23_Asjo_01_HD_5x_stab/2022-12-23 Asjo 01_HD 5x stab.MP4,1508
target_adaptation,data/raw/NVD/annotated_videos/2022-12-23_Asjo_01_HD_5x_stab/2022-12-23 Asjo 01_HD 5x stab.MP4,1511
target_adaptation,data/raw/NVD/annotated_videos/2022-12-23_Asjo_01_HD_5x_stab/2022-12-23 Asjo 01_HD 5x stab.MP4,1513
target_adaptation,data/raw/NVD/annotated_videos/2022-12-23_Asjo_01_HD_5x_stab/2022-12-23 Asjo 01_HD 5x stab.MP4,1516
target_adaptation,data/raw/NVD/annotated_videos/2022-12-23_Asjo_01_HD_5x_stab/2022-12-23 Asjo 01_HD 5x stab.MP4,1519
target_adaptation,data/raw/NVD/annotated_videos/2022-12-23_Asjo_01_HD_5x_stab/2022-12-23 Asjo 01_HD 5x stab.MP4,1522
target_adaptation,data/raw/NVD/annotated_videos/2022-12-23_Asjo_01_HD_5x_stab/2022-12-23 Asjo 01_HD 5x stab.MP4,1524
target_adaptation,data/raw/NVD/annotated_videos/2022-12-23_Asjo_01_HD_5x_stab/2022-12-23 Asjo 01_HD 5x stab.MP4,1527
target_adaptation,data/raw/NVD/annotated_videos/2022-12-23_Asjo_01_HD_5x_stab/2022-12-23 Asjo 01_HD 5x stab.MP4,1530
target_adaptation,data/raw/NVD/annotated_videos/2022-12-23_Asjo_01_HD_5x_stab/2022-12-23 Asjo 01_HD 5x stab.MP4,1533
target_adaptation,data/raw/NVD/annotated_videos/2022-12-23_Asjo_01_HD_5x_stab/2022-12-23 Asjo 01_HD 5x stab.MP4,1535
target_adaptation,data/raw/NVD/annotated_videos/2022-12-23_Asjo_01_HD_5x_stab/2022-12-23 Asjo 01_HD 5x stab.MP4,1538
target_adaptation,data/raw/NVD/annotated_videos/2022-12-23_Asjo_01_HD_5x_stab/2022-12-23 Asjo 01_HD 5x stab.MP4,1541
target_adaptation,data/raw/NVD/annotated_videos/2022-12-23_Asjo_01_HD_5x_stab/2022-12-23 Asjo 01_HD 5x stab.MP4,1544
target_adaptation,data/raw/NVD/annotated_videos/2022-12-23_Asjo_01_HD_5x_stab/2022-12-23 Asjo 01_HD 5x stab.MP4,1546
target_adaptation,data/raw/NVD/annotated_videos/2022-12-23_Asjo_01_HD_5x_stab/2022-12-23 Asjo 01_HD 5x stab.MP4,1549
target_adaptation,data/raw/NVD/annotated_videos/2022-12-23_Asjo_01_HD_5x_stab/2022-12-23 Asjo 01_HD 5x stab.MP4,1552
target_adaptation,data/raw/NVD/annotated_videos/2022-12-23_Asjo_01_HD_5x_stab/2022-12-23 Asjo 01_HD 5x stab.MP4,1555
target_adaptation,data/raw/NVD/annotated_videos/2022-12-23_Asjo_01_HD_5x_stab/2022-12-23 Asjo 01_HD 5x stab.MP4,1557
target_adaptation,data/raw/NVD/annotated_videos/2022-12-23_Asjo_01_HD_5x_stab/2022-12-23 Asjo 01_HD 5x stab.MP4,1560
target_adaptation,data/raw/NVD/annotated_videos/2022-12-23_Asjo_01_HD_5x_stab/2022-12-23 Asjo 01_HD 5x stab.MP4,1563
target_adaptation,data/raw/NVD/annotated_videos/2022-12-23_Asjo_01_HD_5x_stab/2022-12-23 Asjo 01_HD 5x stab.MP4,1566
target_adaptation,data/raw/NVD/annotated_videos/2022-12-23_Asjo_01_HD_5x_stab/2022-12-23 Asjo 01_HD 5x stab.MP4,1569
target_adaptation,data/raw/NVD/annotated_videos/2022-12-23_Asjo_01_HD_5x_stab/2022-12-23 Asjo 01_HD 5x stab.MP4,1571
target_adaptation,data/raw/NVD/annotated_videos/2022-12-23_Asjo_01_HD_5x_stab/2022-12-23 Asjo 01_HD 5x stab.MP4,1574
target_adaptation,data/raw/NVD/annotated_videos/2022-12-23_Asjo_01_HD_5x_stab/2022-12-23 Asjo 01_HD 5x stab.MP4,1577
target_adaptation,data/raw/NVD/annotated_videos/2022-12-23_Asjo_01_HD_5x_stab/2022-12-23 Asjo 01_HD 5x stab.MP4,1580
target_adaptation,data/raw/NVD/annotated_videos/2022-12-23_Asjo_01_HD_5x_stab/2022-12-23 Asjo 01_HD 5x stab.MP4,1582
target_adaptation,data/raw/NVD/annotated_videos/2022-12-23_Asjo_01_HD_5x_stab/2022-12-23 Asjo 01_HD 5x stab.MP4,1585
target_adaptation,data/raw/NVD/annotated_videos/2022-12-23_Asjo_01_HD_5x_stab/2022-12-23 Asjo 01_HD 5x stab.MP4,1588
target_adaptation,data/raw/NVD/annotated_videos/2022-12-23_Asjo_01_HD_5x_stab/2022-12-23 Asjo 01_HD 5x stab.MP4,1591
target_adaptation,data/raw/NVD/annotated_videos/2022-12-23_Asjo_01_HD_5x_stab/2022-12-23 Asjo 01_HD 5x stab.MP4,1593
target_adaptation,data/raw/NVD/annotated_videos/2022-12-23_Asjo_01_HD_5x_stab/2022-12-23 Asjo 01_HD 5x stab.MP4,1596
target_adaptation,data/raw/NVD/annotated_videos/2022-12-23_Asjo_01_HD_5x_stab/2022-12-23 Asjo 01_HD 5x stab.MP4,1599
target_adaptation,data/raw/NVD/annotated_videos/2022-12-23_Asjo_01_HD_5x_stab/2022-12-23 Asjo 01_HD 5x stab.MP4,1602
target_adaptation,data/raw/NVD/annotated_videos/2022-12-23_Asjo_01_HD_5x_stab/2022-12-23 Asjo 01_HD 5x stab.MP4,1604
target_adaptation,data/raw/NVD/annotated_videos/2022-12-23_Asjo_01_HD_5x_stab/2022-12-23 Asjo 01_HD 5x stab.MP4,1607
target_adaptation,data/raw/NVD/annotated_videos/2022-12-23_Asjo_01_HD_5x_stab/2022-12-23 Asjo 01_HD 5x stab.MP4,1610
target_adaptation,data/raw/NVD/annotated_videos/2022-12-23_Asjo_01_HD_5x_stab/2022-12-23 Asjo 01_HD 5x stab.MP4,1613
target_adaptation,data/raw/NVD/annotated_videos/2022-12-23_Asjo_01_HD_5x_stab/2022-12-23 Asjo 01_HD 5x stab.MP4,1615
target_adaptation,data/raw/NVD/annotated_videos/2022-12-23_Asjo_01_HD_5x_stab/2022-12-23 Asjo 01_HD 5x stab.MP4,1618
target_adaptation,data/raw/NVD/annotated_videos/2022-12-23_Asjo_01_HD_5x_stab/2022-12-23 Asjo 01_HD 5x stab.MP4,1621
target_adaptation,data/raw/NVD/annotated_videos/2022-12-23_Asjo_01_HD_5x_stab/2022-12-23 Asjo 01_HD 5x stab.MP4,1624
target_adaptation,data/raw/NVD/annotated_videos/2022-12-23_Asjo_01_HD_5x_stab/2022-12-23 Asjo 01_HD 5x stab.MP4,1626
target_adaptation,data/raw/NVD/annotated_videos/2022-12-23_Asjo_01_HD_5x_stab/2022-12-23 Asjo 01_HD 5x stab.MP4,1629
target_adaptation,data/raw/NVD/annotated_videos/2022-12-23_Asjo_01_HD_5x_stab/2022-12-23 Asjo 01_HD 5x stab.MP4,1632
target_adaptation,data/raw/NVD/annotated_videos/2022-12-23_Asjo_01_HD_5x_stab/2022-12-23 Asjo 01_HD 5x stab.MP4,1635
target_adaptation,data/raw/NVD/annotated_videos/2022-12-23_Asjo_01_HD_5x_stab/2022-12-23 Asjo 01_HD 5x stab.MP4,1637
target_adaptation,data/raw/NVD/annotated_videos/2022-12-23_Asjo_01_HD_5x_stab/2022-12-23 Asjo 01_HD 5x stab.MP4,1640
target_adaptation,data/raw/NVD/annotated_videos/2022-12-23_Asjo_01_HD_5x_stab/2022-12-23 Asjo 01_HD 5x stab.MP4,1643
target_adaptation,data/raw/NVD/annotated_videos/2022-12-23_Asjo_01_HD_5x_stab/2022-12-23 Asjo 01_HD 5x stab.MP4,1646
target_adaptation,data/raw/NVD/annotated_videos/2022-12-23_Asjo_01_HD_5x_stab/2022-12-23 Asjo 01_HD 5x stab.MP4,1648
target_adaptation,data/raw/NVD/annotated_videos/2022-12-23_Asjo_01_HD_5x_stab/2022-12-23 Asjo 01_HD 5x stab.MP4,1651
target_adaptation,data/raw/NVD/annotated_videos/2022-12-23_Asjo_01_HD_5x_stab/2022-12-23 Asjo 01_HD 5x stab.MP4,1654
target_adaptation,data/raw/NVD/annotated_videos/2022-12-23_Asjo_01_HD_5x_stab/2022-12-23 Asjo 01_HD 5x stab.MP4,1657
target_adaptation,data/raw/NVD/annotated_videos/2022-12-23_Asjo_01_HD_5x_stab/2022-12-23 Asjo 01_HD 5x stab.MP4,1660
target_adaptation,data/raw/NVD/annotated_videos/2022-12-23_Asjo_01_HD_5x_stab/2022-12-23 Asjo 01_HD 5x stab.MP4,1662
target_adaptation,data/raw/NVD/annotated_videos/2022-12-23_Asjo_01_HD_5x_stab/2022-12-23 Asjo 01_HD 5x stab.MP4,1665
target_adaptation,data/raw/NVD/annotated_videos/2022-12-23_Asjo_01_HD_5x_stab/2022-12-23 Asjo 01_HD 5x stab.MP4,1668
target_adaptation,data/raw/NVD/annotated_videos/2022-12-23_Asjo_01_HD_5x_stab/2022-12-23 Asjo 01_HD 5x stab.MP4,1671
target_adaptation,data/raw/NVD/annotated_videos/2022-12-23_Asjo_01_HD_5x_stab/2022-12-23 Asjo 01_HD 5x stab.MP4,1673
target_adaptation,data/raw/NVD/annotated_videos/2022-12-23_Asjo_01_HD_5x_stab/2022-12-23 Asjo 01_HD 5x stab.MP4,1676
target_adaptation,data/raw/NVD/annotated_videos/2022-12-23_Asjo_01_HD_5x_stab/2022-12-23 Asjo 01_HD 5x stab.MP4,1679
target_adaptation,data/raw/NVD/annotated_videos/2022-12-23_Asjo_01_HD_5x_stab/2022-12-23 Asjo 01_HD 5x stab.MP4,1682
target_adaptation,data/raw/NVD/annotated_videos/2022-12-23_Asjo_01_HD_5x_stab/2022-12-23 Asjo 01_HD 5x stab.MP4,1684
target_adaptation,data/raw/NVD/annotated_videos/2022-12-23_Asjo_01_HD_5x_stab/2022-12-23 Asjo 01_HD 5x stab.MP4,1687
target_adaptation,data/raw/NVD/annotated_videos/2022-12-23_Asjo_01_HD_5x_stab/2022-12-23 Asjo 01_HD 5x stab.MP4,1690
target_adaptation,data/raw/NVD/annotated_videos/2022-12-23_Asjo_01_HD_5x_stab/2022-12-23 Asjo 01_HD 5x stab.MP4,1693
target_adaptation,data/raw/NVD/annotated_videos/2022-12-23_Asjo_01_HD_5x_stab/2022-12-23 Asjo 01_HD 5x stab.MP4,1695
target_adaptation,data/raw/NVD/annotated_videos/2022-12-23_Asjo_01_HD_5x_stab/2022-12-23 Asjo 01_HD 5x stab.MP4,1698
target_adaptation,data/raw/NVD/annotated_videos/2022-12-23_Asjo_01_HD_5x_stab/2022-12-23 Asjo 01_HD 5x stab.MP4,1701
target_adaptation,data/raw/NVD/annotated_videos/2022-12-23_Asjo_01_HD_5x_stab/2022-12-23 Asjo 01_HD 5x stab.MP4,1704
target_adaptation,data/raw/NVD/annotated_videos/2022-12-23_Asjo_01_HD_5x_stab/2022-12-23 Asjo 01_HD 5x stab.MP4,1706
target_adaptation,data/raw/NVD/annotated_videos/2022-12-23_Asjo_01_HD_5x_stab/2022-12-23 Asjo 01_HD 5x stab.MP4,1709
target_adaptation,data/raw/NVD/annotated_videos/2022-12-23_Asjo_01_HD_5x_stab/2022-12-23 Asjo 01_HD 5x stab.MP4,1712
target_adaptation,data/raw/NVD/annotated_videos/2022-12-23_Asjo_01_HD_5x_stab/2022-12-23 Asjo 01_HD 5x stab.MP4,1715
target_adaptation,data/raw/NVD/annotated_videos/2022-12-23_Asjo_01_HD_5x_stab/2022-12-23 Asjo 01_HD 5x stab.MP4,1717
target_adaptation,data/raw/NVD/annotated_videos/2022-12-23_Asjo_01_HD_5x_stab/2022-12-23 Asjo 01_HD 5x stab.MP4,1720
target_adaptation,data/raw/NVD/annotated_videos/2022-12-23_Asjo_01_HD_5x_stab/2022-12-23 Asjo 01_HD 5x stab.MP4,1723
target_adaptation,data/raw/NVD/annotated_videos/2022-12-23_Asjo_01_HD_5x_stab/2022-12-23 Asjo 01_HD 5x stab.MP4,1726
target_adaptation,data/raw/NVD/annotated_videos/2022-12-23_Asjo_01_HD_5x_stab/2022-12-23 Asjo 01_HD 5x stab.MP4,1728
target_adaptation,data/raw/NVD/annotated_videos/2022-12-23_Asjo_01_HD_5x_stab/2022-12-23 Asjo 01_HD 5x stab.MP4,1731
target_adaptation,data/raw/NVD/annotated_videos/2022-12-23_Asjo_01_HD_5x_stab/2022-12-23 Asjo 01_HD 5x stab.MP4,1734
target_adaptation,data/raw/NVD/annotated_videos/2022-12-23_Asjo_01_HD_5x_stab/2022-12-23 Asjo 01_HD 5x stab.MP4,1737
target_adaptation,data/raw/NVD/annotated_videos/2022-12-23_Asjo_01_HD_5x_stab/2022-12-23 Asjo 01_HD 5x stab.MP4,1739
target_adaptation,data/raw/NVD/annotated_videos/2022-12-23_Asjo_01_HD_5x_stab/2022-12-23 Asjo 01_HD 5x stab.MP4,1742
target_adaptation,data/raw/NVD/annotated_videos/2022-12-23_Asjo_01_HD_5x_stab/2022-12-23 Asjo 01_HD 5x stab.MP4,1745
target_adaptation,data/raw/NVD/annotated_videos/2022-12-23_Asjo_01_HD_5x_stab/2022-12-23 Asjo 01_HD 5x stab.MP4,1748
target_adaptation,data/raw/NVD/annotated_videos/2022-12-23_Asjo_01_HD_5x_stab/2022-12-23 Asjo 01_HD 5x stab.MP4,1751
target_adaptation,data/raw/NVD/annotated_videos/2022-12-23_Asjo_01_HD_5x_stab/2022-12-23 Asjo 01_HD 5x stab.MP4,1753
target_adaptation,data/raw/NVD/annotated_videos/2022-12-23_Asjo_01_HD_5x_stab/2022-12-23 Asjo 01_HD 5x stab.MP4,1756
target_adaptation,data/raw/NVD/annotated_videos/2022-12-23_Asjo_01_HD_5x_stab/2022-12-23 Asjo 01_HD 5x stab.MP4,1759
target_adaptation,data/raw/NVD/annotated_videos/2022-12-23_Asjo_01_HD_5x_stab/2022-12-23 Asjo 01_HD 5x stab.MP4,1762
target_adaptation,data/raw/NVD/annotated_videos/2022-12-23_Asjo_01_HD_5x_stab/2022-12-23 Asjo 01_HD 5x stab.MP4,1764
target_adaptation,data/raw/NVD/annotated_videos/2022-12-23_Asjo_01_HD_5x_stab/2022-12-23 Asjo 01_HD 5x stab.MP4,1767
target_adaptation,data/raw/NVD/annotated_videos/2022-12-23_Asjo_01_HD_5x_stab/2022-12-23 Asjo 01_HD 5x stab.MP4,1770
target_adaptation,data/raw/NVD/annotated_videos/2022-12-23_Asjo_01_HD_5x_stab/2022-12-23 Asjo 01_HD 5x stab.MP4,1773
target_adaptation,data/raw/NVD/annotated_videos/2022-12-23_Asjo_01_HD_5x_stab/2022-12-23 Asjo 01_HD 5x stab.MP4,1775
target_adaptation,data/raw/NVD/annotated_videos/2022-12-23_Asjo_01_HD_5x_stab/2022-12-23 Asjo 01_HD 5x stab.MP4,1778
target_adaptation,data/raw/NVD/annotated_videos/2022-12-23_Asjo_01_HD_5x_stab/2022-12-23 Asjo 01_HD 5x stab.MP4,1781
target_adaptation,data/raw/NVD/annotated_videos/2022-12-23_Asjo_01_HD_5x_stab/2022-12-23 Asjo 01_HD 5x stab.MP4,1784
target_adaptation,data/raw/NVD/annotated_videos/2022-12-23_Asjo_01_HD_5x_stab/2022-12-23 Asjo 01_HD 5x stab.MP4,1786
target_adaptation,data/raw/NVD/annotated_videos/2022-12-23_Asjo_01_HD_5x_stab/2022-12-23 Asjo 01_HD 5x stab.MP4,1789
target_adaptation,data/raw/NVD/annotated_videos/2022-12-23_Asjo_01_HD_5x_stab/2022-12-23 Asjo 01_HD 5x stab.MP4,1792
target_adaptation,data/raw/NVD/annotated_videos/2022-12-23_Asjo_01_HD_5x_stab/2022-12-23 Asjo 01_HD 5x stab.MP4,1795
target_adaptation,data/raw/NVD/annotated_videos/2022-12-23_Asjo_01_HD_5x_stab/2022-12-23 Asjo 01_HD 5x stab.MP4,1797
target_adaptation,data/raw/NVD/annotated_videos/2022-12-23_Asjo_01_HD_5x_stab/2022-12-23 Asjo 01_HD 5x stab.MP4,1800
target_adaptation,data/raw/NVD/annotated_videos/2022-12-23_Asjo_01_HD_5x_stab/2022-12-23 Asjo 01_HD 5x stab.MP4,1803
target_adaptation,data/raw/NVD/annotated_videos/2022-12-23_Asjo_01_HD_5x_stab/2022-12-23 Asjo 01_HD 5x stab.MP4,1806
target_adaptation,data/raw/NVD/annotated_videos/2022-12-23_Asjo_01_HD_5x_stab/2022-12-23 Asjo 01_HD 5x stab.MP4,1808
target_adaptation,data/raw/NVD/annotated_videos/2022-12-23_Asjo_01_HD_5x_stab/2022-12-23 Asjo 01_HD 5x stab.MP4,1811
target_adaptation,data/raw/NVD/annotated_videos/2022-12-23_Asjo_01_HD_5x_stab/2022-12-23 Asjo 01_HD 5x stab.MP4,1814
target_adaptation,data/raw/NVD/annotated_videos/2022-12-23_Asjo_01_HD_5x_stab/2022-12-23 Asjo 01_HD 5x stab.MP4,1817
target_adaptation,data/raw/NVD/annotated_videos/2022-12-23_Asjo_01_HD_5x_stab/2022-12-23 Asjo 01_HD 5x stab.MP4,1819
target_adaptation,data/raw/NVD/annotated_videos/2022-12-23_Asjo_01_HD_5x_stab/2022-12-23 Asjo 01_HD 5x stab.MP4,1822
target_adaptation,data/raw/NVD/annotated_videos/2022-12-23_Asjo_01_HD_5x_stab/2022-12-23 Asjo 01_HD 5x stab.MP4,1825
target_adaptation,data/raw/NVD/annotated_videos/2022-12-23_Asjo_01_HD_5x_stab/2022-12-23 Asjo 01_HD 5x stab.MP4,1828
target_adaptation,data/raw/NVD/annotated_videos/2022-12-23_Asjo_01_HD_5x_stab/2022-12-23 Asjo 01_HD 5x stab.MP4,1830
target_adaptation,data/raw/NVD/annotated_videos/2022-12-23_Asjo_01_HD_5x_stab/2022-12-23 Asjo 01_HD 5x stab.MP4,1833
target_adaptation,data/raw/NVD/annotated_videos/2022-12-23_Asjo_01_HD_5x_stab/2022-12-23 Asjo 01_HD 5x stab.MP4,1836
target_adaptation,data/raw/NVD/annotated_videos/2022-12-23_Asjo_01_HD_5x_stab/2022-12-23 Asjo 01_HD 5x stab.MP4,1839
target_adaptation,data/raw/NVD/annotated_videos/2022-12-23_Asjo_01_HD_5x_stab/2022-12-23 Asjo 01_HD 5x stab.MP4,1842
target_adaptation,data/raw/NVD/annotated_videos/2022-12-23_Asjo_01_HD_5x_stab/2022-12-23 Asjo 01_HD 5x stab.MP4,1844
target_adaptation,data/raw/NVD/annotated_videos/2022-12-23_Asjo_01_HD_5x_stab/2022-12-23 Asjo 01_HD 5x stab.MP4,1847
target_adaptation,data/raw/NVD/annotated_videos/2022-12-23_Asjo_01_HD_5x_stab/2022-12-23 Asjo 01_HD 5x stab.MP4,1850
target_adaptation,data/raw/NVD/annotated_videos/2022-12-23_Asjo_01_HD_5x_stab/2022-12-23 Asjo 01_HD 5x stab.MP4,1853
target_adaptation,data/raw/NVD/annotated_videos/2022-12-23_Asjo_01_HD_5x_stab/2022-12-23 Asjo 01_HD 5x stab.MP4,1855
target_adaptation,data/raw/NVD/annotated_videos/2022-12-23_Asjo_01_HD_5x_stab/2022-12-23 Asjo 01_HD 5x stab.MP4,1858
target_adaptation,data/raw/NVD/annotated_videos/2022-12-23_Asjo_01_HD_5x_stab/2022-12-23 Asjo 01_HD 5x stab.MP4,1861
target_adaptation,data/raw/NVD/annotated_videos/2022-12-23_Asjo_01_HD_5x_stab/2022-12-23 Asjo 01_HD 5x stab.MP4,1864
target_adaptation,data/raw/NVD/annotated_videos/2022-12-23_Asjo_01_HD_5x_stab/2022-12-23 Asjo 01_HD 5x stab.MP4,1866
target_adaptation,data/raw/NVD/annotated_videos/2022-12-23_Asjo_01_HD_5x_stab/2022-12-23 Asjo 01_HD 5x stab.MP4,1869
target_adaptation,data/raw/NVD/annotated_videos/2022-12-23_Asjo_01_HD_5x_stab/2022-12-23 Asjo 01_HD 5x stab.MP4,1872
target_adaptation,data/raw/NVD/annotated_videos/2022-12-23_Asjo_01_HD_5x_stab/2022-12-23 Asjo 01_HD 5x stab.MP4,1875
target_adaptation,data/raw/NVD/annotated_videos/2022-12-23_Asjo_01_HD_5x_stab/2022-12-23 Asjo 01_HD 5x stab.MP4,1877
target_adaptation,data/raw/NVD/annotated_videos/2022-12-23_Asjo_01_HD_5x_stab/2022-12-23 Asjo 01_HD 5x stab.MP4,1880
target_adaptation,data/raw/NVD/annotated_videos/2022-12-23_Asjo_01_HD_5x_stab/2022-12-23 Asjo 01_HD 5x stab.MP4,1883
target_adaptation,data/raw/NVD/annotated_videos/2022-12-23_Asjo_01_HD_5x_stab/2022-12-23 Asjo 01_HD 5x stab.MP4,1886
target_adaptation,data/raw/NVD/annotated_videos/2022-12-23_Asjo_01_HD_5x_stab/2022-12-23 Asjo 01_HD 5x stab.MP4,1888
target_adaptation,data/raw/NVD/annotated_videos/2022-12-23_Asjo_01_HD_5x_stab/2022-12-23 Asjo 01_HD 5x stab.MP4,1891
target_adaptation,data/raw/NVD/annotated_videos/2022-12-23_Asjo_01_HD_5x_stab/2022-12-23 Asjo 01_HD 5x stab.MP4,1894
target_adaptation,data/raw/NVD/annotated_videos/2022-12-23_Asjo_01_HD_5x_stab/2022-12-23 Asjo 01_HD 5x stab.MP4,1897
target_adaptation,data/raw/NVD/annotated_videos/2022-12-23_Asjo_01_HD_5x_stab/2022-12-23 Asjo 01_HD 5x stab.MP4,1899
target_adaptation,data/raw/NVD/annotated_videos/2022-12-23_Asjo_01_HD_5x_stab/2022-12-23 Asjo 01_HD 5x stab.MP4,1902
target_adaptation,data/raw/NVD/annotated_videos/2022-12-23_Asjo_01_HD_5x_stab/2022-12-23 Asjo 01_HD 5x stab.MP4,1905
target_adaptation,data/raw/NVD/annotated_videos/2022-12-23_Asjo_01_HD_5x_stab/2022-12-23 Asjo 01_HD 5x stab.MP4,1908
target_adaptation,data/raw/NVD/annotated_videos/2022-12-23_Asjo_01_HD_5x_stab/2022-12-23 Asjo 01_HD 5x stab.MP4,1910
target_adaptation,data/raw/NVD/annotated_videos/2022-12-23_Asjo_01_HD_5x_stab/2022-12-23 Asjo 01_HD 5x stab.MP4,1913
target_adaptation,data/raw/NVD/annotated_videos/2022-12-23_Asjo_01_HD_5x_stab/2022-12-23 Asjo 01_HD 5x stab.MP4,1916
target_adaptation,data/raw/NVD/annotated_videos/2022-12-23_Asjo_01_HD_5x_stab/2022-12-23 Asjo 01_HD 5x stab.MP4,1919
target_adaptation,data/raw/NVD/annotated_videos/2022-12-23_Asjo_01_HD_5x_stab/2022-12-23 Asjo 01_HD 5x stab.MP4,1921
target_adaptation,data/raw/NVD/annotated_videos/2022-12-23_Asjo_01_HD_5x_stab/2022-12-23 Asjo 01_HD 5x stab.MP4,1924
target_adaptation,data/raw/NVD/annotated_videos/2022-12-23_Asjo_01_HD_5x_stab/2022-12-23 Asjo 01_HD 5x stab.MP4,1927
target_adaptation,data/raw/NVD/annotated_videos/2022-12-23_Asjo_01_HD_5x_stab/2022-12-23 Asjo 01_HD 5x stab.MP4,1930
target_adaptation,data/raw/NVD/annotated_videos/2022-12-23_Asjo_01_HD_5x_stab/2022-12-23 Asjo 01_HD 5x stab.MP4,1933
target_adaptation,data/raw/NVD/annotated_videos/2022-12-23_Asjo_01_HD_5x_stab/2022-12-23 Asjo 01_HD 5x stab.MP4,1935
target_adaptation,data/raw/NVD/annotated_videos/2022-12-23_Asjo_01_HD_5x_stab/2022-12-23 Asjo 01_HD 5x stab.MP4,1938
target_adaptation,data/raw/NVD/annotated_videos/2022-12-23_Asjo_01_HD_5x_stab/2022-12-23 Asjo 01_HD 5x stab.MP4,1941
target_adaptation,data/raw/NVD/annotated_videos/2022-12-23_Asjo_01_HD_5x_stab/2022-12-23 Asjo 01_HD 5x stab.MP4,1944
target_adaptation,data/raw/NVD/annotated_videos/2022-12-23_Asjo_01_HD_5x_stab/2022-12-23 Asjo 01_HD 5x stab.MP4,1946
target_adaptation,data/raw/NVD/annotated_videos/2022-12-23_Asjo_01_HD_5x_stab/2022-12-23 Asjo 01_HD 5x stab.MP4,1949
target_adaptation,data/raw/NVD/annotated_videos/2022-12-23_Asjo_01_HD_5x_stab/2022-12-23 Asjo 01_HD 5x stab.MP4,1952
target_adaptation,data/raw/NVD/annotated_videos/2022-12-23_Asjo_01_HD_5x_stab/2022-12-23 Asjo 01_HD 5x stab.MP4,1955
target_adaptation,data/raw/NVD/annotated_videos/2022-12-23_Asjo_01_HD_5x_stab/2022-12-23 Asjo 01_HD 5x stab.MP4,1957
target_adaptation,data/raw/NVD/annotated_videos/2022-12-23_Asjo_01_HD_5x_stab/2022-12-23 Asjo 01_HD 5x stab.MP4,1960
target_adaptation,data/raw/NVD/annotated_videos/2022-12-23_Asjo_01_HD_5x_stab/2022-12-23 Asjo 01_HD 5x stab.MP4,1963
target_adaptation,data/raw/NVD/annotated_videos/2022-12-23_Asjo_01_HD_5x_stab/2022-12-23 Asjo 01_HD 5x stab.MP4,1966
target_adaptation,data/raw/NVD/annotated_videos/2022-12-23_Asjo_01_HD_5x_stab/2022-12-23 Asjo 01_HD 5x stab.MP4,1968
target_adaptation,data/raw/NVD/annotated_videos/2022-12-23_Asjo_01_HD_5x_stab/2022-12-23 Asjo 01_HD 5x stab.MP4,1971
target_adaptation,data/raw/NVD/annotated_videos/2022-12-23_Asjo_01_HD_5x_stab/2022-12-23 Asjo 01_HD 5x stab.MP4,1974
target_adaptation,data/raw/NVD/annotated_videos/2022-12-23_Asjo_01_HD_5x_stab/2022-12-23 Asjo 01_HD 5x stab.MP4,1977
target_adaptation,data/raw/NVD/annotated_videos/2022-12-23_Asjo_01_HD_5x_stab/2022-12-23 Asjo 01_HD 5x stab.MP4,1979
target_adaptation,data/raw/NVD/annotated_videos/2022-12-23_Asjo_01_HD_5x_stab/2022-12-23 Asjo 01_HD 5x stab.MP4,1982
target_adaptation,data/raw/NVD/annotated_videos/2022-12-23_Asjo_01_HD_5x_stab/2022-12-23 Asjo 01_HD 5x stab.MP4,1985
target_adaptation,data/raw/NVD/annotated_videos/2022-12-23_Asjo_01_HD_5x_stab/2022-12-23 Asjo 01_HD 5x stab.MP4,1988
target_adaptation,data/raw/NVD/annotated_videos/2022-12-23_Asjo_01_HD_5x_stab/2022-12-23 Asjo 01_HD 5x stab.MP4,1990
target_adaptation,data/raw/NVD/annotated_videos/2022-12-23_Asjo_01_HD_5x_stab/2022-12-23 Asjo 01_HD 5x stab.MP4,1993
target_adaptation,data/raw/NVD/annotated_videos/2022-12-23_Asjo_01_HD_5x_stab/2022-12-23 Asjo 01_HD 5x stab.MP4,1996
target_adaptation,data/raw/NVD/annotated_videos/2022-12-23_Asjo_01_HD_5x_stab/2022-12-23 Asjo 01_HD 5x stab.MP4,1999
target_adaptation,data/raw/NVD/annotated_videos/2022-12-23_Asjo_01_HD_5x_stab/2022-12-23 Asjo 01_HD 5x stab.MP4,2001
target_adaptation,data/raw/NVD/annotated_videos/2022-12-23_Asjo_01_HD_5x_stab/2022-12-23 Asjo 01_HD 5x stab.MP4,2004
target_adaptation,data/raw/NVD/annotated_videos/2022-12-23_Asjo_01_HD_5x_stab/2022-12-23 Asjo 01_HD 5x stab.MP4,2007
target_adaptation,data/raw/NVD/annotated_videos/2022-12-23_Asjo_01_HD_5x_stab/2022-12-23 Asjo 01_HD 5x stab.MP4,2010
target_adaptation,data/raw/NVD/annotated_videos/2022-12-23_Asjo_01_HD_5x_stab/2022-12-23 Asjo 01_HD 5x stab.MP4,2012
target_adaptation,data/raw/NVD/annotated_videos/2022-12-23_Asjo_01_HD_5x_stab/2022-12-23 Asjo 01_HD 5x stab.MP4,2015
target_adaptation,data/raw/NVD/annotated_videos/2022-12-23_Asjo_01_HD_5x_stab/2022-12-23 Asjo 01_HD 5x stab.MP4,2018
target_adaptation,data/raw/NVD/annotated_videos/2022-12-23_Asjo_01_HD_5x_stab/2022-12-23 Asjo 01_HD 5x stab.MP4,2021
target_adaptation,data/raw/NVD/annotated_videos/2022-12-23_Asjo_01_HD_5x_stab/2022-12-23 Asjo 01_HD 5x stab.MP4,2024
target_adaptation,data/raw/NVD/annotated_videos/2022-12-23_Asjo_01_HD_5x_stab/2022-12-23 Asjo 01_HD 5x stab.MP4,2026
target_adaptation,data/raw/NVD/annotated_videos/2022-12-23_Asjo_01_HD_5x_stab/2022-12-23 Asjo 01_HD 5x stab.MP4,2029
target_adaptation,data/raw/NVD/annotated_videos/2022-12-23_Asjo_01_HD_5x_stab/2022-12-23 Asjo 01_HD 5x stab.MP4,2032
target_adaptation,data/raw/NVD/annotated_videos/2022-12-23_Asjo_01_HD_5x_stab/2022-12-23 Asjo 01_HD 5x stab.MP4,2035
target_adaptation,data/raw/NVD/annotated_videos/2022-12-23_Asjo_01_HD_5x_stab/2022-12-23 Asjo 01_HD 5x stab.MP4,2037
target_adaptation,data/raw/NVD/annotated_videos/2022-12-23_Asjo_01_HD_5x_stab/2022-12-23 Asjo 01_HD 5x stab.MP4,2040
target_adaptation,data/raw/NVD/annotated_videos/2022-12-23_Asjo_01_HD_5x_stab/2022-12-23 Asjo 01_HD 5x stab.MP4,2043
target_adaptation,data/raw/NVD/annotated_videos/2022-12-23_Asjo_01_HD_5x_stab/2022-12-23 Asjo 01_HD 5x stab.MP4,2046
target_adaptation,data/raw/NVD/annotated_videos/2022-12-23_Asjo_01_HD_5x_stab/2022-12-23 Asjo 01_HD 5x stab.MP4,2048
target_adaptation,data/raw/NVD/annotated_videos/2022-12-23_Asjo_01_HD_5x_stab/2022-12-23 Asjo 01_HD 5x stab.MP4,2051
target_adaptation,data/raw/NVD/annotated_videos/2022-12-23_Asjo_01_HD_5x_stab/2022-12-23 Asjo 01_HD 5x stab.MP4,2054
target_adaptation,data/raw/NVD/annotated_videos/2022-12-23_Asjo_01_HD_5x_stab/2022-12-23 Asjo 01_HD 5x stab.MP4,2057
target_adaptation,data/raw/NVD/annotated_videos/2022-12-23_Asjo_01_HD_5x_stab/2022-12-23 Asjo 01_HD 5x stab.MP4,2059
target_adaptation,data/raw/NVD/annotated_videos/2022-12-23_Asjo_01_HD_5x_stab/2022-12-23 Asjo 01_HD 5x stab.MP4,2062
target_adaptation,data/raw/NVD/annotated_videos/2022-12-23_Asjo_01_HD_5x_stab/2022-12-23 Asjo 01_HD 5x stab.MP4,2065
target_adaptation,data/raw/NVD/annotated_videos/2022-12-23_Asjo_01_HD_5x_stab/2022-12-23 Asjo 01_HD 5x stab.MP4,2068
target_adaptation,data/raw/NVD/annotated_videos/2022-12-23_Asjo_01_HD_5x_stab/2022-12-23 Asjo 01_HD 5x stab.MP4,2070
target_adaptation,data/raw/NVD/annotated_videos/2022-12-23_Asjo_01_HD_5x_stab/2022-12-23 Asjo 01_HD 5x stab.MP4,2073
target_adaptation,data/raw/NVD/annotated_videos/2022-12-23_Asjo_01_HD_5x_stab/2022-12-23 Asjo 01_HD 5x stab.MP4,2076
target_adaptation,data/raw/NVD/annotated_videos/2022-12-23_Asjo_01_HD_5x_stab/2022-12-23 Asjo 01_HD 5x stab.MP4,2079
target_adaptation,data/raw/NVD/annotated_videos/2022-12-23_Asjo_01_HD_5x_stab/2022-12-23 Asjo 01_HD 5x stab.MP4,2081
target_adaptation,data/raw/NVD/annotated_videos/2022-12-23_Asjo_01_HD_5x_stab/2022-12-23 Asjo 01_HD 5x stab.MP4,2084
target_adaptation,data/raw/NVD/annotated_videos/2022-12-23_Asjo_01_HD_5x_stab/2022-12-23 Asjo 01_HD 5x stab.MP4,2087
target_adaptation,data/raw/NVD/annotated_videos/2022-12-23_Asjo_01_HD_5x_stab/2022-12-23 Asjo 01_HD 5x stab.MP4,2090
target_adaptation,data/raw/NVD/annotated_videos/2022-12-23_Asjo_01_HD_5x_stab/2022-12-23 Asjo 01_HD 5x stab.MP4,2092
target_adaptation,data/raw/NVD/annotated_videos/2022-12-23_Asjo_01_HD_5x_stab/2022-12-23 Asjo 01_HD 5x stab.MP4,2095
target_adaptation,data/raw/NVD/annotated_videos/2022-12-23_Asjo_01_HD_5x_stab/2022-12-23 Asjo 01_HD 5x stab.MP4,2098
target_adaptation,data/raw/NVD/annotated_videos/2022-12-23_Asjo_01_HD_5x_stab/2022-12-23 Asjo 01_HD 5x stab.MP4,2101
target_adaptation,data/raw/NVD/annotated_videos/2022-12-23_Asjo_01_HD_5x_stab/2022-12-23 Asjo 01_HD 5x stab.MP4,2103
target_adaptation,data/raw/NVD/annotated_videos/2022-12-23_Asjo_01_HD_5x_stab/2022-12-23 Asjo 01_HD 5x stab.MP4,2106
target_adaptation,data/raw/NVD/annotated_videos/2022-12-23_Asjo_01_HD_5x_stab/2022-12-23 Asjo 01_HD 5x stab.MP4,2109
target_adaptation,data/raw/NVD/annotated_videos/2022-12-23_Asjo_01_HD_5x_stab/2022-12-23 Asjo 01_HD 5x stab.MP4,2112
target_adaptation,data/raw/NVD/annotated_videos/2022-12-23_Asjo_01_HD_5x_stab/2022-12-23 Asjo 01_HD 5x stab.MP4,2115
target_adaptation,data/raw/NVD/annotated_videos/2022-12-23_Asjo_01_HD_5x_stab/2022-12-23 Asjo 01_HD 5x stab.MP4,2117
target_adaptation,data/raw/NVD/annotated_videos/2022-12-23_Asjo_01_HD_5x_stab/2022-12-23 Asjo 01_HD 5x stab.MP4,2120
target_adaptation,data/raw/NVD/annotated_videos/2022-12-23_Asjo_01_HD_5x_stab/2022-12-23 Asjo 01_HD 5x stab.MP4,2123
target_adaptation,data/raw/NVD/annotated_videos/2022-12-23_Asjo_01_HD_5x_stab/2022-12-23 Asjo 01_HD 5x stab.MP4,2126
target_adaptation,data/raw/NVD/annotated_videos/2022-12-23_Asjo_01_HD_5x_stab/2022-12-23 Asjo 01_HD 5x stab.MP4,2128
target_adaptation,data/raw/NVD/annotated_videos/2022-12-23_Asjo_01_HD_5x_stab/2022-12-23 Asjo 01_HD 5x stab.MP4,2131
target_adaptation,data/raw/NVD/annotated_videos/2022-12-23_Asjo_01_HD_5x_stab/2022-12-23 Asjo 01_HD 5x stab.MP4,2134
target_adaptation,data/raw/NVD/annotated_videos/2022-12-23_Asjo_01_HD_5x_stab/2022-12-23 Asjo 01_HD 5x stab.MP4,2137
target_adaptation,data/raw/NVD/annotated_videos/2022-12-23_Asjo_01_HD_5x_stab/2022-12-23 Asjo 01_HD 5x stab.MP4,2139
target_adaptation,data/raw/NVD/annotated_videos/2022-12-23_Asjo_01_HD_5x_stab/2022-12-23 Asjo 01_HD 5x stab.MP4,2142
target_adaptation,data/raw/NVD/annotated_videos/2022-12-23_Asjo_01_HD_5x_stab/2022-12-23 Asjo 01_HD 5x stab.MP4,2145
target_adaptation,data/raw/NVD/annotated_videos/2022-12-23_Asjo_01_HD_5x_stab/2022-12-23 Asjo 01_HD 5x stab.MP4,2148
target_adaptation,data/raw/NVD/annotated_videos/2022-12-23_Asjo_01_HD_5x_stab/2022-12-23 Asjo 01_HD 5x stab.MP4,2150
target_adaptation,data/raw/NVD/annotated_videos/2022-12-23_Asjo_01_HD_5x_stab/2022-12-23 Asjo 01_HD 5x stab.MP4,2153
target_adaptation,data/raw/NVD/annotated_videos/2022-12-23_Asjo_01_HD_5x_stab/2022-12-23 Asjo 01_HD 5x stab.MP4,2156
target_adaptation,data/raw/NVD/annotated_videos/2022-12-23_Asjo_01_HD_5x_stab/2022-12-23 Asjo 01_HD 5x stab.MP4,2159
target_adaptation,data/raw/NVD/annotated_videos/2022-12-23_Asjo_01_HD_5x_stab/2022-12-23 Asjo 01_HD 5x stab.MP4,2161
target_adaptation,data/raw/NVD/annotated_videos/2022-12-23_Asjo_01_HD_5x_stab/2022-12-23 Asjo 01_HD 5x stab.MP4,2164
target_adaptation,data/raw/NVD/annotated_videos/2022-12-23_Asjo_01_HD_5x_stab/2022-12-23 Asjo 01_HD 5x stab.MP4,2167
target_adaptation,data/raw/NVD/annotated_videos/2022-12-23_Asjo_01_HD_5x_stab/2022-12-23 Asjo 01_HD 5x stab.MP4,2170
target_adaptation,data/raw/NVD/annotated_videos/2022-12-23_Asjo_01_HD_5x_stab/2022-12-23 Asjo 01_HD 5x stab.MP4,2172
target_adaptation,data/raw/NVD/annotated_videos/2022-12-23_Asjo_01_HD_5x_stab/2022-12-23 Asjo 01_HD 5x stab.MP4,2175
target_adaptation,data/raw/NVD/annotated_videos/2022-12-23_Asjo_01_HD_5x_stab/2022-12-23 Asjo 01_HD 5x stab.MP4,2178
target_adaptation,data/raw/NVD/annotated_videos/2022-12-23_Asjo_01_HD_5x_stab/2022-12-23 Asjo 01_HD 5x stab.MP4,2181
target_adaptation,data/raw/NVD/annotated_videos/2022-12-23_Asjo_01_HD_5x_stab/2022-12-23 Asjo 01_HD 5x stab.MP4,2183
target_adaptation,data/raw/NVD/annotated_videos/2022-12-23_Asjo_01_HD_5x_stab/2022-12-23 Asjo 01_HD 5x stab.MP4,2186
target_adaptation,data/raw/NVD/annotated_videos/2022-12-23_Asjo_01_HD_5x_stab/2022-12-23 Asjo 01_HD 5x stab.MP4,2189
target_adaptation,data/raw/NVD/annotated_videos/2022-12-23_Asjo_01_HD_5x_stab/2022-12-23 Asjo 01_HD 5x stab.MP4,2192
target_adaptation,data/raw/NVD/annotated_videos/2022-12-23_Asjo_01_HD_5x_stab/2022-12-23 Asjo 01_HD 5x stab.MP4,2194
target_adaptation,data/raw/NVD/annotated_videos/2022-12-23_Asjo_01_HD_5x_stab/2022-12-23 Asjo 01_HD 5x stab.MP4,2197
target_adaptation,data/raw/NVD/annotated_videos/2022-12-23_Asjo_01_HD_5x_stab/2022-12-23 Asjo 01_HD 5x stab.MP4,2200
target_adaptation,data/raw/NVD/annotated_videos/2022-12-23_Asjo_01_HD_5x_stab/2022-12-23 Asjo 01_HD 5x stab.MP4,2203
target_adaptation,data/raw/NVD/annotated_videos/2022-12-23_Asjo_01_HD_5x_stab/2022-12-23 Asjo 01_HD 5x stab.MP4,2206
target_adaptation,data/raw/NVD/annotated_videos/2022-12-23_Asjo_01_HD_5x_stab/2022-12-23 Asjo 01_HD 5x stab.MP4,2208
target_adaptation,data/raw/NVD/annotated_videos/2022-12-23_Asjo_01_HD_5x_stab/2022-12-23 Asjo 01_HD 5x stab.MP4,2211
target_adaptation,data/raw/NVD/annotated_videos/2022-12-23_Asjo_01_HD_5x_stab/2022-12-23 Asjo 01_HD 5x stab.MP4,2214
target_adaptation,data/raw/NVD/annotated_videos/2022-12-23_Asjo_01_HD_5x_stab/2022-12-23 Asjo 01_HD 5x stab.MP4,2217
target_adaptation,data/raw/NVD/annotated_videos/2022-12-23_Asjo_01_HD_5x_stab/2022-12-23 Asjo 01_HD 5x stab.MP4,2219
target_adaptation,data/raw/NVD/annotated_videos/2022-12-23_Asjo_01_HD_5x_stab/2022-12-23 Asjo 01_HD 5x stab.MP4,2222
target_adaptation,data/raw/NVD/annotated_videos/2022-12-23_Asjo_01_HD_5x_stab/2022-12-23 Asjo 01_HD 5x stab.MP4,2225
target_adaptation,data/raw/NVD/annotated_videos/2022-12-23_Asjo_01_HD_5x_stab/2022-12-23 Asjo 01_HD 5x stab.MP4,2228
target_adaptation,data/raw/NVD/annotated_videos/2022-12-23_Asjo_01_HD_5x_stab/2022-12-23 Asjo 01_HD 5x stab.MP4,2230
target_adaptation,data/raw/NVD/annotated_videos/2022-12-23_Asjo_01_HD_5x_stab/2022-12-23 Asjo 01_HD 5x stab.MP4,2233
target_adaptation,data/raw/NVD/annotated_videos/2022-12-23_Asjo_01_HD_5x_stab/2022-12-23 Asjo 01_HD 5x stab.MP4,2236
target_adaptation,data/raw/NVD/annotated_videos/2022-12-23_Asjo_01_HD_5x_stab/2022-12-23 Asjo 01_HD 5x stab.MP4,2239
target_adaptation,data/raw/NVD/annotated_videos/2022-12-23_Asjo_01_HD_5x_stab/2022-12-23 Asjo 01_HD 5x stab.MP4,2241
target_adaptation,data/raw/NVD/annotated_videos/2022-12-23_Asjo_01_HD_5x_stab/2022-12-23 Asjo 01_HD 5x stab.MP4,2244
target_adaptation,data/raw/NVD/annotated_videos/2022-12-23_Asjo_01_HD_5x_stab/2022-12-23 Asjo 01_HD 5x stab.MP4,2247
target_adaptation,data/raw/NVD/annotated_videos/2022-12-23_Asjo_01_HD_5x_stab/2022-12-23 Asjo 01_HD 5x stab.MP4,2250
target_adaptation,data/raw/NVD/annotated_videos/2022-12-23_Asjo_01_HD_5x_stab/2022-12-23 Asjo 01_HD 5x stab.MP4,2252
target_adaptation,data/raw/NVD/annotated_videos/2022-12-23_Asjo_01_HD_5x_stab/2022-12-23 Asjo 01_HD 5x stab.MP4,2255
target_adaptation,data/raw/NVD/annotated_videos/2022-12-23_Asjo_01_HD_5x_stab/2022-12-23 Asjo 01_HD 5x stab.MP4,2258
target_adaptation,data/raw/NVD/annotated_videos/2022-12-23_Asjo_01_HD_5x_stab/2022-12-23 Asjo 01_HD 5x stab.MP4,2261
target_adaptation,data/raw/NVD/annotated_videos/2022-12-23_Asjo_01_HD_5x_stab/2022-12-23 Asjo 01_HD 5x stab.MP4,2263
target_adaptation,data/raw/NVD/annotated_videos/2022-12-23_Asjo_01_HD_5x_stab/2022-12-23 Asjo 01_HD 5x stab.MP4,2266
target_adaptation,data/raw/NVD/annotated_videos/2022-12-23_Asjo_01_HD_5x_stab/2022-12-23 Asjo 01_HD 5x stab.MP4,2269
target_adaptation,data/raw/NVD/annotated_videos/2022-12-23_Asjo_01_HD_5x_stab/2022-12-23 Asjo 01_HD 5x stab.MP4,2272
target_adaptation,data/raw/NVD/annotated_videos/2022-12-23_Asjo_01_HD_5x_stab/2022-12-23 Asjo 01_HD 5x stab.MP4,2274
target_adaptation,data/raw/NVD/annotated_videos/2022-12-23_Asjo_01_HD_5x_stab/2022-12-23 Asjo 01_HD 5x stab.MP4,2277
target_adaptation,data/raw/NVD/annotated_videos/2022-12-23_Asjo_01_HD_5x_stab/2022-12-23 Asjo 01_HD 5x stab.MP4,2280
target_adaptation,data/raw/NVD/annotated_videos/2022-12-23_Asjo_01_HD_5x_stab/2022-12-23 Asjo 01_HD 5x stab.MP4,2283
target_adaptation,data/raw/NVD/annotated_videos/2022-12-23_Asjo_01_HD_5x_stab/2022-12-23 Asjo 01_HD 5x stab.MP4,2285
target_adaptation,data/raw/NVD/annotated_videos/2022-12-23_Asjo_01_HD_5x_stab/2022-12-23 Asjo 01_HD 5x stab.MP4,2288
target_adaptation,data/raw/NVD/annotated_videos/2022-12-23_Asjo_01_HD_5x_stab/2022-12-23 Asjo 01_HD 5x stab.MP4,2291
target_adaptation,data/raw/NVD/annotated_videos/2022-12-23_Asjo_01_HD_5x_stab/2022-12-23 Asjo 01_HD 5x stab.MP4,2294
target_adaptation,data/raw/NVD/annotated_videos/2022-12-23_Asjo_01_HD_5x_stab/2022-12-23 Asjo 01_HD 5x stab.MP4,2297
target_adaptation,data/raw/NVD/annotated_videos/2022-12-23_Asjo_01_HD_5x_stab/2022-12-23 Asjo 01_HD 5x stab.MP4,2299
target_adaptation,data/raw/NVD/annotated_videos/2022-12-23_Asjo_01_HD_5x_stab/2022-12-23 Asjo 01_HD 5x stab.MP4,2302
target_adaptation,data/raw/NVD/annotated_videos/2022-12-23_Asjo_01_HD_5x_stab/2022-12-23 Asjo 01_HD 5x stab.MP4,2305
target_adaptation,data/raw/NVD/annotated_videos/2022-12-23_Asjo_01_HD_5x_stab/2022-12-23 Asjo 01_HD 5x stab.MP4,2308
target_adaptation,data/raw/NVD/annotated_videos/2022-12-23_Asjo_01_HD_5x_stab/2022-12-23 Asjo 01_HD 5x stab.MP4,2310
target_adaptation,data/raw/NVD/annotated_videos/2022-12-23_Asjo_01_HD_5x_stab/2022-12-23 Asjo 01_HD 5x stab.MP4,2313
target_adaptation,data/raw/NVD/annotated_videos/2022-12-23_Asjo_01_HD_5x_stab/2022-12-23 Asjo 01_HD 5x stab.MP4,2316
target_adaptation,data/raw/NVD/annotated_videos/2022-12-23_Asjo_01_HD_5x_stab/2022-12-23 Asjo 01_HD 5x stab.MP4,2319
target_adaptation,data/raw/NVD/annotated_videos/2022-12-23_Asjo_01_HD_5x_stab/2022-12-23 Asjo 01_HD 5x stab.MP4,2321
target_adaptation,data/raw/NVD/annotated_videos/2022-12-23_Asjo_01_HD_5x_stab/2022-12-23 Asjo 01_HD 5x stab.MP4,2324
target_adaptation,data/raw/NVD/annotated_videos/2022-12-23_Asjo_01_HD_5x_stab/2022-12-23 Asjo 01_HD 5x stab.MP4,2327
target_adaptation,data/raw/NVD/annotated_videos/2022-12-23_Asjo_01_HD_5x_stab/2022-12-23 Asjo 01_HD 5x stab.MP4,2330
target_adaptation,data/raw/NVD/annotated_videos/2022-12-23_Asjo_01_HD_5x_stab/2022-12-23 Asjo 01_HD 5x stab.MP4,2332
target_adaptation,data/raw/NVD/annotated_videos/2022-12-23_Asjo_01_HD_5x_stab/2022-12-23 Asjo 01_HD 5x stab.MP4,2335
target_adaptation,data/raw/NVD/annotated_videos/2022-12-23_Asjo_01_HD_5x_stab/2022-12-23 Asjo 01_HD 5x stab.MP4,2338
target_adaptation,data/raw/NVD/annotated_videos/2022-12-23_Asjo_01_HD_5x_stab/2022-12-23 Asjo 01_HD 5x stab.MP4,2341
target_adaptation,data/raw/NVD/annotated_videos/2022-12-23_Asjo_01_HD_5x_stab/2022-12-23 Asjo 01_HD 5x stab.MP4,2343
target_adaptation,data/raw/NVD/annotated_videos/2022-12-23_Asjo_01_HD_5x_stab/2022-12-23 Asjo 01_HD 5x stab.MP4,2346
target_adaptation,data/raw/NVD/annotated_videos/2022-12-23_Asjo_01_HD_5x_stab/2022-12-23 Asjo 01_HD 5x stab.MP4,2349
target_adaptation,data/raw/NVD/annotated_videos/2022-12-23_Asjo_01_HD_5x_stab/2022-12-23 Asjo 01_HD 5x stab.MP4,2352
target_adaptation,data/raw/NVD/annotated_videos/2022-12-23_Asjo_01_HD_5x_stab/2022-12-23 Asjo 01_HD 5x stab.MP4,2354
target_adaptation,data/raw/NVD/annotated_videos/2022-12-23_Asjo_01_HD_5x_stab/2022-12-23 Asjo 01_HD 5x stab.MP4,2357
target_adaptation,data/raw/NVD/annotated_videos/2022-12-23_Asjo_01_HD_5x_stab/2022-12-23 Asjo 01_HD 5x stab.MP4,2360
target_adaptation,data/raw/NVD/annotated_videos/2022-12-23_Asjo_01_HD_5x_stab/2022-12-23 Asjo 01_HD 5x stab.MP4,2363
target_adaptation,data/raw/NVD/annotated_videos/2022-12-23_Asjo_01_HD_5x_stab/2022-12-23 Asjo 01_HD 5x stab.MP4,2365
target_adaptation,data/raw/NVD/annotated_videos/2022-12-23_Asjo_01_HD_5x_stab/2022-12-23 Asjo 01_HD 5x stab.MP4,2368
target_adaptation,data/raw/NVD/annotated_videos/2022-12-23_Asjo_01_HD_5x_stab/2022-12-23 Asjo 01_HD 5x stab.MP4,2371
target_adaptation,data/raw/NVD/annotated_videos/2022-12-23_Asjo_01_HD_5x_stab/2022-12-23 Asjo 01_HD 5x stab.MP4,2374
target_adaptation,data/raw/NVD/annotated_videos/2022-12-23_Asjo_01_HD_5x_stab/2022-12-23 Asjo 01_HD 5x stab.MP4,2376
target_adaptation,data/raw/NVD/annotated_videos/2022-12-23_Asjo_01_HD_5x_stab/2022-12-23 Asjo 01_HD 5x stab.MP4,2379
target_adaptation,data/raw/NVD/annotated_videos/2022-12-23_Asjo_01_HD_5x_stab/2022-12-23 Asjo 01_HD 5x stab.MP4,2382
target_adaptation,data/raw/NVD/annotated_videos/2022-12-23_Asjo_01_HD_5x_stab/2022-12-23 Asjo 01_HD 5x stab.MP4,2385
target_adaptation,data/raw/NVD/annotated_videos/2022-12-23_Asjo_01_HD_5x_stab/2022-12-23 Asjo 01_HD 5x stab.MP4,2388
target_adaptation,data/raw/NVD/annotated_videos/2022-12-23_Asjo_01_HD_5x_stab/2022-12-23 Asjo 01_HD 5x stab.MP4,2390
target_adaptation,data/raw/NVD/annotated_videos/2022-12-23_Asjo_01_HD_5x_stab/2022-12-23 Asjo 01_HD 5x stab.MP4,2393
target_adaptation,data/raw/NVD/annotated_videos/2022-12-23_Asjo_01_HD_5x_stab/2022-12-23 Asjo 01_HD 5x stab.MP4,2396
target_adaptation,data/raw/NVD/annotated_videos/2022-12-23_Asjo_01_HD_5x_stab/2022-12-23 Asjo 01_HD 5x stab.MP4,2399
target_adaptation,data/raw/NVD/annotated_videos/2022-12-23_Asjo_01_HD_5x_stab/2022-12-23 Asjo 01_HD 5x stab.MP4,2401
target_adaptation,data/raw/NVD/annotated_videos/2022-12-23_Asjo_01_HD_5x_stab/2022-12-23 Asjo 01_HD 5x stab.MP4,2404
target_adaptation,data/raw/NVD/annotated_videos/2022-12-23_Asjo_01_HD_5x_stab/2022-12-23 Asjo 01_HD 5x stab.MP4,2407
target_adaptation,data/raw/NVD/annotated_videos/2022-12-23_Asjo_01_HD_5x_stab/2022-12-23 Asjo 01_HD 5x stab.MP4,2410
target_adaptation,data/raw/NVD/annotated_videos/2022-12-23_Asjo_01_HD_5x_stab/2022-12-23 Asjo 01_HD 5x stab.MP4,2412
target_adaptation,data/raw/NVD/annotated_videos/2022-12-23_Asjo_01_HD_5x_stab/2022-12-23 Asjo 01_HD 5x stab.MP4,2415
target_adaptation,data/raw/NVD/annotated_videos/2022-12-23_Asjo_01_HD_5x_stab/2022-12-23 Asjo 01_HD 5x stab.MP4,2418
target_adaptation,data/raw/NVD/annotated_videos/2022-12-23_Asjo_01_HD_5x_stab/2022-12-23 Asjo 01_HD 5x stab.MP4,2421
target_adaptation,data/raw/NVD/annotated_videos/2022-12-23_Asjo_01_HD_5x_stab/2022-12-23 Asjo 01_HD 5x stab.MP4,2423
target_adaptation,data/raw/NVD/annotated_videos/2022-12-23_Asjo_01_HD_5x_stab/2022-12-23 Asjo 01_HD 5x stab.MP4,2426
target_adaptation,data/raw/NVD/annotated_videos/2022-12-23_Asjo_01_HD_5x_stab/2022-12-23 Asjo 01_HD 5x stab.MP4,2429
target_adaptation,data/raw/NVD/annotated_videos/2022-12-23_Asjo_01_HD_5x_stab/2022-12-23 Asjo 01_HD 5x stab.MP4,2432
target_adaptation,data/raw/NVD/annotated_videos/2022-12-23_Asjo_01_HD_5x_stab/2022-12-23 Asjo 01_HD 5x stab.MP4,2434
target_adaptation,data/raw/NVD/annotated_videos/2022-12-23_Asjo_01_HD_5x_stab/2022-12-23 Asjo 01_HD 5x stab.MP4,2437
target_adaptation,data/raw/NVD/annotated_videos/2022-12-23_Asjo_01_HD_5x_stab/2022-12-23 Asjo 01_HD 5x stab.MP4,2440
target_adaptation,data/raw/NVD/annotated_videos/2022-12-23_Asjo_01_HD_5x_stab/2022-12-23 Asjo 01_HD 5x stab.MP4,2443
target_adaptation,data/raw/NVD/annotated_videos/2022-12-23_Asjo_01_HD_5x_stab/2022-12-23 Asjo 01_HD 5x stab.MP4,2445
target_adaptation,data/raw/NVD/annotated_videos/2022-12-23_Asjo_01_HD_5x_stab/2022-12-23 Asjo 01_HD 5x stab.MP4,2448
target_adaptation,data/raw/NVD/annotated_videos/2022-12-23_Asjo_01_HD_5x_stab/2022-12-23 Asjo 01_HD 5x stab.MP4,2451
target_adaptation,data/raw/NVD/annotated_videos/2022-12-23_Asjo_01_HD_5x_stab/2022-12-23 Asjo 01_HD 5x stab.MP4,2454
target_adaptation,data/raw/NVD/annotated_videos/2022-12-23_Asjo_01_HD_5x_stab/2022-12-23 Asjo 01_HD 5x stab.MP4,2456
target_adaptation,data/raw/NVD/annotated_videos/2022-12-23_Asjo_01_HD_5x_stab/2022-12-23 Asjo 01_HD 5x stab.MP4,2459
target_adaptation,data/raw/NVD/annotated_videos/2022-12-23_Asjo_01_HD_5x_stab/2022-12-23 Asjo 01_HD 5x stab.MP4,2462
target_adaptation,data/raw/NVD/annotated_videos/2022-12-23_Asjo_01_HD_5x_stab/2022-12-23 Asjo 01_HD 5x stab.MP4,2465
target_adaptation,data/raw/NVD/annotated_videos/2022-12-23_Asjo_01_HD_5x_stab/2022-12-23 Asjo 01_HD 5x stab.MP4,2467
target_adaptation,data/raw/NVD/annotated_videos/2022-12-23_Asjo_01_HD_5x_stab/2022-12-23 Asjo 01_HD 5x stab.MP4,2470
target_adaptation,data/raw/NVD/annotated_videos/2022-12-23_Asjo_01_HD_5x_stab/2022-12-23 Asjo 01_HD 5x stab.MP4,2473
target_adaptation,data/raw/NVD/annotated_videos/2022-12-23_Asjo_01_HD_5x_stab/2022-12-23 Asjo 01_HD 5x stab.MP4,2476
target_adaptation,data/raw/NVD/annotated_videos/2022-12-23_Asjo_01_HD_5x_stab/2022-12-23 Asjo 01_HD 5x stab.MP4,2479
target_test,data/raw/NVD/annotated_videos/2022-12-23_Bjenberg_02_stabilized/2022-12-23 Bjenberg 02_stabilized,0
target_test,data/raw/NVD/annotated_videos/2022-12-23_Bjenberg_02_stabilized/2022-12-23 Bjenberg 02_stabilized,1
target_test,data/raw/NVD/annotated_videos/2022-12-23_Bjenberg_02_stabilized/2022-12-23 Bjenberg 02_stabilized,2
target_test,data/raw/NVD/annotated_videos/2022-12-23_Bjenberg_02_stabilized/2022-12-23 Bjenberg 02_stabilized,3
target_test,data/raw/NVD/annotated_videos/2022-12-23_Bjenberg_02_stabilized/2022-12-23 Bjenberg 02_stabilized,4
target_test,data/raw/NVD/annotated_videos/2022-12-23_Bjenberg_02_stabilized/2022-12-23 Bjenberg 02_stabilized,5
target_test,data/raw/NVD/annotated_videos/2022-12-23_Bjenberg_02_stabilized/2022-12-23 Bjenberg 02_stabilized,6
target_test,data/raw/NVD/annotated_videos/2022-12-23_Bjenberg_02_stabilized/2022-12-23 Bjenberg 02_stabilized,7
target_test,data/raw/NVD/annotated_videos/2022-12-23_Bjenberg_02_stabilized/2022-12-23 Bjenberg 02_stabilized,8
target_test,data/raw/NVD/annotated_videos/2022-12-23_Bjenberg_02_stabilized/2022-12-23 Bjenberg 02_stabilized,9
target_test,data/raw/NVD/annotated_videos/2022-12-23_Bjenberg_02_stabilized/2022-12-23 Bjenberg 02_stabilized,10
target_test,data/raw/NVD/annotated_videos/2022-12-23_Bjenberg_02_stabilized/2022-12-23 Bjenberg 02_stabilized,11
target_test,data/raw/NVD/annotated_videos/2022-12-23_Bjenberg_02_stabilized/2022-12-23 Bjenberg 02_stabilized,12
target_test,data/raw/NVD/annotated_videos/2022-12-23_Bjenberg_02_stabilized/2022-12-23 Bjenberg 02_stabilized,13
target_test,data/raw/NVD/annotated_videos/2022-12-23_Bjenberg_02_stabilized/2022-12-23 Bjenberg 02_stabilized,14
target_test,data/raw/NVD/annotated_videos/2022-12-23_Bjenberg_02_stabilized/2022-12-23 Bjenberg 02_stabilized,15
target_test,data/raw/NVD/annotated_videos/2022-12-23_Bjenberg_02_stabilized/2022-12-23 Bjenberg 02_stabilized,16
target_test,data/raw/NVD/annotated_videos/2022-12-23_Bjenberg_02_stabilized/2022-12-23 Bjenberg 02_stabilized,17
target_test,data/raw/NVD/annotated_videos/2022-12-23_Bjenberg_02_stabilized/2022-12-23 Bjenberg 02_stabilized,18
target_test,data/raw/NVD/annotated_videos/2022-12-23_Bjenberg_02_stabilized/2022-12-23 Bjenberg 02_stabilized,19
target_test,data/raw/NVD/annotated_videos/2022-12-23_Bjenberg_02_stabilized/2022-12-23 Bjenberg 02_stabilized,20
target_test,data/raw/NVD/annotated_videos/2022-12-23_Bjenberg_02_stabilized/2022-12-23 Bjenberg 02_stabilized,21
target_test,data/raw/NVD/annotated_videos/2022-12-23_Bjenberg_02_stabilized/2022-12-23 Bjenberg 02_stabilized,22
target_test,data/raw/NVD/annotated_videos/2022-12-23_Bjenberg_02_stabilized/2022-12-23 Bjenberg 02_stabilized,23
target_test,data/raw/NVD/annotated_videos/2022-12-23_Bjenberg_02_stabilized/2022-12-23 Bjenberg 02_stabilized,24
target_test,data/raw/NVD/annotated_videos/2022-12-23_Bjenberg_02_stabilized/2022-12-23 Bjenberg 02_stabilized,25
target_test,data/raw/NVD/annotated_videos/2022-12-23_Bjenberg_02_stabilized/2022-12-23 Bjenberg 02_stabilized,26
target_test,data/raw/NVD/annotated_videos/2022-12-23_Bjenberg_02_stabilized/2022-12-23 Bjenberg 02_stabilized,27
target_test,data/raw/NVD/annotated_videos/2022-12-23_Bjenberg_02_stabilized/2022-12-23 Bjenberg 02_stabilized,28
target_test,data/raw/NVD/annotated_videos/2022-12-23_Bjenberg_02_stabilized/2022-12-23 Bjenberg 02_stabilized,29
target_test,data/raw/NVD/annotated_videos/2022-12-23_Bjenberg_02_stabilized/2022-12-23 Bjenberg 02_stabilized,30
target_test,data/raw/NVD/annotated_videos/2022-12-23_Bjenberg_02_stabilized/2022-12-23 Bjenberg 02_stabilized,31
target_test,data/raw/NVD/annotated_videos/2022-12-23_Bjenberg_02_stabilized/2022-12-23 Bjenberg 02_stabilized,32
target_test,data/raw/NVD/annotated_videos/2022-12-23_Bjenberg_02_stabilized/2022-12-23 Bjenberg 02_stabilized,33
target_test,data/raw/NVD/annotated_videos/2022-12-23_Bjenberg_02_stabilized/2022-12-23 Bjenberg 02_stabilized,34
target_test,data/raw/NVD/annotated_videos/2022-12-23_Bjenberg_02_stabilized/2022-12-23 Bjenberg 02_stabilized,35
target_test,data/raw/NVD/annotated_videos/2022-12-23_Bjenberg_02_stabilized/2022-12-23 Bjenberg 02_stabilized,36
target_test,data/raw/NVD/annotated_videos/2022-12-23_Bjenberg_02_stabilized/2022-12-23 Bjenberg 02_stabilized,37
target_test,data/raw/NVD/annotated_videos/2022-12-23_Bjenberg_02_stabilized/2022-12-23 Bjenberg 02_stabilized,38
target_test,data/raw/NVD/annotated_videos/2022-12-23_Bjenberg_02_stabilized/2022-12-23 Bjenberg 02_stabilized,39
target_test,data/raw/NVD/annotated_videos/2022-12-23_Bjenberg_02_stabilized/2022-12-23 Bjenberg 02_stabilized,40
target_test,data/raw/NVD/annotated_videos/2022-12-23_Bjenberg_02_stabilized/2022-12-23 Bjenberg 02_stabilized,41
target_test,data/raw/NVD/annotated_videos/2022-12-23_Bjenberg_02_stabilized/2022-12-23 Bjenberg 02_stabilized,42
target_test,data/raw/NVD/annotated_videos/2022-12-23_Bjenberg_02_stabilized/2022-12-23 Bjenberg 02_stabilized,43
target_test,data/raw/NVD/annotated_videos/2022-12-23_Bjenberg_02_stabilized/2022-12-23 Bjenberg 02_stabilized,44
target_test,data/raw/NVD/annotated_videos/2022-12-23_Bjenberg_02_stabilized/2022-12-23 Bjenberg 02_stabilized,45
target_test,data/raw/NVD/annotated_videos/2022-12-23_Bjenberg_02_stabilized/2022-12-23 Bjenberg 02_stabilized,46
target_test,data/raw/NVD/annotated_videos/2022-12-23_Bjenberg_02_stabilized/2022-12-23 Bjenberg 02_stabilized,47
target_test,data/raw/NVD/annotated_videos/2022-12-23_Bjenberg_02_stabilized/2022-12-23 Bjenberg 02_stabilized,48
target_test,data/raw/NVD/annotated_videos/2022-12-23_Bjenberg_02_stabilized/2022-12-23 Bjenberg 02_stabilized,49
target_test,data/raw/NVD/annotated_videos/2022-12-23_Bjenberg_02_stabilized/2022-12-23 Bjenberg 02_stabilized,50
target_test,data/raw/NVD/annotated_videos/2022-12-23_Bjenberg_02_stabilized/2022-12-23 Bjenberg 02_stabilized,51
target_test,data/raw/NVD/annotated_videos/2022-12-23_Bjenberg_02_stabilized/2022-12-23 Bjenberg 02_stabilized,52
target_test,data/raw/NVD/annotated_videos/2022-12-23_Bjenberg_02_stabilized/2022-12-23 Bjenberg 02_stabilized,53
target_test,data/raw/NVD/annotated_videos/2022-12-23_Bjenberg_02_stabilized/2022-12-23 Bjenberg 02_stabilized,54
target_test,data/raw/NVD/annotated_videos/2022-12-23_Bjenberg_02_stabilized/2022-12-23 Bjenberg 02_stabilized,55
target_test,data/raw/NVD/annotated_videos/2022-12-23_Bjenberg_02_stabilized/2022-12-23 Bjenberg 02_stabilized,56
target_test,data/raw/NVD/annotated_videos/2022-12-23_Bjenberg_02_stabilized/2022-12-23 Bjenberg 02_stabilized,57
target_test,data/raw/NVD/annotated_videos/2022-12-23_Bjenberg_02_stabilized/2022-12-23 Bjenberg 02_stabilized,58
target_test,data/raw/NVD/annotated_videos/2022-12-23_Bjenberg_02_stabilized/2022-12-23 Bjenberg 02_stabilized,59
target_test,data/raw/NVD/annotated_videos/2022-12-23_Bjenberg_02_stabilized/2022-12-23 Bjenberg 02_stabilized,60
target_test,data/raw/NVD/annotated_videos/2022-12-23_Bjenberg_02_stabilized/2022-12-23 Bjenberg 02_stabilized,61
target_test,data/raw/NVD/annotated_videos/2022-12-23_Bjenberg_02_stabilized/2022-12-23 Bjenberg 02_stabilized,62
target_test,data/raw/NVD/annotated_videos/2022-12-23_Bjenberg_02_stabilized/2022-12-23 Bjenberg 02_stabilized,63
target_test,data/raw/NVD/annotated_videos/2022-12-23_Bjenberg_02_stabilized/2022-12-23 Bjenberg 02_stabilized,64
target_test,data/raw/NVD/annotated_videos/2022-12-23_Bjenberg_02_stabilized/2022-12-23 Bjenberg 02_stabilized,65
target_test,data/raw/NVD/annotated_videos/2022-12-23_Bjenberg_02_stabilized/2022-12-23 Bjenberg 02_stabilized,66
target_test,data/raw/NVD/annotated_videos/2022-12-23_Bjenberg_02_stabilized/2022-12-23 Bjenberg 02_stabilized,67
target_test,data/raw/NVD/annotated_videos/2022-12-23_Bjenberg_02_stabilized/2022-12-23 Bjenberg 02_stabilized,68
target_test,data/raw/NVD/annotated_videos/2022-12-23_Bjenberg_02_stabilized/2022-12-23 Bjenberg 02_stabilized,69
target_test,data/raw/NVD/annotated_videos/2022-12-23_Bjenberg_02_stabilized/2022-12-23 Bjenberg 02_stabilized,70
target_test,data/raw/NVD/annotated_videos/2022-12-23_Bjenberg_02_stabilized/2022-12-23 Bjenberg 02_stabilized,71
target_test,data/raw/NVD/annotated_videos/2022-12-23_Bjenberg_02_stabilized/2022-12-23 Bjenberg 02_stabilized,72
target_test,data/raw/NVD/annotated_videos/2022-12-23_Bjenberg_02_stabilized/2022-12-23 Bjenberg 02_stabilized,73
target_test,data/raw/NVD/annotated_videos/2022-12-23_Bjenberg_02_stabilized/2022-12-23 Bjenberg 02_stabilized,74
target_test,data/raw/NVD/annotated_videos/2022-12-23_Bjenberg_02_stabilized/2022-12-23 Bjenberg 02_stabilized,75
target_test,data/raw/NVD/annotated_videos/2022-12-23_Bjenberg_02_stabilized/2022-12-23 Bjenberg 02_stabilized,76
target_test,data/raw/NVD/annotated_videos/2022-12-23_Bjenberg_02_stabilized/2022-12-23 Bjenberg 02_stabilized,77
target_test,data/raw/NVD/annotated_videos/2022-12-23_Bjenberg_02_stabilized/2022-12-23 Bjenberg 02_stabilized,78
target_test,data/raw/NVD/annotated_videos/2022-12-23_Bjenberg_02_stabilized/2022-12-23 Bjenberg 02_stabilized,79
target_test,data/raw/NVD/annotated_videos/2022-12-23_Bjenberg_02_stabilized/2022-12-23 Bjenberg 02_stabilized,80
target_test,data/raw/NVD/annotated_videos/2022-12-23_Bjenberg_02_stabilized/2022-12-23 Bjenberg 02_stabilized,81
target_test,data/raw/NVD/annotated_videos/2022-12-23_Bjenberg_02_stabilized/2022-12-23 Bjenberg 02_stabilized,82
target_test,data/raw/NVD/annotated_videos/2022-12-23_Bjenberg_02_stabilized/2022-12-23 Bjenberg 02_stabilized,83
target_test,data/raw/NVD/annotated_videos/2022-12-23_Bjenberg_02_stabilized/2022-12-23 Bjenberg 02_stabilized,84
target_test,data/raw/NVD/annotated_videos/2022-12-23_Bjenberg_02_stabilized/2022-12-23 Bjenberg 02_stabilized,85
target_test,data/raw/NVD/annotated_videos/2022-12-23_Bjenberg_02_stabilized/2022-12-23 Bjenberg 02_stabilized,86
target_test,data/raw/NVD/annotated_videos/2022-12-23_Bjenberg_02_stabilized/2022-12-23 Bjenberg 02_stabilized,87
target_test,data/raw/NVD/annotated_videos/2022-12-23_Bjenberg_02_stabilized/2022-12-23 Bjenberg 02_stabilized,88
target_test,data/raw/NVD/annotated_videos/2022-12-23_Bjenberg_02_stabilized/2022-12-23 Bjenberg 02_stabilized,89
target_test,data/raw/NVD/annotated_videos/2022-12-23_Bjenberg_02_stabilized/2022-12-23 Bjenberg 02_stabilized,90
target_test,data/raw/NVD/annotated_videos/2022-12-23_Bjenberg_02_stabilized/2022-12-23 Bjenberg 02_stabilized,91
target_test,data/raw/NVD/annotated_videos/2022-12-23_Bjenberg_02_stabilized/2022-12-23 Bjenberg 02_stabilized,92
target_test,data/raw/NVD/annotated_videos/2022-12-23_Bjenberg_02_stabilized/2022-12-23 Bjenberg 02_stabilized,93
target_test,data/raw/NVD/annotated_videos/2022-12-23_Bjenberg_02_stabilized/2022-12-23 Bjenberg 02_stabilized,94
target_test,data/raw/NVD/annotated_videos/2022-12-23_Bjenberg_02_stabilized/2022-12-23 Bjenberg 02_stabilized,95
target_test,data/raw/NVD/annotated_videos/2022-12-23_Bjenberg_02_stabilized/2022-12-23 Bjenberg 02_stabilized,96
target_test,data/raw/NVD/annotated_videos/2022-12-23_Bjenberg_02_stabilized/2022-12-23 Bjenberg 02_stabilized,97
target_test,data/raw/NVD/annotated_videos/2022-12-23_Bjenberg_02_stabilized/2022-12-23 Bjenberg 02_stabilized,98
target_test,data/raw/NVD/annotated_videos/2022-12-23_Bjenberg_02_stabilized/2022-12-23 Bjenberg 02_stabilized,99
target_test,data/raw/NVD/annotated_videos/2022-12-23_Bjenberg_02_stabilized/2022-12-23 Bjenberg 02_stabilized,100
target_test,data/raw/NVD/annotated_videos/2022-12-23_Bjenberg_02_stabilized/2022-12-23 Bjenberg 02_stabilized,101
target_test,data/raw/NVD/annotated_videos/2022-12-23_Bjenberg_02_stabilized/2022-12-23 Bjenberg 02_stabilized,102
target_test,data/raw/NVD/annotated_videos/2022-12-23_Bjenberg_02_stabilized/2022-12-23 Bjenberg 02_stabilized,103
target_test,data/raw/NVD/annotated_videos/2022-12-23_Bjenberg_02_stabilized/2022-12-23 Bjenberg 02_stabilized,104
target_test,data/raw/NVD/annotated_videos/2022-12-23_Bjenberg_02_stabilized/2022-12-23 Bjenberg 02_stabilized,105
target_test,data/raw/NVD/annotated_videos/2022-12-23_Bjenberg_02_stabilized/2022-12-23 Bjenberg 02_stabilized,106
target_test,data/raw/NVD/annotated_videos/2022-12-23_Bjenberg_02_stabilized/2022-12-23 Bjenberg 02_stabilized,107
target_test,data/raw/NVD/annotated_videos/2022-12-23_Bjenberg_02_stabilized/2022-12-23 Bjenberg 02_stabilized,108
target_test,data/raw/NVD/annotated_videos/2022-12-23_Bjenberg_02_stabilized/2022-12-23 Bjenberg 02_stabilized,109
target_test,data/raw/NVD/annotated_videos/2022-12-23_Bjenberg_02_stabilized/2022-12-23 Bjenberg 02_stabilized,110
target_test,data/raw/NVD/annotated_videos/2022-12-23_Bjenberg_02_stabilized/2022-12-23 Bjenberg 02_stabilized,111
target_test,data/raw/NVD/annotated_videos/2022-12-23_Bjenberg_02_stabilized/2022-12-23 Bjenberg 02_stabilized,112
target_test,data/raw/NVD/annotated_videos/2022-12-23_Bjenberg_02_stabilized/2022-12-23 Bjenberg 02_stabilized,113
target_test,data/raw/NVD/annotated_videos/2022-12-23_Bjenberg_02_stabilized/2022-12-23 Bjenberg 02_stabilized,114
target_test,data/raw/NVD/annotated_videos/2022-12-23_Bjenberg_02_stabilized/2022-12-23 Bjenberg 02_stabilized,115
target_test,data/raw/NVD/annotated_videos/2022-12-23_Bjenberg_02_stabilized/2022-12-23 Bjenberg 02_stabilized,116
target_test,data/raw/NVD/annotated_videos/2022-12-23_Bjenberg_02_stabilized/2022-12-23 Bjenberg 02_stabilized,117
target_test,data/raw/NVD/annotated_videos/2022-12-23_Bjenberg_02_stabilized/2022-12-23 Bjenberg 02_stabilized,118
target_test,data/raw/NVD/annotated_videos/2022-12-23_Bjenberg_02_stabilized/2022-12-23 Bjenberg 02_stabilized,119
target_test,data/raw/NVD/annotated_videos/2022-12-23_Bjenberg_02_stabilized/2022-12-23 Bjenberg 02_stabilized,120
target_test,data/raw/NVD/annotated_videos/2022-12-23_Bjenberg_02_stabilized/2022-12-23 Bjenberg 02_stabilized,121
target_test,data/raw/NVD/annotated_videos/2022-12-23_Bjenberg_02_stabilized/2022-12-23 Bjenberg 02_stabilized,122
target_test,data/raw/NVD/annotated_videos/2022-12-23_Bjenberg_02_stabilized/2022-12-23 Bjenberg 02_stabilized,123
target_test,data/raw/NVD/annotated_videos/2022-12-23_Bjenberg_02_stabilized/2022-12-23 Bjenberg 02_stabilized,124
target_test,data/raw/NVD/annotated_videos/2022-12-23_Bjenberg_02_stabilized/2022-12-23 Bjenberg 02_stabilized,125
target_test,data/raw/NVD/annotated_videos/2022-12-23_Bjenberg_02_stabilized/2022-12-23 Bjenberg 02_stabilized,126
target_test,data/raw/NVD/annotated_videos/2022-12-23_Bjenberg_02_stabilized/2022-12-23 Bjenberg 02_stabilized,127
target_test,data/raw/NVD/annotated_videos/2022-12-23_Bjenberg_02_stabilized/2022-12-23 Bjenberg 02_stabilized,128
target_test,data/raw/NVD/annotated_videos/2022-12-23_Bjenberg_02_stabilized/2022-12-23 Bjenberg 02_stabilized,129
target_test,data/raw/NVD/annotated_videos/2022-12-23_Bjenberg_02_stabilized/2022-12-23 Bjenberg 02_stabilized,130
target_test,data/raw/NVD/annotated_videos/2022-12-23_Bjenberg_02_stabilized/2022-12-23 Bjenberg 02_stabilized,131
target_test,data/raw/NVD/annotated_videos/2022-12-23_Bjenberg_02_stabilized/2022-12-23 Bjenberg 02_stabilized,132
target_test,data/raw/NVD/annotated_videos/2022-12-23_Bjenberg_02_stabilized/2022-12-23 Bjenberg 02_stabilized,133
target_test,data/raw/NVD/annotated_videos/2022-12-23_Bjenberg_02_stabilized/2022-12-23 Bjenberg 02_stabilized,134
target_test,data/raw/NVD/annotated_videos/2022-12-23_Bjenberg_02_stabilized/2022-12-23 Bjenberg 02_stabilized,135
target_test,data/raw/NVD/annotated_videos/2022-12-23_Bjenberg_02_stabilized/2022-12-23 Bjenberg 02_stabilized,136
target_test,data/raw/NVD/annotated_videos/2022-12-23_Bjenberg_02_stabilized/2022-12-23 Bjenberg 02_stabilized,137
target_test,data/raw/NVD/annotated_videos/2022-12-23_Bjenberg_02_stabilized/2022-12-23 Bjenberg 02_stabilized,138
target_test,data/raw/NVD/annotated_videos/2022-12-23_Bjenberg_02_stabilized/2022-12-23 Bjenberg 02_stabilized,139
target_test,data/raw/NVD/annotated_videos/2022-12-23_Bjenberg_02_stabilized/2022-12-23 Bjenberg 02_stabilized,140
target_test,data/raw/NVD/annotated_videos/2022-12-23_Bjenberg_02_stabilized/2022-12-23 Bjenberg 02_stabilized,141
target_test,data/raw/NVD/annotated_videos/2022-12-23_Bjenberg_02_stabilized/2022-12-23 Bjenberg 02_stabilized,142
target_test,data/raw/NVD/annotated_videos/2022-12-23_Bjenberg_02_stabilized/2022-12-23 Bjenberg 02_stabilized,143
target_test,data/raw/NVD/annotated_videos/2022-12-23_Bjenberg_02_stabilized/2022-12-23 Bjenberg 02_stabilized,144
target_test,data/raw/NVD/annotated_videos/2022-12-23_Bjenberg_02_stabilized/2022-12-23 Bjenberg 02_stabilized,145
target_test,data/raw/NVD/annotated_videos/2022-12-23_Bjenberg_02_stabilized/2022-12-23 Bjenberg 02_stabilized,146
target_test,data/raw/NVD/annotated_videos/2022-12-23_Bjenberg_02_stabilized/2022-12-23 Bjenberg 02_stabilized,147
target_test,data/raw/NVD/annotated_videos/2022-12-23_Bjenberg_02_stabilized/2022-12-23 Bjenberg 02_stabilized,148
target_test,data/raw/NVD/annotated_videos/2022-12-23_Bjenberg_02_stabilized/2022-12-23 Bjenberg 02_stabilized,149
target_test,data/raw/NVD/annotated_videos/2022-12-23_Bjenberg_02_stabilized/2022-12-23 Bjenberg 02_stabilized,150
target_test,data/raw/NVD/annotated_videos/2022-12-23_Bjenberg_02_stabilized/2022-12-23 Bjenberg 02_stabilized,151
target_test,data/raw/NVD/annotated_videos/2022-12-23_Bjenberg_02_stabilized/2022-12-23 Bjenberg 02_stabilized,152
target_test,data/raw/NVD/annotated_videos/2022-12-23_Bjenberg_02_stabilized/2022-12-23 Bjenberg 02_stabilized,153
target_test,data/raw/NVD/annotated_videos/2022-12-23_Bjenberg_02_stabilized/2022-12-23 Bjenberg 02_stabilized,154
target_test,data/raw/NVD/annotated_videos/2022-12-23_Bjenberg_02_stabilized/2022-12-23 Bjenberg 02_stabilized,155
target_test,data/raw/NVD/annotated_videos/2022-12-23_Bjenberg_02_stabilized/2022-12-23 Bjenberg 02_stabilized,156
target_test,data/raw/NVD/annotated_videos/2022-12-23_Bjenberg_02_stabilized/2022-12-23 Bjenberg 02_stabilized,157
target_test,data/raw/NVD/annotated_videos/2022-12-23_Bjenberg_02_stabilized/2022-12-23 Bjenberg 02_stabilized,158
target_test,data/raw/NVD/annotated_videos/2022-12-23_Bjenberg_02_stabilized/2022-12-23 Bjenberg 02_stabilized,159
target_test,data/raw/NVD/annotated_videos/2022-12-23_Bjenberg_02_stabilized/2022-12-23 Bjenberg 02_stabilized,160
target_test,data/raw/NVD/annotated_videos/2022-12-23_Bjenberg_02_stabilized/2022-12-23 Bjenberg 02_stabilized,161
target_test,data/raw/NVD/annotated_videos/2022-12-23_Bjenberg_02_stabilized/2022-12-23 Bjenberg 02_stabilized,162
target_test,data/raw/NVD/annotated_videos/2022-12-23_Bjenberg_02_stabilized/2022-12-23 Bjenberg 02_stabilized,163
target_test,data/raw/NVD/annotated_videos/2022-12-23_Bjenberg_02_stabilized/2022-12-23 Bjenberg 02_stabilized,164
target_test,data/raw/NVD/annotated_videos/2022-12-23_Bjenberg_02_stabilized/2022-12-23 Bjenberg 02_stabilized,165
target_test,data/raw/NVD/annotated_videos/2022-12-23_Bjenberg_02_stabilized/2022-12-23 Bjenberg 02_stabilized,166
target_test,data/raw/NVD/annotated_videos/2022-12-23_Bjenberg_02_stabilized/2022-12-23 Bjenberg 02_stabilized,167
target_test,data/raw/NVD/annotated_videos/2022-12-23_Bjenberg_02_stabilized/2022-12-23 Bjenberg 02_stabilized,168
target_test,data/raw/NVD/annotated_videos/2022-12-23_Bjenberg_02_stabilized/2022-12-23 Bjenberg 02_stabilized,169
target_test,data/raw/NVD/annotated_videos/2022-12-23_Bjenberg_02_stabilized/2022-12-23 Bjenberg 02_stabilized,170
target_test,data/raw/NVD/annotated_videos/2022-12-23_Bjenberg_02_stabilized/2022-12-23 Bjenberg 02_stabilized,171
target_test,data/raw/NVD/annotated_videos/2022-12-23_Bjenberg_02_stabilized/2022-12-23 Bjenberg 02_stabilized,172
target_test,data/raw/NVD/annotated_videos/2022-12-23_Bjenberg_02_stabilized/2022-12-23 Bjenberg 02_stabilized,173
target_test,data/raw/NVD/annotated_videos/2022-12-23_Bjenberg_02_stabilized/2022-12-23 Bjenberg 02_stabilized,174
target_test,data/raw/NVD/annotated_videos/2022-12-23_Bjenberg_02_stabilized/2022-12-23 Bjenberg 02_stabilized,175
target_test,data/raw/NVD/annotated_videos/2022-12-23_Bjenberg_02_stabilized/2022-12-23 Bjenberg 02_stabilized,176
target_test,data/raw/NVD/annotated_videos/2022-12-23_Bjenberg_02_stabilized/2022-12-23 Bjenberg 02_stabilized,177
target_test,data/raw/NVD/annotated_videos/2022-12-23_Bjenberg_02_stabilized/2022-12-23 Bjenberg 02_stabilized,178
target_test,data/raw/NVD/annotated_videos/2022-12-23_Bjenberg_02_stabilized/2022-12-23 Bjenberg 02_stabilized,179
target_test,data/raw/NVD/annotated_videos/2022-12-23_Bjenberg_02_stabilized/2022-12-23 Bjenberg 02_stabilized,180
target_test,data/raw/NVD/annotated_videos/2022-12-23_Bjenberg_02_stabilized/2022-12-23 Bjenberg 02_stabilized,181
target_test,data/raw/NVD/annotated_videos/2022-12-23_Bjenberg_02_stabilized/2022-12-23 Bjenberg 02_stabilized,182
target_test,data/raw/NVD/annotated_videos/2022-12-23_Bjenberg_02_stabilized/2022-12-23 Bjenberg 02_stabilized,183
target_test,data/raw/NVD/annotated_videos/2022-12-23_Bjenberg_02_stabilized/2022-12-23 Bjenberg 02_stabilized,184
target_test,data/raw/NVD/annotated_videos/2022-12-23_Bjenberg_02_stabilized/2022-12-23 Bjenberg 02_stabilized,185
target_test,data/raw/NVD/annotated_videos/2022-12-23_Bjenberg_02_stabilized/2022-12-23 Bjenberg 02_stabilized,186
target_test,data/raw/NVD/annotated_videos/2022-12-23_Bjenberg_02_stabilized/2022-12-23 Bjenberg 02_stabilized,187
target_test,data/raw/NVD/annotated_videos/2022-12-23_Bjenberg_02_stabilized/2022-12-23 Bjenberg 02_stabilized,188
target_test,data/raw/NVD/annotated_videos/2022-12-23_Bjenberg_02_stabilized/2022-12-23 Bjenberg 02_stabilized,189
target_test,data/raw/NVD/annotated_videos/2022-12-23_Bjenberg_02_stabilized/2022-12-23 Bjenberg 02_stabilized,190
target_test,data/raw/NVD/annotated_videos/2022-12-23_Bjenberg_02_stabilized/2022-12-23 Bjenberg 02_stabilized,191
target_test,data/raw/NVD/annotated_videos/2022-12-23_Bjenberg_02_stabilized/2022-12-23 Bjenberg 02_stabilized,192
target_test,data/raw/NVD/annotated_videos/2022-12-23_Bjenberg_02_stabilized/2022-12-23 Bjenberg 02_stabilized,193
target_test,data/raw/NVD/annotated_videos/2022-12-23_Bjenberg_02_stabilized/2022-12-23 Bjenberg 02_stabilized,194
target_test,data/raw/NVD/annotated_videos/2022-12-23_Bjenberg_02_stabilized/2022-12-23 Bjenberg 02_stabilized,195
target_test,data/raw/NVD/annotated_videos/2022-12-23_Bjenberg_02_stabilized/2022-12-23 Bjenberg 02_stabilized,196
target_test,data/raw/NVD/annotated_videos/2022-12-23_Bjenberg_02_stabilized/2022-12-23 Bjenberg 02_stabilized,197
target_test,data/raw/NVD/annotated_videos/2022-12-23_Bjenberg_02_stabilized/2022-12-23 Bjenberg 02_stabilized,198
target_test,data/raw/NVD/annotated_videos/2022-12-23_Bjenberg_02_stabilized/2022-12-23 Bjenberg 02_stabilized,199
target_test,data/raw/NVD/annotated_videos/2022-12-23_Bjenberg_02_stabilized/2022-12-23 Bjenberg 02_stabilized,200
target_test,data/raw/NVD/annotated_videos/2022-12-23_Bjenberg_02_stabilized/2022-12-23 Bjenberg 02_stabilized,201
target_test,data/raw/NVD/annotated_videos/2022-12-23_Bjenberg_02_stabilized/2022-12-23 Bjenberg 02_stabilized,202
target_test,data/raw/NVD/annotated_videos/2022-12-23_Bjenberg_02_stabilized/2022-12-23 Bjenberg 02_stabilized,203
target_test,data/raw/NVD/annotated_videos/2022-12-23_Bjenberg_02_stabilized/2022-12-23 Bjenberg 02_stabilized,204
target_test,data/raw/NVD/annotated_videos/2022-12-23_Bjenberg_02_stabilized/2022-12-23 Bjenberg 02_stabilized,205
target_test,data/raw/NVD/annotated_videos/2022-12-23_Bjenberg_02_stabilized/2022-12-23 Bjenberg 02_stabilized,206
target_test,data/raw/NVD/annotated_videos/2022-12-23_Bjenberg_02_stabilized/2022-12-23 Bjenberg 02_stabilized,207
target_test,data/raw/NVD/annotated_videos/2022-12-23_Bjenberg_02_stabilized/2022-12-23 Bjenberg 02_stabilized,208
target_test,data/raw/NVD/annotated_videos/2022-12-23_Bjenberg_02_stabilized/2022-12-23 Bjenberg 02_stabilized,209
target_test,data/raw/NVD/annotated_videos/2022-12-23_Bjenberg_02_stabilized/2022-12-23 Bjenberg 02_stabilized,210
target_test,data/raw/NVD/annotated_videos/2022-12-23_Bjenberg_02_stabilized/2022-12-23 Bjenberg 02_stabilized,211
target_test,data/raw/NVD/annotated_videos/2022-12-23_Bjenberg_02_stabilized/2022-12-23 Bjenberg 02_stabilized,212
target_test,data/raw/NVD/annotated_videos/2022-12-23_Bjenberg_02_stabilized/2022-12-23 Bjenberg 02_stabilized,213
target_test,data/raw/NVD/annotated_videos/2022-12-23_Bjenberg_02_stabilized/2022-12-23 Bjenberg 02_stabilized,214
target_test,data/raw/NVD/annotated_videos/2022-12-23_Bjenberg_02_stabilized/2022-12-23 Bjenberg 02_stabilized,215
target_test,data/raw/NVD/annotated_videos/2022-12-23_Bjenberg_02_stabilized/2022-12-23 Bjenberg 02_stabilized,216
target_test,data/raw/NVD/annotated_videos/2022-12-23_Bjenberg_02_stabilized/2022-12-23 Bjenberg 02_stabilized,217
target_test,data/raw/NVD/annotated_videos/2022-12-23_Bjenberg_02_stabilized/2022-12-23 Bjenberg 02_stabilized,218
target_test,data/raw/NVD/annotated_videos/2022-12-23_Bjenberg_02_stabilized/2022-12-23 Bjenberg 02_stabilized,219
target_test,data/raw/NVD/annotated_videos/2022-12-23_Bjenberg_02_stabilized/2022-12-23 Bjenberg 02_stabilized,220
target_test,data/raw/NVD/annotated_videos/2022-12-23_Bjenberg_02_stabilized/2022-12-23 Bjenberg 02_stabilized,221
target_test,data/raw/NVD/annotated_videos/2022-12-23_Bjenberg_02_stabilized/2022-12-23 Bjenberg 02_stabilized,222
target_test,data/raw/NVD/annotated_videos/2022-12-23_Bjenberg_02_stabilized/2022-12-23 Bjenberg 02_stabilized,223
target_test,data/raw/NVD/annotated_videos/2022-12-23_Bjenberg_02_stabilized/2022-12-23 Bjenberg 02_stabilized,224
target_test,data/raw/NVD/annotated_videos/2022-12-23_Bjenberg_02_stabilized/2022-12-23 Bjenberg 02_stabilized,225
target_test,data/raw/NVD/annotated_videos/2022-12-23_Bjenberg_02_stabilized/2022-12-23 Bjenberg 02_stabilized,226
target_test,data/raw/NVD/annotated_videos/2022-12-23_Bjenberg_02_stabilized/2022-12-23 Bjenberg 02_stabilized,227
target_test,data/raw/NVD/annotated_videos/2022-12-23_Bjenberg_02_stabilized/2022-12-23 Bjenberg 02_stabilized,228
target_test,data/raw/NVD/annotated_videos/2022-12-23_Bjenberg_02_stabilized/2022-12-23 Bjenberg 02_stabilized,229
target_test,data/raw/NVD/annotated_videos/2022-12-23_Bjenberg_02_stabilized/2022-12-23 Bjenberg 02_stabilized,230
target_test,data/raw/NVD/annotated_videos/2022-12-23_Bjenberg_02_stabilized/2022-12-23 Bjenberg 02_stabilized,231
target_test,data/raw/NVD/annotated_videos/2022-12-23_Bjenberg_02_stabilized/2022-12-23 Bjenberg 02_stabilized,232
target_test,data/raw/NVD/annotated_videos/2022-12-23_Bjenberg_02_stabilized/2022-12-23 Bjenberg 02_stabilized,233
target_test,data/raw/NVD/annotated_videos/2022-12-23_Bjenberg_02_stabilized/2022-12-23 Bjenberg 02_stabilized,234
target_test,data/raw/NVD/annotated_videos/2022-12-23_Bjenberg_02_stabilized/2022-12-23 Bjenberg 02_stabilized,235
target_test,data/raw/NVD/annotated_videos/2022-12-23_Bjenberg_02_stabilized/2022-12-23 Bjenberg 02_stabilized,236
target_test,data/raw/NVD/annotated_videos/2022-12-23_Bjenberg_02_stabilized/2022-12-23 Bjenberg 02_stabilized,237
target_test,data/raw/NVD/annotated_videos/2022-12-23_Bjenberg_02_stabilized/2022-12-23 Bjenberg 02_stabilized,238
target_test,data/raw/NVD/annotated_videos/2022-12-23_Bjenberg_02_stabilized/2022-12-23 Bjenberg 02_stabilized,239
target_test,data/raw/NVD/annotated_videos/2022-12-23_Bjenberg_02_stabilized/2022-12-23 Bjenberg 02_stabilized,240
target_test,data/raw/NVD/annotated_videos/2022-12-23_Bjenberg_02_stabilized/2022-12-23 Bjenberg 02_stabilized,241
target_test,data/raw/NVD/annotated_videos/2022-12-23_Bjenberg_02_stabilized/2022-12-23 Bjenberg 02_stabilized,242
target_test,data/raw/NVD/annotated_videos/2022-12-23_Bjenberg_02_stabilized/2022-12-23 Bjenberg 02_stabilized,243
target_test,data/raw/NVD/annotated_videos/2022-12-23_Bjenberg_02_stabilized/2022-12-23 Bjenberg 02_stabilized,244
target_test,data/raw/NVD/annotated_videos/2022-12-23_Bjenberg_02_stabilized/2022-12-23 Bjenberg 02_stabilized,245
target_test,data/raw/NVD/annotated_videos/2022-12-23_Bjenberg_02_stabilized/2022-12-23 Bjenberg 02_stabilized,246
target_test,data/raw/NVD/annotated_videos/2022-12-23_Bjenberg_02_stabilized/2022-12-23 Bjenberg 02_stabilized,247
target_test,data/raw/NVD/annotated_videos/2022-12-23_Bjenberg_02_stabilized/2022-12-23 Bjenberg 02_stabilized,248
target_test,data/raw/NVD/annotated_videos/2022-12-23_Bjenberg_02_stabilized/2022-12-23 Bjenberg 02_stabilized,249
target_test,data/raw/NVD/annotated_videos/2022-12-23_Bjenberg_02_stabilized/2022-12-23 Bjenberg 02_stabilized,250
target_test,data/raw/NVD/annotated_videos/2022-12-23_Bjenberg_02_stabilized/2022-12-23 Bjenberg 02_stabilized,251
target_test,data/raw/NVD/annotated_videos/2022-12-23_Bjenberg_02_stabilized/2022-12-23 Bjenberg 02_stabilized,252
target_test,data/raw/NVD/annotated_videos/2022-12-23_Bjenberg_02_stabilized/2022-12-23 Bjenberg 02_stabilized,253
target_test,data/raw/NVD/annotated_videos/2022-12-23_Bjenberg_02_stabilized/2022-12-23 Bjenberg 02_stabilized,254
target_test,data/raw/NVD/annotated_videos/2022-12-23_Bjenberg_02_stabilized/2022-12-23 Bjenberg 02_stabilized,255
target_test,data/raw/NVD/annotated_videos/2022-12-23_Bjenberg_02_stabilized/2022-12-23 Bjenberg 02_stabilized,256
target_test,data/raw/NVD/annotated_videos/2022-12-23_Bjenberg_02_stabilized/2022-12-23 Bjenberg 02_stabilized,257
target_test,data/raw/NVD/annotated_videos/2022-12-23_Bjenberg_02_stabilized/2022-12-23 Bjenberg 02_stabilized,258
target_test,data/raw/NVD/annotated_videos/2022-12-23_Bjenberg_02_stabilized/2022-12-23 Bjenberg 02_stabilized,259
target_test,data/raw/NVD/annotated_videos/2022-12-23_Bjenberg_02_stabilized/2022-12-23 Bjenberg 02_stabilized,260
target_test,data/raw/NVD/annotated_videos/2022-12-23_Bjenberg_02_stabilized/2022-12-23 Bjenberg 02_stabilized,261
target_test,data/raw/NVD/annotated_videos/2022-12-23_Bjenberg_02_stabilized/2022-12-23 Bjenberg 02_stabilized,262
target_test,data/raw/NVD/annotated_videos/2022-12-23_Bjenberg_02_stabilized/2022-12-23 Bjenberg 02_stabilized,263
target_test,data/raw/NVD/annotated_videos/2022-12-23_Bjenberg_02_stabilized/2022-12-23 Bjenberg 02_stabilized,264
target_test,data/raw/NVD/annotated_videos/2022-12-23_Bjenberg_02_stabilized/2022-12-23 Bjenberg 02_stabilized,265
target_test,data/raw/NVD/annotated_videos/2022-12-23_Bjenberg_02_stabilized/2022-12-23 Bjenberg 02_stabilized,266
target_test,data/raw/NVD/annotated_videos/2022-12-23_Bjenberg_02_stabilized/2022-12-23 Bjenberg 02_stabilized,267
target_test,data/raw/NVD/annotated_videos/2022-12-23_Bjenberg_02_stabilized/2022-12-23 Bjenberg 02_stabilized,268
target_test,data/raw/NVD/annotated_videos/2022-12-23_Bjenberg_02_stabilized/2022-12-23 Bjenberg 02_stabilized,269
target_test,data/raw/NVD/annotated_videos/2022-12-23_Bjenberg_02_stabilized/2022-12-23 Bjenberg 02_stabilized,270
target_test,data/raw/NVD/annotated_videos/2022-12-23_Bjenberg_02_stabilized/2022-12-23 Bjenberg 02_stabilized,271
target_test,data/raw/NVD/annotated_videos/2022-12-23_Bjenberg_02_stabilized/2022-12-23 Bjenberg 02_stabilized,272
target_test,data/raw/NVD/annotated_videos/2022-12-23_Bjenberg_02_stabilized/2022-12-23 Bjenberg 02_stabilized,273
target_test,data/raw/NVD/annotated_videos/2022-12-23_Bjenberg_02_stabilized/2022-12-23 Bjenberg 02_stabilized,274
target_test,data/raw/NVD/annotated_videos/2022-12-23_Bjenberg_02_stabilized/2022-12-23 Bjenberg 02_stabilized,275
target_test,data/raw/NVD/annotated_videos/2022-12-23_Bjenberg_02_stabilized/2022-12-23 Bjenberg 02_stabilized,276
target_test,data/raw/NVD/annotated_videos/2022-12-23_Bjenberg_02_stabilized/2022-12-23 Bjenberg 02_stabilized,277
target_test,data/raw/NVD/annotated_videos/2022-12-23_Bjenberg_02_stabilized/2022-12-23 Bjenberg 02_stabilized,278
target_test,data/raw/NVD/annotated_videos/2022-12-23_Bjenberg_02_stabilized/2022-12-23 Bjenberg 02_stabilized,279
target_test,data/raw/NVD/annotated_videos/2022-12-23_Bjenberg_02_stabilized/2022-12-23 Bjenberg 02_stabilized,280
target_test,data/raw/NVD/annotated_videos/2022-12-23_Bjenberg_02_stabilized/2022-12-23 Bjenberg 02_stabilized,281
target_test,data/raw/NVD/annotated_videos/2022-12-23_Bjenberg_02_stabilized/2022-12-23 Bjenberg 02_stabilized,282
target_test,data/raw/NVD/annotated_videos/2022-12-23_Bjenberg_02_stabilized/2022-12-23 Bjenberg 02_stabilized,283
target_test,data/raw/NVD/annotated_videos/2022-12-23_Bjenberg_02_stabilized/2022-12-23 Bjenberg 02_stabilized,284
target_test,data/raw/NVD/annotated_videos/2022-12-23_Bjenberg_02_stabilized/2022-12-23 Bjenberg 02_stabilized,285
target_test,data/raw/NVD/annotated_videos/2022-12-23_Bjenberg_02_stabilized/2022-12-23 Bjenberg 02_stabilized,286
target_test,data/raw/NVD/annotated_videos/2022-12-23_Bjenberg_02_stabilized/2022-12-23 Bjenberg 02_stabilized,287
target_test,data/raw/NVD/annotated_videos/2022-12-23_Bjenberg_02_stabilized/2022-12-23 Bjenberg 02_stabilized,288
target_test,data/raw/NVD/annotated_videos/2022-12-23_Bjenberg_02_stabilized/2022-12-23 Bjenberg 02_stabilized,289
target_test,data/raw/NVD/annotated_videos/2022-12-23_Bjenberg_02_stabilized/2022-12-23 Bjenberg 02_stabilized,290
target_test,data/raw/NVD/annotated_videos/2022-12-23_Bjenberg_02_stabilized/2022-12-23 Bjenberg 02_stabilized,291
target_test,data/raw/NVD/annotated_videos/2022-12-23_Bjenberg_02_stabilized/2022-12-23 Bjenberg 02_stabilized,292
target_test,data/raw/NVD/annotated_videos/2022-12-23_Bjenberg_02_stabilized/2022-12-23 Bjenberg 02_stabilized,293
target_test,data/raw/NVD/annotated_videos/2022-12-23_Bjenberg_02_stabilized/2022-12-23 Bjenberg 02_stabilized,294
target_test,data/raw/NVD/annotated_videos/2022-12-23_Bjenberg_02_stabilized/2022-12-23 Bjenberg 02_stabilized,295
target_test,data/raw/NVD/annotated_videos/2022-12-23_Bjenberg_02_stabilized/2022-12-23 Bjenberg 02_stabilized,296
target_test,data/raw/NVD/annotated_videos/2022-12-23_Bjenberg_02_stabilized/2022-12-23 Bjenberg 02_stabilized,297
target_test,data/raw/NVD/annotated_videos/2022-12-23_Bjenberg_02_stabilized/2022-12-23 Bjenberg 02_stabilized,298
target_test,data/raw/NVD/annotated_videos/2022-12-23_Bjenberg_02_stabilized/2022-12-23 Bjenberg 02_stabilized,299
target_test,data/raw/NVD/annotated_videos/2022-12-23_Bjenberg_02_stabilized/2022-12-23 Bjenberg 02_stabilized,300
target_test,data/raw/NVD/annotated_videos/2022-12-23_Bjenberg_02_stabilized/2022-12-23 Bjenberg 02_stabilized,301
target_test,data/raw/NVD/annotated_videos/2022-12-23_Bjenberg_02_stabilized/2022-12-23 Bjenberg 02_stabilized,302
target_test,data/raw/NVD/annotated_videos/2022-12-23_Bjenberg_02_stabilized/2022-12-23 Bjenberg 02_stabilized,303
target_test,data/raw/NVD/annotated_videos/2022-12-23_Bjenberg_02_stabilized/2022-12-23 Bjenberg 02_stabilized,304
target_test,data/raw/NVD/annotated_videos/2022-12-23_Bjenberg_02_stabilized/2022-12-23 Bjenberg 02_stabilized,305
target_test,data/raw/NVD/annotated_videos/2022-12-23_Bjenberg_02_stabilized/2022-12-23 Bjenberg 02_stabilized,306
target_test,data/raw/NVD/annotated_videos/2022-12-23_Bjenberg_02_stabilized/2022-12-23 Bjenberg 02_stabilized,307
target_test,data/raw/NVD/annotated_videos/2022-12-23_Bjenberg_02_stabilized/2022-12-23 Bjenberg 02_stabilized,308
target_test,data/raw/NVD/annotated_videos/2022-12-23_Bjenberg_02_stabilized/2022-12-23 Bjenberg 02_stabilized,309
target_test,data/raw/NVD/annotated_videos/2022-12-23_Bjenberg_02_stabilized/2022-12-23 Bjenberg 02_stabilized,310
target_test,data/raw/NVD/annotated_videos/2022-12-23_Bjenberg_02_stabilized/2022-12-23 Bjenberg 02_stabilized,311
target_test,data/raw/NVD/annotated_videos/2022-12-23_Bjenberg_02_stabilized/2022-12-23 Bjenberg 02_stabilized,312
target_test,data/raw/NVD/annotated_videos/2022-12-23_Bjenberg_02_stabilized/2022-12-23 Bjenberg 02_stabilized,313
target_test,data/raw/NVD/annotated_videos/2022-12-23_Bjenberg_02_stabilized/2022-12-23 Bjenberg 02_stabilized,314
target_test,data/raw/NVD/annotated_videos/2022-12-23_Bjenberg_02_stabilized/2022-12-23 Bjenberg 02_stabilized,315
target_test,data/raw/NVD/annotated_videos/2022-12-23_Bjenberg_02_stabilized/2022-12-23 Bjenberg 02_stabilized,316
target_test,data/raw/NVD/annotated_videos/2022-12-23_Bjenberg_02_stabilized/2022-12-23 Bjenberg 02_stabilized,317
target_test,data/raw/NVD/annotated_videos/2022-12-23_Bjenberg_02_stabilized/2022-12-23 Bjenberg 02_stabilized,318
target_test,data/raw/NVD/annotated_videos/2022-12-23_Bjenberg_02_stabilized/2022-12-23 Bjenberg 02_stabilized,319
target_test,data/raw/NVD/annotated_videos/2022-12-23_Bjenberg_02_stabilized/2022-12-23 Bjenberg 02_stabilized,320
target_test,data/raw/NVD/annotated_videos/2022-12-23_Bjenberg_02_stabilized/2022-12-23 Bjenberg 02_stabilized,321
target_test,data/raw/NVD/annotated_videos/2022-12-23_Bjenberg_02_stabilized/2022-12-23 Bjenberg 02_stabilized,322
target_test,data/raw/NVD/annotated_videos/2022-12-23_Bjenberg_02_stabilized/2022-12-23 Bjenberg 02_stabilized,323
target_test,data/raw/NVD/annotated_videos/2022-12-23_Bjenberg_02_stabilized/2022-12-23 Bjenberg 02_stabilized,324
target_test,data/raw/NVD/annotated_videos/2022-12-23_Bjenberg_02_stabilized/2022-12-23 Bjenberg 02_stabilized,325
target_test,data/raw/NVD/annotated_videos/2022-12-23_Bjenberg_02_stabilized/2022-12-23 Bjenberg 02_stabilized,326
target_test,data/raw/NVD/annotated_videos/2022-12-23_Bjenberg_02_stabilized/2022-12-23 Bjenberg 02_stabilized,327
target_test,data/raw/NVD/annotated_videos/2022-12-23_Bjenberg_02_stabilized/2022-12-23 Bjenberg 02_stabilized,328
target_test,data/raw/NVD/annotated_videos/2022-12-23_Bjenberg_02_stabilized/2022-12-23 Bjenberg 02_stabilized,329
target_test,data/raw/NVD/annotated_videos/2022-12-23_Bjenberg_02_stabilized/2022-12-23 Bjenberg 02_stabilized,330
target_test,data/raw/NVD/annotated_videos/2022-12-23_Bjenberg_02_stabilized/2022-12-23 Bjenberg 02_stabilized,331
target_test,data/raw/NVD/annotated_videos/2022-12-23_Bjenberg_02_stabilized/2022-12-23 Bjenberg 02_stabilized,332
target_test,data/raw/NVD/annotated_videos/2022-12-23_Bjenberg_02_stabilized/2022-12-23 Bjenberg 02_stabilized,333
target_test,data/raw/NVD/annotated_videos/2022-12-23_Bjenberg_02_stabilized/2022-12-23 Bjenberg 02_stabilized,334
target_test,data/raw/NVD/annotated_videos/2022-12-23_Bjenberg_02_stabilized/2022-12-23 Bjenberg 02_stabilized,335
target_test,data/raw/NVD/annotated_videos/2022-12-23_Bjenberg_02_stabilized/2022-12-23 Bjenberg 02_stabilized,336
target_test,data/raw/NVD/annotated_videos/2022-12-23_Bjenberg_02_stabilized/2022-12-23 Bjenberg 02_stabilized,337
target_test,data/raw/NVD/annotated_videos/2022-12-23_Bjenberg_02_stabilized/2022-12-23 Bjenberg 02_stabilized,338
target_test,data/raw/NVD/annotated_videos/2022-12-23_Bjenberg_02_stabilized/2022-12-23 Bjenberg 02_stabilized,339
target_test,data/raw/NVD/annotated_videos/2022-12-23_Bjenberg_02_stabilized/2022-12-23 Bjenberg 02_stabilized,340
target_test,data/raw/NVD/annotated_videos/2022-12-23_Bjenberg_02_stabilized/2022-12-23 Bjenberg 02_stabilized,341
target_test,data/raw/NVD/annotated_videos/2022-12-23_Bjenberg_02_stabilized/2022-12-23 Bjenberg 02_stabilized,342
target_test,data/raw/NVD/annotated_videos/2022-12-23_Bjenberg_02_stabilized/2022-12-23 Bjenberg 02_stabilized,343
target_test,data/raw/NVD/annotated_videos/2022-12-23_Bjenberg_02_stabilized/2022-12-23 Bjenberg 02_stabilized,344
target_test,data/raw/NVD/annotated_videos/2022-12-23_Bjenberg_02_stabilized/2022-12-23 Bjenberg 02_stabilized,345
target_test,data/raw/NVD/annotated_videos/2022-12-23_Bjenberg_02_stabilized/2022-12-23 Bjenberg 02_stabilized,346
target_test,data/raw/NVD/annotated_videos/2022-12-23_Bjenberg_02_stabilized/2022-12-23 Bjenberg 02_stabilized,347
target_test,data/raw/NVD/annotated_videos/2022-12-23_Bjenberg_02_stabilized/2022-12-23 Bjenberg 02_stabilized,348
target_test,data/raw/NVD/annotated_videos/2022-12-23_Bjenberg_02_stabilized/2022-12-23 Bjenberg 02_stabilized,349
target_test,data/raw/NVD/annotated_videos/2022-12-23_Bjenberg_02_stabilized/2022-12-23 Bjenberg 02_stabilized,350
target_test,data/raw/NVD/annotated_videos/2022-12-23_Bjenberg_02_stabilized/2022-12-23 Bjenberg 02_stabilized,351
target_test,data/raw/NVD/annotated_videos/2022-12-23_Bjenberg_02_stabilized/2022-12-23 Bjenberg 02_stabilized,352
target_test,data/raw/NVD/annotated_videos/2022-12-23_Bjenberg_02_stabilized/2022-12-23 Bjenberg 02_stabilized,353
target_test,data/raw/NVD/annotated_videos/2022-12-23_Bjenberg_02_stabilized/2022-12-23 Bjenberg 02_stabilized,354
target_test,data/raw/NVD/annotated_videos/2022-12-23_Bjenberg_02_stabilized/2022-12-23 Bjenberg 02_stabilized,355
target_test,data/raw/NVD/annotated_videos/2022-12-23_Bjenberg_02_stabilized/2022-12-23 Bjenberg 02_stabilized,356
target_test,data/raw/NVD/annotated_videos/2022-12-23_Bjenberg_02_stabilized/2022-12-23 Bjenberg 02_stabilized,357
target_test,data/raw/NVD/annotated_videos/2022-12-23_Bjenberg_02_stabilized/2022-12-23 Bjenberg 02_stabilized,358
target_test,data/raw/NVD/annotated_videos/2022-12-23_Bjenberg_02_stabilized/2022-12-23 Bjenberg 02_stabilized,359
target_test,data/raw/NVD/annotated_videos/2022-12-23_Bjenberg_02_stabilized/2022-12-23 Bjenberg 02_stabilized,360
target_test,data/raw/NVD/annotated_videos/2022-12-23_Bjenberg_02_stabilized/2022-12-23 Bjenberg 02_stabilized,361
target_test,data/raw/NVD/annotated_videos/2022-12-23_Bjenberg_02_stabilized/2022-12-23 Bjenberg 02_stabilized,362
target_test,data/raw/NVD/annotated_videos/2022-12-23_Bjenberg_02_stabilized/2022-12-23 Bjenberg 02_stabilized,363
target_test,data/raw/NVD/annotated_videos/2022-12-23_Bjenberg_02_stabilized/2022-12-23 Bjenberg 02_stabilized,364
target_test,data/raw/NVD/annotated_videos/2022-12-23_Bjenberg_02_stabilized/2022-12-23 Bjenberg 02_stabilized,365
target_test,data/raw/NVD/annotated_videos/2022-12-23_Bjenberg_02_stabilized/2022-12-23 Bjenberg 02_stabilized,366
target_test,data/raw/NVD/annotated_videos/2022-12-23_Bjenberg_02_stabilized/2022-12-23 Bjenberg 02_stabilized,367
target_test,data/raw/NVD/annotated_videos/2022-12-23_Bjenberg_02_stabilized/2022-12-23 Bjenberg 02_stabilized,368
target_test,data/raw/NVD/annotated_videos/2022-12-23_Bjenberg_02_stabilized/2022-12-23 Bjenberg 02_stabilized,369
target_test,data/raw/NVD/annotated_videos/2022-12-23_Bjenberg_02_stabilized/2022-12-23 Bjenberg 02_stabilized,370
target_test,data/raw/NVD/annotated_videos/2022-12-23_Bjenberg_02_stabilized/2022-12-23 Bjenberg 02_stabilized,371
target_test,data/raw/NVD/annotated_videos/2022-12-23_Bjenberg_02_stabilized/2022-12-23 Bjenberg 02_stabilized,372
target_test,data/raw/NVD/annotated_videos/2022-12-23_Bjenberg_02_stabilized/2022-12-23 Bjenberg 02_stabilized,373
target_test,data/raw/NVD/annotated_videos/2022-12-23_Bjenberg_02_stabilized/2022-12-23 Bjenberg 02_stabilized,374
target_test,data/raw/NVD/annotated_videos/2022-12-23_Bjenberg_02_stabilized/2022-12-23 Bjenberg 02_stabilized,375
target_test,data/raw/NVD/annotated_videos/2022-12-23_Bjenberg_02_stabilized/2022-12-23 Bjenberg 02_stabilized,376
target_test,data/raw/NVD/annotated_videos/2022-12-23_Bjenberg_02_stabilized/2022-12-23 Bjenberg 02_stabilized,377
target_test,data/raw/NVD/annotated_videos/2022-12-23_Bjenberg_02_stabilized/2022-12-23 Bjenberg 02_stabilized,378
target_test,data/raw/NVD/annotated_videos/2022-12-23_Bjenberg_02_stabilized/2022-12-23 Bjenberg 02_stabilized,379
target_test,data/raw/NVD/annotated_videos/2022-12-23_Bjenberg_02_stabilized/2022-12-23 Bjenberg 02_stabilized,380
target_test,data/raw/NVD/annotated_videos/2022-12-23_Bjenberg_02_stabilized/2022-12-23 Bjenberg 02_stabilized,381
target_test,data/raw/NVD/annotated_videos/2022-12-23_Bjenberg_02_stabilized/2022-12-23 Bjenberg 02_stabilized,382
target_test,data/raw/NVD/annotated_videos/2022-12-23_Bjenberg_02_stabilized/2022-12-23 Bjenberg 02_stabilized,383
target_test,data/raw/NVD/annotated_videos/2022-12-23_Bjenberg_02_stabilized/2022-12-23 Bjenberg 02_stabilized,384
target_test,data/raw/NVD/annotated_videos/2022-12-23_Bjenberg_02_stabilized/2022-12-23 Bjenberg 02_stabilized,385
target_test,data/raw/NVD/annotated_videos/2022-12-23_Bjenberg_02_stabilized/2022-12-23 Bjenberg 02_stabilized,386
target_test,data/raw/NVD/annotated_videos/2022-12-23_Bjenberg_02_stabilized/2022-12-23 Bjenberg 02_stabilized,387
target_test,data/raw/NVD/annotated_videos/2022-12-23_Bjenberg_02_stabilized/2022-12-23 Bjenberg 02_stabilized,388
target_test,data/raw/NVD/annotated_videos/2022-12-23_Bjenberg_02_stabilized/2022-12-23 Bjenberg 02_stabilized,389
target_test,data/raw/NVD/annotated_videos/2022-12-23_Bjenberg_02_stabilized/2022-12-23 Bjenberg 02_stabilized,390
target_test,data/raw/NVD/annotated_videos/2022-12-23_Bjenberg_02_stabilized/2022-12-23 Bjenberg 02_stabilized,391
target_test,data/raw/NVD/annotated_videos/2022-12-23_Bjenberg_02_stabilized/2022-12-23 Bjenberg 02_stabilized,392
target_test,data/raw/NVD/annotated_videos/2022-12-23_Bjenberg_02_stabilized/2022-12-23 Bjenberg 02_stabilized,393
target_test,data/raw/NVD/annotated_videos/2022-12-23_Bjenberg_02_stabilized/2022-12-23 Bjenberg 02_stabilized,394
target_test,data/raw/NVD/annotated_videos/2022-12-23_Bjenberg_02_stabilized/2022-12-23 Bjenberg 02_stabilized,395
target_test,data/raw/NVD/annotated_videos/2022-12-23_Bjenberg_02_stabilized/2022-12-23 Bjenberg 02_stabilized,396
target_test,data/raw/NVD/annotated_videos/2022-12-23_Bjenberg_02_stabilized/2022-12-23 Bjenberg 02_stabilized,397
target_test,data/raw/NVD/annotated_videos/2022-12-23_Bjenberg_02_stabilized/2022-12-23 Bjenberg 02_stabilized,398
target_test,data/raw/NVD/annotated_videos/2022-12-23_Bjenberg_02_stabilized/2022-12-23 Bjenberg 02_stabilized,399
target_test,data/raw/NVD/annotated_videos/2022-12-23_Bjenberg_02_stabilized/2022-12-23 Bjenberg 02_stabilized,400
target_test,data/raw/NVD/annotated_videos/2022-12-23_Bjenberg_02_stabilized/2022-12-23 Bjenberg 02_stabilized,401
target_test,data/raw/NVD/annotated_videos/2022-12-23_Bjenberg_02_stabilized/2022-12-23 Bjenberg 02_stabilized,402
target_test,data/raw/NVD/annotated_videos/2022-12-23_Bjenberg_02_stabilized/2022-12-23 Bjenberg 02_stabilized,403
target_test,data/raw/NVD/annotated_videos/2022-12-23_Bjenberg_02_stabilized/2022-12-23 Bjenberg 02_stabilized,404
target_test,data/raw/NVD/annotated_videos/2022-12-23_Bjenberg_02_stabilized/2022-12-23 Bjenberg 02_stabilized,405
target_test,data/raw/NVD/annotated_videos/2022-12-23_Bjenberg_02_stabilized/2022-12-23 Bjenberg 02_stabilized,406
target_test,data/raw/NVD/annotated_videos/2022-12-23_Bjenberg_02_stabilized/2022-12-23 Bjenberg 02_stabilized,407
target_test,data/raw/NVD/annotated_videos/2022-12-23_Bjenberg_02_stabilized/2022-12-23 Bjenberg 02_stabilized,408
target_test,data/raw/NVD/annotated_videos/2022-12-23_Bjenberg_02_stabilized/2022-12-23 Bjenberg 02_stabilized,409
target_test,data/raw/NVD/annotated_videos/2022-12-23_Bjenberg_02_stabilized/2022-12-23 Bjenberg 02_stabilized,410
target_test,data/raw/NVD/annotated_videos/2022-12-23_Bjenberg_02_stabilized/2022-12-23 Bjenberg 02_stabilized,411
target_test,data/raw/NVD/annotated_videos/2022-12-23_Bjenberg_02_stabilized/2022-12-23 Bjenberg 02_stabilized,412
target_test,data/raw/NVD/annotated_videos/2022-12-23_Bjenberg_02_stabilized/2022-12-23 Bjenberg 02_stabilized,413
target_test,data/raw/NVD/annotated_videos/2022-12-23_Bjenberg_02_stabilized/2022-12-23 Bjenberg 02_stabilized,414
target_test,data/raw/NVD/annotated_videos/2022-12-23_Bjenberg_02_stabilized/2022-12-23 Bjenberg 02_stabilized,415
target_test,data/raw/NVD/annotated_videos/2022-12-23_Bjenberg_02_stabilized/2022-12-23 Bjenberg 02_stabilized,416
target_test,data/raw/NVD/annotated_videos/2022-12-23_Bjenberg_02_stabilized/2022-12-23 Bjenberg 02_stabilized,417
target_test,data/raw/NVD/annotated_videos/2022-12-23_Bjenberg_02_stabilized/2022-12-23 Bjenberg 02_stabilized,418
target_test,data/raw/NVD/annotated_videos/2022-12-23_Bjenberg_02_stabilized/2022-12-23 Bjenberg 02_stabilized,419
target_test,data/raw/NVD/annotated_videos/2022-12-23_Bjenberg_02_stabilized/2022-12-23 Bjenberg 02_stabilized,420
target_test,data/raw/NVD/annotated_videos/2022-12-23_Bjenberg_02_stabilized/2022-12-23 Bjenberg 02_stabilized,421
target_test,data/raw/NVD/annotated_videos/2022-12-23_Bjenberg_02_stabilized/2022-12-23 Bjenberg 02_stabilized,422
target_test,data/raw/NVD/annotated_videos/2022-12-23_Bjenberg_02_stabilized/2022-12-23 Bjenberg 02_stabilized,423
target_test,data/raw/NVD/annotated_videos/2022-12-23_Bjenberg_02_stabilized/2022-12-23 Bjenberg 02_stabilized,424
target_test,data/raw/NVD/annotated_videos/2022-12-23_Bjenberg_02_stabilized/2022-12-23 Bjenberg 02_stabilized,425
target_test,data/raw/NVD/annotated_videos/2022-12-23_Bjenberg_02_stabilized/2022-12-23 Bjenberg 02_stabilized,426
target_test,data/raw/NVD/annotated_videos/2022-12-23_Bjenberg_02_stabilized/2022-12-23 Bjenberg 02_stabilized,427
target_test,data/raw/NVD/annotated_videos/2022-12-23_Bjenberg_02_stabilized/2022-12-23 Bjenberg 02_stabilized,428
target_test,data/raw/NVD/annotated_videos/2022-12-23_Bjenberg_02_stabilized/2022-12-23 Bjenberg 02_stabilized,429
target_test,data/raw/NVD/annotated_videos/2022-12-23_Bjenberg_02_stabilized/2022-12-23 Bjenberg 02_stabilized,430
target_test,data/raw/NVD/annotated_videos/2022-12-23_Bjenberg_02_stabilized/2022-12-23 Bjenberg 02_stabilized,431
target_test,data/raw/NVD/annotated_videos/2022-12-23_Bjenberg_02_stabilized/2022-12-23 Bjenberg 02_stabilized,432
target_test,data/raw/NVD/annotated_videos/2022-12-23_Bjenberg_02_stabilized/2022-12-23 Bjenberg 02_stabilized,433
target_test,data/raw/NVD/annotated_videos/2022-12-23_Bjenberg_02_stabilized/2022-12-23 Bjenberg 02_stabilized,434
target_test,data/raw/NVD/annotated_videos/2022-12-23_Bjenberg_02_stabilized/2022-12-23 Bjenberg 02_stabilized,435
target_test,data/raw/NVD/annotated_videos/2022-12-23_Bjenberg_02_stabilized/2022-12-23 Bjenberg 02_stabilized,436
target_test,data/raw/NVD/annotated_videos/2022-12-23_Bjenberg_02_stabilized/2022-12-23 Bjenberg 02_stabilized,437
target_test,data/raw/NVD/annotated_videos/2022-12-23_Bjenberg_02_stabilized/2022-12-23 Bjenberg 02_stabilized,438
target_test,data/raw/NVD/annotated_videos/2022-12-23_Bjenberg_02_stabilized/2022-12-23 Bjenberg 02_stabilized,439
target_test,data/raw/NVD/annotated_videos/2022-12-23_Bjenberg_02_stabilized/2022-12-23 Bjenberg 02_stabilized,440
target_test,data/raw/NVD/annotated_videos/2022-12-23_Bjenberg_02_stabilized/2022-12-23 Bjenberg 02_stabilized,441
target_test,data/raw/NVD/annotated_videos/2022-12-23_Bjenberg_02_stabilized/2022-12-23 Bjenberg 02_stabilized,442
target_test,data/raw/NVD/annotated_videos/2022-12-23_Bjenberg_02_stabilized/2022-12-23 Bjenberg 02_stabilized,443
target_test,data/raw/NVD/annotated_videos/2022-12-23_Bjenberg_02_stabilized/2022-12-23 Bjenberg 02_stabilized,444
target_test,data/raw/NVD/annotated_videos/2022-12-23_Bjenberg_02_stabilized/2022-12-23 Bjenberg 02_stabilized,445
target_test,data/raw/NVD/annotated_videos/2022-12-23_Bjenberg_02_stabilized/2022-12-23 Bjenberg 02_stabilized,446
target_test,data/raw/NVD/annotated_videos/2022-12-23_Bjenberg_02_stabilized/2022-12-23 Bjenberg 02_stabilized,447
target_test,data/raw/NVD/annotated_videos/2022-12-23_Bjenberg_02_stabilized/2022-12-23 Bjenberg 02_stabilized,448
target_test,data/raw/NVD/annotated_videos/2022-12-23_Bjenberg_02_stabilized/2022-12-23 Bjenberg 02_stabilized,449
target_test,data/raw/NVD/annotated_videos/2022-12-23_Bjenberg_02_stabilized/2022-12-23 Bjenberg 02_stabilized,450
target_test,data/raw/NVD/annotated_videos/2022-12-23_Bjenberg_02_stabilized/2022-12-23 Bjenberg 02_stabilized,451
target_test,data/raw/NVD/annotated_videos/2022-12-23_Bjenberg_02_stabilized/2022-12-23 Bjenberg 02_stabilized,452
target_test,data/raw/NVD/annotated_videos/2022-12-23_Bjenberg_02_stabilized/2022-12-23 Bjenberg 02_stabilized,453
target_test,data/raw/NVD/annotated_videos/2022-12-23_Bjenberg_02_stabilized/2022-12-23 Bjenberg 02_stabilized,454
target_test,data/raw/NVD/annotated_videos/2022-12-23_Bjenberg_02_stabilized/2022-12-23 Bjenberg 02_stabilized,455
target_test,data/raw/NVD/annotated_videos/2022-12-23_Bjenberg_02_stabilized/2022-12-23 Bjenberg 02_stabilized,456
target_test,data/raw/NVD/annotated_videos/2022-12-23_Bjenberg_02_stabilized/2022-12-23 Bjenberg 02_stabilized,457
target_test,data/raw/NVD/annotated_videos/2022-12-23_Bjenberg_02_stabilized/2022-12-23 Bjenberg 02_stabilized,458
target_test,data/raw/NVD/annotated_videos/2022-12-23_Bjenberg_02_stabilized/2022-12-23 Bjenberg 02_stabilized,459
target_test,data/raw/NVD/annotated_videos/2022-12-23_Bjenberg_02_stabilized/2022-12-23 Bjenberg 02_stabilized,460
target_test,data/raw/NVD/annotated_videos/2022-12-23_Bjenberg_02_stabilized/2022-12-23 Bjenberg 02_stabilized,461
target_test,data/raw/NVD/annotated_videos/2022-12-23_Bjenberg_02_stabilized/2022-12-23 Bjenberg 02_stabilized,462
target_test,data/raw/NVD/annotated_videos/2022-12-23_Bjenberg_02_stabilized/2022-12-23 Bjenberg 02_stabilized,463
target_test,data/raw/NVD/annotated_videos/2022-12-23_Bjenberg_02_stabilized/2022-12-23 Bjenberg 02_stabilized,464
target_test,data/raw/NVD/annotated_videos/2022-12-23_Bjenberg_02_stabilized/2022-12-23 Bjenberg 02_stabilized,465
target_test,data/raw/NVD/annotated_videos/2022-12-23_Bjenberg_02_stabilized/2022-12-23 Bjenberg 02_stabilized,466
target_test,data/raw/NVD/annotated_videos/2022-12-23_Bjenberg_02_stabilized/2022-12-23 Bjenberg 02_stabilized,467
target_test,data/raw/NVD/annotated_videos/2022-12-23_Bjenberg_02_stabilized/2022-12-23 Bjenberg 02_stabilized,468
target_test,data/raw/NVD/annotated_videos/2022-12-23_Bjenberg_02_stabilized/2022-12-23 Bjenberg 02_stabilized,469
target_test,data/raw/NVD/annotated_videos/2022-12-23_Bjenberg_02_stabilized/2022-12-23 Bjenberg 02_stabilized,470
target_test,data/raw/NVD/annotated_videos/2022-12-23_Bjenberg_02_stabilized/2022-12-23 Bjenberg 02_stabilized,471
target_test,data/raw/NVD/annotated_videos/2022-12-23_Bjenberg_02_stabilized/2022-12-23 Bjenberg 02_stabilized,472
target_test,data/raw/NVD/annotated_videos/2022-12-23_Bjenberg_02_stabilized/2022-12-23 Bjenberg 02_stabilized,473
target_test,data/raw/NVD/annotated_videos/2022-12-23_Bjenberg_02_stabilized/2022-12-23 Bjenberg 02_stabilized,474
target_test,data/raw/NVD/annotated_videos/2022-12-23_Bjenberg_02_stabilized/2022-12-23 Bjenberg 02_stabilized,475
target_test,data/raw/NVD/annotated_videos/2022-12-23_Bjenberg_02_stabilized/2022-12-23 Bjenberg 02_stabilized,476
target_test,data/raw/NVD/annotated_videos/2022-12-23_Bjenberg_02_stabilized/2022-12-23 Bjenberg 02_stabilized,477
target_test,data/raw/NVD/annotated_videos/2022-12-23_Bjenberg_02_stabilized/2022-12-23 Bjenberg 02_stabilized,478
target_test,data/raw/NVD/annotated_videos/2022-12-23_Bjenberg_02_stabilized/2022-12-23 Bjenberg 02_stabilized,479
target_test,data/raw/NVD/annotated_videos/2022-12-23_Bjenberg_02_stabilized/2022-12-23 Bjenberg 02_stabilized,480
target_test,data/raw/NVD/annotated_videos/2022-12-23_Bjenberg_02_stabilized/2022-12-23 Bjenberg 02_stabilized,481
target_test,data/raw/NVD/annotated_videos/2022-12-23_Bjenberg_02_stabilized/2022-12-23 Bjenberg 02_stabilized,482
target_test,data/raw/NVD/annotated_videos/2022-12-23_Bjenberg_02_stabilized/2022-12-23 Bjenberg 02_stabilized,483
target_test,data/raw/NVD/annotated_videos/2022-12-23_Bjenberg_02_stabilized/2022-12-23 Bjenberg 02_stabilized,484
target_test,data/raw/NVD/annotated_videos/2022-12-23_Bjenberg_02_stabilized/2022-12-23 Bjenberg 02_stabilized,485
target_test,data/raw/NVD/annotated_videos/2022-12-23_Bjenberg_02_stabilized/2022-12-23 Bjenberg 02_stabilized,486
target_test,data/raw/NVD/annotated_videos/2022-12-23_Bjenberg_02_stabilized/2022-12-23 Bjenberg 02_stabilized,487
target_test,data/raw/NVD/annotated_videos/2022-12-23_Bjenberg_02_stabilized/2022-12-23 Bjenberg 02_stabilized,488
target_test,data/raw/NVD/annotated_videos/2022-12-23_Bjenberg_02_stabilized/2022-12-23 Bjenberg 02_stabilized,489
target_test,data/raw/NVD/annotated_videos/2022-12-23_Bjenberg_02_stabilized/2022-12-23 Bjenberg 02_stabilized,490
target_test,data/raw/NVD/annotated_videos/2022-12-23_Bjenberg_02_stabilized/2022-12-23 Bjenberg 02_stabilized,491
target_test,data/raw/NVD/annotated_videos/2022-12-23_Bjenberg_02_stabilized/2022-12-23 Bjenberg 02_stabilized,492
target_test,data/raw/NVD/annotated_videos/2022-12-23_Bjenberg_02_stabilized/2022-12-23 Bjenberg 02_stabilized,493
target_test,data/raw/NVD/annotated_videos/2022-12-23_Bjenberg_02_stabilized/2022-12-23 Bjenberg 02_stabilized,494
target_test,data/raw/NVD/annotated_videos/2022-12-23_Bjenberg_02_stabilized/2022-12-23 Bjenberg 02_stabilized,495
target_test,data/raw/NVD/annotated_videos/2022-12-23_Bjenberg_02_stabilized/2022-12-23 Bjenberg 02_stabilized,496
target_test,data/raw/NVD/annotated_videos/2022-12-23_Bjenberg_02_stabilized/2022-12-23 Bjenberg 02_stabilized,497
target_test,data/raw/NVD/annotated_videos/2022-12-23_Bjenberg_02_stabilized/2022-12-23 Bjenberg 02_stabilized,498
target_test,data/raw/NVD/annotated_videos/2022-12-23_Bjenberg_02_stabilized/2022-12-23 Bjenberg 02_stabilized,499
target_test,data/raw/NVD/annotated_videos/2022-12-23_Bjenberg_02_stabilized/2022-12-23 Bjenberg 02_stabilized,500
target_test,data/raw/NVD/annotated_videos/2022-12-23_Bjenberg_02_stabilized/2022-12-23 Bjenberg 02_stabilized,501
target_test,data/raw/NVD/annotated_videos/2022-12-23_Bjenberg_02_stabilized/2022-12-23 Bjenberg 02_stabilized,502
target_test,data/raw/NVD/annotated_videos/2022-12-23_Bjenberg_02_stabilized/2022-12-23 Bjenberg 02_stabilized,503
target_test,data/raw/NVD/annotated_videos/2022-12-23_Bjenberg_02_stabilized/2022-12-23 Bjenberg 02_stabilized,504
target_test,data/raw/NVD/annotated_videos/2022-12-23_Bjenberg_02_stabilized/2022-12-23 Bjenberg 02_stabilized,505
target_test,data/raw/NVD/annotated_videos/2022-12-23_Bjenberg_02_stabilized/2022-12-23 Bjenberg 02_stabilized,506
target_test,data/raw/NVD/annotated_videos/2022-12-23_Bjenberg_02_stabilized/2022-12-23 Bjenberg 02_stabilized,507
target_test,data/raw/NVD/annotated_videos/2022-12-23_Bjenberg_02_stabilized/2022-12-23 Bjenberg 02_stabilized,508
target_test,data/raw/NVD/annotated_videos/2022-12-23_Bjenberg_02_stabilized/2022-12-23 Bjenberg 02_stabilized,509
target_test,data/raw/NVD/annotated_videos/2022-12-23_Bjenberg_02_stabilized/2022-12-23 Bjenberg 02_stabilized,510
target_test,data/raw/NVD/annotated_videos/2022-12-23_Bjenberg_02_stabilized/2022-12-23 Bjenberg 02_stabilized,511
target_test,data/raw/NVD/annotated_videos/2022-12-23_Bjenberg_02_stabilized/2022-12-23 Bjenberg 02_stabilized,512
target_test,data/raw/NVD/annotated_videos/2022-12-23_Bjenberg_02_stabilized/2022-12-23 Bjenberg 02_stabilized,513
target_test,data/raw/NVD/annotated_videos/2022-12-23_Bjenberg_02_stabilized/2022-12-23 Bjenberg 02_stabilized,514
target_test,data/raw/NVD/annotated_videos/2022-12-23_Bjenberg_02_stabilized/2022-12-23 Bjenberg 02_stabilized,515
target_test,data/raw/NVD/annotated_videos/2022-12-23_Bjenberg_02_stabilized/2022-12-23 Bjenberg 02_stabilized,516
target_test,data/raw/NVD/annotated_videos/2022-12-23_Bjenberg_02_stabilized/2022-12-23 Bjenberg 02_stabilized,517
target_test,data/raw/NVD/annotated_videos/2022-12-23_Bjenberg_02_stabilized/2022-12-23 Bjenberg 02_stabilized,518
target_test,data/raw/NVD/annotated_videos/2022-12-23_Bjenberg_02_stabilized/2022-12-23 Bjenberg 02_stabilized,519
target_test,data/raw/NVD/annotated_videos/2022-12-23_Bjenberg_02_stabilized/2022-12-23 Bjenberg 02_stabilized,520
target_test,data/raw/NVD/annotated_videos/2022-12-23_Bjenberg_02_stabilized/2022-12-23 Bjenberg 02_stabilized,521
target_test,data/raw/NVD/annotated_videos/2022-12-23_Bjenberg_02_stabilized/2022-12-23 Bjenberg 02_stabilized,522
target_test,data/raw/NVD/annotated_videos/2022-12-23_Bjenberg_02_stabilized/2022-12-23 Bjenberg 02_stabilized,523
target_test,data/raw/NVD/annotated_videos/2022-12-23_Bjenberg_02_stabilized/2022-12-23 Bjenberg 02_stabilized,524
target_test,data/raw/NVD/annotated_videos/2022-12-23_Bjenberg_02_stabilized/2022-12-23 Bjenberg 02_stabilized,525
target_test,data/raw/NVD/annotated_videos/2022-12-23_Bjenberg_02_stabilized/2022-12-23 Bjenberg 02_stabilized,526
target_test,data/raw/NVD/annotated_videos/2022-12-23_Bjenberg_02_stabilized/2022-12-23 Bjenberg 02_stabilized,527
target_test,data/raw/NVD/annotated_videos/2022-12-23_Bjenberg_02_stabilized/2022-12-23 Bjenberg 02_stabilized,528
target_test,data/raw/NVD/annotated_videos/2022-12-23_Bjenberg_02_stabilized/2022-12-23 Bjenberg 02_stabilized,529
target_test,data/raw/NVD/annotated_videos/2022-12-23_Bjenberg_02_stabilized/2022-12-23 Bjenberg 02_stabilized,530
target_test,data/raw/NVD/annotated_videos/2022-12-23_Bjenberg_02_stabilized/2022-12-23 Bjenberg 02_stabilized,531
target_test,data/raw/NVD/annotated_videos/2022-12-23_Bjenberg_02_stabilized/2022-12-23 Bjenberg 02_stabilized,532
target_test,data/raw/NVD/annotated_videos/2022-12-23_Bjenberg_02_stabilized/2022-12-23 Bjenberg 02_stabilized,533
target_test,data/raw/NVD/annotated_videos/2022-12-23_Bjenberg_02_stabilized/2022-12-23 Bjenberg 02_stabilized,534
target_test,data/raw/NVD/annotated_videos/2022-12-23_Bjenberg_02_stabilized/2022-12-23 Bjenberg 02_stabilized,535
target_test,data/raw/NVD/annotated_videos/2022-12-23_Bjenberg_02_stabilized/2022-12-23 Bjenberg 02_stabilized,536
target_test,data/raw/NVD/annotated_videos/2022-12-23_Bjenberg_02_stabilized/2022-12-23 Bjenberg 02_stabilized,537
target_test,data/raw/NVD/annotated_videos/2022-12-23_Bjenberg_02_stabilized/2022-12-23 Bjenberg 02_stabilized,538
target_test,data/raw/NVD/annotated_videos/2022-12-23_Bjenberg_02_stabilized/2022-12-23 Bjenberg 02_stabilized,539
target_test,data/raw/NVD/annotated_videos/2022-12-23_Bjenberg_02_stabilized/2022-12-23 Bjenberg 02_stabilized,540
target_test,data/raw/NVD/annotated_videos/2022-12-23_Bjenberg_02_stabilized/2022-12-23 Bjenberg 02_stabilized,541
target_test,data/raw/NVD/annotated_videos/2022-12-23_Bjenberg_02_stabilized/2022-12-23 Bjenberg 02_stabilized,542
target_test,data/raw/NVD/annotated_videos/2022-12-23_Bjenberg_02_stabilized/2022-12-23 Bjenberg 02_stabilized,543
target_test,data/raw/NVD/annotated_videos/2022-12-23_Bjenberg_02_stabilized/2022-12-23 Bjenberg 02_stabilized,544
target_test,data/raw/NVD/annotated_videos/2022-12-23_Bjenberg_02_stabilized/2022-12-23 Bjenberg 02_stabilized,545
target_test,data/raw/NVD/annotated_videos/2022-12-23_Bjenberg_02_stabilized/2022-12-23 Bjenberg 02_stabilized,546
target_test,data/raw/NVD/annotated_videos/2022-12-23_Bjenberg_02_stabilized/2022-12-23 Bjenberg 02_stabilized,547
target_test,data/raw/NVD/annotated_videos/2022-12-23_Bjenberg_02_stabilized/2022-12-23 Bjenberg 02_stabilized,548
target_test,data/raw/NVD/annotated_videos/2022-12-23_Bjenberg_02_stabilized/2022-12-23 Bjenberg 02_stabilized,549
target_test,data/raw/NVD/annotated_videos/2022-12-23_Bjenberg_02_stabilized/2022-12-23 Bjenberg 02_stabilized,550
target_test,data/raw/NVD/annotated_videos/2022-12-23_Bjenberg_02_stabilized/2022-12-23 Bjenberg 02_stabilized,551
target_test,data/raw/NVD/annotated_videos/2022-12-23_Bjenberg_02_stabilized/2022-12-23 Bjenberg 02_stabilized,552
target_test,data/raw/NVD/annotated_videos/2022-12-23_Bjenberg_02_stabilized/2022-12-23 Bjenberg 02_stabilized,553
target_test,data/raw/NVD/annotated_videos/2022-12-23_Bjenberg_02_stabilized/2022-12-23 Bjenberg 02_stabilized,554
target_test,data/raw/NVD/annotated_videos/2022-12-23_Bjenberg_02_stabilized/2022-12-23 Bjenberg 02_stabilized,555
target_test,data/raw/NVD/annotated_videos/2022-12-23_Bjenberg_02_stabilized/2022-12-23 Bjenberg 02_stabilized,556
target_test,data/raw/NVD/annotated_videos/2022-12-23_Bjenberg_02_stabilized/2022-12-23 Bjenberg 02_stabilized,557
target_test,data/raw/NVD/annotated_videos/2022-12-23_Bjenberg_02_stabilized/2022-12-23 Bjenberg 02_stabilized,558
target_test,data/raw/NVD/annotated_videos/2022-12-23_Bjenberg_02_stabilized/2022-12-23 Bjenberg 02_stabilized,559
target_test,data/raw/NVD/annotated_videos/2022-12-23_Bjenberg_02_stabilized/2022-12-23 Bjenberg 02_stabilized,560
target_test,data/raw/NVD/annotated_videos/2022-12-23_Bjenberg_02_stabilized/2022-12-23 Bjenberg 02_stabilized,561
target_test,data/raw/NVD/annotated_videos/2022-12-23_Bjenberg_02_stabilized/2022-12-23 Bjenberg 02_stabilized,562
target_test,data/raw/NVD/annotated_videos/2022-12-23_Bjenberg_02_stabilized/2022-12-23 Bjenberg 02_stabilized,563
target_test,data/raw/NVD/annotated_videos/2022-12-23_Bjenberg_02_stabilized/2022-12-23 Bjenberg 02_stabilized,564
target_test,data/raw/NVD/annotated_videos/2022-12-23_Bjenberg_02_stabilized/2022-12-23 Bjenberg 02_stabilized,565
target_test,data/raw/NVD/annotated_videos/2022-12-23_Bjenberg_02_stabilized/2022-12-23 Bjenberg 02_stabilized,566
target_test,data/raw/NVD/annotated_videos/2022-12-23_Bjenberg_02_stabilized/2022-12-23 Bjenberg 02_stabilized,567
target_test,data/raw/NVD/annotated_videos/2022-12-23_Bjenberg_02_stabilized/2022-12-23 Bjenberg 02_stabilized,568
target_test,data/raw/NVD/annotated_videos/2022-12-23_Bjenberg_02_stabilized/2022-12-23 Bjenberg 02_stabilized,569
target_test,data/raw/NVD/annotated_videos/2022-12-23_Bjenberg_02_stabilized/2022-12-23 Bjenberg 02_stabilized,570
target_test,data/raw/NVD/annotated_videos/2022-12-23_Bjenberg_02_stabilized/2022-12-23 Bjenberg 02_stabilized,571
target_test,data/raw/NVD/annotated_videos/2022-12-23_Bjenberg_02_stabilized/2022-12-23 Bjenberg 02_stabilized,572
target_test,data/raw/NVD/annotated_videos/2022-12-23_Bjenberg_02_stabilized/2022-12-23 Bjenberg 02_stabilized,573
target_test,data/raw/NVD/annotated_videos/2022-12-23_Bjenberg_02_stabilized/2022-12-23 Bjenberg 02_stabilized,574
target_test,data/raw/NVD/annotated_videos/2022-12-23_Bjenberg_02_stabilized/2022-12-23 Bjenberg 02_stabilized,575
target_test,data/raw/NVD/annotated_videos/2022-12-23_Bjenberg_02_stabilized/2022-12-23 Bjenberg 02_stabilized,576
target_test,data/raw/NVD/annotated_videos/2022-12-23_Bjenberg_02_stabilized/2022-12-23 Bjenberg 02_stabilized,577
target_test,data/raw/NVD/annotated_videos/2022-12-23_Bjenberg_02_stabilized/2022-12-23 Bjenberg 02_stabilized,578
target_test,data/raw/NVD/annotated_videos/2022-12-23_Bjenberg_02_stabilized/2022-12-23 Bjenberg 02_stabilized,579
target_test,data/raw/NVD/annotated_videos/2022-12-23_Bjenberg_02_stabilized/2022-12-23 Bjenberg 02_stabilized,580
target_test,data/raw/NVD/annotated_videos/2022-12-23_Bjenberg_02_stabilized/2022-12-23 Bjenberg 02_stabilized,581
target_test,data/raw/NVD/annotated_videos/2022-12-23_Bjenberg_02_stabilized/2022-12-23 Bjenberg 02_stabilized,582
target_test,data/raw/NVD/annotated_videos/2022-12-23_Bjenberg_02_stabilized/2022-12-23 Bjenberg 02_stabilized,583
target_test,data/raw/NVD/annotated_videos/2022-12-23_Bjenberg_02_stabilized/2022-12-23 Bjenberg 02_stabilized,584
target_test,data/raw/NVD/annotated_videos/2022-12-23_Bjenberg_02_stabilized/2022-12-23 Bjenberg 02_stabilized,585
target_test,data/raw/NVD/annotated_videos/2022-12-23_Bjenberg_02_stabilized/2022-12-23 Bjenberg 02_stabilized,586
target_test,data/raw/NVD/annotated_videos/2022-12-23_Bjenberg_02_stabilized/2022-12-23 Bjenberg 02_stabilized,587
target_test,data/raw/NVD/annotated_videos/2022-12-23_Bjenberg_02_stabilized/2022-12-23 Bjenberg 02_stabilized,588
target_test,data/raw/NVD/annotated_videos/2022-12-23_Bjenberg_02_stabilized/2022-12-23 Bjenberg 02_stabilized,589
target_test,data/raw/NVD/annotated_videos/2022-12-23_Bjenberg_02_stabilized/2022-12-23 Bjenberg 02_stabilized,590
target_test,data/raw/NVD/annotated_videos/2022-12-23_Bjenberg_02_stabilized/2022-12-23 Bjenberg 02_stabilized,591
target_test,data/raw/NVD/annotated_videos/2022-12-23_Bjenberg_02_stabilized/2022-12-23 Bjenberg 02_stabilized,592
target_test,data/raw/NVD/annotated_videos/2022-12-23_Bjenberg_02_stabilized/2022-12-23 Bjenberg 02_stabilized,593
target_test,data/raw/NVD/annotated_videos/2022-12-23_Bjenberg_02_stabilized/2022-12-23 Bjenberg 02_stabilized,594
target_test,data/raw/NVD/annotated_videos/2022-12-23_Bjenberg_02_stabilized/2022-12-23 Bjenberg 02_stabilized,595
target_test,data/raw/NVD/annotated_videos/2022-12-23_Bjenberg_02_stabilized/2022-12-23 Bjenberg 02_stabilized,596
target_test,data/raw/NVD/annotated_videos/2022-12-23_Bjenberg_02_stabilized/2022-12-23 Bjenberg 02_stabilized,597
target_test,data/raw/NVD/annotated_videos/2022-12-23_Bjenberg_02_stabilized/2022-12-23 Bjenberg 02_stabilized,598
target_test,data/raw/NVD/annotated_videos/2022-12-23_Bjenberg_02_stabilized/2022-12-23 Bjenberg 02_stabilized,599
target_test,data/raw/NVD/annotated_videos/2022-12-23_Bjenberg_02_stabilized/2022-12-23 Bjenberg 02_stabilized,600
target_test,data/raw/NVD/annotated_videos/2022-12-23_Bjenberg_02_stabilized/2022-12-23 Bjenberg 02_stabilized,601
target_test,data/raw/NVD/annotated_videos/2022-12-23_Bjenberg_02_stabilized/2022-12-23 Bjenberg 02_stabilized,602
target_test,data/raw/NVD/annotated_videos/2022-12-23_Bjenberg_02_stabilized/2022-12-23 Bjenberg 02_stabilized,603
target_test,data/raw/NVD/annotated_videos/2022-12-23_Bjenberg_02_stabilized/2022-12-23 Bjenberg 02_stabilized,604
target_test,data/raw/NVD/annotated_videos/2022-12-23_Bjenberg_02_stabilized/2022-12-23 Bjenberg 02_stabilized,605
target_test,data/raw/NVD/annotated_videos/2022-12-23_Bjenberg_02_stabilized/2022-12-23 Bjenberg 02_stabilized,606
target_test,data/raw/NVD/annotated_videos/2022-12-23_Bjenberg_02_stabilized/2022-12-23 Bjenberg 02_stabilized,607
target_test,data/raw/NVD/annotated_videos/2022-12-23_Bjenberg_02_stabilized/2022-12-23 Bjenberg 02_stabilized,608
target_test,data/raw/NVD/annotated_videos/2022-12-23_Bjenberg_02_stabilized/2022-12-23 Bjenberg 02_stabilized,609
target_test,data/raw/NVD/annotated_videos/2022-12-23_Bjenberg_02_stabilized/2022-12-23 Bjenberg 02_stabilized,610
target_test,data/raw/NVD/annotated_videos/2022-12-23_Bjenberg_02_stabilized/2022-12-23 Bjenberg 02_stabilized,611
target_test,data/raw/NVD/annotated_videos/2022-12-23_Bjenberg_02_stabilized/2022-12-23 Bjenberg 02_stabilized,612
target_test,data/raw/NVD/annotated_videos/2022-12-23_Bjenberg_02_stabilized/2022-12-23 Bjenberg 02_stabilized,613
target_test,data/raw/NVD/annotated_videos/2022-12-23_Bjenberg_02_stabilized/2022-12-23 Bjenberg 02_stabilized,614
target_test,data/raw/NVD/annotated_videos/2022-12-23_Bjenberg_02_stabilized/2022-12-23 Bjenberg 02_stabilized,615
target_test,data/raw/NVD/annotated_videos/2022-12-23_Bjenberg_02_stabilized/2022-12-23 Bjenberg 02_stabilized,616
target_test,data/raw/NVD/annotated_videos/2022-12-23_Bjenberg_02_stabilized/2022-12-23 Bjenberg 02_stabilized,617
target_test,data/raw/NVD/annotated_videos/2022-12-23_Bjenberg_02_stabilized/2022-12-23 Bjenberg 02_stabilized,618
target_test,data/raw/NVD/annotated_videos/2022-12-23_Bjenberg_02_stabilized/2022-12-23 Bjenberg 02_stabilized,619
target_test,data/raw/NVD/annotated_videos/2022-12-23_Bjenberg_02_stabilized/2022-12-23 Bjenberg 02_stabilized,620
target_test,data/raw/NVD/annotated_videos/2022-12-23_Bjenberg_02_stabilized/2022-12-23 Bjenberg 02_stabilized,621
target_test,data/raw/NVD/annotated_videos/2022-12-23_Bjenberg_02_stabilized/2022-12-23 Bjenberg 02_stabilized,622
target_test,data/raw/NVD/annotated_videos/2022-12-23_Bjenberg_02_stabilized/2022-12-23 Bjenberg 02_stabilized,623
target_test,data/raw/NVD/annotated_videos/2022-12-23_Bjenberg_02_stabilized/2022-12-23 Bjenberg 02_stabilized,624
target_test,data/raw/NVD/annotated_videos/2022-12-23_Bjenberg_02_stabilized/2022-12-23 Bjenberg 02_stabilized,625
target_test,data/raw/NVD/annotated_videos/2022-12-23_Bjenberg_02_stabilized/2022-12-23 Bjenberg 02_stabilized,626
target_test,data/raw/NVD/annotated_videos/2022-12-23_Bjenberg_02_stabilized/2022-12-23 Bjenberg 02_stabilized,627
target_test,data/raw/NVD/annotated_videos/2022-12-23_Bjenberg_02_stabilized/2022-12-23 Bjenberg 02_stabilized,628
target_test,data/raw/NVD/annotated_videos/2022-12-23_Bjenberg_02_stabilized/2022-12-23 Bjenberg 02_stabilized,629
target_test,data/raw/NVD/annotated_videos/2022-12-23_Bjenberg_02_stabilized/2022-12-23 Bjenberg 02_stabilized,630
target_test,data/raw/NVD/annotated_videos/2022-12-23_Bjenberg_02_stabilized/2022-12-23 Bjenberg 02_stabilized,631
target_test,data/raw/NVD/annotated_videos/2022-12-23_Bjenberg_02_stabilized/2022-12-23 Bjenberg 02_stabilized,632
target_test,data/raw/NVD/annotated_videos/2022-12-23_Bjenberg_02_stabilized/2022-12-23 Bjenberg 02_stabilized,633
target_test,data/raw/NVD/annotated_videos/2022-12-23_Bjenberg_02_stabilized/2022-12-23 Bjenberg 02_stabilized,634
target_test,data/raw/NVD/annotated_videos/2022-12-23_Bjenberg_02_stabilized/2022-12-23 Bjenberg 02_stabilized,635
target_test,data/raw/NVD/annotated_videos/2022-12-23_Bjenberg_02_stabilized/2022-12-23 Bjenberg 02_stabilized,636
target_test,data/raw/NVD/annotated_videos/2022-12-23_Bjenberg_02_stabilized/2022-12-23 Bjenberg 02_stabilized,637
target_test,data/raw/NVD/annotated_videos/2022-12-23_Bjenberg_02_stabilized/2022-12-23 Bjenberg 02_stabilized,638
target_test,data/raw/NVD/annotated_videos/2022-12-23_Bjenberg_02_stabilized/2022-12-23 Bjenberg 02_stabilized,639
target_test,data/raw/NVD/annotated_videos/2022-12-23_Bjenberg_02_stabilized/2022-12-23 Bjenberg 02_stabilized,640
target_test,data/raw/NVD/annotated_videos/2022-12-23_Bjenberg_02_stabilized/2022-12-23 Bjenberg 02_stabilized,641
target_test,data/raw/NVD/annotated_videos/2022-12-23_Bjenberg_02_stabilized/2022-12-23 Bjenberg 02_stabilized,642
target_test,data/raw/NVD/annotated_videos/2022-12-23_Bjenberg_02_stabilized/2022-12-23 Bjenberg 02_stabilized,643
target_test,data/raw/NVD/annotated_videos/2022-12-23_Bjenberg_02_stabilized/2022-12-23 Bjenberg 02_stabilized,644
target_test,data/raw/NVD/annotated_videos/2022-12-23_Bjenberg_02_stabilized/2022-12-23 Bjenberg 02_stabilized,645
target_test,data/raw/NVD/annotated_videos/2022-12-23_Bjenberg_02_stabilized/2022-12-23 Bjenberg 02_stabilized,646
target_test,data/raw/NVD/annotated_videos/2022-12-23_Bjenberg_02_stabilized/2022-12-23 Bjenberg 02_stabilized,647
target_test,data/raw/NVD/annotated_videos/2022-12-23_Bjenberg_02_stabilized/2022-12-23 Bjenberg 02_stabilized,648
target_test,data/raw/NVD/annotated_videos/2022-12-23_Bjenberg_02_stabilized/2022-12-23 Bjenberg 02_stabilized,649
target_test,data/raw/NVD/annotated_videos/2022-12-23_Bjenberg_02_stabilized/2022-12-23 Bjenberg 02_stabilized,650
target_test,data/raw/NVD/annotated_videos/2022-12-23_Bjenberg_02_stabilized/2022-12-23 Bjenberg 02_stabilized,651
target_test,data/raw/NVD/annotated_videos/2022-12-23_Bjenberg_02_stabilized/2022-12-23 Bjenberg 02_stabilized,652
target_test,data/raw/NVD/annotated_videos/2022-12-23_Bjenberg_02_stabilized/2022-12-23 Bjenberg 02_stabilized,653
target_test,data/raw/NVD/annotated_videos/2022-12-23_Bjenberg_02_stabilized/2022-12-23 Bjenberg 02_stabilized,654
target_test,data/raw/NVD/annotated_videos/2022-12-23_Bjenberg_02_stabilized/2022-12-23 Bjenberg 02_stabilized,655
target_test,data/raw/NVD/annotated_videos/2022-12-23_Bjenberg_02_stabilized/2022-12-23 Bjenberg 02_stabilized,656
target_test,data/raw/NVD/annotated_videos/2022-12-23_Bjenberg_02_stabilized/2022-12-23 Bjenberg 02_stabilized,657
target_test,data/raw/NVD/annotated_videos/2022-12-23_Bjenberg_02_stabilized/2022-12-23 Bjenberg 02_stabilized,658
target_test,data/raw/NVD/annotated_videos/2022-12-23_Bjenberg_02_stabilized/2022-12-23 Bjenberg 02_stabilized,659
target_test,data/raw/NVD/annotated_videos/2022-12-23_Bjenberg_02_stabilized/2022-12-23 Bjenberg 02_stabilized,660
target_test,data/raw/NVD/annotated_videos/2022-12-23_Bjenberg_02_stabilized/2022-12-23 Bjenberg 02_stabilized,661
target_test,data/raw/NVD/annotated_videos/2022-12-23_Bjenberg_02_stabilized/2022-12-23 Bjenberg 02_stabilized,662
target_test,data/raw/NVD/annotated_videos/2022-12-23_Bjenberg_02_stabilized/2022-12-23 Bjenberg 02_stabilized,663
target_test,data/raw/NVD/annotated_videos/2022-12-23_Bjenberg_02_stabilized/2022-12-23 Bjenberg 02_stabilized,664
target_test,data/raw/NVD/annotated_videos/2022-12-23_Bjenberg_02_stabilized/2022-12-23 Bjenberg 02_stabilized,665
target_test,data/raw/NVD/annotated_videos/2022-12-23_Bjenberg_02_stabilized/2022-12-23 Bjenberg 02_stabilized,666
target_test,data/raw/NVD/annotated_videos/2022-12-23_Bjenberg_02_stabilized/2022-12-23 Bjenberg 02_stabilized,667
target_test,data/raw/NVD/annotated_videos/2022-12-23_Bjenberg_02_stabilized/2022-12-23 Bjenberg 02_stabilized,668
target_test,data/raw/NVD/annotated_videos/2022-12-23_Bjenberg_02_stabilized/2022-12-23 Bjenberg 02_stabilized,669
target_test,data/raw/NVD/annotated_videos/2022-12-23_Bjenberg_02_stabilized/2022-12-23 Bjenberg 02_stabilized,670
target_test,data/raw/NVD/annotated_videos/2022-12-23_Bjenberg_02_stabilized/2022-12-23 Bjenberg 02_stabilized,671
target_test,data/raw/NVD/annotated_videos/2022-12-23_Bjenberg_02_stabilized/2022-12-23 Bjenberg 02_stabilized,672
target_test,data/raw/NVD/annotated_videos/2022-12-23_Bjenberg_02_stabilized/2022-12-23 Bjenberg 02_stabilized,673
target_test,data/raw/NVD/annotated_videos/2022-12-23_Bjenberg_02_stabilized/2022-12-23 Bjenberg 02_stabilized,674
target_test,data/raw/NVD/annotated_videos/2022-12-23_Bjenberg_02_stabilized/2022-12-23 Bjenberg 02_stabilized,675
target_test,data/raw/NVD/annotated_videos/2022-12-23_Bjenberg_02_stabilized/2022-12-23 Bjenberg 02_stabilized,676
target_test,data/raw/NVD/annotated_videos/2022-12-23_Bjenberg_02_stabilized/2022-12-23 Bjenberg 02_stabilized,677
target_test,data/raw/NVD/annotated_videos/2022-12-23_Bjenberg_02_stabilized/2022-12-23 Bjenberg 02_stabilized,678
target_test,data/raw/NVD/annotated_videos/2022-12-23_Bjenberg_02_stabilized/2022-12-23 Bjenberg 02_stabilized,679
target_test,data/raw/NVD/annotated_videos/2022-12-23_Bjenberg_02_stabilized/2022-12-23 Bjenberg 02_stabilized,680
target_test,data/raw/NVD/annotated_videos/2022-12-23_Bjenberg_02_stabilized/2022-12-23 Bjenberg 02_stabilized,681
target_test,data/raw/NVD/annotated_videos/2022-12-23_Bjenberg_02_stabilized/2022-12-23 Bjenberg 02_stabilized,682
target_test,data/raw/NVD/annotated_videos/2022-12-23_Bjenberg_02_stabilized/2022-12-23 Bjenberg 02_stabilized,683
target_test,data/raw/NVD/annotated_videos/2022-12-23_Bjenberg_02_stabilized/2022-12-23 Bjenberg 02_stabilized,684
target_test,data/raw/NVD/annotated_videos/2022-12-23_Bjenberg_02_stabilized/2022-12-23 Bjenberg 02_stabilized,685
target_test,data/raw/NVD/annotated_videos/2022-12-23_Bjenberg_02_stabilized/2022-12-23 Bjenberg 02_stabilized,686
target_test,data/raw/NVD/annotated_videos/2022-12-23_Bjenberg_02_stabilized/2022-12-23 Bjenberg 02_stabilized,687
target_test,data/raw/NVD/annotated_videos/2022-12-23_Bjenberg_02_stabilized/2022-12-23 Bjenberg 02_stabilized,688
target_test,data/raw/NVD/annotated_videos/2022-12-23_Bjenberg_02_stabilized/2022-12-23 Bjenberg 02_stabilized,689
target_test,data/raw/NVD/annotated_videos/2022-12-23_Bjenberg_02_stabilized/2022-12-23 Bjenberg 02_stabilized,690
target_test,data/raw/NVD/annotated_videos/2022-12-23_Bjenberg_02_stabilized/2022-12-23 Bjenberg 02_stabilized,691
target_test,data/raw/NVD/annotated_videos/2022-12-23_Bjenberg_02_stabilized/2022-12-23 Bjenberg 02_stabilized,692
target_test,data/raw/NVD/annotated_videos/2022-12-23_Bjenberg_02_stabilized/2022-12-23 Bjenberg 02_stabilized,693
target_test,data/raw/NVD/annotated_videos/2022-12-23_Bjenberg_02_stabilized/2022-12-23 Bjenberg 02_stabilized,694
target_test,data/raw/NVD/annotated_videos/2022-12-23_Bjenberg_02_stabilized/2022-12-23 Bjenberg 02_stabilized,695
target_test,data/raw/NVD/annotated_videos/2022-12-23_Bjenberg_02_stabilized/2022-12-23 Bjenberg 02_stabilized,696
target_test,data/raw/NVD/annotated_videos/2022-12-23_Bjenberg_02_stabilized/2022-12-23 Bjenberg 02_stabilized,697
target_test,data/raw/NVD/annotated_videos/2022-12-23_Bjenberg_02_stabilized/2022-12-23 Bjenberg 02_stabilized,698
target_test,data/raw/NVD/annotated_videos/2022-12-23_Bjenberg_02_stabilized/2022-12-23 Bjenberg 02_stabilized,699
target_test,data/raw/NVD/annotated_videos/2022-12-23_Bjenberg_02_stabilized/2022-12-23 Bjenberg 02_stabilized,700
target_test,data/raw/NVD/annotated_videos/2022-12-23_Bjenberg_02_stabilized/2022-12-23 Bjenberg 02_stabilized,701
target_test,data/raw/NVD/annotated_videos/2022-12-23_Bjenberg_02_stabilized/2022-12-23 Bjenberg 02_stabilized,702
target_test,data/raw/NVD/annotated_videos/2022-12-23_Bjenberg_02_stabilized/2022-12-23 Bjenberg 02_stabilized,703
target_test,data/raw/NVD/annotated_videos/2022-12-23_Bjenberg_02_stabilized/2022-12-23 Bjenberg 02_stabilized,704
target_test,data/raw/NVD/annotated_videos/2022-12-23_Bjenberg_02_stabilized/2022-12-23 Bjenberg 02_stabilized,705
target_test,data/raw/NVD/annotated_videos/2022-12-23_Bjenberg_02_stabilized/2022-12-23 Bjenberg 02_stabilized,706
target_test,data/raw/NVD/annotated_videos/2022-12-23_Bjenberg_02_stabilized/2022-12-23 Bjenberg 02_stabilized,707
target_test,data/raw/NVD/annotated_videos/2022-12-23_Bjenberg_02_stabilized/2022-12-23 Bjenberg 02_stabilized,708
target_test,data/raw/NVD/annotated_videos/2022-12-23_Bjenberg_02_stabilized/2022-12-23 Bjenberg 02_stabilized,709
target_test,data/raw/NVD/annotated_videos/2022-12-23_Bjenberg_02_stabilized/2022-12-23 Bjenberg 02_stabilized,710
target_test,data/raw/NVD/annotated_videos/2022-12-23_Bjenberg_02_stabilized/2022-12-23 Bjenberg 02_stabilized,711
target_test,data/raw/NVD/annotated_videos/2022-12-23_Bjenberg_02_stabilized/2022-12-23 Bjenberg 02_stabilized,712
target_test,data/raw/NVD/annotated_videos/2022-12-23_Bjenberg_02_stabilized/2022-12-23 Bjenberg 02_stabilized,713
target_test,data/raw/NVD/annotated_videos/2022-12-23_Bjenberg_02_stabilized/2022-12-23 Bjenberg 02_stabilized,714
target_test,data/raw/NVD/annotated_videos/2022-12-23_Bjenberg_02_stabilized/2022-12-23 Bjenberg 02_stabilized,715
target_test,data/raw/NVD/annotated_videos/2022-12-23_Bjenberg_02_stabilized/2022-12-23 Bjenberg 02_stabilized,716
target_test,data/raw/NVD/annotated_videos/2022-12-23_Bjenberg_02_stabilized/2022-12-23 Bjenberg 02_stabilized,717
target_test,data/raw/NVD/annotated_videos/2022-12-23_Bjenberg_02_stabilized/2022-12-23 Bjenberg 02_stabilized,718
target_test,data/raw/NVD/annotated_videos/2022-12-23_Bjenberg_02_stabilized/2022-12-23 Bjenberg 02_stabilized,719
target_test,data/raw/NVD/annotated_videos/2022-12-23_Bjenberg_02_stabilized/2022-12-23 Bjenberg 02_stabilized,720
target_test,data/raw/NVD/annotated_videos/2022-12-23_Bjenberg_02_stabilized/2022-12-23 Bjenberg 02_stabilized,721
target_test,data/raw/NVD/annotated_videos/2022-12-23_Bjenberg_02_stabilized/2022-12-23 Bjenberg 02_stabilized,722
target_test,data/raw/NVD/annotated_videos/2022-12-23_Bjenberg_02_stabilized/2022-12-23 Bjenberg 02_stabilized,723
target_test,data/raw/NVD/annotated_videos/2022-12-23_Bjenberg_02_stabilized/2022-12-23 Bjenberg 02_stabilized,724
target_test,data/raw/NVD/annotated_videos/2022-12-23_Bjenberg_02_stabilized/2022-12-23 Bjenberg 02_stabilized,725
target_test,data/raw/NVD/annotated_videos/2022-12-23_Bjenberg_02_stabilized/2022-12-23 Bjenberg 02_stabilized,726
target_test,data/raw/NVD/annotated_videos/2022-12-23_Bjenberg_02_stabilized/2022-12-23 Bjenberg 02_stabilized,727
target_test,data/raw/NVD/annotated_videos/2022-12-23_Bjenberg_02_stabilized/2022-12-23 Bjenberg 02_stabilized,728
target_test,data/raw/NVD/annotated_videos/2022-12-23_Bjenberg_02_stabilized/2022-12-23 Bjenberg 02_stabilized,729
target_test,data/raw/NVD/annotated_videos/2022-12-23_Bjenberg_02_stabilized/2022-12-23 Bjenberg 02_stabilized,730
target_test,data/raw/NVD/annotated_videos/2022-12-23_Bjenberg_02_stabilized/2022-12-23 Bjenberg 02_stabilized,731
target_test,data/raw/NVD/annotated_videos/2022-12-23_Bjenberg_02_stabilized/2022-12-23 Bjenberg 02_stabilized,732
target_test,data/raw/NVD/annotated_videos/2022-12-23_Bjenberg_02_stabilized/2022-12-23 Bjenberg 02_stabilized,733
target_test,data/raw/NVD/annotated_videos/2022-12-23_Bjenberg_02_stabilized/2022-12-23 Bjenberg 02_stabilized,734
target_test,data/raw/NVD/annotated_videos/2022-12-23_Bjenberg_02_stabilized/2022-12-23 Bjenberg 02_stabilized,735
target_test,data/raw/NVD/annotated_videos/2022-12-23_Bjenberg_02_stabilized/2022-12-23 Bjenberg 02_stabilized,736
target_test,data/raw/NVD/annotated_videos/2022-12-23_Bjenberg_02_stabilized/2022-12-23 Bjenberg 02_stabilized,737
target_test,data/raw/NVD/annotated_videos/2022-12-23_Bjenberg_02_stabilized/2022-12-23 Bjenberg 02_stabilized,738
target_test,data/raw/NVD/annotated_videos/2022-12-23_Bjenberg_02_stabilized/2022-12-23 Bjenberg 02_stabilized,739
target_test,data/raw/NVD/annotated_videos/2022-12-23_Bjenberg_02_stabilized/2022-12-23 Bjenberg 02_stabilized,740
target_test,data/raw/NVD/annotated_videos/2022-12-23_Bjenberg_02_stabilized/2022-12-23 Bjenberg 02_stabilized,741
target_test,data/raw/NVD/annotated_videos/2022-12-23_Bjenberg_02_stabilized/2022-12-23 Bjenberg 02_stabilized,742
target_test,data/raw/NVD/annotated_videos/2022-12-23_Bjenberg_02_stabilized/2022-12-23 Bjenberg 02_stabilized,743
target_test,data/raw/NVD/annotated_videos/2022-12-23_Bjenberg_02_stabilized/2022-12-23 Bjenberg 02_stabilized,744
target_test,data/raw/NVD/annotated_videos/2022-12-23_Bjenberg_02_stabilized/2022-12-23 Bjenberg 02_stabilized,745
target_test,data/raw/NVD/annotated_videos/2022-12-23_Bjenberg_02_stabilized/2022-12-23 Bjenberg 02_stabilized,746
target_test,data/raw/NVD/annotated_videos/2022-12-23_Bjenberg_02_stabilized/2022-12-23 Bjenberg 02_stabilized,747
target_test,data/raw/NVD/annotated_videos/2022-12-23_Bjenberg_02_stabilized/2022-12-23 Bjenberg 02_stabilized,748
target_test,data/raw/NVD/annotated_videos/2022-12-23_Bjenberg_02_stabilized/2022-12-23 Bjenberg 02_stabilized,749
target_test,data/raw/NVD/annotated_videos/2022-12-23_Bjenberg_02_stabilized/2022-12-23 Bjenberg 02_stabilized,750
target_test,data/raw/NVD/annotated_videos/2022-12-23_Bjenberg_02_stabilized/2022-12-23 Bjenberg 02_stabilized,751
target_test,data/raw/NVD/annotated_videos/2022-12-23_Bjenberg_02_stabilized/2022-12-23 Bjenberg 02_stabilized,752
target_test,data/raw/NVD/annotated_videos/2022-12-23_Bjenberg_02_stabilized/2022-12-23 Bjenberg 02_stabilized,753
target_test,data/raw/NVD/annotated_videos/2022-12-23_Bjenberg_02_stabilized/2022-12-23 Bjenberg 02_stabilized,754
target_test,data/raw/NVD/annotated_videos/2022-12-23_Bjenberg_02_stabilized/2022-12-23 Bjenberg 02_stabilized,755
target_test,data/raw/NVD/annotated_videos/2022-12-23_Bjenberg_02_stabilized/2022-12-23 Bjenberg 02_stabilized,756
target_test,data/raw/NVD/annotated_videos/2022-12-23_Bjenberg_02_stabilized/2022-12-23 Bjenberg 02_stabilized,757
target_test,data/raw/NVD/annotated_videos/2022-12-23_Bjenberg_02_stabilized/2022-12-23 Bjenberg 02_stabilized,758
target_test,data/raw/NVD/annotated_videos/2022-12-23_Bjenberg_02_stabilized/2022-12-23 Bjenberg 02_stabilized,759
target_test,data/raw/NVD/annotated_videos/2022-12-23_Bjenberg_02_stabilized/2022-12-23 Bjenberg 02_stabilized,760
target_test,data/raw/NVD/annotated_videos/2022-12-23_Bjenberg_02_stabilized/2022-12-23 Bjenberg 02_stabilized,761
target_test,data/raw/NVD/annotated_videos/2022-12-23_Bjenberg_02_stabilized/2022-12-23 Bjenberg 02_stabilized,762
target_test,data/raw/NVD/annotated_videos/2022-12-23_Bjenberg_02_stabilized/2022-12-23 Bjenberg 02_stabilized,763
target_test,data/raw/NVD/annotated_videos/2022-12-23_Bjenberg_02_stabilized/2022-12-23 Bjenberg 02_stabilized,764
target_test,data/raw/NVD/annotated_videos/2022-12-23_Bjenberg_02_stabilized/2022-12-23 Bjenberg 02_stabilized,765
target_test,data/raw/NVD/annotated_videos/2022-12-23_Bjenberg_02_stabilized/2022-12-23 Bjenberg 02_stabilized,766
target_test,data/raw/NVD/annotated_videos/2022-12-23_Bjenberg_02_stabilized/2022-12-23 Bjenberg 02_stabilized,767
target_test,data/raw/NVD/annotated_videos/2022-12-23_Bjenberg_02_stabilized/2022-12-23 Bjenberg 02_stabilized,768
target_test,data/raw/NVD/annotated_videos/2022-12-23_Bjenberg_02_stabilized/2022-12-23 Bjenberg 02_stabilized,769
target_test,data/raw/NVD/annotated_videos/2022-12-23_Bjenberg_02_stabilized/2022-12-23 Bjenberg 02_stabilized,770
target_test,data/raw/NVD/annotated_videos/2022-12-23_Bjenberg_02_stabilized/2022-12-23 Bjenberg 02_stabilized,771
target_test,data/raw/NVD/annotated_videos/2022-12-23_Bjenberg_02_stabilized/2022-12-23 Bjenberg 02_stabilized,772
target_test,data/raw/NVD/annotated_videos/2022-12-23_Bjenberg_02_stabilized/2022-12-23 Bjenberg 02_stabilized,773
target_test,data/raw/NVD/annotated_videos/2022-12-23_Bjenberg_02_stabilized/2022-12-23 Bjenberg 02_stabilized,774
target_test,data/raw/NVD/annotated_videos/2022-12-23_Bjenberg_02_stabilized/2022-12-23 Bjenberg 02_stabilized,775
target_test,data/raw/NVD/annotated_videos/2022-12-23_Bjenberg_02_stabilized/2022-12-23 Bjenberg 02_stabilized,776
target_test,data/raw/NVD/annotated_videos/2022-12-23_Bjenberg_02_stabilized/2022-12-23 Bjenberg 02_stabilized,777
target_test,data/raw/NVD/annotated_videos/2022-12-23_Bjenberg_02_stabilized/2022-12-23 Bjenberg 02_stabilized,778
target_test,data/raw/NVD/annotated_videos/2022-12-23_Bjenberg_02_stabilized/2022-12-23 Bjenberg 02_stabilized,779
target_test,data/raw/NVD/annotated_videos/2022-12-23_Bjenberg_02_stabilized/2022-12-23 Bjenberg 02_stabilized,780
target_test,data/raw/NVD/annotated_videos/2022-12-23_Bjenberg_02_stabilized/2022-12-23 Bjenberg 02_stabilized,781
target_test,data/raw/NVD/annotated_videos/2022-12-23_Bjenberg_02_stabilized/2022-12-23 Bjenberg 02_stabilized,782
target_test,data/raw/NVD/annotated_videos/2022-12-23_Bjenberg_02_stabilized/2022-12-23 Bjenberg 02_stabilized,783
target_test,data/raw/NVD/annotated_videos/2022-12-23_Bjenberg_02_stabilized/2022-12-23 Bjenberg 02_stabilized,784
target_test,data/raw/NVD/annotated_videos/2022-12-23_Bjenberg_02_stabilized/2022-12-23 Bjenberg 02_stabilized,785
target_test,data/raw/NVD/annotated_videos/2022-12-23_Bjenberg_02_stabilized/2022-12-23 Bjenberg 02_stabilized,786
target_test,data/raw/NVD/annotated_videos/2022-12-23_Bjenberg_02_stabilized/2022-12-23 Bjenberg 02_stabilized,787
target_test,data/raw/NVD/annotated_videos/2022-12-23_Bjenberg_02_stabilized/2022-12-23 Bjenberg 02_stabilized,788
target_test,data/raw/NVD/annotated_videos/2022-12-23_Bjenberg_02_stabilized/2022-12-23 Bjenberg 02_stabilized,789
target_test,data/raw/NVD/annotated_videos/2022-12-23_Bjenberg_02_stabilized/2022-12-23 Bjenberg 02_stabilized,790
target_test,data/raw/NVD/annotated_videos/2022-12-23_Bjenberg_02_stabilized/2022-12-23 Bjenberg 02_stabilized,791
target_test,data/raw/NVD/annotated_videos/2022-12-23_Bjenberg_02_stabilized/2022-12-23 Bjenberg 02_stabilized,792
target_test,data/raw/NVD/annotated_videos/2022-12-23_Bjenberg_02_stabilized/2022-12-23 Bjenberg 02_stabilized,793
target_test,data/raw/NVD/annotated_videos/2022-12-23_Bjenberg_02_stabilized/2022-12-23 Bjenberg 02_stabilized,794
target_test,data/raw/NVD/annotated_videos/2022-12-23_Bjenberg_02_stabilized/2022-12-23 Bjenberg 02_stabilized,795
target_test,data/raw/NVD/annotated_videos/2022-12-23_Bjenberg_02_stabilized/2022-12-23 Bjenberg 02_stabilized,796
target_test,data/raw/NVD/annotated_videos/2022-12-23_Bjenberg_02_stabilized/2022-12-23 Bjenberg 02_stabilized,797
target_test,data/raw/NVD/annotated_videos/2022-12-23_Bjenberg_02_stabilized/2022-12-23 Bjenberg 02_stabilized,798
target_test,data/raw/NVD/annotated_videos/2022-12-23_Bjenberg_02_stabilized/2022-12-23 Bjenberg 02_stabilized,799
target_test,data/raw/NVD/annotated_videos/2022-12-23_Bjenberg_02_stabilized/2022-12-23 Bjenberg 02_stabilized,800
target_test,data/raw/NVD/annotated_videos/2022-12-23_Bjenberg_02_stabilized/2022-12-23 Bjenberg 02_stabilized,801
target_test,data/raw/NVD/annotated_videos/2022-12-23_Bjenberg_02_stabilized/2022-12-23 Bjenberg 02_stabilized,802
target_test,data/raw/NVD/annotated_videos/2022-12-23_Bjenberg_02_stabilized/2022-12-23 Bjenberg 02_stabilized,803
target_test,data/raw/NVD/annotated_videos/2022-12-23_Bjenberg_02_stabilized/2022-12-23 Bjenberg 02_stabilized,804
target_test,data/raw/NVD/annotated_videos/2022-12-23_Bjenberg_02_stabilized/2022-12-23 Bjenberg 02_stabilized,805
target_test,data/raw/NVD/annotated_videos/2022-12-23_Bjenberg_02_stabilized/2022-12-23 Bjenberg 02_stabilized,806
target_test,data/raw/NVD/annotated_videos/2022-12-23_Bjenberg_02_stabilized/2022-12-23 Bjenberg 02_stabilized,807
target_test,data/raw/NVD/annotated_videos/2022-12-23_Bjenberg_02_stabilized/2022-12-23 Bjenberg 02_stabilized,808
target_test,data/raw/NVD/annotated_videos/2022-12-23_Bjenberg_02_stabilized/2022-12-23 Bjenberg 02_stabilized,809
target_test,data/raw/NVD/annotated_videos/2022-12-23_Bjenberg_02_stabilized/2022-12-23 Bjenberg 02_stabilized,810
target_test,data/raw/NVD/annotated_videos/2022-12-23_Bjenberg_02_stabilized/2022-12-23 Bjenberg 02_stabilized,811
target_test,data/raw/NVD/annotated_videos/2022-12-23_Bjenberg_02_stabilized/2022-12-23 Bjenberg 02_stabilized,812
target_test,data/raw/NVD/annotated_videos/2022-12-23_Bjenberg_02_stabilized/2022-12-23 Bjenberg 02_stabilized,813
target_test,data/raw/NVD/annotated_videos/2022-12-23_Bjenberg_02_stabilized/2022-12-23 Bjenberg 02_stabilized,814
target_test,data/raw/NVD/annotated_videos/2022-12-23_Bjenberg_02_stabilized/2022-12-23 Bjenberg 02_stabilized,815
target_test,data/raw/NVD/annotated_videos/2022-12-23_Bjenberg_02_stabilized/2022-12-23 Bjenberg 02_stabilized,816
target_test,data/raw/NVD/annotated_videos/2022-12-23_Bjenberg_02_stabilized/2022-12-23 Bjenberg 02_stabilized,817
target_test,data/raw/NVD/annotated_videos/2022-12-23_Bjenberg_02_stabilized/2022-12-23 Bjenberg 02_stabilized,818
target_test,data/raw/NVD/annotated_videos/2022-12-23_Bjenberg_02_stabilized/2022-12-23 Bjenberg 02_stabilized,819
target_test,data/raw/NVD/annotated_videos/2022-12-23_Bjenberg_02_stabilized/2022-12-23 Bjenberg 02_stabilized,820
target_test,data/raw/NVD/annotated_videos/2022-12-23_Bjenberg_02_stabilized/2022-12-23 Bjenberg 02_stabilized,821
target_test,data/raw/NVD/annotated_videos/2022-12-23_Bjenberg_02_stabilized/2022-12-23 Bjenberg 02_stabilized,822
target_test,data/raw/NVD/annotated_videos/2022-12-23_Bjenberg_02_stabilized/2022-12-23 Bjenberg 02_stabilized,823
target_test,data/raw/NVD/annotated_videos/2022-12-23_Bjenberg_02_stabilized/2022-12-23 Bjenberg 02_stabilized,824
target_test,data/raw/NVD/annotated_videos/2022-12-23_Bjenberg_02_stabilized/2022-12-23 Bjenberg 02_stabilized,825
target_test,data/raw/NVD/annotated_videos/2022-12-23_Bjenberg_02_stabilized/2022-12-23 Bjenberg 02_stabilized,826
target_test,data/raw/NVD/annotated_videos/2022-12-23_Bjenberg_02_stabilized/2022-12-23 Bjenberg 02_stabilized,827
target_test,data/raw/NVD/annotated_videos/2022-12-23_Bjenberg_02_stabilized/2022-12-23 Bjenberg 02_stabilized,828
target_test,data/raw/NVD/annotated_videos/2022-12-23_Bjenberg_02_stabilized/2022-12-23 Bjenberg 02_stabilized,829
target_test,data/raw/NVD/annotated_videos/2022-12-23_Bjenberg_02_stabilized/2022-12-23 Bjenberg 02_stabilized,830
target_test,data/raw/NVD/annotated_videos/2022-12-23_Bjenberg_02_stabilized/2022-12-23 Bjenberg 02_stabilized,831
target_test,data/raw/NVD/annotated_videos/2022-12-23_Bjenberg_02_stabilized/2022-12-23 Bjenberg 02_stabilized,832
target_test,data/raw/NVD/annotated_videos/2022-12-23_Bjenberg_02_stabilized/2022-12-23 Bjenberg 02_stabilized,833
target_test,data/raw/NVD/annotated_videos/2022-12-23_Bjenberg_02_stabilized/2022-12-23 Bjenberg 02_stabilized,834
target_test,data/raw/NVD/annotated_videos/2022-12-23_Bjenberg_02_stabilized/2022-12-23 Bjenberg 02_stabilized,835
target_test,data/raw/NVD/annotated_videos/2022-12-23_Bjenberg_02_stabilized/2022-12-23 Bjenberg 02_stabilized,836
target_test,data/raw/NVD/annotated_videos/2022-12-23_Bjenberg_02_stabilized/2022-12-23 Bjenberg 02_stabilized,837
target_test,data/raw/NVD/annotated_videos/2022-12-23_Bjenberg_02_stabilized/2022-12-23 Bjenberg 02_stabilized,838
target_test,data/raw/NVD/annotated_videos/2022-12-23_Bjenberg_02_stabilized/2022-12-23 Bjenberg 02_stabilized,839
target_test,data/raw/NVD/annotated_videos/2022-12-23_Bjenberg_02_stabilized/2022-12-23 Bjenberg 02_stabilized,840
target_test,data/raw/NVD/annotated_videos/2022-12-23_Bjenberg_02_stabilized/2022-12-23 Bjenberg 02_stabilized,841
target_test,data/raw/NVD/annotated_videos/2022-12-23_Bjenberg_02_stabilized/2022-12-23 Bjenberg 02_stabilized,842
target_test,data/raw/NVD/annotated_videos/2022-12-23_Bjenberg_02_stabilized/2022-12-23 Bjenberg 02_stabilized,843
target_test,data/raw/NVD/annotated_videos/2022-12-23_Bjenberg_02_stabilized/2022-12-23 Bjenberg 02_stabilized,844
target_test,data/raw/NVD/annotated_videos/2022-12-23_Bjenberg_02_stabilized/2022-12-23 Bjenberg 02_stabilized,845
target_test,data/raw/NVD/annotated_videos/2022-12-23_Bjenberg_02_stabilized/2022-12-23 Bjenberg 02_stabilized,846
target_test,data/raw/NVD/annotated_videos/2022-12-23_Bjenberg_02_stabilized/2022-12-23 Bjenberg 02_stabilized,847
target_test,data/raw/NVD/annotated_videos/2022-12-23_Bjenberg_02_stabilized/2022-12-23 Bjenberg 02_stabilized,848
target_test,data/raw/NVD/annotated_videos/2022-12-23_Bjenberg_02_stabilized/2022-12-23 Bjenberg 02_stabilized,849
target_test,data/raw/NVD/annotated_videos/2022-12-23_Bjenberg_02_stabilized/2022-12-23 Bjenberg 02_stabilized,850
target_test,data/raw/NVD/annotated_videos/2022-12-23_Bjenberg_02_stabilized/2022-12-23 Bjenberg 02_stabilized,851
target_test,data/raw/NVD/annotated_videos/2022-12-23_Bjenberg_02_stabilized/2022-12-23 Bjenberg 02_stabilized,852
target_test,data/raw/NVD/annotated_videos/2022-12-23_Bjenberg_02_stabilized/2022-12-23 Bjenberg 02_stabilized,853
target_test,data/raw/NVD/annotated_videos/2022-12-23_Bjenberg_02_stabilized/2022-12-23 Bjenberg 02_stabilized,854
target_test,data/raw/NVD/annotated_videos/2022-12-23_Bjenberg_02_stabilized/2022-12-23 Bjenberg 02_stabilized,855
target_test,data/raw/NVD/annotated_videos/2022-12-23_Bjenberg_02_stabilized/2022-12-23 Bjenberg 02_stabilized,856
target_test,data/raw/NVD/annotated_videos/2022-12-23_Bjenberg_02_stabilized/2022-12-23 Bjenberg 02_stabilized,857
target_test,data/raw/NVD/annotated_videos/2022-12-23_Bjenberg_02_stabilized/2022-12-23 Bjenberg 02_stabilized,858
target_test,data/raw/NVD/annotated_videos/2022-12-23_Bjenberg_02_stabilized/2022-12-23 Bjenberg 02_stabilized,859
target_test,data/raw/NVD/annotated_videos/2022-12-23_Bjenberg_02_stabilized/2022-12-23 Bjenberg 02_stabilized,860
target_test,data/raw/NVD/annotated_videos/2022-12-23_Bjenberg_02_stabilized/2022-12-23 Bjenberg 02_stabilized,861
target_test,data/raw/NVD/annotated_videos/2022-12-23_Bjenberg_02_stabilized/2022-12-23 Bjenberg 02_stabilized,862
target_test,data/raw/NVD/annotated_videos/2022-12-23_Bjenberg_02_stabilized/2022-12-23 Bjenberg 02_stabilized,863
target_test,data/raw/NVD/annotated_videos/2022-12-23_Bjenberg_02_stabilized/2022-12-23 Bjenberg 02_stabilized,864
target_test,data/raw/NVD/annotated_videos/2022-12-23_Bjenberg_02_stabilized/2022-12-23 Bjenberg 02_stabilized,865
target_test,data/raw/NVD/annotated_videos/2022-12-23_Bjenberg_02_stabilized/2022-12-23 Bjenberg 02_stabilized,866
target_test,data/raw/NVD/annotated_videos/2022-12-23_Bjenberg_02_stabilized/2022-12-23 Bjenberg 02_stabilized,867
target_test,data/raw/NVD/annotated_videos/2022-12-23_Bjenberg_02_stabilized/2022-12-23 Bjenberg 02_stabilized,868
target_test,data/raw/NVD/annotated_videos/2022-12-23_Bjenberg_02_stabilized/2022-12-23 Bjenberg 02_stabilized,869
target_test,data/raw/NVD/annotated_videos/2022-12-23_Bjenberg_02_stabilized/2022-12-23 Bjenberg 02_stabilized,870
target_test,data/raw/NVD/annotated_videos/2022-12-23_Bjenberg_02_stabilized/2022-12-23 Bjenberg 02_stabilized,871
target_test,data/raw/NVD/annotated_videos/2022-12-23_Bjenberg_02_stabilized/2022-12-23 Bjenberg 02_stabilized,872
target_test,data/raw/NVD/annotated_videos/2022-12-23_Bjenberg_02_stabilized/2022-12-23 Bjenberg 02_stabilized,873
target_test,data/raw/NVD/annotated_videos/2022-12-23_Bjenberg_02_stabilized/2022-12-23 Bjenberg 02_stabilized,874
target_test,data/raw/NVD/annotated_videos/2022-12-23_Bjenberg_02_stabilized/2022-12-23 Bjenberg 02_stabilized,875
target_test,data/raw/NVD/annotated_videos/2022-12-23_Bjenberg_02_stabilized/2022-12-23 Bjenberg 02_stabilized,876
target_test,data/raw/NVD/annotated_videos/2022-12-23_Bjenberg_02_stabilized/2022-12-23 Bjenberg 02_stabilized,877
target_test,data/raw/NVD/annotated_videos/2022-12-23_Bjenberg_02_stabilized/2022-12-23 Bjenberg 02_stabilized,878
target_test,data/raw/NVD/annotated_videos/2022-12-23_Bjenberg_02_stabilized/2022-12-23 Bjenberg 02_stabilized,879
target_test,data/raw/NVD/annotated_videos/2022-12-23_Bjenberg_02_stabilized/2022-12-23 Bjenberg 02_stabilized,880
target_test,data/raw/NVD/annotated_videos/2022-12-23_Bjenberg_02_stabilized/2022-12-23 Bjenberg 02_stabilized,881
target_test,data/raw/NVD/annotated_videos/2022-12-23_Bjenberg_02_stabilized/2022-12-23 Bjenberg 02_stabilized,882
target_test,data/raw/NVD/annotated_videos/2022-12-23_Bjenberg_02_stabilized/2022-12-23 Bjenberg 02_stabilized,883
target_test,data/raw/NVD/annotated_videos/2022-12-23_Bjenberg_02_stabilized/2022-12-23 Bjenberg 02_stabilized,884
target_test,data/raw/NVD/annotated_videos/2022-12-23_Bjenberg_02_stabilized/2022-12-23 Bjenberg 02_stabilized,885
target_test,data/raw/NVD/annotated_videos/2022-12-23_Bjenberg_02_stabilized/2022-12-23 Bjenberg 02_stabilized,886
target_test,data/raw/NVD/annotated_videos/2022-12-23_Bjenberg_02_stabilized/2022-12-23 Bjenberg 02_stabilized,887
target_test,data/raw/NVD/annotated_videos/2022-12-23_Bjenberg_02_stabilized/2022-12-23 Bjenberg 02_stabilized,888
target_test,data/raw/NVD/annotated_videos/2022-12-23_Bjenberg_02_stabilized/2022-12-23 Bjenberg 02_stabilized,889
target_test,data/raw/NVD/annotated_videos/2022-12-23_Bjenberg_02_stabilized/2022-12-23 Bjenberg 02_stabilized,890
target_test,data/raw/NVD/annotated_videos/2022-12-23_Bjenberg_02_stabilized/2022-12-23 Bjenberg 02_stabilized,891
target_test,data/raw/NVD/annotated_videos/2022-12-23_Bjenberg_02_stabilized/2022-12-23 Bjenberg 02_stabilized,892
target_test,data/raw/NVD/annotated_videos/2022-12-23_Bjenberg_02_stabilized/2022-12-23 Bjenberg 02_stabilized,893
target_test,data/raw/NVD/annotated_videos/2022-12-23_Bjenberg_02_stabilized/2022-12-23 Bjenberg 02_stabilized,894
target_test,data/raw/NVD/annotated_videos/2022-12-23_Bjenberg_02_stabilized/2022-12-23 Bjenberg 02_stabilized,895
target_test,data/raw/NVD/annotated_videos/2022-12-23_Bjenberg_02_stabilized/2022-12-23 Bjenberg 02_stabilized,896
target_test,data/raw/NVD/annotated_videos/2022-12-23_Bjenberg_02_stabilized/2022-12-23 Bjenberg 02_stabilized,897
target_test,data/raw/NVD/annotated_videos/2022-12-23_Bjenberg_02_stabilized/2022-12-23 Bjenberg 02_stabilized,898
target_test,data/raw/NVD/annotated_videos/2022-12-23_Bjenberg_02_stabilized/2022-12-23 Bjenberg 02_stabilized,899
target_test,data/raw/NVD/annotated_videos/2022-12-23_Bjenberg_02_stabilized/2022-12-23 Bjenberg 02_stabilized,900
target_test,data/raw/NVD/annotated_videos/2022-12-23_Bjenberg_02_stabilized/2022-12-23 Bjenberg 02_stabilized,901
target_test,data/raw/NVD/annotated_videos/2022-12-23_Bjenberg_02_stabilized/2022-12-23 Bjenberg 02_stabilized,902
target_test,data/raw/NVD/annotated_videos/2022-12-23_Bjenberg_02_stabilized/2022-12-23 Bjenberg 02_stabilized,903
target_test,data/raw/NVD/annotated_videos/2022-12-23_Bjenberg_02_stabilized/2022-12-23 Bjenberg 02_stabilized,904
target_test,data/raw/NVD/annotated_videos/2022-12-23_Bjenberg_02_stabilized/2022-12-23 Bjenberg 02_stabilized,905
target_test,data/raw/NVD/annotated_videos/2022-12-23_Bjenberg_02_stabilized/2022-12-23 Bjenberg 02_stabilized,906
target_test,data/raw/NVD/annotated_videos/2022-12-23_Bjenberg_02_stabilized/2022-12-23 Bjenberg 02_stabilized,907
target_test,data/raw/NVD/annotated_videos/2022-12-23_Bjenberg_02_stabilized/2022-12-23 Bjenberg 02_stabilized,908
target_test,data/raw/NVD/annotated_videos/2022-12-23_Bjenberg_02_stabilized/2022-12-23 Bjenberg 02_stabilized,909
target_test,data/raw/NVD/annotated_videos/2022-12-23_Bjenberg_02_stabilized/2022-12-23 Bjenberg 02_stabilized,910
target_test,data/raw/NVD/annotated_videos/2022-12-23_Bjenberg_02_stabilized/2022-12-23 Bjenberg 02_stabilized,911
target_test,data/raw/NVD/annotated_videos/2022-12-23_Bjenberg_02_stabilized/2022-12-23 Bjenberg 02_stabilized,912
target_test,data/raw/NVD/annotated_videos/2022-12-23_Bjenberg_02_stabilized/2022-12-23 Bjenberg 02_stabilized,913
target_test,data/raw/NVD/annotated_videos/2022-12-23_Bjenberg_02_stabilized/2022-12-23 Bjenberg 02_stabilized,914
target_test,data/raw/NVD/annotated_videos/2022-12-23_Bjenberg_02_stabilized/2022-12-23 Bjenberg 02_stabilized,915
target_test,data/raw/NVD/annotated_videos/2022-12-23_Bjenberg_02_stabilized/2022-12-23 Bjenberg 02_stabilized,916
target_test,data/raw/NVD/annotated_videos/2022-12-23_Bjenberg_02_stabilized/2022-12-23 Bjenberg 02_stabilized,917
target_test,data/raw/NVD/annotated_videos/2022-12-23_Bjenberg_02_stabilized/2022-12-23 Bjenberg 02_stabilized,918
target_test,data/raw/NVD/annotated_videos/2022-12-23_Bjenberg_02_stabilized/2022-12-23 Bjenberg 02_stabilized,919
target_test,data/raw/NVD/annotated_videos/2022-12-23_Bjenberg_02_stabilized/2022-12-23 Bjenberg 02_stabilized,920
target_test,data/raw/NVD/annotated_videos/2022-12-23_Bjenberg_02_stabilized/2022-12-23 Bjenberg 02_stabilized,921
target_test,data/raw/NVD/annotated_videos/2022-12-23_Bjenberg_02_stabilized/2022-12-23 Bjenberg 02_stabilized,922
target_test,data/raw/NVD/annotated_videos/2022-12-23_Bjenberg_02_stabilized/2022-12-23 Bjenberg 02_stabilized,923
target_test,data/raw/NVD/annotated_videos/2022-12-23_Bjenberg_02_stabilized/2022-12-23 Bjenberg 02_stabilized,924
target_test,data/raw/NVD/annotated_videos/2022-12-23_Bjenberg_02_stabilized/2022-12-23 Bjenberg 02_stabilized,925
target_test,data/raw/NVD/annotated_videos/2022-12-23_Bjenberg_02_stabilized/2022-12-23 Bjenberg 02_stabilized,926
target_test,data/raw/NVD/annotated_videos/2022-12-23_Bjenberg_02_stabilized/2022-12-23 Bjenberg 02_stabilized,927
target_test,data/raw/NVD/annotated_videos/2022-12-23_Bjenberg_02_stabilized/2022-12-23 Bjenberg 02_stabilized,928
target_test,data/raw/NVD/annotated_videos/2022-12-23_Bjenberg_02_stabilized/2022-12-23 Bjenberg 02_stabilized,929
target_test,data/raw/NVD/annotated_videos/2022-12-23_Bjenberg_02_stabilized/2022-12-23 Bjenberg 02_stabilized,930
target_test,data/raw/NVD/annotated_videos/2022-12-23_Bjenberg_02_stabilized/2022-12-23 Bjenberg 02_stabilized,931
target_test,data/raw/NVD/annotated_videos/2022-12-23_Bjenberg_02_stabilized/2022-12-23 Bjenberg 02_stabilized,932
target_test,data/raw/NVD/annotated_videos/2022-12-23_Bjenberg_02_stabilized/2022-12-23 Bjenberg 02_stabilized,933
target_test,data/raw/NVD/annotated_videos/2022-12-23_Bjenberg_02_stabilized/2022-12-23 Bjenberg 02_stabilized,934
target_test,data/raw/NVD/annotated_videos/2022-12-23_Bjenberg_02_stabilized/2022-12-23 Bjenberg 02_stabilized,935
target_test,data/raw/NVD/annotated_videos/2022-12-23_Bjenberg_02_stabilized/2022-12-23 Bjenberg 02_stabilized,936
target_test,data/raw/NVD/annotated_videos/2022-12-23_Bjenberg_02_stabilized/2022-12-23 Bjenberg 02_stabilized,937
target_test,data/raw/NVD/annotated_videos/2022-12-23_Bjenberg_02_stabilized/2022-12-23 Bjenberg 02_stabilized,938
target_test,data/raw/NVD/annotated_videos/2022-12-23_Bjenberg_02_stabilized/2022-12-23 Bjenberg 02_stabilized,939
target_test,data/raw/NVD/annotated_videos/2022-12-23_Bjenberg_02_stabilized/2022-12-23 Bjenberg 02_stabilized,940
target_test,data/raw/NVD/annotated_videos/2022-12-23_Bjenberg_02_stabilized/2022-12-23 Bjenberg 02_stabilized,941
target_test,data/raw/NVD/annotated_videos/2022-12-23_Bjenberg_02_stabilized/2022-12-23 Bjenberg 02_stabilized,942
target_test,data/raw/NVD/annotated_videos/2022-12-23_Bjenberg_02_stabilized/2022-12-23 Bjenberg 02_stabilized,943
target_test,data/raw/NVD/annotated_videos/2022-12-23_Bjenberg_02_stabilized/2022-12-23 Bjenberg 02_stabilized,944
target_test,data/raw/NVD/annotated_videos/2022-12-23_Bjenberg_02_stabilized/2022-12-23 Bjenberg 02_stabilized,945
target_test,data/raw/NVD/annotated_videos/2022-12-23_Bjenberg_02_stabilized/2022-12-23 Bjenberg 02_stabilized,946
target_test,data/raw/NVD/annotated_videos/2022-12-23_Bjenberg_02_stabilized/2022-12-23 Bjenberg 02_stabilized,947
target_test,data/raw/NVD/annotated_videos/2022-12-23_Bjenberg_02_stabilized/2022-12-23 Bjenberg 02_stabilized,948
target_test,data/raw/NVD/annotated_videos/2022-12-23_Bjenberg_02_stabilized/2022-12-23 Bjenberg 02_stabilized,949
target_test,data/raw/NVD/annotated_videos/2022-12-23_Bjenberg_02_stabilized/2022-12-23 Bjenberg 02_stabilized,950
target_test,data/raw/NVD/annotated_videos/2022-12-23_Bjenberg_02_stabilized/2022-12-23 Bjenberg 02_stabilized,951
target_test,data/raw/NVD/annotated_videos/2022-12-23_Bjenberg_02_stabilized/2022-12-23 Bjenberg 02_stabilized,952
target_test,data/raw/NVD/annotated_videos/2022-12-23_Bjenberg_02_stabilized/2022-12-23 Bjenberg 02_stabilized,953
target_test,data/raw/NVD/annotated_videos/2022-12-23_Bjenberg_02_stabilized/2022-12-23 Bjenberg 02_stabilized,954
target_test,data/raw/NVD/annotated_videos/2022-12-23_Bjenberg_02_stabilized/2022-12-23 Bjenberg 02_stabilized,955
target_test,data/raw/NVD/annotated_videos/2022-12-23_Bjenberg_02_stabilized/2022-12-23 Bjenberg 02_stabilized,956
target_test,data/raw/NVD/annotated_videos/2022-12-23_Bjenberg_02_stabilized/2022-12-23 Bjenberg 02_stabilized,957
target_test,data/raw/NVD/annotated_videos/2022-12-23_Bjenberg_02_stabilized/2022-12-23 Bjenberg 02_stabilized,958
target_test,data/raw/NVD/annotated_videos/2022-12-23_Bjenberg_02_stabilized/2022-12-23 Bjenberg 02_stabilized,959
target_test,data/raw/NVD/annotated_videos/2022-12-23_Bjenberg_02_stabilized/2022-12-23 Bjenberg 02_stabilized,960
target_test,data/raw/NVD/annotated_videos/2022-12-23_Bjenberg_02_stabilized/2022-12-23 Bjenberg 02_stabilized,961
target_test,data/raw/NVD/annotated_videos/2022-12-23_Bjenberg_02_stabilized/2022-12-23 Bjenberg 02_stabilized,962
target_test,data/raw/NVD/annotated_videos/2022-12-23_Bjenberg_02_stabilized/2022-12-23 Bjenberg 02_stabilized,963
target_test,data/raw/NVD/annotated_videos/2022-12-23_Bjenberg_02_stabilized/2022-12-23 Bjenberg 02_stabilized,964
target_test,data/raw/NVD/annotated_videos/2022-12-23_Bjenberg_02_stabilized/2022-12-23 Bjenberg 02_stabilized,965
target_test,data/raw/NVD/annotated_videos/2022-12-23_Bjenberg_02_stabilized/2022-12-23 Bjenberg 02_stabilized,966
target_test,data/raw/NVD/annotated_videos/2022-12-23_Bjenberg_02_stabilized/2022-12-23 Bjenberg 02_stabilized,967
target_test,data/raw/NVD/annotated_videos/2022-12-23_Bjenberg_02_stabilized/2022-12-23 Bjenberg 02_stabilized,968
target_test,data/raw/NVD/annotated_videos/2022-12-23_Bjenberg_02_stabilized/2022-12-23 Bjenberg 02_stabilized,969
target_test,data/raw/NVD/annotated_videos/2022-12-23_Bjenberg_02_stabilized/2022-12-23 Bjenberg 02_stabilized,970
target_test,data/raw/NVD/annotated_videos/2022-12-23_Bjenberg_02_stabilized/2022-12-23 Bjenberg 02_stabilized,971
target_test,data/raw/NVD/annotated_videos/2022-12-23_Bjenberg_02_stabilized/2022-12-23 Bjenberg 02_stabilized,972
target_test,data/raw/NVD/annotated_videos/2022-12-23_Bjenberg_02_stabilized/2022-12-23 Bjenberg 02_stabilized,973
target_test,data/raw/NVD/annotated_videos/2022-12-23_Bjenberg_02_stabilized/2022-12-23 Bjenberg 02_stabilized,974
target_test,data/raw/NVD/annotated_videos/2022-12-23_Bjenberg_02_stabilized/2022-12-23 Bjenberg 02_stabilized,975
target_test,data/raw/NVD/annotated_videos/2022-12-23_Bjenberg_02_stabilized/2022-12-23 Bjenberg 02_stabilized,976
target_test,data/raw/NVD/annotated_videos/2022-12-23_Bjenberg_02_stabilized/2022-12-23 Bjenberg 02_stabilized,977
target_test,data/raw/NVD/annotated_videos/2022-12-23_Bjenberg_02_stabilized/2022-12-23 Bjenberg 02_stabilized,978
target_test,data/raw/NVD/annotated_videos/2022-12-23_Bjenberg_02_stabilized/2022-12-23 Bjenberg 02_stabilized,979
target_test,data/raw/NVD/annotated_videos/2022-12-23_Bjenberg_02_stabilized/2022-12-23 Bjenberg 02_stabilized,980
target_test,data/raw/NVD/annotated_videos/2022-12-23_Bjenberg_02_stabilized/2022-12-23 Bjenberg 02_stabilized,981
target_test,data/raw/NVD/annotated_videos/2022-12-23_Bjenberg_02_stabilized/2022-12-23 Bjenberg 02_stabilized,982
target_test,data/raw/NVD/annotated_videos/2022-12-23_Bjenberg_02_stabilized/2022-12-23 Bjenberg 02_stabilized,983
target_test,data/raw/NVD/annotated_videos/2022-12-23_Bjenberg_02_stabilized/2022-12-23 Bjenberg 02_stabilized,984
target_test,data/raw/NVD/annotated_videos/2022-12-23_Bjenberg_02_stabilized/2022-12-23 Bjenberg 02_stabilized,985
target_test,data/raw/NVD/annotated_videos/2022-12-23_Bjenberg_02_stabilized/2022-12-23 Bjenberg 02_stabilized,986
target_test,data/raw/NVD/annotated_videos/2022-12-23_Bjenberg_02_stabilized/2022-12-23 Bjenberg 02_stabilized,987
target_test,data/raw/NVD/annotated_videos/2022-12-23_Bjenberg_02_stabilized/2022-12-23 Bjenberg 02_stabilized,988
target_test,data/raw/NVD/annotated_videos/2022-12-23_Bjenberg_02_stabilized/2022-12-23 Bjenberg 02_stabilized,989
target_test,data/raw/NVD/annotated_videos/2022-12-23_Bjenberg_02_stabilized/2022-12-23 Bjenberg 02_stabilized,990
target_test,data/raw/NVD/annotated_videos/2022-12-23_Bjenberg_02_stabilized/2022-12-23 Bjenberg 02_stabilized,991
target_test,data/raw/NVD/annotated_videos/2022-12-23_Bjenberg_02_stabilized/2022-12-23 Bjenberg 02_stabilized,992
target_test,data/raw/NVD/annotated_videos/2022-12-23_Bjenberg_02_stabilized/2022-12-23 Bjenberg 02_stabilized,993
target_test,data/raw/NVD/annotated_videos/2022-12-23_Bjenberg_02_stabilized/2022-12-23 Bjenberg 02_stabilized,994
target_test,data/raw/NVD/annotated_videos/2022-12-23_Bjenberg_02_stabilized/2022-12-23 Bjenberg 02_stabilized,995
target_test,data/raw/NVD/annotated_videos/2022-12-23_Bjenberg_02_stabilized/2022-12-23 Bjenberg 02_stabilized,996
target_test,data/raw/NVD/annotated_videos/2022-12-23_Bjenberg_02_stabilized/2022-12-23 Bjenberg 02_stabilized,997
target_test,data/raw/NVD/annotated_videos/2022-12-23_Bjenberg_02_stabilized/2022-12-23 Bjenberg 02_stabilized,998
target_test,data/raw/NVD/annotated_videos/2022-12-23_Bjenberg_02_stabilized/2022-12-23 Bjenberg 02_stabilized,999
target_test,data/raw/NVD/annotated_videos/2022-12-23_Bjenberg_02_stabilized/2022-12-23 Bjenberg 02_stabilized,1000
target_test,data/raw/NVD/annotated_videos/2022-12-23_Bjenberg_02_stabilized/2022-12-23 Bjenberg 02_stabilized,1001
target_test,data/raw/NVD/annotated_videos/2022-12-23_Bjenberg_02_stabilized/2022-12-23 Bjenberg 02_stabilized,1002
target_test,data/raw/NVD/annotated_videos/2022-12-23_Bjenberg_02_stabilized/2022-12-23 Bjenberg 02_stabilized,1003
target_test,data/raw/NVD/annotated_videos/2022-12-23_Bjenberg_02_stabilized/2022-12-23 Bjenberg 02_stabilized,1004
target_test,data/raw/NVD/annotated_videos/2022-12-23_Bjenberg_02_stabilized/2022-12-23 Bjenberg 02_stabilized,1005
target_test,data/raw/NVD/annotated_videos/2022-12-23_Bjenberg_02_stabilized/2022-12-23 Bjenberg 02_stabilized,1006
target_test,data/raw/NVD/annotated_videos/2022-12-23_Bjenberg_02_stabilized/2022-12-23 Bjenberg 02_stabilized,1007
target_test,data/raw/NVD/annotated_videos/2022-12-23_Bjenberg_02_stabilized/2022-12-23 Bjenberg 02_stabilized,1008
target_test,data/raw/NVD/annotated_videos/2022-12-23_Bjenberg_02_stabilized/2022-12-23 Bjenberg 02_stabilized,1009
target_test,data/raw/NVD/annotated_videos/2022-12-23_Bjenberg_02_stabilized/2022-12-23 Bjenberg 02_stabilized,1010
target_test,data/raw/NVD/annotated_videos/2022-12-23_Bjenberg_02_stabilized/2022-12-23 Bjenberg 02_stabilized,1011
target_test,data/raw/NVD/annotated_videos/2022-12-23_Bjenberg_02_stabilized/2022-12-23 Bjenberg 02_stabilized,1012
target_test,data/raw/NVD/annotated_videos/2022-12-23_Bjenberg_02_stabilized/2022-12-23 Bjenberg 02_stabilized,1013
target_test,data/raw/NVD/annotated_videos/2022-12-23_Bjenberg_02_stabilized/2022-12-23 Bjenberg 02_stabilized,1014
target_test,data/raw/NVD/annotated_videos/2022-12-23_Bjenberg_02_stabilized/2022-12-23 Bjenberg 02_stabilized,1015
target_test,data/raw/NVD/annotated_videos/2022-12-23_Bjenberg_02_stabilized/2022-12-23 Bjenberg 02_stabilized,1016
target_test,data/raw/NVD/annotated_videos/2022-12-23_Bjenberg_02_stabilized/2022-12-23 Bjenberg 02_stabilized,1017
target_test,data/raw/NVD/annotated_videos/2022-12-23_Bjenberg_02_stabilized/2022-12-23 Bjenberg 02_stabilized,1018
target_test,data/raw/NVD/annotated_videos/2022-12-23_Bjenberg_02_stabilized/2022-12-23 Bjenberg 02_stabilized,1019
target_test,data/raw/NVD/annotated_videos/2022-12-23_Bjenberg_02_stabilized/2022-12-23 Bjenberg 02_stabilized,1020
target_test,data/raw/NVD/annotated_videos/2022-12-23_Bjenberg_02_stabilized/2022-12-23 Bjenberg 02_stabilized,1021
target_test,data/raw/NVD/annotated_videos/2022-12-23_Bjenberg_02_stabilized/2022-12-23 Bjenberg 02_stabilized,1022
target_test,data/raw/NVD/annotated_videos/2022-12-23_Bjenberg_02_stabilized/2022-12-23 Bjenberg 02_stabilized,1023
target_test,data/raw/NVD/annotated_videos/2022-12-23_Bjenberg_02_stabilized/2022-12-23 Bjenberg 02_stabilized,1024
target_test,data/raw/NVD/annotated_videos/2022-12-23_Bjenberg_02_stabilized/2022-12-23 Bjenberg 02_stabilized,1025
target_test,data/raw/NVD/annotated_videos/2022-12-23_Bjenberg_02_stabilized/2022-12-23 Bjenberg 02_stabilized,1026
target_test,data/raw/NVD/annotated_videos/2022-12-23_Bjenberg_02_stabilized/2022-12-23 Bjenberg 02_stabilized,1027
target_test,data/raw/NVD/annotated_videos/2022-12-23_Bjenberg_02_stabilized/2022-12-23 Bjenberg 02_stabilized,1028
target_test,data/raw/NVD/annotated_videos/2022-12-23_Bjenberg_02_stabilized/2022-12-23 Bjenberg 02_stabilized,1029
target_test,data/raw/NVD/annotated_videos/2022-12-23_Bjenberg_02_stabilized/2022-12-23 Bjenberg 02_stabilized,1030
target_test,data/raw/NVD/annotated_videos/2022-12-23_Bjenberg_02_stabilized/2022-12-23 Bjenberg 02_stabilized,1031
target_test,data/raw/NVD/annotated_videos/2022-12-23_Bjenberg_02_stabilized/2022-12-23 Bjenberg 02_stabilized,1032
target_test,data/raw/NVD/annotated_videos/2022-12-23_Bjenberg_02_stabilized/2022-12-23 Bjenberg 02_stabilized,1033
target_test,data/raw/NVD/annotated_videos/2022-12-23_Bjenberg_02_stabilized/2022-12-23 Bjenberg 02_stabilized,1034
target_test,data/raw/NVD/annotated_videos/2022-12-23_Bjenberg_02_stabilized/2022-12-23 Bjenberg 02_stabilized,1035
target_test,data/raw/NVD/annotated_videos/2022-12-23_Bjenberg_02_stabilized/2022-12-23 Bjenberg 02_stabilized,1036
target_test,data/raw/NVD/annotated_videos/2022-12-23_Bjenberg_02_stabilized/2022-12-23 Bjenberg 02_stabilized,1037
target_test,data/raw/NVD/annotated_videos/2022-12-23_Bjenberg_02_stabilized/2022-12-23 Bjenberg 02_stabilized,1038
target_test,data/raw/NVD/annotated_videos/2022-12-23_Bjenberg_02_stabilized/2022-12-23 Bjenberg 02_stabilized,1039
target_test,data/raw/NVD/annotated_videos/2022-12-23_Bjenberg_02_stabilized/2022-12-23 Bjenberg 02_stabilized,1040
target_test,data/raw/NVD/annotated_videos/2022-12-23_Bjenberg_02_stabilized/2022-12-23 Bjenberg 02_stabilized,1041
target_test,data/raw/NVD/annotated_videos/2022-12-23_Bjenberg_02_stabilized/2022-12-23 Bjenberg 02_stabilized,1042
target_test,data/raw/NVD/annotated_videos/2022-12-23_Bjenberg_02_stabilized/2022-12-23 Bjenberg 02_stabilized,1043
target_test,data/raw/NVD/annotated_videos/2022-12-23_Bjenberg_02_stabilized/2022-12-23 Bjenberg 02_stabilized,1044
target_test,data/raw/NVD/annotated_videos/2022-12-23_Bjenberg_02_stabilized/2022-12-23 Bjenberg 02_stabilized,1045
target_test,data/raw/NVD/annotated_videos/2022-12-23_Bjenberg_02_stabilized/2022-12-23 Bjenberg 02_stabilized,1046
target_test,data/raw/NVD/annotated_videos/2022-12-23_Bjenberg_02_stabilized/2022-12-23 Bjenberg 02_stabilized,1047
target_test,data/raw/NVD/annotated_videos/2022-12-23_Bjenberg_02_stabilized/2022-12-23 Bjenberg 02_stabilized,1048
target_test,data/raw/NVD/annotated_videos/2022-12-23_Bjenberg_02_stabilized/2022-12-23 Bjenberg 02_stabilized,1049
target_test,data/raw/NVD/annotated_videos/2022-12-23_Bjenberg_02_stabilized/2022-12-23 Bjenberg 02_stabilized,1050
target_test,data/raw/NVD/annotated_videos/2022-12-23_Bjenberg_02_stabilized/2022-12-23 Bjenberg 02_stabilized,1051
target_test,data/raw/NVD/annotated_videos/2022-12-23_Bjenberg_02_stabilized/2022-12-23 Bjenberg 02_stabilized,1052
target_test,data/raw/NVD/annotated_videos/2022-12-23_Bjenberg_02_stabilized/2022-12-23 Bjenberg 02_stabilized,1053
target_test,data/raw/NVD/annotated_videos/2022-12-23_Bjenberg_02_stabilized/2022-12-23 Bjenberg 02_stabilized,1054
target_test,data/raw/NVD/annotated_videos/2022-12-23_Bjenberg_02_stabilized/2022-12-23 Bjenberg 02_stabilized,1055
target_test,data/raw/NVD/annotated_videos/2022-12-23_Bjenberg_02_stabilized/2022-12-23 Bjenberg 02_stabilized,1056
target_test,data/raw/NVD/annotated_videos/2022-12-23_Bjenberg_02_stabilized/2022-12-23 Bjenberg 02_stabilized,1057
target_test,data/raw/NVD/annotated_videos/2022-12-23_Bjenberg_02_stabilized/2022-12-23 Bjenberg 02_stabilized,1058
target_test,data/raw/NVD/annotated_videos/2022-12-23_Bjenberg_02_stabilized/2022-12-23 Bjenberg 02_stabilized,1059
target_test,data/raw/NVD/annotated_videos/2022-12-23_Bjenberg_02_stabilized/2022-12-23 Bjenberg 02_stabilized,1060
target_test,data/raw/NVD/annotated_videos/2022-12-23_Bjenberg_02_stabilized/2022-12-23 Bjenberg 02_stabilized,1061
target_test,data/raw/NVD/annotated_videos/2022-12-23_Bjenberg_02_stabilized/2022-12-23 Bjenberg 02_stabilized,1062
target_test,data/raw/NVD/annotated_videos/2022-12-23_Bjenberg_02_stabilized/2022-12-23 Bjenberg 02_stabilized,1063
target_test,data/raw/NVD/annotated_videos/2022-12-23_Bjenberg_02_stabilized/2022-12-23 Bjenberg 02_stabilized,1064
target_test,data/raw/NVD/annotated_videos/2022-12-23_Bjenberg_02_stabilized/2022-12-23 Bjenberg 02_stabilized,1065
target_test,data/raw/NVD/annotated_videos/2022-12-23_Bjenberg_02_stabilized/2022-12-23 Bjenberg 02_stabilized,1066
target_test,data/raw/NVD/annotated_videos/2022-12-23_Bjenberg_02_stabilized/2022-12-23 Bjenberg 02_stabilized,1067
target_test,data/raw/NVD/annotated_videos/2022-12-23_Bjenberg_02_stabilized/2022-12-23 Bjenberg 02_stabilized,1068
target_test,data/raw/NVD/annotated_videos/2022-12-23_Bjenberg_02_stabilized/2022-12-23 Bjenberg 02_stabilized,1069
target_test,data/raw/NVD/annotated_videos/2022-12-23_Bjenberg_02_stabilized/2022-12-23 Bjenberg 02_stabilized,1070
target_test,data/raw/NVD/annotated_videos/2022-12-23_Bjenberg_02_stabilized/2022-12-23 Bjenberg 02_stabilized,1071
target_test,data/raw/NVD/annotated_videos/2022-12-23_Bjenberg_02_stabilized/2022-12-23 Bjenberg 02_stabilized,1072
target_test,data/raw/NVD/annotated_videos/2022-12-23_Bjenberg_02_stabilized/2022-12-23 Bjenberg 02_stabilized,1073
target_test,data/raw/NVD/annotated_videos/2022-12-23_Bjenberg_02_stabilized/2022-12-23 Bjenberg 02_stabilized,1074
target_test,data/raw/NVD/annotated_videos/2022-12-23_Bjenberg_02_stabilized/2022-12-23 Bjenberg 02_stabilized,1075
target_test,data/raw/NVD/annotated_videos/2022-12-23_Bjenberg_02_stabilized/2022-12-23 Bjenberg 02_stabilized,1076
target_test,data/raw/NVD/annotated_videos/2022-12-23_Bjenberg_02_stabilized/2022-12-23 Bjenberg 02_stabilized,1077
target_test,data/raw/NVD/annotated_videos/2022-12-23_Bjenberg_02_stabilized/2022-12-23 Bjenberg 02_stabilized,1078
target_test,data/raw/NVD/annotated_videos/2022-12-23_Bjenberg_02_stabilized/2022-12-23 Bjenberg 02_stabilized,1079
target_test,data/raw/NVD/annotated_videos/2022-12-23_Bjenberg_02_stabilized/2022-12-23 Bjenberg 02_stabilized,1080
target_test,data/raw/NVD/annotated_videos/2022-12-23_Bjenberg_02_stabilized/2022-12-23 Bjenberg 02_stabilized,1081
target_test,data/raw/NVD/annotated_videos/2022-12-23_Bjenberg_02_stabilized/2022-12-23 Bjenberg 02_stabilized,1082
target_test,data/raw/NVD/annotated_videos/2022-12-23_Bjenberg_02_stabilized/2022-12-23 Bjenberg 02_stabilized,1083
target_test,data/raw/NVD/annotated_videos/2022-12-23_Bjenberg_02_stabilized/2022-12-23 Bjenberg 02_stabilized,1084
target_test,data/raw/NVD/annotated_videos/2022-12-23_Bjenberg_02_stabilized/2022-12-23 Bjenberg 02_stabilized,1085
target_test,data/raw/NVD/annotated_videos/2022-12-23_Bjenberg_02_stabilized/2022-12-23 Bjenberg 02_stabilized,1086
target_test,data/raw/NVD/annotated_videos/2022-12-23_Bjenberg_02_stabilized/2022-12-23 Bjenberg 02_stabilized,1087
target_test,data/raw/NVD/annotated_videos/2022-12-23_Bjenberg_02_stabilized/2022-12-23 Bjenberg 02_stabilized,1088
target_test,data/raw/NVD/annotated_videos/2022-12-23_Bjenberg_02_stabilized/2022-12-23 Bjenberg 02_stabilized,1089
target_test,data/raw/NVD/annotated_videos/2022-12-23_Bjenberg_02_stabilized/2022-12-23 Bjenberg 02_stabilized,1090
target_test,data/raw/NVD/annotated_videos/2022-12-23_Bjenberg_02_stabilized/2022-12-23 Bjenberg 02_stabilized,1091
target_test,data/raw/NVD/annotated_videos/2022-12-23_Bjenberg_02_stabilized/2022-12-23 Bjenberg 02_stabilized,1092
target_test,data/raw/NVD/annotated_videos/2022-12-23_Bjenberg_02_stabilized/2022-12-23 Bjenberg 02_stabilized,1093
target_test,data/raw/NVD/annotated_videos/2022-12-23_Bjenberg_02_stabilized/2022-12-23 Bjenberg 02_stabilized,1094
target_test,data/raw/NVD/annotated_videos/2022-12-23_Bjenberg_02_stabilized/2022-12-23 Bjenberg 02_stabilized,1095
target_test,data/raw/NVD/annotated_videos/2022-12-23_Bjenberg_02_stabilized/2022-12-23 Bjenberg 02_stabilized,1096
target_test,data/raw/NVD/annotated_videos/2022-12-23_Bjenberg_02_stabilized/2022-12-23 Bjenberg 02_stabilized,1097
target_test,data/raw/NVD/annotated_videos/2022-12-23_Bjenberg_02_stabilized/2022-12-23 Bjenberg 02_stabilized,1098
target_test,data/raw/NVD/annotated_videos/2022-12-23_Bjenberg_02_stabilized/2022-12-23 Bjenberg 02_stabilized,1099
target_test,data/raw/NVD/annotated_videos/2022-12-23_Bjenberg_02_stabilized/2022-12-23 Bjenberg 02_stabilized,1100
target_test,data/raw/NVD/annotated_videos/2022-12-23_Bjenberg_02_stabilized/2022-12-23 Bjenberg 02_stabilized,1101
target_test,data/raw/NVD/annotated_videos/2022-12-23_Bjenberg_02_stabilized/2022-12-23 Bjenberg 02_stabilized,1102
target_test,data/raw/NVD/annotated_videos/2022-12-23_Bjenberg_02_stabilized/2022-12-23 Bjenberg 02_stabilized,1103
target_test,data/raw/NVD/annotated_videos/2022-12-23_Bjenberg_02_stabilized/2022-12-23 Bjenberg 02_stabilized,1104
target_test,data/raw/NVD/annotated_videos/2022-12-23_Bjenberg_02_stabilized/2022-12-23 Bjenberg 02_stabilized,1105
target_test,data/raw/NVD/annotated_videos/2022-12-23_Bjenberg_02_stabilized/2022-12-23 Bjenberg 02_stabilized,1106
target_test,data/raw/NVD/annotated_videos/2022-12-23_Bjenberg_02_stabilized/2022-12-23 Bjenberg 02_stabilized,1107
target_test,data/raw/NVD/annotated_videos/2022-12-23_Bjenberg_02_stabilized/2022-12-23 Bjenberg 02_stabilized,1108
target_test,data/raw/NVD/annotated_videos/2022-12-23_Bjenberg_02_stabilized/2022-12-23 Bjenberg 02_stabilized,1109
target_test,data/raw/NVD/annotated_videos/2022-12-23_Bjenberg_02_stabilized/2022-12-23 Bjenberg 02_stabilized,1110
target_test,data/raw/NVD/annotated_videos/2022-12-23_Bjenberg_02_stabilized/2022-12-23 Bjenberg 02_stabilized,1111
target_test,data/raw/NVD/annotated_videos/2022-12-23_Bjenberg_02_stabilized/2022-12-23 Bjenberg 02_stabilized,1112
target_test,data/raw/NVD/annotated_videos/2022-12-23_Bjenberg_02_stabilized/2022-12-23 Bjenberg 02_stabilized,1113
target_test,data/raw/NVD/annotated_videos/2022-12-23_Bjenberg_02_stabilized/2022-12-23 Bjenberg 02_stabilized,1114
target_test,data/raw/NVD/annotated_videos/2022-12-23_Bjenberg_02_stabilized/2022-12-23 Bjenberg 02_stabilized,1115
target_test,data/raw/NVD/annotated_videos/2022-12-23_Bjenberg_02_stabilized/2022-12-23 Bjenberg 02_stabilized,1116
target_test,data/raw/NVD/annotated_videos/2022-12-23_Bjenberg_02_stabilized/2022-12-23 Bjenberg 02_stabilized,1117
target_test,data/raw/NVD/annotated_videos/2022-12-23_Bjenberg_02_stabilized/2022-12-23 Bjenberg 02_stabilized,1118
target_test,data/raw/NVD/annotated_videos/2022-12-23_Bjenberg_02_stabilized/2022-12-23 Bjenberg 02_stabilized,1119
target_test,data/raw/NVD/annotated_videos/2022-12-23_Bjenberg_02_stabilized/2022-12-23 Bjenberg 02_stabilized,1120
target_test,data/raw/NVD/annotated_videos/2022-12-23_Bjenberg_02_stabilized/2022-12-23 Bjenberg 02_stabilized,1121
target_test,data/raw/NVD/annotated_videos/2022-12-23_Bjenberg_02_stabilized/2022-12-23 Bjenberg 02_stabilized,1122
target_test,data/raw/NVD/annotated_videos/2022-12-23_Bjenberg_02_stabilized/2022-12-23 Bjenberg 02_stabilized,1123
target_test,data/raw/NVD/annotated_videos/2022-12-23_Bjenberg_02_stabilized/2022-12-23 Bjenberg 02_stabilized,1124
target_test,data/raw/NVD/annotated_videos/2022-12-23_Bjenberg_02_stabilized/2022-12-23 Bjenberg 02_stabilized,1125
target_test,data/raw/NVD/annotated_videos/2022-12-23_Bjenberg_02_stabilized/2022-12-23 Bjenberg 02_stabilized,1126
target_test,data/raw/NVD/annotated_videos/2022-12-23_Bjenberg_02_stabilized/2022-12-23 Bjenberg 02_stabilized,1127
target_test,data/raw/NVD/annotated_videos/2022-12-23_Bjenberg_02_stabilized/2022-12-23 Bjenberg 02_stabilized,1128
target_test,data/raw/NVD/annotated_videos/2022-12-23_Bjenberg_02_stabilized/2022-12-23 Bjenberg 02_stabilized,1129
target_test,data/raw/NVD/annotated_videos/2022-12-23_Bjenberg_02_stabilized/2022-12-23 Bjenberg 02_stabilized,1130
target_test,data/raw/NVD/annotated_videos/2022-12-23_Bjenberg_02_stabilized/2022-12-23 Bjenberg 02_stabilized,1131
target_test,data/raw/NVD/annotated_videos/2022-12-23_Bjenberg_02_stabilized/2022-12-23 Bjenberg 02_stabilized,1132
target_test,data/raw/NVD/annotated_videos/2022-12-23_Bjenberg_02_stabilized/2022-12-23 Bjenberg 02_stabilized,1133
target_test,data/raw/NVD/annotated_videos/2022-12-23_Bjenberg_02_stabilized/2022-12-23 Bjenberg 02_stabilized,1134
target_test,data/raw/NVD/annotated_videos/2022-12-23_Bjenberg_02_stabilized/2022-12-23 Bjenberg 02_stabilized,1135
target_test,data/raw/NVD/annotated_videos/2022-12-23_Bjenberg_02_stabilized/2022-12-23 Bjenberg 02_stabilized,1136
target_test,data/raw/NVD/annotated_videos/2022-12-23_Bjenberg_02_stabilized/2022-12-23 Bjenberg 02_stabilized,1137
target_test,data/raw/NVD/annotated_videos/2022-12-23_Bjenberg_02_stabilized/2022-12-23 Bjenberg 02_stabilized,1138
target_test,data/raw/NVD/annotated_videos/2022-12-23_Bjenberg_02_stabilized/2022-12-23 Bjenberg 02_stabilized,1139
target_test,data/raw/NVD/annotated_videos/2022-12-23_Bjenberg_02_stabilized/2022-12-23 Bjenberg 02_stabilized,1140
target_test,data/raw/NVD/annotated_videos/2022-12-23_Bjenberg_02_stabilized/2022-12-23 Bjenberg 02_stabilized,1141
target_test,data/raw/NVD/annotated_videos/2022-12-23_Bjenberg_02_stabilized/2022-12-23 Bjenberg 02_stabilized,1142
target_test,data/raw/NVD/annotated_videos/2022-12-23_Bjenberg_02_stabilized/2022-12-23 Bjenberg 02_stabilized,1143
target_test,data/raw/NVD/annotated_videos/2022-12-23_Bjenberg_02_stabilized/2022-12-23 Bjenberg 02_stabilized,1144
target_test,data/raw/NVD/annotated_videos/2022-12-23_Bjenberg_02_stabilized/2022-12-23 Bjenberg 02_stabilized,1145
target_test,data/raw/NVD/annotated_videos/2022-12-23_Bjenberg_02_stabilized/2022-12-23 Bjenberg 02_stabilized,1146
target_test,data/raw/NVD/annotated_videos/2022-12-23_Bjenberg_02_stabilized/2022-12-23 Bjenberg 02_stabilized,1147
target_test,data/raw/NVD/annotated_videos/2022-12-23_Bjenberg_02_stabilized/2022-12-23 Bjenberg 02_stabilized,1148
target_test,data/raw/NVD/annotated_videos/2022-12-23_Bjenberg_02_stabilized/2022-12-23 Bjenberg 02_stabilized,1149
target_test,data/raw/NVD/annotated_videos/2022-12-23_Bjenberg_02_stabilized/2022-12-23 Bjenberg 02_stabilized,1150
target_test,data/raw/NVD/annotated_videos/2022-12-23_Bjenberg_02_stabilized/2022-12-23 Bjenberg 02_stabilized,1151
target_test,data/raw/NVD/annotated_videos/2022-12-23_Bjenberg_02_stabilized/2022-12-23 Bjenberg 02_stabilized,1152
target_test,data/raw/NVD/annotated_videos/2022-12-23_Bjenberg_02_stabilized/2022-12-23 Bjenberg 02_stabilized,1153
target_test,data/raw/NVD/annotated_videos/2022-12-23_Bjenberg_02_stabilized/2022-12-23 Bjenberg 02_stabilized,1154
target_test,data/raw/NVD/annotated_videos/2022-12-23_Bjenberg_02_stabilized/2022-12-23 Bjenberg 02_stabilized,1155
target_test,data/raw/NVD/annotated_videos/2022-12-23_Bjenberg_02_stabilized/2022-12-23 Bjenberg 02_stabilized,1156
target_test,data/raw/NVD/annotated_videos/2022-12-23_Bjenberg_02_stabilized/2022-12-23 Bjenberg 02_stabilized,1157
target_test,data/raw/NVD/annotated_videos/2022-12-23_Bjenberg_02_stabilized/2022-12-23 Bjenberg 02_stabilized,1158
target_test,data/raw/NVD/annotated_videos/2022-12-23_Bjenberg_02_stabilized/2022-12-23 Bjenberg 02_stabilized,1159
target_test,data/raw/NVD/annotated_videos/2022-12-23_Bjenberg_02_stabilized/2022-12-23 Bjenberg 02_stabilized,1160
target_test,data/raw/NVD/annotated_videos/2022-12-23_Bjenberg_02_stabilized/2022-12-23 Bjenberg 02_stabilized,1161
target_test,data/raw/NVD/annotated_videos/2022-12-23_Bjenberg_02_stabilized/2022-12-23 Bjenberg 02_stabilized,1162
target_test,data/raw/NVD/annotated_videos/2022-12-23_Bjenberg_02_stabilized/2022-12-23 Bjenberg 02_stabilized,1163
target_test,data/raw/NVD/annotated_videos/2022-12-23_Bjenberg_02_stabilized/2022-12-23 Bjenberg 02_stabilized,1164
target_test,data/raw/NVD/annotated_videos/2022-12-23_Bjenberg_02_stabilized/2022-12-23 Bjenberg 02_stabilized,1165
target_test,data/raw/NVD/annotated_videos/2022-12-23_Bjenberg_02_stabilized/2022-12-23 Bjenberg 02_stabilized,1166
target_test,data/raw/NVD/annotated_videos/2022-12-23_Bjenberg_02_stabilized/2022-12-23 Bjenberg 02_stabilized,1167
target_test,data/raw/NVD/annotated_videos/2022-12-23_Bjenberg_02_stabilized/2022-12-23 Bjenberg 02_stabilized,1168
target_test,data/raw/NVD/annotated_videos/2022-12-23_Bjenberg_02_stabilized/2022-12-23 Bjenberg 02_stabilized,1169
target_test,data/raw/NVD/annotated_videos/2022-12-23_Bjenberg_02_stabilized/2022-12-23 Bjenberg 02_stabilized,1170
target_test,data/raw/NVD/annotated_videos/2022-12-23_Bjenberg_02_stabilized/2022-12-23 Bjenberg 02_stabilized,1171
target_test,data/raw/NVD/annotated_videos/2022-12-23_Bjenberg_02_stabilized/2022-12-23 Bjenberg 02_stabilized,1172
target_test,data/raw/NVD/annotated_videos/2022-12-23_Bjenberg_02_stabilized/2022-12-23 Bjenberg 02_stabilized,1173
target_test,data/raw/NVD/annotated_videos/2022-12-23_Bjenberg_02_stabilized/2022-12-23 Bjenberg 02_stabilized,1174
target_test,data/raw/NVD/annotated_videos/2022-12-23_Bjenberg_02_stabilized/2022-12-23 Bjenberg 02_stabilized,1175
target_test,data/raw/NVD/annotated_videos/2022-12-23_Bjenberg_02_stabilized/2022-12-23 Bjenberg 02_stabilized,1176
target_test,data/raw/NVD/annotated_videos/2022-12-23_Bjenberg_02_stabilized/2022-12-23 Bjenberg 02_stabilized,1177
target_test,data/raw/NVD/annotated_videos/2022-12-23_Bjenberg_02_stabilized/2022-12-23 Bjenberg 02_stabilized,1178
target_test,data/raw/NVD/annotated_videos/2022-12-23_Bjenberg_02_stabilized/2022-12-23 Bjenberg 02_stabilized,1179
target_test,data/raw/NVD/annotated_videos/2022-12-23_Bjenberg_02_stabilized/2022-12-23 Bjenberg 02_stabilized,1180
target_test,data/raw/NVD/annotated_videos/2022-12-23_Bjenberg_02_stabilized/2022-12-23 Bjenberg 02_stabilized,1181
target_test,data/raw/NVD/annotated_videos/2022-12-23_Bjenberg_02_stabilized/2022-12-23 Bjenberg 02_stabilized,1182
target_test,data/raw/NVD/annotated_videos/2022-12-23_Bjenberg_02_stabilized/2022-12-23 Bjenberg 02_stabilized,1183
target_test,data/raw/NVD/annotated_videos/2022-12-23_Bjenberg_02_stabilized/2022-12-23 Bjenberg 02_stabilized,1184
target_test,data/raw/NVD/annotated_videos/2022-12-23_Bjenberg_02_stabilized/2022-12-23 Bjenberg 02_stabilized,1185
target_test,data/raw/NVD/annotated_videos/2022-12-23_Bjenberg_02_stabilized/2022-12-23 Bjenberg 02_stabilized,1186
target_test,data/raw/NVD/annotated_videos/2022-12-23_Bjenberg_02_stabilized/2022-12-23 Bjenberg 02_stabilized,1187
target_test,data/raw/NVD/annotated_videos/2022-12-23_Bjenberg_02_stabilized/2022-12-23 Bjenberg 02_stabilized,1188
target_test,data/raw/NVD/annotated_videos/2022-12-23_Bjenberg_02_stabilized/2022-12-23 Bjenberg 02_stabilized,1189
target_test,data/raw/NVD/annotated_videos/2022-12-23_Bjenberg_02_stabilized/2022-12-23 Bjenberg 02_stabilized,1190
target_test,data/raw/NVD/annotated_videos/2022-12-23_Bjenberg_02_stabilized/2022-12-23 Bjenberg 02_stabilized,1191
target_test,data/raw/NVD/annotated_videos/2022-12-23_Bjenberg_02_stabilized/2022-12-23 Bjenberg 02_stabilized,1192
target_test,data/raw/NVD/annotated_videos/2022-12-23_Bjenberg_02_stabilized/2022-12-23 Bjenberg 02_stabilized,1193
target_test,data/raw/NVD/annotated_videos/2022-12-23_Bjenberg_02_stabilized/2022-12-23 Bjenberg 02_stabilized,1194
target_test,data/raw/NVD/annotated_videos/2022-12-23_Bjenberg_02_stabilized/2022-12-23 Bjenberg 02_stabilized,1195
target_test,data/raw/NVD/annotated_videos/2022-12-23_Bjenberg_02_stabilized/2022-12-23 Bjenberg 02_stabilized,1196
target_test,data/raw/NVD/annotated_videos/2022-12-23_Bjenberg_02_stabilized/2022-12-23 Bjenberg 02_stabilized,1197
target_test,data/raw/NVD/annotated_videos/2022-12-23_Bjenberg_02_stabilized/2022-12-23 Bjenberg 02_stabilized,1198
target_test,data/raw/NVD/annotated_videos/2022-12-23_Bjenberg_02_stabilized/2022-12-23 Bjenberg 02_stabilized,1199
target_test,data/raw/NVD/annotated_videos/2022-12-23_Bjenberg_02_stabilized/2022-12-23 Bjenberg 02_stabilized,1200
target_test,data/raw/NVD/annotated_videos/2022-12-23_Bjenberg_02_stabilized/2022-12-23 Bjenberg 02_stabilized,1201
target_test,data/raw/NVD/annotated_videos/2022-12-23_Bjenberg_02_stabilized/2022-12-23 Bjenberg 02_stabilized,1202
target_test,data/raw/NVD/annotated_videos/2022-12-23_Bjenberg_02_stabilized/2022-12-23 Bjenberg 02_stabilized,1203
target_test,data/raw/NVD/annotated_videos/2022-12-23_Bjenberg_02_stabilized/2022-12-23 Bjenberg 02_stabilized,1204
target_test,data/raw/NVD/annotated_videos/2022-12-23_Bjenberg_02_stabilized/2022-12-23 Bjenberg 02_stabilized,1205
target_test,data/raw/NVD/annotated_videos/2022-12-23_Bjenberg_02_stabilized/2022-12-23 Bjenberg 02_stabilized,1206
target_test,data/raw/NVD/annotated_videos/2022-12-23_Bjenberg_02_stabilized/2022-12-23 Bjenberg 02_stabilized,1207
target_test,data/raw/NVD/annotated_videos/2022-12-23_Bjenberg_02_stabilized/2022-12-23 Bjenberg 02_stabilized,1208
target_test,data/raw/NVD/annotated_videos/2022-12-23_Bjenberg_02_stabilized/2022-12-23 Bjenberg 02_stabilized,1209
target_test,data/raw/NVD/annotated_videos/2022-12-23_Bjenberg_02_stabilized/2022-12-23 Bjenberg 02_stabilized,1210
target_test,data/raw/NVD/annotated_videos/2022-12-23_Bjenberg_02_stabilized/2022-12-23 Bjenberg 02_stabilized,1211
target_test,data/raw/NVD/annotated_videos/2022-12-23_Bjenberg_02_stabilized/2022-12-23 Bjenberg 02_stabilized,1212
target_test,data/raw/NVD/annotated_videos/2022-12-23_Bjenberg_02_stabilized/2022-12-23 Bjenberg 02_stabilized,1213
target_test,data/raw/NVD/annotated_videos/2022-12-23_Bjenberg_02_stabilized/2022-12-23 Bjenberg 02_stabilized,1214
target_test,data/raw/NVD/annotated_videos/2022-12-23_Bjenberg_02_stabilized/2022-12-23 Bjenberg 02_stabilized,1215
target_test,data/raw/NVD/annotated_videos/2022-12-23_Bjenberg_02_stabilized/2022-12-23 Bjenberg 02_stabilized,1216
target_test,data/raw/NVD/annotated_videos/2022-12-23_Bjenberg_02_stabilized/2022-12-23 Bjenberg 02_stabilized,1217
target_test,data/raw/NVD/annotated_videos/2022-12-23_Bjenberg_02_stabilized/2022-12-23 Bjenberg 02_stabilized,1218
target_test,data/raw/NVD/annotated_videos/2022-12-23_Bjenberg_02_stabilized/2022-12-23 Bjenberg 02_stabilized,1219
target_test,data/raw/NVD/annotated_videos/2022-12-23_Bjenberg_02_stabilized/2022-12-23 Bjenberg 02_stabilized,1220
target_test,data/raw/NVD/annotated_videos/2022-12-23_Bjenberg_02_stabilized/2022-12-23 Bjenberg 02_stabilized,1221
target_test,data/raw/NVD/annotated_videos/2022-12-23_Bjenberg_02_stabilized/2022-12-23 Bjenberg 02_stabilized,1222
target_test,data/raw/NVD/annotated_videos/2022-12-23_Bjenberg_02_stabilized/2022-12-23 Bjenberg 02_stabilized,1223
target_test,data/raw/NVD/annotated_videos/2022-12-23_Bjenberg_02_stabilized/2022-12-23 Bjenberg 02_stabilized,1224
target_test,data/raw/NVD/annotated_videos/2022-12-23_Bjenberg_02_stabilized/2022-12-23 Bjenberg 02_stabilized,1225
target_test,data/raw/NVD/annotated_videos/2022-12-23_Bjenberg_02_stabilized/2022-12-23 Bjenberg 02_stabilized,1226
target_test,data/raw/NVD/annotated_videos/2022-12-23_Bjenberg_02_stabilized/2022-12-23 Bjenberg 02_stabilized,1227
target_test,data/raw/NVD/annotated_videos/2022-12-23_Bjenberg_02_stabilized/2022-12-23 Bjenberg 02_stabilized,1228
target_test,data/raw/NVD/annotated_videos/2022-12-23_Bjenberg_02_stabilized/2022-12-23 Bjenberg 02_stabilized,1229
target_test,data/raw/NVD/annotated_videos/2022-12-23_Bjenberg_02_stabilized/2022-12-23 Bjenberg 02_stabilized,1230
target_test,data/raw/NVD/annotated_videos/2022-12-23_Bjenberg_02_stabilized/2022-12-23 Bjenberg 02_stabilized,1231
target_test,data/raw/NVD/annotated_videos/2022-12-23_Bjenberg_02_stabilized/2022-12-23 Bjenberg 02_stabilized,1232
target_test,data/raw/NVD/annotated_videos/2022-12-23_Bjenberg_02_stabilized/2022-12-23 Bjenberg 02_stabilized,1233
target_test,data/raw/NVD/annotated_videos/2022-12-23_Bjenberg_02_stabilized/2022-12-23 Bjenberg 02_stabilized,1234
target_test,data/raw/NVD/annotated_videos/2022-12-23_Bjenberg_02_stabilized/2022-12-23 Bjenberg 02_stabilized,1235
target_test,data/raw/NVD/annotated_videos/2022-12-23_Bjenberg_02_stabilized/2022-12-23 Bjenberg 02_stabilized,1236
target_test,data/raw/NVD/annotated_videos/2022-12-23_Bjenberg_02_stabilized/2022-12-23 Bjenberg 02_stabilized,1237
target_test,data/raw/NVD/annotated_videos/2022-12-23_Bjenberg_02_stabilized/2022-12-23 Bjenberg 02_stabilized,1238
target_test,data/raw/NVD/annotated_videos/2022-12-23_Bjenberg_02_stabilized/2022-12-23 Bjenberg 02_stabilized,1239
target_test,data/raw/NVD/annotated_videos/2022-12-23_Bjenberg_02_stabilized/2022-12-23 Bjenberg 02_stabilized,1240
target_test,data/raw/NVD/annotated_videos/2022-12-23_Bjenberg_02_stabilized/2022-12-23 Bjenberg 02_stabilized,1241
target_test,data/raw/NVD/annotated_videos/2022-12-23_Bjenberg_02_stabilized/2022-12-23 Bjenberg 02_stabilized,1242
target_test,data/raw/NVD/annotated_videos/2022-12-23_Bjenberg_02_stabilized/2022-12-23 Bjenberg 02_stabilized,1243
target_test,data/raw/NVD/annotated_videos/2022-12-23_Bjenberg_02_stabilized/2022-12-23 Bjenberg 02_stabilized,1244
target_test,data/raw/NVD/annotated_videos/2022-12-23_Bjenberg_02_stabilized/2022-12-23 Bjenberg 02_stabilized,1245
target_test,data/raw/NVD/annotated_videos/2022-12-23_Bjenberg_02_stabilized/2022-12-23 Bjenberg 02_stabilized,1246
target_test,data/raw/NVD/annotated_videos/2022-12-23_Bjenberg_02_stabilized/2022-12-23 Bjenberg 02_stabilized,1247
target_test,data/raw/NVD/annotated_videos/2022-12-23_Bjenberg_02_stabilized/2022-12-23 Bjenberg 02_stabilized,1248
target_test,data/raw/NVD/annotated_videos/2022-12-23_Bjenberg_02_stabilized/2022-12-23 Bjenberg 02_stabilized,1249
target_test,data/raw/NVD/annotated_videos/2022-12-23_Bjenberg_02_stabilized/2022-12-23 Bjenberg 02_stabilized,1250
target_test,data/raw/NVD/annotated_videos/2022-12-23_Bjenberg_02_stabilized/2022-12-23 Bjenberg 02_stabilized,1251
target_test,data/raw/NVD/annotated_videos/2022-12-23_Bjenberg_02_stabilized/2022-12-23 Bjenberg 02_stabilized,1252
target_test,data/raw/NVD/annotated_videos/2022-12-23_Bjenberg_02_stabilized/2022-12-23 Bjenberg 02_stabilized,1253
target_test,data/raw/NVD/annotated_videos/2022-12-23_Bjenberg_02_stabilized/2022-12-23 Bjenberg 02_stabilized,1254
target_test,data/raw/NVD/annotated_videos/2022-12-23_Bjenberg_02_stabilized/2022-12-23 Bjenberg 02_stabilized,1255
target_test,data/raw/NVD/annotated_videos/2022-12-23_Bjenberg_02_stabilized/2022-12-23 Bjenberg 02_stabilized,1256
target_test,data/raw/NVD/annotated_videos/2022-12-23_Bjenberg_02_stabilized/2022-12-23 Bjenberg 02_stabilized,1257
target_test,data/raw/NVD/annotated_videos/2022-12-23_Bjenberg_02_stabilized/2022-12-23 Bjenberg 02_stabilized,1258
target_test,data/raw/NVD/annotated_videos/2022-12-23_Bjenberg_02_stabilized/2022-12-23 Bjenberg 02_stabilized,1259
target_test,data/raw/NVD/annotated_videos/2022-12-23_Bjenberg_02_stabilized/2022-12-23 Bjenberg 02_stabilized,1260
target_test,data/raw/NVD/annotated_videos/2022-12-23_Bjenberg_02_stabilized/2022-12-23 Bjenberg 02_stabilized,1261
target_test,data/raw/NVD/annotated_videos/2022-12-23_Bjenberg_02_stabilized/2022-12-23 Bjenberg 02_stabilized,1262
target_test,data/raw/NVD/annotated_videos/2022-12-23_Bjenberg_02_stabilized/2022-12-23 Bjenberg 02_stabilized,1263
target_test,data/raw/NVD/annotated_videos/2022-12-23_Bjenberg_02_stabilized/2022-12-23 Bjenberg 02_stabilized,1264
target_test,data/raw/NVD/annotated_videos/2022-12-23_Bjenberg_02_stabilized/2022-12-23 Bjenberg 02_stabilized,1265
target_test,data/raw/NVD/annotated_videos/2022-12-23_Bjenberg_02_stabilized/2022-12-23 Bjenberg 02_stabilized,1266
target_test,data/raw/NVD/annotated_videos/2022-12-23_Bjenberg_02_stabilized/2022-12-23 Bjenberg 02_stabilized,1267
target_test,data/raw/NVD/annotated_videos/2022-12-23_Bjenberg_02_stabilized/2022-12-23 Bjenberg 02_stabilized,1268
target_test,data/raw/NVD/annotated_videos/2022-12-23_Bjenberg_02_stabilized/2022-12-23 Bjenberg 02_stabilized,1269
target_test,data/raw/NVD/annotated_videos/2022-12-23_Bjenberg_02_stabilized/2022-12-23 Bjenberg 02_stabilized,1270
target_test,data/raw/NVD/annotated_videos/2022-12-23_Bjenberg_02_stabilized/2022-12-23 Bjenberg 02_stabilized,1271
target_test,data/raw/NVD/annotated_videos/2022-12-23_Bjenberg_02_stabilized/2022-12-23 Bjenberg 02_stabilized,1272
target_test,data/raw/NVD/annotated_videos/2022-12-23_Bjenberg_02_stabilized/2022-12-23 Bjenberg 02_stabilized,1273
target_test,data/raw/NVD/annotated_videos/2022-12-23_Bjenberg_02_stabilized/2022-12-23 Bjenberg 02_stabilized,1274
target_test,data/raw/NVD/annotated_videos/2022-12-23_Bjenberg_02_stabilized/2022-12-23 Bjenberg 02_stabilized,1275
target_test,data/raw/NVD/annotated_videos/2022-12-23_Bjenberg_02_stabilized/2022-12-23 Bjenberg 02_stabilized,1276
target_test,data/raw/NVD/annotated_videos/2022-12-23_Bjenberg_02_stabilized/2022-12-23 Bjenberg 02_stabilized,1277
target_test,data/raw/NVD/annotated_videos/2022-12-23_Bjenberg_02_stabilized/2022-12-23 Bjenberg 02_stabilized,1278
target_test,data/raw/NVD/annotated_videos/2022-12-23_Bjenberg_02_stabilized/2022-12-23 Bjenberg 02_stabilized,1279
target_test,data/raw/NVD/annotated_videos/2022-12-23_Bjenberg_02_stabilized/2022-12-23 Bjenberg 02_stabilized,1280
target_test,data/raw/NVD/annotated_videos/2022-12-23_Bjenberg_02_stabilized/2022-12-23 Bjenberg 02_stabilized,1281
target_test,data/raw/NVD/annotated_videos/2022-12-23_Bjenberg_02_stabilized/2022-12-23 Bjenberg 02_stabilized,1282
target_test,data/raw/NVD/annotated_videos/2022-12-23_Bjenberg_02_stabilized/2022-12-23 Bjenberg 02_stabilized,1283
target_test,data/raw/NVD/annotated_videos/2022-12-23_Bjenberg_02_stabilized/2022-12-23 Bjenberg 02_stabilized,1284
target_test,data/raw/NVD/annotated_videos/2022-12-23_Bjenberg_02_stabilized/2022-12-23 Bjenberg 02_stabilized,1285
target_test,data/raw/NVD/annotated_videos/2022-12-23_Bjenberg_02_stabilized/2022-12-23 Bjenberg 02_stabilized,1286
target_test,data/raw/NVD/annotated_videos/2022-12-23_Bjenberg_02_stabilized/2022-12-23 Bjenberg 02_stabilized,1287
target_test,data/raw/NVD/annotated_videos/2022-12-23_Bjenberg_02_stabilized/2022-12-23 Bjenberg 02_stabilized,1288
target_test,data/raw/NVD/annotated_videos/2022-12-23_Bjenberg_02_stabilized/2022-12-23 Bjenberg 02_stabilized,1289
target_test,data/raw/NVD/annotated_videos/2022-12-23_Bjenberg_02_stabilized/2022-12-23 Bjenberg 02_stabilized,1290
target_test,data/raw/NVD/annotated_videos/2022-12-23_Bjenberg_02_stabilized/2022-12-23 Bjenberg 02_stabilized,1291
target_test,data/raw/NVD/annotated_videos/2022-12-23_Bjenberg_02_stabilized/2022-12-23 Bjenberg 02_stabilized,1292
target_test,data/raw/NVD/annotated_videos/2022-12-23_Bjenberg_02_stabilized/2022-12-23 Bjenberg 02_stabilized,1293
target_test,data/raw/NVD/annotated_videos/2022-12-23_Bjenberg_02_stabilized/2022-12-23 Bjenberg 02_stabilized,1294
target_test,data/raw/NVD/annotated_videos/2022-12-23_Bjenberg_02_stabilized/2022-12-23 Bjenberg 02_stabilized,1295
target_test,data/raw/NVD/annotated_videos/2022-12-23_Bjenberg_02_stabilized/2022-12-23 Bjenberg 02_stabilized,1296
target_test,data/raw/NVD/annotated_videos/2022-12-23_Bjenberg_02_stabilized/2022-12-23 Bjenberg 02_stabilized,1297
target_test,data/raw/NVD/annotated_videos/2022-12-23_Bjenberg_02_stabilized/2022-12-23 Bjenberg 02_stabilized,1298
target_test,data/raw/NVD/annotated_videos/2022-12-23_Bjenberg_02_stabilized/2022-12-23 Bjenberg 02_stabilized,1299
target_test,data/raw/NVD/annotated_videos/2022-12-23_Bjenberg_02_stabilized/2022-12-23 Bjenberg 02_stabilized,1300
target_test,data/raw/NVD/annotated_videos/2022-12-23_Bjenberg_02_stabilized/2022-12-23 Bjenberg 02_stabilized,1301
target_test,data/raw/NVD/annotated_videos/2022-12-23_Bjenberg_02_stabilized/2022-12-23 Bjenberg 02_stabilized,1302
target_test,data/raw/NVD/annotated_videos/2022-12-23_Bjenberg_02_stabilized/2022-12-23 Bjenberg 02_stabilized,1303
target_test,data/raw/NVD/annotated_videos/2022-12-23_Bjenberg_02_stabilized/2022-12-23 Bjenberg 02_stabilized,1304
target_test,data/raw/NVD/annotated_videos/2022-12-23_Bjenberg_02_stabilized/2022-12-23 Bjenberg 02_stabilized,1305
target_test,data/raw/NVD/annotated_videos/2022-12-23_Bjenberg_02_stabilized/2022-12-23 Bjenberg 02_stabilized,1306
target_test,data/raw/NVD/annotated_videos/2022-12-23_Bjenberg_02_stabilized/2022-12-23 Bjenberg 02_stabilized,1307
target_test,data/raw/NVD/annotated_videos/2022-12-23_Bjenberg_02_stabilized/2022-12-23 Bjenberg 02_stabilized,1308
target_test,data/raw/NVD/annotated_videos/2022-12-23_Bjenberg_02_stabilized/2022-12-23 Bjenberg 02_stabilized,1309
target_test,data/raw/NVD/annotated_videos/2022-12-23_Bjenberg_02_stabilized/2022-12-23 Bjenberg 02_stabilized,1310
target_test,data/raw/NVD/annotated_videos/2022-12-23_Bjenberg_02_stabilized/2022-12-23 Bjenberg 02_stabilized,1311
target_test,data/raw/NVD/annotated_videos/2022-12-23_Bjenberg_02_stabilized/2022-12-23 Bjenberg 02_stabilized,1312
target_test,data/raw/NVD/annotated_videos/2022-12-23_Bjenberg_02_stabilized/2022-12-23 Bjenberg 02_stabilized,1313
target_test,data/raw/NVD/annotated_videos/2022-12-23_Bjenberg_02_stabilized/2022-12-23 Bjenberg 02_stabilized,1314
target_test,data/raw/NVD/annotated_videos/2022-12-23_Bjenberg_02_stabilized/2022-12-23 Bjenberg 02_stabilized,1315
target_test,data/raw/NVD/annotated_videos/2022-12-23_Bjenberg_02_stabilized/2022-12-23 Bjenberg 02_stabilized,1316
target_test,data/raw/NVD/annotated_videos/2022-12-23_Bjenberg_02_stabilized/2022-12-23 Bjenberg 02_stabilized,1317
target_test,data/raw/NVD/annotated_videos/2022-12-23_Bjenberg_02_stabilized/2022-12-23 Bjenberg 02_stabilized,1318
target_test,data/raw/NVD/annotated_videos/2022-12-23_Bjenberg_02_stabilized/2022-12-23 Bjenberg 02_stabilized,1319
target_test,data/raw/NVD/annotated_videos/2022-12-23_Bjenberg_02_stabilized/2022-12-23 Bjenberg 02_stabilized,1320
target_test,data/raw/NVD/annotated_videos/2022-12-23_Bjenberg_02_stabilized/2022-12-23 Bjenberg 02_stabilized,1321
target_test,data/raw/NVD/annotated_videos/2022-12-23_Bjenberg_02_stabilized/2022-12-23 Bjenberg 02_stabilized,1322
target_test,data/raw/NVD/annotated_videos/2022-12-23_Bjenberg_02_stabilized/2022-12-23 Bjenberg 02_stabilized,1323
target_test,data/raw/NVD/annotated_videos/2022-12-23_Bjenberg_02_stabilized/2022-12-23 Bjenberg 02_stabilized,1324
target_test,data/raw/NVD/annotated_videos/2022-12-23_Bjenberg_02_stabilized/2022-12-23 Bjenberg 02_stabilized,1325
target_test,data/raw/NVD/annotated_videos/2022-12-23_Bjenberg_02_stabilized/2022-12-23 Bjenberg 02_stabilized,1326
target_test,data/raw/NVD/annotated_videos/2022-12-23_Bjenberg_02_stabilized/2022-12-23 Bjenberg 02_stabilized,1327
target_test,data/raw/NVD/annotated_videos/2022-12-23_Bjenberg_02_stabilized/2022-12-23 Bjenberg 02_stabilized,1328
target_test,data/raw/NVD/annotated_videos/2022-12-23_Bjenberg_02_stabilized/2022-12-23 Bjenberg 02_stabilized,1329
target_test,data/raw/NVD/annotated_videos/2022-12-23_Bjenberg_02_stabilized/2022-12-23 Bjenberg 02_stabilized,1330
target_test,data/raw/NVD/annotated_videos/2022-12-23_Bjenberg_02_stabilized/2022-12-23 Bjenberg 02_stabilized,1331
target_test,data/raw/NVD/annotated_videos/2022-12-23_Bjenberg_02_stabilized/2022-12-23 Bjenberg 02_stabilized,1332
target_test,data/raw/NVD/annotated_videos/2022-12-23_Bjenberg_02_stabilized/2022-12-23 Bjenberg 02_stabilized,1333
target_test,data/raw/NVD/annotated_videos/2022-12-23_Bjenberg_02_stabilized/2022-12-23 Bjenberg 02_stabilized,1334
target_test,data/raw/NVD/annotated_videos/2022-12-23_Bjenberg_02_stabilized/2022-12-23 Bjenberg 02_stabilized,1335
target_test,data/raw/NVD/annotated_videos/2022-12-23_Bjenberg_02_stabilized/2022-12-23 Bjenberg 02_stabilized,1336
target_test,data/raw/NVD/annotated_videos/2022-12-23_Bjenberg_02_stabilized/2022-12-23 Bjenberg 02_stabilized,1337
target_test,data/raw/NVD/annotated_videos/2022-12-23_Bjenberg_02_stabilized/2022-12-23 Bjenberg 02_stabilized,1338
target_test,data/raw/NVD/annotated_videos/2022-12-23_Bjenberg_02_stabilized/2022-12-23 Bjenberg 02_stabilized,1339
target_test,data/raw/NVD/annotated_videos/2022-12-23_Bjenberg_02_stabilized/2022-12-23 Bjenberg 02_stabilized,1340
target_test,data/raw/NVD/annotated_videos/2022-12-23_Bjenberg_02_stabilized/2022-12-23 Bjenberg 02_stabilized,1341
target_test,data/raw/NVD/annotated_videos/2022-12-23_Bjenberg_02_stabilized/2022-12-23 Bjenberg 02_stabilized,1342
target_test,data/raw/NVD/annotated_videos/2022-12-23_Bjenberg_02_stabilized/2022-12-23 Bjenberg 02_stabilized,1343
target_test,data/raw/NVD/annotated_videos/2022-12-23_Bjenberg_02_stabilized/2022-12-23 Bjenberg 02_stabilized,1344
target_test,data/raw/NVD/annotated_videos/2022-12-23_Bjenberg_02_stabilized/2022-12-23 Bjenberg 02_stabilized,1345
target_test,data/raw/NVD/annotated_videos/2022-12-23_Bjenberg_02_stabilized/2022-12-23 Bjenberg 02_stabilized,1346
target_test,data/raw/NVD/annotated_videos/2022-12-23_Bjenberg_02_stabilized/2022-12-23 Bjenberg 02_stabilized,1347
target_test,data/raw/NVD/annotated_videos/2022-12-23_Bjenberg_02_stabilized/2022-12-23 Bjenberg 02_stabilized,1348
target_test,data/raw/NVD/annotated_videos/2022-12-23_Bjenberg_02_stabilized/2022-12-23 Bjenberg 02_stabilized,1349
target_test,data/raw/NVD/annotated_videos/2022-12-23_Bjenberg_02_stabilized/2022-12-23 Bjenberg 02_stabilized,1350
target_test,data/raw/NVD/annotated_videos/2022-12-23_Bjenberg_02_stabilized/2022-12-23 Bjenberg 02_stabilized,1351
target_test,data/raw/NVD/annotated_videos/2022-12-23_Bjenberg_02_stabilized/2022-12-23 Bjenberg 02_stabilized,1352
target_test,data/raw/NVD/annotated_videos/2022-12-23_Bjenberg_02_stabilized/2022-12-23 Bjenberg 02_stabilized,1353
target_test,data/raw/NVD/annotated_videos/2022-12-23_Bjenberg_02_stabilized/2022-12-23 Bjenberg 02_stabilized,1354
target_test,data/raw/NVD/annotated_videos/2022-12-23_Bjenberg_02_stabilized/2022-12-23 Bjenberg 02_stabilized,1355
target_test,data/raw/NVD/annotated_videos/2022-12-23_Bjenberg_02_stabilized/2022-12-23 Bjenberg 02_stabilized,1356
target_test,data/raw/NVD/annotated_videos/2022-12-23_Bjenberg_02_stabilized/2022-12-23 Bjenberg 02_stabilized,1357
target_test,data/raw/NVD/annotated_videos/2022-12-23_Bjenberg_02_stabilized/2022-12-23 Bjenberg 02_stabilized,1358
target_test,data/raw/NVD/annotated_videos/2022-12-23_Bjenberg_02_stabilized/2022-12-23 Bjenberg 02_stabilized,1359
target_test,data/raw/NVD/annotated_videos/2022-12-23_Bjenberg_02_stabilized/2022-12-23 Bjenberg 02_stabilized,1360
target_test,data/raw/NVD/annotated_videos/2022-12-23_Bjenberg_02_stabilized/2022-12-23 Bjenberg 02_stabilized,1361
target_test,data/raw/NVD/annotated_videos/2022-12-23_Bjenberg_02_stabilized/2022-12-23 Bjenberg 02_stabilized,1362
target_test,data/raw/NVD/annotated_videos/2022-12-23_Bjenberg_02_stabilized/2022-12-23 Bjenberg 02_stabilized,1363
target_test,data/raw/NVD/annotated_videos/2022-12-23_Bjenberg_02_stabilized/2022-12-23 Bjenberg 02_stabilized,1364
target_test,data/raw/NVD/annotated_videos/2022-12-23_Bjenberg_02_stabilized/2022-12-23 Bjenberg 02_stabilized,1365
target_test,data/raw/NVD/annotated_videos/2022-12-23_Bjenberg_02_stabilized/2022-12-23 Bjenberg 02_stabilized,1366
target_test,data/raw/NVD/annotated_videos/2022-12-23_Bjenberg_02_stabilized/2022-12-23 Bjenberg 02_stabilized,1367
target_test,data/raw/NVD/annotated_videos/2022-12-23_Bjenberg_02_stabilized/2022-12-23 Bjenberg 02_stabilized,1368
target_test,data/raw/NVD/annotated_videos/2022-12-23_Bjenberg_02_stabilized/2022-12-23 Bjenberg 02_stabilized,1369
target_test,data/raw/NVD/annotated_videos/2022-12-23_Bjenberg_02_stabilized/2022-12-23 Bjenberg 02_stabilized,1370
target_test,data/raw/NVD/annotated_videos/2022-12-23_Bjenberg_02_stabilized/2022-12-23 Bjenberg 02_stabilized,1371
target_test,data/raw/NVD/annotated_videos/2022-12-23_Bjenberg_02_stabilized/2022-12-23 Bjenberg 02_stabilized,1372
target_test,data/raw/NVD/annotated_videos/2022-12-23_Bjenberg_02_stabilized/2022-12-23 Bjenberg 02_stabilized,1373
target_test,data/raw/NVD/annotated_videos/2022-12-23_Bjenberg_02_stabilized/2022-12-23 Bjenberg 02_stabilized,1374
target_test,data/raw/NVD/annotated_videos/2022-12-23_Bjenberg_02_stabilized/2022-12-23 Bjenberg 02_stabilized,1375
target_test,data/raw/NVD/annotated_videos/2022-12-23_Bjenberg_02_stabilized/2022-12-23 Bjenberg 02_stabilized,1376
target_test,data/raw/NVD/annotated_videos/2022-12-23_Bjenberg_02_stabilized/2022-12-23 Bjenberg 02_stabilized,1377
target_test,data/raw/NVD/annotated_videos/2022-12-23_Bjenberg_02_stabilized/2022-12-23 Bjenberg 02_stabilized,1378
target_test,data/raw/NVD/annotated_videos/2022-12-23_Bjenberg_02_stabilized/2022-12-23 Bjenberg 02_stabilized,1379
target_test,data/raw/NVD/annotated_videos/2022-12-23_Bjenberg_02_stabilized/2022-12-23 Bjenberg 02_stabilized,1380
target_test,data/raw/NVD/annotated_videos/2022-12-23_Bjenberg_02_stabilized/2022-12-23 Bjenberg 02_stabilized,1381
target_test,data/raw/NVD/annotated_videos/2022-12-23_Bjenberg_02_stabilized/2022-12-23 Bjenberg 02_stabilized,1382
target_test,data/raw/NVD/annotated_videos/2022-12-23_Bjenberg_02_stabilized/2022-12-23 Bjenberg 02_stabilized,1383
target_test,data/raw/NVD/annotated_videos/2022-12-23_Bjenberg_02_stabilized/2022-12-23 Bjenberg 02_stabilized,1384
target_test,data/raw/NVD/annotated_videos/2022-12-23_Bjenberg_02_stabilized/2022-12-23 Bjenberg 02_stabilized,1385
target_test,data/raw/NVD/annotated_videos/2022-12-23_Bjenberg_02_stabilized/2022-12-23 Bjenberg 02_stabilized,1386
target_test,data/raw/NVD/annotated_videos/2022-12-23_Bjenberg_02_stabilized/2022-12-23 Bjenberg 02_stabilized,1387
target_test,data/raw/NVD/annotated_videos/2022-12-23_Bjenberg_02_stabilized/2022-12-23 Bjenberg 02_stabilized,1388
target_test,data/raw/NVD/annotated_videos/2022-12-23_Bjenberg_02_stabilized/2022-12-23 Bjenberg 02_stabilized,1389
target_test,data/raw/NVD/annotated_videos/2022-12-23_Bjenberg_02_stabilized/2022-12-23 Bjenberg 02_stabilized,1390
target_test,data/raw/NVD/annotated_videos/2022-12-23_Bjenberg_02_stabilized/2022-12-23 Bjenberg 02_stabilized,1391
target_test,data/raw/NVD/annotated_videos/2022-12-23_Bjenberg_02_stabilized/2022-12-23 Bjenberg 02_stabilized,1392
target_test,data/raw/NVD/annotated_videos/2022-12-23_Bjenberg_02_stabilized/2022-12-23 Bjenberg 02_stabilized,1393
target_test,data/raw/NVD/annotated_videos/2022-12-23_Bjenberg_02_stabilized/2022-12-23 Bjenberg 02_stabilized,1394
target_test,data/raw/NVD/annotated_videos/2022-12-23_Bjenberg_02_stabilized/2022-12-23 Bjenberg 02_stabilized,1395
target_test,data/raw/NVD/annotated_videos/2022-12-23_Bjenberg_02_stabilized/2022-12-23 Bjenberg 02_stabilized,1396
target_test,data/raw/NVD/annotated_videos/2022-12-23_Bjenberg_02_stabilized/2022-12-23 Bjenberg 02_stabilized,1397
target_test,data/raw/NVD/annotated_videos/2022-12-23_Bjenberg_02_stabilized/2022-12-23 Bjenberg 02_stabilized,1398
target_test,data/raw/NVD/annotated_videos/2022-12-23_Bjenberg_02_stabilized/2022-12-23 Bjenberg 02_stabilized,1399
target_test,data/raw/NVD/annotated_videos/2022-12-23_Bjenberg_02_stabilized/2022-12-23 Bjenberg 02_stabilized,1400
target_test,data/raw/NVD/annotated_videos/2022-12-23_Bjenberg_02_stabilized/2022-12-23 Bjenberg 02_stabilized,1401
target_test,data/raw/NVD/annotated_videos/2022-12-23_Bjenberg_02_stabilized/2022-12-23 Bjenberg 02_stabilized,1402
target_test,data/raw/NVD/annotated_videos/2022-12-23_Bjenberg_02_stabilized/2022-12-23 Bjenberg 02_stabilized,1403
target_test,data/raw/NVD/annotated_videos/2022-12-23_Bjenberg_02_stabilized/2022-12-23 Bjenberg 02_stabilized,1404
target_test,data/raw/NVD/annotated_videos/2022-12-23_Bjenberg_02_stabilized/2022-12-23 Bjenberg 02_stabilized,1405
target_test,data/raw/NVD/annotated_videos/2022-12-23_Bjenberg_02_stabilized/2022-12-23 Bjenberg 02_stabilized,1406
target_test,data/raw/NVD/annotated_videos/2022-12-23_Bjenberg_02_stabilized/2022-12-23 Bjenberg 02_stabilized,1407
target_test,data/raw/NVD/annotated_videos/2022-12-23_Bjenberg_02_stabilized/2022-12-23 Bjenberg 02_stabilized,1408
target_test,data/raw/NVD/annotated_videos/2022-12-23_Bjenberg_02_stabilized/2022-12-23 Bjenberg 02_stabilized,1409
target_test,data/raw/NVD/annotated_videos/2022-12-23_Bjenberg_02_stabilized/2022-12-23 Bjenberg 02_stabilized,1410
target_test,data/raw/NVD/annotated_videos/2022-12-23_Bjenberg_02_stabilized/2022-12-23 Bjenberg 02_stabilized,1411
target_test,data/raw/NVD/annotated_videos/2022-12-23_Bjenberg_02_stabilized/2022-12-23 Bjenberg 02_stabilized,1412
target_test,data/raw/NVD/annotated_videos/2022-12-23_Bjenberg_02_stabilized/2022-12-23 Bjenberg 02_stabilized,1413
target_test,data/raw/NVD/annotated_videos/2022-12-23_Bjenberg_02_stabilized/2022-12-23 Bjenberg 02_stabilized,1414
target_test,data/raw/NVD/annotated_videos/2022-12-23_Bjenberg_02_stabilized/2022-12-23 Bjenberg 02_stabilized,1415
target_test,data/raw/NVD/annotated_videos/2022-12-23_Bjenberg_02_stabilized/2022-12-23 Bjenberg 02_stabilized,1416
target_test,data/raw/NVD/annotated_videos/2022-12-23_Bjenberg_02_stabilized/2022-12-23 Bjenberg 02_stabilized,1417
target_test,data/raw/NVD/annotated_videos/2022-12-23_Bjenberg_02_stabilized/2022-12-23 Bjenberg 02_stabilized,1418
target_test,data/raw/NVD/annotated_videos/2022-12-23_Bjenberg_02_stabilized/2022-12-23 Bjenberg 02_stabilized,1419
target_test,data/raw/NVD/annotated_videos/2022-12-23_Bjenberg_02_stabilized/2022-12-23 Bjenberg 02_stabilized,1420
target_test,data/raw/NVD/annotated_videos/2022-12-23_Bjenberg_02_stabilized/2022-12-23 Bjenberg 02_stabilized,1421
target_test,data/raw/NVD/annotated_videos/2022-12-23_Bjenberg_02_stabilized/2022-12-23 Bjenberg 02_stabilized,1422
target_test,data/raw/NVD/annotated_videos/2022-12-23_Bjenberg_02_stabilized/2022-12-23 Bjenberg 02_stabilized,1423
target_test,data/raw/NVD/annotated_videos/2022-12-23_Bjenberg_02_stabilized/2022-12-23 Bjenberg 02_stabilized,1424
target_test,data/raw/NVD/annotated_videos/2022-12-23_Bjenberg_02_stabilized/2022-12-23 Bjenberg 02_stabilized,1425
target_test,data/raw/NVD/annotated_videos/2022-12-23_Bjenberg_02_stabilized/2022-12-23 Bjenberg 02_stabilized,1426
target_test,data/raw/NVD/annotated_videos/2022-12-23_Bjenberg_02_stabilized/2022-12-23 Bjenberg 02_stabilized,1427
target_test,data/raw/NVD/annotated_videos/2022-12-23_Bjenberg_02_stabilized/2022-12-23 Bjenberg 02_stabilized,1428
target_test,data/raw/NVD/annotated_videos/2022-12-23_Bjenberg_02_stabilized/2022-12-23 Bjenberg 02_stabilized,1429
target_test,data/raw/NVD/annotated_videos/2022-12-23_Bjenberg_02_stabilized/2022-12-23 Bjenberg 02_stabilized,1430
target_test,data/raw/NVD/annotated_videos/2022-12-23_Bjenberg_02_stabilized/2022-12-23 Bjenberg 02_stabilized,1431
target_test,data/raw/NVD/annotated_videos/2022-12-23_Bjenberg_02_stabilized/2022-12-23 Bjenberg 02_stabilized,1432
target_test,data/raw/NVD/annotated_videos/2022-12-23_Bjenberg_02_stabilized/2022-12-23 Bjenberg 02_stabilized,1433
target_test,data/raw/NVD/annotated_videos/2022-12-23_Bjenberg_02_stabilized/2022-12-23 Bjenberg 02_stabilized,1434
target_test,data/raw/NVD/annotated_videos/2022-12-23_Bjenberg_02_stabilized/2022-12-23 Bjenberg 02_stabilized,1435
target_test,data/raw/NVD/annotated_videos/2022-12-23_Bjenberg_02_stabilized/2022-12-23 Bjenberg 02_stabilized,1436
target_test,data/raw/NVD/annotated_videos/2022-12-23_Bjenberg_02_stabilized/2022-12-23 Bjenberg 02_stabilized,1437
target_test,data/raw/NVD/annotated_videos/2022-12-23_Bjenberg_02_stabilized/2022-12-23 Bjenberg 02_stabilized,1438
target_test,data/raw/NVD/annotated_videos/2022-12-23_Bjenberg_02_stabilized/2022-12-23 Bjenberg 02_stabilized,1439
target_test,data/raw/NVD/annotated_videos/2022-12-23_Bjenberg_02_stabilized/2022-12-23 Bjenberg 02_stabilized,1440
target_test,data/raw/NVD/annotated_videos/2022-12-23_Bjenberg_02_stabilized/2022-12-23 Bjenberg 02_stabilized,1441
target_test,data/raw/NVD/annotated_videos/2022-12-23_Bjenberg_02_stabilized/2022-12-23 Bjenberg 02_stabilized,1442
target_test,data/raw/NVD/annotated_videos/2022-12-23_Bjenberg_02_stabilized/2022-12-23 Bjenberg 02_stabilized,1443
target_test,data/raw/NVD/annotated_videos/2022-12-23_Bjenberg_02_stabilized/2022-12-23 Bjenberg 02_stabilized,1444
target_test,data/raw/NVD/annotated_videos/2022-12-23_Bjenberg_02_stabilized/2022-12-23 Bjenberg 02_stabilized,1445
target_test,data/raw/NVD/annotated_videos/2022-12-23_Bjenberg_02_stabilized/2022-12-23 Bjenberg 02_stabilized,1446
target_test,data/raw/NVD/annotated_videos/2022-12-23_Bjenberg_02_stabilized/2022-12-23 Bjenberg 02_stabilized,1447
target_test,data/raw/NVD/annotated_videos/2022-12-23_Bjenberg_02_stabilized/2022-12-23 Bjenberg 02_stabilized,1448
target_test,data/raw/NVD/annotated_videos/2022-12-23_Bjenberg_02_stabilized/2022-12-23 Bjenberg 02_stabilized,1449
target_test,data/raw/NVD/annotated_videos/2022-12-23_Bjenberg_02_stabilized/2022-12-23 Bjenberg 02_stabilized,1450
target_test,data/raw/NVD/annotated_videos/2022-12-23_Bjenberg_02_stabilized/2022-12-23 Bjenberg 02_stabilized,1451
target_test,data/raw/NVD/annotated_videos/2022-12-23_Bjenberg_02_stabilized/2022-12-23 Bjenberg 02_stabilized,1452
target_test,data/raw/NVD/annotated_videos/2022-12-23_Bjenberg_02_stabilized/2022-12-23 Bjenberg 02_stabilized,1453
target_test,data/raw/NVD/annotated_videos/2022-12-23_Bjenberg_02_stabilized/2022-12-23 Bjenberg 02_stabilized,1454
target_test,data/raw/NVD/annotated_videos/2022-12-23_Bjenberg_02_stabilized/2022-12-23 Bjenberg 02_stabilized,1455
target_test,data/raw/NVD/annotated_videos/2022-12-23_Bjenberg_02_stabilized/2022-12-23 Bjenberg 02_stabilized,1456
target_test,data/raw/NVD/annotated_videos/2022-12-23_Bjenberg_02_stabilized/2022-12-23 Bjenberg 02_stabilized,1457
target_test,data/raw/NVD/annotated_videos/2022-12-23_Bjenberg_02_stabilized/2022-12-23 Bjenberg 02_stabilized,1458
target_test,data/raw/NVD/annotated_videos/2022-12-23_Bjenberg_02_stabilized/2022-12-23 Bjenberg 02_stabilized,1459
target_test,data/raw/NVD/annotated_videos/2022-12-23_Bjenberg_02_stabilized/2022-12-23 Bjenberg 02_stabilized,1460
target_test,data/raw/NVD/annotated_videos/2022-12-23_Bjenberg_02_stabilized/2022-12-23 Bjenberg 02_stabilized,1461
target_test,data/raw/NVD/annotated_videos/2022-12-23_Bjenberg_02_stabilized/2022-12-23 Bjenberg 02_stabilized,1462
target_test,data/raw/NVD/annotated_videos/2022-12-23_Bjenberg_02_stabilized/2022-12-23 Bjenberg 02_stabilized,1463
target_test,data/raw/NVD/annotated_videos/2022-12-23_Bjenberg_02_stabilized/2022-12-23 Bjenberg 02_stabilized,1464
target_test,data/raw/NVD/annotated_videos/2022-12-23_Bjenberg_02_stabilized/2022-12-23 Bjenberg 02_stabilized,1465
target_test,data/raw/NVD/annotated_videos/2022-12-23_Bjenberg_02_stabilized/2022-12-23 Bjenberg 02_stabilized,1466
target_test,data/raw/NVD/annotated_videos/2022-12-23_Bjenberg_02_stabilized/2022-12-23 Bjenberg 02_stabilized,1467
target_test,data/raw/NVD/annotated_videos/2022-12-23_Bjenberg_02_stabilized/2022-12-23 Bjenberg 02_stabilized,1468
target_test,data/raw/NVD/annotated_videos/2022-12-23_Bjenberg_02_stabilized/2022-12-23 Bjenberg 02_stabilized,1469
target_test,data/raw/NVD/annotated_videos/2022-12-23_Bjenberg_02_stabilized/2022-12-23 Bjenberg 02_stabilized,1470
target_test,data/raw/NVD/annotated_videos/2022-12-23_Bjenberg_02_stabilized/2022-12-23 Bjenberg 02_stabilized,1471
target_test,data/raw/NVD/annotated_videos/2022-12-23_Bjenberg_02_stabilized/2022-12-23 Bjenberg 02_stabilized,1472
target_test,data/raw/NVD/annotated_videos/2022-12-23_Bjenberg_02_stabilized/2022-12-23 Bjenberg 02_stabilized,1473
target_test,data/raw/NVD/annotated_videos/2022-12-23_Bjenberg_02_stabilized/2022-12-23 Bjenberg 02_stabilized,1474
target_test,data/raw/NVD/annotated_videos/2022-12-23_Bjenberg_02_stabilized/2022-12-23 Bjenberg 02_stabilized,1475
target_test,data/raw/NVD/annotated_videos/2022-12-23_Bjenberg_02_stabilized/2022-12-23 Bjenberg 02_stabilized,1476
target_test,data/raw/NVD/annotated_videos/2022-12-23_Bjenberg_02_stabilized/2022-12-23 Bjenberg 02_stabilized,1477
target_test,data/raw/NVD/annotated_videos/2022-12-23_Bjenberg_02_stabilized/2022-12-23 Bjenberg 02_stabilized,1478
target_test,data/raw/NVD/annotated_videos/2022-12-23_Bjenberg_02_stabilized/2022-12-23 Bjenberg 02_stabilized,1479
target_test,data/raw/NVD/annotated_videos/2022-12-23_Bjenberg_02_stabilized/2022-12-23 Bjenberg 02_stabilized,1480
target_test,data/raw/NVD/annotated_videos/2022-12-23_Bjenberg_02_stabilized/2022-12-23 Bjenberg 02_stabilized,1481
target_test,data/raw/NVD/annotated_videos/2022-12-23_Bjenberg_02_stabilized/2022-12-23 Bjenberg 02_stabilized,1482
target_test,data/raw/NVD/annotated_videos/2022-12-23_Bjenberg_02_stabilized/2022-12-23 Bjenberg 02_stabilized,1483
target_test,data/raw/NVD/annotated_videos/2022-12-23_Bjenberg_02_stabilized/2022-12-23 Bjenberg 02_stabilized,1484
target_test,data/raw/NVD/annotated_videos/2022-12-23_Bjenberg_02_stabilized/2022-12-23 Bjenberg 02_stabilized,1485
target_test,data/raw/NVD/annotated_videos/2022-12-23_Bjenberg_02_stabilized/2022-12-23 Bjenberg 02_stabilized,1486
target_test,data/raw/NVD/annotated_videos/2022-12-23_Bjenberg_02_stabilized/2022-12-23 Bjenberg 02_stabilized,1487
target_test,data/raw/NVD/annotated_videos/2022-12-23_Bjenberg_02_stabilized/2022-12-23 Bjenberg 02_stabilized,1488
target_test,data/raw/NVD/annotated_videos/2022-12-23_Bjenberg_02_stabilized/2022-12-23 Bjenberg 02_stabilized,1489
target_test,data/raw/NVD/annotated_videos/2022-12-23_Bjenberg_02_stabilized/2022-12-23 Bjenberg 02_stabilized,1490
target_test,data/raw/NVD/annotated_videos/2022-12-23_Bjenberg_02_stabilized/2022-12-23 Bjenberg 02_stabilized,1491
target_test,data/raw/NVD/annotated_videos/2022-12-23_Bjenberg_02_stabilized/2022-12-23 Bjenberg 02_stabilized,1492
target_test,data/raw/NVD/annotated_videos/2022-12-23_Bjenberg_02_stabilized/2022-12-23 Bjenberg 02_stabilized,1493
target_test,data/raw/NVD/annotated_videos/2022-12-23_Bjenberg_02_stabilized/2022-12-23 Bjenberg 02_stabilized,1494
target_test,data/raw/NVD/annotated_videos/2022-12-23_Bjenberg_02_stabilized/2022-12-23 Bjenberg 02_stabilized,1495
target_test,data/raw/NVD/annotated_videos/2022-12-23_Bjenberg_02_stabilized/2022-12-23 Bjenberg 02_stabilized,1496
target_test,data/raw/NVD/annotated_videos/2022-12-23_Bjenberg_02_stabilized/2022-12-23 Bjenberg 02_stabilized,1497
target_test,data/raw/NVD/annotated_videos/2022-12-23_Bjenberg_02_stabilized/2022-12-23 Bjenberg 02_stabilized,1498
target_test,data/raw/NVD/annotated_videos/2022-12-23_Bjenberg_02_stabilized/2022-12-23 Bjenberg 02_stabilized,1499
target_test,data/raw/NVD/annotated_videos/2022-12-23_Bjenberg_02_stabilized/2022-12-23 Bjenberg 02_stabilized,1500
target_test,data/raw/NVD/annotated_videos/2022-12-23_Bjenberg_02_stabilized/2022-12-23 Bjenberg 02_stabilized,1501
target_test,data/raw/NVD/annotated_videos/2022-12-23_Bjenberg_02_stabilized/2022-12-23 Bjenberg 02_stabilized,1502
target_test,data/raw/NVD/annotated_videos/2022-12-23_Bjenberg_02_stabilized/2022-12-23 Bjenberg 02_stabilized,1503
target_test,data/raw/NVD/annotated_videos/2022-12-23_Bjenberg_02_stabilized/2022-12-23 Bjenberg 02_stabilized,1504
target_test,data/raw/NVD/annotated_videos/2022-12-23_Bjenberg_02_stabilized/2022-12-23 Bjenberg 02_stabilized,1505
target_test,data/raw/NVD/annotated_videos/2022-12-23_Bjenberg_02_stabilized/2022-12-23 Bjenberg 02_stabilized,1506
target_test,data/raw/NVD/annotated_videos/2022-12-23_Bjenberg_02_stabilized/2022-12-23 Bjenberg 02_stabilized,1507
target_test,data/raw/NVD/annotated_videos/2022-12-23_Bjenberg_02_stabilized/2022-12-23 Bjenberg 02_stabilized,1508
target_test,data/raw/NVD/annotated_videos/2022-12-23_Bjenberg_02_stabilized/2022-12-23 Bjenberg 02_stabilized,1509
target_test,data/raw/NVD/annotated_videos/2022-12-23_Bjenberg_02_stabilized/2022-12-23 Bjenberg 02_stabilized,1510
target_test,data/raw/NVD/annotated_videos/2022-12-23_Bjenberg_02_stabilized/2022-12-23 Bjenberg 02_stabilized,1511
target_test,data/raw/NVD/annotated_videos/2022-12-23_Bjenberg_02_stabilized/2022-12-23 Bjenberg 02_stabilized,1512
target_test,data/raw/NVD/annotated_videos/2022-12-23_Bjenberg_02_stabilized/2022-12-23 Bjenberg 02_stabilized,1513
target_test,data/raw/NVD/annotated_videos/2022-12-23_Bjenberg_02_stabilized/2022-12-23 Bjenberg 02_stabilized,1514
target_test,data/raw/NVD/annotated_videos/2022-12-23_Bjenberg_02_stabilized/2022-12-23 Bjenberg 02_stabilized,1515
target_test,data/raw/NVD/annotated_videos/2022-12-23_Bjenberg_02_stabilized/2022-12-23 Bjenberg 02_stabilized,1516
target_test,data/raw/NVD/annotated_videos/2022-12-23_Bjenberg_02_stabilized/2022-12-23 Bjenberg 02_stabilized,1517
target_test,data/raw/NVD/annotated_videos/2022-12-23_Bjenberg_02_stabilized/2022-12-23 Bjenberg 02_stabilized,1518
target_test,data/raw/NVD/annotated_videos/2022-12-23_Bjenberg_02_stabilized/2022-12-23 Bjenberg 02_stabilized,1519
target_test,data/raw/NVD/annotated_videos/2022-12-23_Bjenberg_02_stabilized/2022-12-23 Bjenberg 02_stabilized,1520
target_test,data/raw/NVD/annotated_videos/2022-12-23_Bjenberg_02_stabilized/2022-12-23 Bjenberg 02_stabilized,1521
target_test,data/raw/NVD/annotated_videos/2022-12-23_Bjenberg_02_stabilized/2022-12-23 Bjenberg 02_stabilized,1522
target_test,data/raw/NVD/annotated_videos/2022-12-23_Bjenberg_02_stabilized/2022-12-23 Bjenberg 02_stabilized,1523
target_test,data/raw/NVD/annotated_videos/2022-12-23_Bjenberg_02_stabilized/2022-12-23 Bjenberg 02_stabilized,1524
target_test,data/raw/NVD/annotated_videos/2022-12-23_Bjenberg_02_stabilized/2022-12-23 Bjenberg 02_stabilized,1525
target_test,data/raw/NVD/annotated_videos/2022-12-23_Bjenberg_02_stabilized/2022-12-23 Bjenberg 02_stabilized,1526
target_test,data/raw/NVD/annotated_videos/2022-12-23_Bjenberg_02_stabilized/2022-12-23 Bjenberg 02_stabilized,1527
target_test,data/raw/NVD/annotated_videos/2022-12-23_Bjenberg_02_stabilized/2022-12-23 Bjenberg 02_stabilized,1528
target_test,data/raw/NVD/annotated_videos/2022-12-23_Bjenberg_02_stabilized/2022-12-23 Bjenberg 02_stabilized,1529
target_test,data/raw/NVD/annotated_videos/2022-12-23_Bjenberg_02_stabilized/2022-12-23 Bjenberg 02_stabilized,1530
target_test,data/raw/NVD/annotated_videos/2022-12-23_Bjenberg_02_stabilized/2022-12-23 Bjenberg 02_stabilized,1531
target_test,data/raw/NVD/annotated_videos/2022-12-23_Bjenberg_02_stabilized/2022-12-23 Bjenberg 02_stabilized,1532
target_test,data/raw/NVD/annotated_videos/2022-12-23_Bjenberg_02_stabilized/2022-12-23 Bjenberg 02_stabilized,1533
target_test,data/raw/NVD/annotated_videos/2022-12-23_Bjenberg_02_stabilized/2022-12-23 Bjenberg 02_stabilized,1534
target_test,data/raw/NVD/annotated_videos/2022-12-23_Bjenberg_02_stabilized/2022-12-23 Bjenberg 02_stabilized,1535
target_test,data/raw/NVD/annotated_videos/2022-12-23_Bjenberg_02_stabilized/2022-12-23 Bjenberg 02_stabilized,1536
target_test,data/raw/NVD/annotated_videos/2022-12-23_Bjenberg_02_stabilized/2022-12-23 Bjenberg 02_stabilized,1537
target_test,data/raw/NVD/annotated_videos/2022-12-23_Bjenberg_02_stabilized/2022-12-23 Bjenberg 02_stabilized,1538
target_test,data/raw/NVD/annotated_videos/2022-12-23_Bjenberg_02_stabilized/2022-12-23 Bjenberg 02_stabilized,1539
target_test,data/raw/NVD/annotated_videos/2022-12-23_Bjenberg_02_stabilized/2022-12-23 Bjenberg 02_stabilized,1540
target_test,data/raw/NVD/annotated_videos/2022-12-23_Bjenberg_02_stabilized/2022-12-23 Bjenberg 02_stabilized,1541
target_test,data/raw/NVD/annotated_videos/2022-12-23_Bjenberg_02_stabilized/2022-12-23 Bjenberg 02_stabilized,1542
target_test,data/raw/NVD/annotated_videos/2022-12-23_Bjenberg_02_stabilized/2022-12-23 Bjenberg 02_stabilized,1543
target_test,data/raw/NVD/annotated_videos/2022-12-23_Bjenberg_02_stabilized/2022-12-23 Bjenberg 02_stabilized,1544
target_test,data/raw/NVD/annotated_videos/2022-12-23_Bjenberg_02_stabilized/2022-12-23 Bjenberg 02_stabilized,1545
target_test,data/raw/NVD/annotated_videos/2022-12-23_Bjenberg_02_stabilized/2022-12-23 Bjenberg 02_stabilized,1546
target_test,data/raw/NVD/annotated_videos/2022-12-23_Bjenberg_02_stabilized/2022-12-23 Bjenberg 02_stabilized,1547
target_test,data/raw/NVD/annotated_videos/2022-12-23_Bjenberg_02_stabilized/2022-12-23 Bjenberg 02_stabilized,1548
target_test,data/raw/NVD/annotated_videos/2022-12-23_Bjenberg_02_stabilized/2022-12-23 Bjenberg 02_stabilized,1549
target_test,data/raw/NVD/annotated_videos/2022-12-23_Bjenberg_02_stabilized/2022-12-23 Bjenberg 02_stabilized,1550
target_test,data/raw/NVD/annotated_videos/2022-12-23_Bjenberg_02_stabilized/2022-12-23 Bjenberg 02_stabilized,1551
target_test,data/raw/NVD/annotated_videos/2022-12-23_Bjenberg_02_stabilized/2022-12-23 Bjenberg 02_stabilized,1552
target_test,data/raw/NVD/annotated_videos/2022-12-23_Bjenberg_02_stabilized/2022-12-23 Bjenberg 02_stabilized,1553
target_test,data/raw/NVD/annotated_videos/2022-12-23_Bjenberg_02_stabilized/2022-12-23 Bjenberg 02_stabilized,1554
target_test,data/raw/NVD/annotated_videos/2022-12-23_Bjenberg_02_stabilized/2022-12-23 Bjenberg 02_stabilized,1555
target_test,data/raw/NVD/annotated_videos/2022-12-23_Bjenberg_02_stabilized/2022-12-23 Bjenberg 02_stabilized,1556
target_test,data/raw/NVD/annotated_videos/2022-12-23_Bjenberg_02_stabilized/2022-12-23 Bjenberg 02_stabilized,1557
target_test,data/raw/NVD/annotated_videos/2022-12-23_Bjenberg_02_stabilized/2022-12-23 Bjenberg 02_stabilized,1558
target_test,data/raw/NVD/annotated_videos/2022-12-23_Bjenberg_02_stabilized/2022-12-23 Bjenberg 02_stabilized,1559
target_test,data/raw/NVD/annotated_videos/2022-12-23_Bjenberg_02_stabilized/2022-12-23 Bjenberg 02_stabilized,1560
target_test,data/raw/NVD/annotated_videos/2022-12-23_Bjenberg_02_stabilized/2022-12-23 Bjenberg 02_stabilized,1561
target_test,data/raw/NVD/annotated_videos/2022-12-23_Bjenberg_02_stabilized/2022-12-23 Bjenberg 02_stabilized,1562
target_test,data/raw/NVD/annotated_videos/2022-12-23_Bjenberg_02_stabilized/2022-12-23 Bjenberg 02_stabilized,1563
target_test,data/raw/NVD/annotated_videos/2022-12-23_Bjenberg_02_stabilized/2022-12-23 Bjenberg 02_stabilized,1564
target_test,data/raw/NVD/annotated_videos/2022-12-23_Bjenberg_02_stabilized/2022-12-23 Bjenberg 02_stabilized,1565
target_test,data/raw/NVD/annotated_videos/2022-12-23_Bjenberg_02_stabilized/2022-12-23 Bjenberg 02_stabilized,1566
target_test,data/raw/NVD/annotated_videos/2022-12-23_Bjenberg_02_stabilized/2022-12-23 Bjenberg 02_stabilized,1567
target_test,data/raw/NVD/annotated_videos/2022-12-23_Bjenberg_02_stabilized/2022-12-23 Bjenberg 02_stabilized,1568
target_test,data/raw/NVD/annotated_videos/2022-12-23_Bjenberg_02_stabilized/2022-12-23 Bjenberg 02_stabilized,1569
target_test,data/raw/NVD/annotated_videos/2022-12-23_Bjenberg_02_stabilized/2022-12-23 Bjenberg 02_stabilized,1570
target_test,data/raw/NVD/annotated_videos/2022-12-23_Bjenberg_02_stabilized/2022-12-23 Bjenberg 02_stabilized,1571
target_test,data/raw/NVD/annotated_videos/2022-12-23_Bjenberg_02_stabilized/2022-12-23 Bjenberg 02_stabilized,1572
target_test,data/raw/NVD/annotated_videos/2022-12-23_Bjenberg_02_stabilized/2022-12-23 Bjenberg 02_stabilized,1573
target_test,data/raw/NVD/annotated_videos/2022-12-23_Bjenberg_02_stabilized/2022-12-23 Bjenberg 02_stabilized,1574
target_test,data/raw/NVD/annotated_videos/2022-12-23_Bjenberg_02_stabilized/2022-12-23 Bjenberg 02_stabilized,1575
target_test,data/raw/NVD/annotated_videos/2022-12-23_Bjenberg_02_stabilized/2022-12-23 Bjenberg 02_stabilized,1576
target_test,data/raw/NVD/annotated_videos/2022-12-23_Bjenberg_02_stabilized/2022-12-23 Bjenberg 02_stabilized,1577
target_test,data/raw/NVD/annotated_videos/2022-12-23_Bjenberg_02_stabilized/2022-12-23 Bjenberg 02_stabilized,1578
target_test,data/raw/NVD/annotated_videos/2022-12-23_Bjenberg_02_stabilized/2022-12-23 Bjenberg 02_stabilized,1579
target_test,data/raw/NVD/annotated_videos/2022-12-23_Bjenberg_02_stabilized/2022-12-23 Bjenberg 02_stabilized,1580
target_test,data/raw/NVD/annotated_videos/2022-12-23_Bjenberg_02_stabilized/2022-12-23 Bjenberg 02_stabilized,1581
target_test,data/raw/NVD/annotated_videos/2022-12-23_Bjenberg_02_stabilized/2022-12-23 Bjenberg 02_stabilized,1582
target_test,data/raw/NVD/annotated_videos/2022-12-23_Bjenberg_02_stabilized/2022-12-23 Bjenberg 02_stabilized,1583
target_test,data/raw/NVD/annotated_videos/2022-12-23_Bjenberg_02_stabilized/2022-12-23 Bjenberg 02_stabilized,1584
target_test,data/raw/NVD/annotated_videos/2022-12-23_Bjenberg_02_stabilized/2022-12-23 Bjenberg 02_stabilized,1585
target_test,data/raw/NVD/annotated_videos/2022-12-23_Bjenberg_02_stabilized/2022-12-23 Bjenberg 02_stabilized,1586
target_test,data/raw/NVD/annotated_videos/2022-12-23_Bjenberg_02_stabilized/2022-12-23 Bjenberg 02_stabilized,1587
target_test,data/raw/NVD/annotated_videos/2022-12-23_Bjenberg_02_stabilized/2022-12-23 Bjenberg 02_stabilized,1588
target_test,data/raw/NVD/annotated_videos/2022-12-23_Bjenberg_02_stabilized/2022-12-23 Bjenberg 02_stabilized,1589
target_test,data/raw/NVD/annotated_videos/2022-12-23_Bjenberg_02_stabilized/2022-12-23 Bjenberg 02_stabilized,1590
target_test,data/raw/NVD/annotated_videos/2022-12-23_Bjenberg_02_stabilized/2022-12-23 Bjenberg 02_stabilized,1591
target_test,data/raw/NVD/annotated_videos/2022-12-23_Bjenberg_02_stabilized/2022-12-23 Bjenberg 02_stabilized,1592
target_test,data/raw/NVD/annotated_videos/2022-12-23_Bjenberg_02_stabilized/2022-12-23 Bjenberg 02_stabilized,1593
target_test,data/raw/NVD/annotated_videos/2022-12-23_Bjenberg_02_stabilized/2022-12-23 Bjenberg 02_stabilized,1594
target_test,data/raw/NVD/annotated_videos/2022-12-23_Bjenberg_02_stabilized/2022-12-23 Bjenberg 02_stabilized,1595
target_test,data/raw/NVD/annotated_videos/2022-12-23_Bjenberg_02_stabilized/2022-12-23 Bjenberg 02_stabilized,1596
target_test,data/raw/NVD/annotated_videos/2022-12-23_Bjenberg_02_stabilized/2022-12-23 Bjenberg 02_stabilized,1597
target_test,data/raw/NVD/annotated_videos/2022-12-23_Bjenberg_02_stabilized/2022-12-23 Bjenberg 02_stabilized,1598
target_test,data/raw/NVD/annotated_videos/2022-12-23_Bjenberg_02_stabilized/2022-12-23 Bjenberg 02_stabilized,1599
target_test,data/raw/NVD/annotated_videos/2022-12-23_Bjenberg_02_stabilized/2022-12-23 Bjenberg 02_stabilized,1600
target_test,data/raw/NVD/annotated_videos/2022-12-23_Bjenberg_02_stabilized/2022-12-23 Bjenberg 02_stabilized,1601
target_test,data/raw/NVD/annotated_videos/2022-12-23_Bjenberg_02_stabilized/2022-12-23 Bjenberg 02_stabilized,1602
target_test,data/raw/NVD/annotated_videos/2022-12-23_Bjenberg_02_stabilized/2022-12-23 Bjenberg 02_stabilized,1603
target_test,data/raw/NVD/annotated_videos/2022-12-23_Bjenberg_02_stabilized/2022-12-23 Bjenberg 02_stabilized,1604
target_test,data/raw/NVD/annotated_videos/2022-12-23_Bjenberg_02_stabilized/2022-12-23 Bjenberg 02_stabilized,1605
target_test,data/raw/NVD/annotated_videos/2022-12-23_Bjenberg_02_stabilized/2022-12-23 Bjenberg 02_stabilized,1606
target_test,data/raw/NVD/annotated_videos/2022-12-23_Bjenberg_02_stabilized/2022-12-23 Bjenberg 02_stabilized,1607
target_test,data/raw/NVD/annotated_videos/2022-12-23_Bjenberg_02_stabilized/2022-12-23 Bjenberg 02_stabilized,1608
target_test,data/raw/NVD/annotated_videos/2022-12-23_Bjenberg_02_stabilized/2022-12-23 Bjenberg 02_stabilized,1609
target_test,data/raw/NVD/annotated_videos/2022-12-23_Bjenberg_02_stabilized/2022-12-23 Bjenberg 02_stabilized,1610
target_test,data/raw/NVD/annotated_videos/2022-12-23_Bjenberg_02_stabilized/2022-12-23 Bjenberg 02_stabilized,1611
target_test,data/raw/NVD/annotated_videos/2022-12-23_Bjenberg_02_stabilized/2022-12-23 Bjenberg 02_stabilized,1612
target_test,data/raw/NVD/annotated_videos/2022-12-23_Bjenberg_02_stabilized/2022-12-23 Bjenberg 02_stabilized,1613
target_test,data/raw/NVD/annotated_videos/2022-12-23_Bjenberg_02_stabilized/2022-12-23 Bjenberg 02_stabilized,1614
target_test,data/raw/NVD/annotated_videos/2022-12-23_Bjenberg_02_stabilized/2022-12-23 Bjenberg 02_stabilized,1615
target_test,data/raw/NVD/annotated_videos/2022-12-23_Bjenberg_02_stabilized/2022-12-23 Bjenberg 02_stabilized,1616
target_test,data/raw/NVD/annotated_videos/2022-12-23_Bjenberg_02_stabilized/2022-12-23 Bjenberg 02_stabilized,1617
target_test,data/raw/NVD/annotated_videos/2022-12-23_Bjenberg_02_stabilized/2022-12-23 Bjenberg 02_stabilized,1618
target_test,data/raw/NVD/annotated_videos/2022-12-23_Bjenberg_02_stabilized/2022-12-23 Bjenberg 02_stabilized,1619
target_test,data/raw/NVD/annotated_videos/2022-12-23_Bjenberg_02_stabilized/2022-12-23 Bjenberg 02_stabilized,1620
target_test,data/raw/NVD/annotated_videos/2022-12-23_Bjenberg_02_stabilized/2022-12-23 Bjenberg 02_stabilized,1621
target_test,data/raw/NVD/annotated_videos/2022-12-23_Bjenberg_02_stabilized/2022-12-23 Bjenberg 02_stabilized,1622
target_test,data/raw/NVD/annotated_videos/2022-12-23_Bjenberg_02_stabilized/2022-12-23 Bjenberg 02_stabilized,1623
target_test,data/raw/NVD/annotated_videos/2022-12-23_Bjenberg_02_stabilized/2022-12-23 Bjenberg 02_stabilized,1624
target_test,data/raw/NVD/annotated_videos/2022-12-23_Bjenberg_02_stabilized/2022-12-23 Bjenberg 02_stabilized,1625
target_test,data/raw/NVD/annotated_videos/2022-12-23_Bjenberg_02_stabilized/2022-12-23 Bjenberg 02_stabilized,1626
target_test,data/raw/NVD/annotated_videos/2022-12-23_Bjenberg_02_stabilized/2022-12-23 Bjenberg 02_stabilized,1627
target_test,data/raw/NVD/annotated_videos/2022-12-23_Bjenberg_02_stabilized/2022-12-23 Bjenberg 02_stabilized,1628
target_test,data/raw/NVD/annotated_videos/2022-12-23_Bjenberg_02_stabilized/2022-12-23 Bjenberg 02_stabilized,1629
target_test,data/raw/NVD/annotated_videos/2022-12-23_Bjenberg_02_stabilized/2022-12-23 Bjenberg 02_stabilized,1630
target_test,data/raw/NVD/annotated_videos/2022-12-23_Bjenberg_02_stabilized/2022-12-23 Bjenberg 02_stabilized,1631
target_test,data/raw/NVD/annotated_videos/2022-12-23_Bjenberg_02_stabilized/2022-12-23 Bjenberg 02_stabilized,1632
target_test,data/raw/NVD/annotated_videos/2022-12-23_Bjenberg_02_stabilized/2022-12-23 Bjenberg 02_stabilized,1633
target_test,data/raw/NVD/annotated_videos/2022-12-23_Bjenberg_02_stabilized/2022-12-23 Bjenberg 02_stabilized,1634
target_test,data/raw/NVD/annotated_videos/2022-12-23_Bjenberg_02_stabilized/2022-12-23 Bjenberg 02_stabilized,1635
target_test,data/raw/NVD/annotated_videos/2022-12-23_Bjenberg_02_stabilized/2022-12-23 Bjenberg 02_stabilized,1636
target_test,data/raw/NVD/annotated_videos/2022-12-23_Bjenberg_02_stabilized/2022-12-23 Bjenberg 02_stabilized,1637
target_test,data/raw/NVD/annotated_videos/2022-12-23_Bjenberg_02_stabilized/2022-12-23 Bjenberg 02_stabilized,1638
target_test,data/raw/NVD/annotated_videos/2022-12-23_Bjenberg_02_stabilized/2022-12-23 Bjenberg 02_stabilized,1639
target_test,data/raw/NVD/annotated_videos/2022-12-23_Bjenberg_02_stabilized/2022-12-23 Bjenberg 02_stabilized,1640
target_test,data/raw/NVD/annotated_videos/2022-12-23_Bjenberg_02_stabilized/2022-12-23 Bjenberg 02_stabilized,1641
target_test,data/raw/NVD/annotated_videos/2022-12-23_Bjenberg_02_stabilized/2022-12-23 Bjenberg 02_stabilized,1642
target_test,data/raw/NVD/annotated_videos/2022-12-23_Bjenberg_02_stabilized/2022-12-23 Bjenberg 02_stabilized,1643
target_test,data/raw/NVD/annotated_videos/2022-12-23_Bjenberg_02_stabilized/2022-12-23 Bjenberg 02_stabilized,1644
target_test,data/raw/NVD/annotated_videos/2022-12-23_Bjenberg_02_stabilized/2022-12-23 Bjenberg 02_stabilized,1645
target_test,data/raw/NVD/annotated_videos/2022-12-23_Bjenberg_02_stabilized/2022-12-23 Bjenberg 02_stabilized,1646
target_test,data/raw/NVD/annotated_videos/2022-12-23_Bjenberg_02_stabilized/2022-12-23 Bjenberg 02_stabilized,1647
target_test,data/raw/NVD/annotated_videos/2022-12-23_Bjenberg_02_stabilized/2022-12-23 Bjenberg 02_stabilized,1648
target_test,data/raw/NVD/annotated_videos/2022-12-23_Bjenberg_02_stabilized/2022-12-23 Bjenberg 02_stabilized,1649
target_test,data/raw/NVD/annotated_videos/2022-12-23_Bjenberg_02_stabilized/2022-12-23 Bjenberg 02_stabilized,1650
target_test,data/raw/NVD/annotated_videos/2022-12-23_Bjenberg_02_stabilized/2022-12-23 Bjenberg 02_stabilized,1651
target_test,data/raw/NVD/annotated_videos/2022-12-23_Bjenberg_02_stabilized/2022-12-23 Bjenberg 02_stabilized,1652
target_test,data/raw/NVD/annotated_videos/2022-12-23_Bjenberg_02_stabilized/2022-12-23 Bjenberg 02_stabilized,1653
target_test,data/raw/NVD/annotated_videos/2022-12-23_Bjenberg_02_stabilized/2022-12-23 Bjenberg 02_stabilized,1654
target_test,data/raw/NVD/annotated_videos/2022-12-23_Bjenberg_02_stabilized/2022-12-23 Bjenberg 02_stabilized,1655
target_test,data/raw/NVD/annotated_videos/2022-12-23_Bjenberg_02_stabilized/2022-12-23 Bjenberg 02_stabilized,1656
target_test,data/raw/NVD/annotated_videos/2022-12-23_Bjenberg_02_stabilized/2022-12-23 Bjenberg 02_stabilized,1657
target_test,data/raw/NVD/annotated_videos/2022-12-23_Bjenberg_02_stabilized/2022-12-23 Bjenberg 02_stabilized,1658
target_test,data/raw/NVD/annotated_videos/2022-12-23_Bjenberg_02_stabilized/2022-12-23 Bjenberg 02_stabilized,1659
target_test,data/raw/NVD/annotated_videos/2022-12-23_Bjenberg_02_stabilized/2022-12-23 Bjenberg 02_stabilized,1660
target_test,data/raw/NVD/annotated_videos/2022-12-23_Bjenberg_02_stabilized/2022-12-23 Bjenberg 02_stabilized,1661
target_test,data/raw/NVD/annotated_videos/2022-12-23_Bjenberg_02_stabilized/2022-12-23 Bjenberg 02_stabilized,1662
target_test,data/raw/NVD/annotated_videos/2022-12-23_Bjenberg_02_stabilized/2022-12-23 Bjenberg 02_stabilized,1663
target_test,data/raw/NVD/annotated_videos/2022-12-23_Bjenberg_02_stabilized/2022-12-23 Bjenberg 02_stabilized,1664
target_test,data/raw/NVD/annotated_videos/2022-12-23_Bjenberg_02_stabilized/2022-12-23 Bjenberg 02_stabilized,1665
target_test,data/raw/NVD/annotated_videos/2022-12-23_Bjenberg_02_stabilized/2022-12-23 Bjenberg 02_stabilized,1666
target_test,data/raw/NVD/annotated_videos/2022-12-23_Bjenberg_02_stabilized/2022-12-23 Bjenberg 02_stabilized,1667
target_test,data/raw/NVD/annotated_videos/2022-12-23_Bjenberg_02_stabilized/2022-12-23 Bjenberg 02_stabilized,1668
target_test,data/raw/NVD/annotated_videos/2022-12-23_Bjenberg_02_stabilized/2022-12-23 Bjenberg 02_stabilized,1669
target_test,data/raw/NVD/annotated_videos/2022-12-23_Bjenberg_02_stabilized/2022-12-23 Bjenberg 02_stabilized,1670
target_test,data/raw/NVD/annotated_videos/2022-12-23_Bjenberg_02_stabilized/2022-12-23 Bjenberg 02_stabilized,1671
target_test,data/raw/NVD/annotated_videos/2022-12-23_Bjenberg_02_stabilized/2022-12-23 Bjenberg 02_stabilized,1672
target_test,data/raw/NVD/annotated_videos/2022-12-23_Bjenberg_02_stabilized/2022-12-23 Bjenberg 02_stabilized,1673
target_test,data/raw/NVD/annotated_videos/2022-12-23_Bjenberg_02_stabilized/2022-12-23 Bjenberg 02_stabilized,1674
target_test,data/raw/NVD/annotated_videos/2022-12-23_Bjenberg_02_stabilized/2022-12-23 Bjenberg 02_stabilized,1675
target_test,data/raw/NVD/annotated_videos/2022-12-23_Bjenberg_02_stabilized/2022-12-23 Bjenberg 02_stabilized,1676
target_test,data/raw/NVD/annotated_videos/2022-12-23_Bjenberg_02_stabilized/2022-12-23 Bjenberg 02_stabilized,1677
target_test,data/raw/NVD/annotated_videos/2022-12-23_Bjenberg_02_stabilized/2022-12-23 Bjenberg 02_stabilized,1678
target_test,data/raw/NVD/annotated_videos/2022-12-23_Bjenberg_02_stabilized/2022-12-23 Bjenberg 02_stabilized,1679
target_test,data/raw/NVD/annotated_videos/2022-12-23_Bjenberg_02_stabilized/2022-12-23 Bjenberg 02_stabilized,1680
target_test,data/raw/NVD/annotated_videos/2022-12-23_Bjenberg_02_stabilized/2022-12-23 Bjenberg 02_stabilized,1681
target_test,data/raw/NVD/annotated_videos/2022-12-23_Bjenberg_02_stabilized/2022-12-23 Bjenberg 02_stabilized,1682
target_test,data/raw/NVD/annotated_videos/2022-12-23_Bjenberg_02_stabilized/2022-12-23 Bjenberg 02_stabilized,1683
target_test,data/raw/NVD/annotated_videos/2022-12-23_Bjenberg_02_stabilized/2022-12-23 Bjenberg 02_stabilized,1684
target_test,data/raw/NVD/annotated_videos/2022-12-23_Bjenberg_02_stabilized/2022-12-23 Bjenberg 02_stabilized,1685
target_test,data/raw/NVD/annotated_videos/2022-12-23_Bjenberg_02_stabilized/2022-12-23 Bjenberg 02_stabilized,1686
target_test,data/raw/NVD/annotated_videos/2022-12-23_Bjenberg_02_stabilized/2022-12-23 Bjenberg 02_stabilized,1687
target_test,data/raw/NVD/annotated_videos/2022-12-23_Bjenberg_02_stabilized/2022-12-23 Bjenberg 02_stabilized,1688
target_test,data/raw/NVD/annotated_videos/2022-12-23_Bjenberg_02_stabilized/2022-12-23 Bjenberg 02_stabilized,1689
target_test,data/raw/NVD/annotated_videos/2022-12-23_Bjenberg_02_stabilized/2022-12-23 Bjenberg 02_stabilized,1690
target_test,data/raw/NVD/annotated_videos/2022-12-23_Bjenberg_02_stabilized/2022-12-23 Bjenberg 02_stabilized,1691
target_test,data/raw/NVD/annotated_videos/2022-12-23_Bjenberg_02_stabilized/2022-12-23 Bjenberg 02_stabilized,1692
target_test,data/raw/NVD/annotated_videos/2022-12-23_Bjenberg_02_stabilized/2022-12-23 Bjenberg 02_stabilized,1693
target_test,data/raw/NVD/annotated_videos/2022-12-23_Bjenberg_02_stabilized/2022-12-23 Bjenberg 02_stabilized,1694
target_test,data/raw/NVD/annotated_videos/2022-12-23_Bjenberg_02_stabilized/2022-12-23 Bjenberg 02_stabilized,1695
target_test,data/raw/NVD/annotated_videos/2022-12-23_Bjenberg_02_stabilized/2022-12-23 Bjenberg 02_stabilized,1696
target_test,data/raw/NVD/annotated_videos/2022-12-23_Bjenberg_02_stabilized/2022-12-23 Bjenberg 02_stabilized,1697
target_test,data/raw/NVD/annotated_videos/2022-12-23_Bjenberg_02_stabilized/2022-12-23 Bjenberg 02_stabilized,1698
target_test,data/raw/NVD/annotated_videos/2022-12-23_Bjenberg_02_stabilized/2022-12-23 Bjenberg 02_stabilized,1699
target_test,data/raw/NVD/annotated_videos/2022-12-23_Bjenberg_02_stabilized/2022-12-23 Bjenberg 02_stabilized,1700
target_test,data/raw/NVD/annotated_videos/2022-12-23_Bjenberg_02_stabilized/2022-12-23 Bjenberg 02_stabilized,1701
target_test,data/raw/NVD/annotated_videos/2022-12-23_Bjenberg_02_stabilized/2022-12-23 Bjenberg 02_stabilized,1702
target_test,data/raw/NVD/annotated_videos/2022-12-23_Bjenberg_02_stabilized/2022-12-23 Bjenberg 02_stabilized,1703
target_test,data/raw/NVD/annotated_videos/2022-12-23_Bjenberg_02_stabilized/2022-12-23 Bjenberg 02_stabilized,1704
target_test,data/raw/NVD/annotated_videos/2022-12-23_Bjenberg_02_stabilized/2022-12-23 Bjenberg 02_stabilized,1705
target_test,data/raw/NVD/annotated_videos/2022-12-23_Bjenberg_02_stabilized/2022-12-23 Bjenberg 02_stabilized,1706
target_test,data/raw/NVD/annotated_videos/2022-12-23_Bjenberg_02_stabilized/2022-12-23 Bjenberg 02_stabilized,1707
target_test,data/raw/NVD/annotated_videos/2022-12-23_Bjenberg_02_stabilized/2022-12-23 Bjenberg 02_stabilized,1708
target_test,data/raw/NVD/annotated_videos/2022-12-23_Bjenberg_02_stabilized/2022-12-23 Bjenberg 02_stabilized,1709
target_test,data/raw/NVD/annotated_videos/2022-12-23_Bjenberg_02_stabilized/2022-12-23 Bjenberg 02_stabilized,1710
target_test,data/raw/NVD/annotated_videos/2022-12-23_Bjenberg_02_stabilized/2022-12-23 Bjenberg 02_stabilized,1711
target_test,data/raw/NVD/annotated_videos/2022-12-23_Bjenberg_02_stabilized/2022-12-23 Bjenberg 02_stabilized,1712
target_test,data/raw/NVD/annotated_videos/2022-12-23_Bjenberg_02_stabilized/2022-12-23 Bjenberg 02_stabilized,1713
target_test,data/raw/NVD/annotated_videos/2022-12-23_Bjenberg_02_stabilized/2022-12-23 Bjenberg 02_stabilized,1714
target_test,data/raw/NVD/annotated_videos/2022-12-23_Bjenberg_02_stabilized/2022-12-23 Bjenberg 02_stabilized,1715
target_test,data/raw/NVD/annotated_videos/2022-12-23_Bjenberg_02_stabilized/2022-12-23 Bjenberg 02_stabilized,1716
target_test,data/raw/NVD/annotated_videos/2022-12-23_Bjenberg_02_stabilized/2022-12-23 Bjenberg 02_stabilized,1717
target_test,data/raw/NVD/annotated_videos/2022-12-23_Bjenberg_02_stabilized/2022-12-23 Bjenberg 02_stabilized,1718
target_test,data/raw/NVD/annotated_videos/2022-12-23_Bjenberg_02_stabilized/2022-12-23 Bjenberg 02_stabilized,1719
target_test,data/raw/NVD/annotated_videos/2022-12-23_Bjenberg_02_stabilized/2022-12-23 Bjenberg 02_stabilized,1720
target_test,data/raw/NVD/annotated_videos/2022-12-23_Bjenberg_02_stabilized/2022-12-23 Bjenberg 02_stabilized,1721
target_test,data/raw/NVD/annotated_videos/2022-12-23_Bjenberg_02_stabilized/2022-12-23 Bjenberg 02_stabilized,1722
target_test,data/raw/NVD/annotated_videos/2022-12-23_Bjenberg_02_stabilized/2022-12-23 Bjenberg 02_stabilized,1723
target_test,data/raw/NVD/annotated_videos/2022-12-23_Bjenberg_02_stabilized/2022-12-23 Bjenberg 02_stabilized,1724
target_test,data/raw/NVD/annotated_videos/2022-12-23_Bjenberg_02_stabilized/2022-12-23 Bjenberg 02_stabilized,1725
target_test,data/raw/NVD/annotated_videos/2022-12-23_Bjenberg_02_stabilized/2022-12-23 Bjenberg 02_stabilized,1726
target_test,data/raw/NVD/annotated_videos/2022-12-23_Bjenberg_02_stabilized/2022-12-23 Bjenberg 02_stabilized,1727
target_test,data/raw/NVD/annotated_videos/2022-12-23_Bjenberg_02_stabilized/2022-12-23 Bjenberg 02_stabilized,1728
target_test,data/raw/NVD/annotated_videos/2022-12-23_Bjenberg_02_stabilized/2022-12-23 Bjenberg 02_stabilized,1729
target_test,data/raw/NVD/annotated_videos/2022-12-23_Bjenberg_02_stabilized/2022-12-23 Bjenberg 02_stabilized,1730
target_test,data/raw/NVD/annotated_videos/2022-12-23_Bjenberg_02_stabilized/2022-12-23 Bjenberg 02_stabilized,1731
target_test,data/raw/NVD/annotated_videos/2022-12-23_Bjenberg_02_stabilized/2022-12-23 Bjenberg 02_stabilized,1732
target_test,data/raw/NVD/annotated_videos/2022-12-23_Bjenberg_02_stabilized/2022-12-23 Bjenberg 02_stabilized,1733
target_test,data/raw/NVD/annotated_videos/2022-12-23_Bjenberg_02_stabilized/2022-12-23 Bjenberg 02_stabilized,1734
target_test,data/raw/NVD/annotated_videos/2022-12-23_Bjenberg_02_stabilized/2022-12-23 Bjenberg 02_stabilized,1735
target_test,data/raw/NVD/annotated_videos/2022-12-23_Bjenberg_02_stabilized/2022-12-23 Bjenberg 02_stabilized,1736
target_test,data/raw/NVD/annotated_videos/2022-12-23_Bjenberg_02_stabilized/2022-12-23 Bjenberg 02_stabilized,1737
target_test,data/raw/NVD/annotated_videos/2022-12-23_Bjenberg_02_stabilized/2022-12-23 Bjenberg 02_stabilized,1738
target_test,data/raw/NVD/annotated_videos/2022-12-23_Bjenberg_02_stabilized/2022-12-23 Bjenberg 02_stabilized,1739
target_test,data/raw/NVD/annotated_videos/2022-12-23_Bjenberg_02_stabilized/2022-12-23 Bjenberg 02_stabilized,1740
target_test,data/raw/NVD/annotated_videos/2022-12-23_Bjenberg_02_stabilized/2022-12-23 Bjenberg 02_stabilized,1741
target_test,data/raw/NVD/annotated_videos/2022-12-23_Bjenberg_02_stabilized/2022-12-23 Bjenberg 02_stabilized,1742
target_test,data/raw/NVD/annotated_videos/2022-12-23_Bjenberg_02_stabilized/2022-12-23 Bjenberg 02_stabilized,1743
target_test,data/raw/NVD/annotated_videos/2022-12-23_Bjenberg_02_stabilized/2022-12-23 Bjenberg 02_stabilized,1744
target_test,data/raw/NVD/annotated_videos/2022-12-23_Bjenberg_02_stabilized/2022-12-23 Bjenberg 02_stabilized,1745
target_test,data/raw/NVD/annotated_videos/2022-12-23_Bjenberg_02_stabilized/2022-12-23 Bjenberg 02_stabilized,1746
target_test,data/raw/NVD/annotated_videos/2022-12-23_Bjenberg_02_stabilized/2022-12-23 Bjenberg 02_stabilized,1747
target_test,data/raw/NVD/annotated_videos/2022-12-23_Bjenberg_02_stabilized/2022-12-23 Bjenberg 02_stabilized,1748
target_test,data/raw/NVD/annotated_videos/2022-12-23_Bjenberg_02_stabilized/2022-12-23 Bjenberg 02_stabilized,1749
target_test,data/raw/NVD/annotated_videos/2022-12-23_Bjenberg_02_stabilized/2022-12-23 Bjenberg 02_stabilized,1750
target_test,data/raw/NVD/annotated_videos/2022-12-23_Bjenberg_02_stabilized/2022-12-23 Bjenberg 02_stabilized,1751
target_test,data/raw/NVD/annotated_videos/2022-12-23_Bjenberg_02_stabilized/2022-12-23 Bjenberg 02_stabilized,1752
target_test,data/raw/NVD/annotated_videos/2022-12-23_Bjenberg_02_stabilized/2022-12-23 Bjenberg 02_stabilized,1753
target_test,data/raw/NVD/annotated_videos/2022-12-23_Bjenberg_02_stabilized/2022-12-23 Bjenberg 02_stabilized,1754
target_test,data/raw/NVD/annotated_videos/2022-12-23_Bjenberg_02_stabilized/2022-12-23 Bjenberg 02_stabilized,1755
target_test,data/raw/NVD/annotated_videos/2022-12-23_Bjenberg_02_stabilized/2022-12-23 Bjenberg 02_stabilized,1756
target_test,data/raw/NVD/annotated_videos/2022-12-23_Bjenberg_02_stabilized/2022-12-23 Bjenberg 02_stabilized,1757
target_test,data/raw/NVD/annotated_videos/2022-12-23_Bjenberg_02_stabilized/2022-12-23 Bjenberg 02_stabilized,1758
target_test,data/raw/NVD/annotated_videos/2022-12-23_Bjenberg_02_stabilized/2022-12-23 Bjenberg 02_stabilized,1759
target_test,data/raw/NVD/annotated_videos/2022-12-23_Bjenberg_02_stabilized/2022-12-23 Bjenberg 02_stabilized,1760
target_test,data/raw/NVD/annotated_videos/2022-12-23_Bjenberg_02_stabilized/2022-12-23 Bjenberg 02_stabilized,1761
target_test,data/raw/NVD/annotated_videos/2022-12-23_Bjenberg_02_stabilized/2022-12-23 Bjenberg 02_stabilized,1762
target_test,data/raw/NVD/annotated_videos/2022-12-23_Bjenberg_02_stabilized/2022-12-23 Bjenberg 02_stabilized,1763
target_test,data/raw/NVD/annotated_videos/2022-12-23_Bjenberg_02_stabilized/2022-12-23 Bjenberg 02_stabilized,1764
target_test,data/raw/NVD/annotated_videos/2022-12-23_Bjenberg_02_stabilized/2022-12-23 Bjenberg 02_stabilized,1765
target_test,data/raw/NVD/annotated_videos/2022-12-23_Bjenberg_02_stabilized/2022-12-23 Bjenberg 02_stabilized,1766
target_test,data/raw/NVD/annotated_videos/2022-12-23_Bjenberg_02_stabilized/2022-12-23 Bjenberg 02_stabilized,1767
target_test,data/raw/NVD/annotated_videos/2022-12-23_Bjenberg_02_stabilized/2022-12-23 Bjenberg 02_stabilized,1768
target_test,data/raw/NVD/annotated_videos/2022-12-23_Bjenberg_02_stabilized/2022-12-23 Bjenberg 02_stabilized,1769
target_test,data/raw/NVD/annotated_videos/2022-12-23_Bjenberg_02_stabilized/2022-12-23 Bjenberg 02_stabilized,1770
target_test,data/raw/NVD/annotated_videos/2022-12-23_Bjenberg_02_stabilized/2022-12-23 Bjenberg 02_stabilized,1771
target_test,data/raw/NVD/annotated_videos/2022-12-23_Bjenberg_02_stabilized/2022-12-23 Bjenberg 02_stabilized,1772
target_test,data/raw/NVD/annotated_videos/2022-12-23_Bjenberg_02_stabilized/2022-12-23 Bjenberg 02_stabilized,1773
target_test,data/raw/NVD/annotated_videos/2022-12-23_Bjenberg_02_stabilized/2022-12-23 Bjenberg 02_stabilized,1774
target_test,data/raw/NVD/annotated_videos/2022-12-23_Bjenberg_02_stabilized/2022-12-23 Bjenberg 02_stabilized,1775
target_test,data/raw/NVD/annotated_videos/2022-12-23_Bjenberg_02_stabilized/2022-12-23 Bjenberg 02_stabilized,1776
target_test,data/raw/NVD/annotated_videos/2022-12-23_Bjenberg_02_stabilized/2022-12-23 Bjenberg 02_stabilized,1777
target_test,data/raw/NVD/annotated_videos/2022-12-23_Bjenberg_02_stabilized/2022-12-23 Bjenberg 02_stabilized,1778
target_test,data/raw/NVD/annotated_videos/2022-12-23_Bjenberg_02_stabilized/2022-12-23 Bjenberg 02_stabilized,1779
target_test,data/raw/NVD/annotated_videos/2022-12-23_Bjenberg_02_stabilized/2022-12-23 Bjenberg 02_stabilized,1780
target_test,data/raw/NVD/annotated_videos/2022-12-23_Bjenberg_02_stabilized/2022-12-23 Bjenberg 02_stabilized,1781
target_test,data/raw/NVD/annotated_videos/2022-12-23_Bjenberg_02_stabilized/2022-12-23 Bjenberg 02_stabilized,1782
target_test,data/raw/NVD/annotated_videos/2022-12-23_Bjenberg_02_stabilized/2022-12-23 Bjenberg 02_stabilized,1783
target_test,data/raw/NVD/annotated_videos/2022-12-23_Bjenberg_02_stabilized/2022-12-23 Bjenberg 02_stabilized,1784
target_test,data/raw/NVD/annotated_videos/2022-12-23_Bjenberg_02_stabilized/2022-12-23 Bjenberg 02_stabilized,1785
target_test,data/raw/NVD/annotated_videos/2022-12-23_Bjenberg_02_stabilized/2022-12-23 Bjenberg 02_stabilized,1786
target_test,data/raw/NVD/annotated_videos/2022-12-23_Bjenberg_02_stabilized/2022-12-23 Bjenberg 02_stabilized,1787
target_test,data/raw/NVD/annotated_videos/2022-12-23_Bjenberg_02_stabilized/2022-12-23 Bjenberg 02_stabilized,1788
target_test,data/raw/NVD/annotated_videos/2022-12-23_Bjenberg_02_stabilized/2022-12-23 Bjenberg 02_stabilized,1789
target_test,data/raw/NVD/annotated_videos/2022-12-23_Bjenberg_02_stabilized/2022-12-23 Bjenberg 02_stabilized,1790
target_test,data/raw/NVD/annotated_videos/2022-12-23_Bjenberg_02_stabilized/2022-12-23 Bjenberg 02_stabilized,1791
target_test,data/raw/NVD/annotated_videos/2022-12-23_Bjenberg_02_stabilized/2022-12-23 Bjenberg 02_stabilized,1792
target_test,data/raw/NVD/annotated_videos/2022-12-23_Bjenberg_02_stabilized/2022-12-23 Bjenberg 02_stabilized,1793
target_test,data/raw/NVD/annotated_videos/2022-12-23_Bjenberg_02_stabilized/2022-12-23 Bjenberg 02_stabilized,1794
target_test,data/raw/NVD/annotated_videos/2022-12-23_Bjenberg_02_stabilized/2022-12-23 Bjenberg 02_stabilized,1795
target_test,data/raw/NVD/annotated_videos/2022-12-23_Bjenberg_02_stabilized/2022-12-23 Bjenberg 02_stabilized,1796
target_test,data/raw/NVD/annotated_videos/2022-12-23_Bjenberg_02_stabilized/2022-12-23 Bjenberg 02_stabilized,1797
target_test,data/raw/NVD/annotated_videos/2022-12-23_Bjenberg_02_stabilized/2022-12-23 Bjenberg 02_stabilized,1798
target_test,data/raw/NVD/annotated_videos/2022-12-23_Bjenberg_02_stabilized/2022-12-23 Bjenberg 02_stabilized,1799
target_test,data/raw/NVD/annotated_videos/2022-12-23_Bjenberg_02_stabilized/2022-12-23 Bjenberg 02_stabilized,1800
target_test,data/raw/NVD/annotated_videos/2022-12-23_Bjenberg_02_stabilized/2022-12-23 Bjenberg 02_stabilized,1801
target_test,data/raw/NVD/annotated_videos/2022-12-23_Bjenberg_02_stabilized/2022-12-23 Bjenberg 02_stabilized,1802
target_test,data/raw/NVD/annotated_videos/2022-12-23_Bjenberg_02_stabilized/2022-12-23 Bjenberg 02_stabilized,1803
target_test,data/raw/NVD/annotated_videos/2022-12-23_Bjenberg_02_stabilized/2022-12-23 Bjenberg 02_stabilized,1804
target_test,data/raw/NVD/annotated_videos/2022-12-23_Bjenberg_02_stabilized/2022-12-23 Bjenberg 02_stabilized,1805
target_test,data/raw/NVD/annotated_videos/2022-12-23_Bjenberg_02_stabilized/2022-12-23 Bjenberg 02_stabilized,1806
target_test,data/raw/NVD/annotated_videos/2022-12-23_Bjenberg_02_stabilized/2022-12-23 Bjenberg 02_stabilized,1807
target_test,data/raw/NVD/annotated_videos/2022-12-23_Bjenberg_02_stabilized/2022-12-23 Bjenberg 02_stabilized,1808
target_test,data/raw/NVD/annotated_videos/2022-12-23_Bjenberg_02_stabilized/2022-12-23 Bjenberg 02_stabilized,1809
target_test,data/raw/NVD/annotated_videos/2022-12-23_Bjenberg_02_stabilized/2022-12-23 Bjenberg 02_stabilized,1810
target_test,data/raw/NVD/annotated_videos/2022-12-23_Bjenberg_02_stabilized/2022-12-23 Bjenberg 02_stabilized,1811
target_test,data/raw/NVD/annotated_videos/2022-12-23_Bjenberg_02_stabilized/2022-12-23 Bjenberg 02_stabilized,1812
target_test,data/raw/NVD/annotated_videos/2022-12-23_Bjenberg_02_stabilized/2022-12-23 Bjenberg 02_stabilized,1813
target_test,data/raw/NVD/annotated_videos/2022-12-23_Bjenberg_02_stabilized/2022-12-23 Bjenberg 02_stabilized,1814
target_test,data/raw/NVD/annotated_videos/2022-12-23_Bjenberg_02_stabilized/2022-12-23 Bjenberg 02_stabilized,1815
target_test,data/raw/NVD/annotated_videos/2022-12-23_Bjenberg_02_stabilized/2022-12-23 Bjenberg 02_stabilized,1816
target_test,data/raw/NVD/annotated_videos/2022-12-23_Bjenberg_02_stabilized/2022-12-23 Bjenberg 02_stabilized,1817
target_test,data/raw/NVD/annotated_videos/2022-12-23_Bjenberg_02_stabilized/2022-12-23 Bjenberg 02_stabilized,1818
target_test,data/raw/NVD/annotated_videos/2022-12-23_Bjenberg_02_stabilized/2022-12-23 Bjenberg 02_stabilized,1819
target_test,data/raw/NVD/annotated_videos/2022-12-23_Bjenberg_02_stabilized/2022-12-23 Bjenberg 02_stabilized,1820
target_test,data/raw/NVD/annotated_videos/2022-12-23_Bjenberg_02_stabilized/2022-12-23 Bjenberg 02_stabilized,1821
target_test,data/raw/NVD/annotated_videos/2022-12-23_Bjenberg_02_stabilized/2022-12-23 Bjenberg 02_stabilized,1822
target_test,data/raw/NVD/annotated_videos/2022-12-23_Bjenberg_02_stabilized/2022-12-23 Bjenberg 02_stabilized,1823
target_test,data/raw/NVD/annotated_videos/2022-12-23_Bjenberg_02_stabilized/2022-12-23 Bjenberg 02_stabilized,1824
target_test,data/raw/NVD/annotated_videos/2022-12-23_Bjenberg_02_stabilized/2022-12-23 Bjenberg 02_stabilized,1825
target_test,data/raw/NVD/annotated_videos/2022-12-23_Bjenberg_02_stabilized/2022-12-23 Bjenberg 02_stabilized,1826
target_test,data/raw/NVD/annotated_videos/2022-12-23_Bjenberg_02_stabilized/2022-12-23 Bjenberg 02_stabilized,1827
target_test,data/raw/NVD/annotated_videos/2022-12-23_Bjenberg_02_stabilized/2022-12-23 Bjenberg 02_stabilized,1828
target_test,data/raw/NVD/annotated_videos/2022-12-23_Bjenberg_02_stabilized/2022-12-23 Bjenberg 02_stabilized,1829
target_test,data/raw/NVD/annotated_videos/2022-12-23_Bjenberg_02_stabilized/2022-12-23 Bjenberg 02_stabilized,1830
target_test,data/raw/NVD/annotated_videos/2022-12-23_Bjenberg_02_stabilized/2022-12-23 Bjenberg 02_stabilized,1831
target_test,data/raw/NVD/annotated_videos/2022-12-23_Bjenberg_02_stabilized/2022-12-23 Bjenberg 02_stabilized,1832
target_test,data/raw/NVD/annotated_videos/2022-12-23_Bjenberg_02_stabilized/2022-12-23 Bjenberg 02_stabilized,1833
target_test,data/raw/NVD/annotated_videos/2022-12-23_Bjenberg_02_stabilized/2022-12-23 Bjenberg 02_stabilized,1834
target_test,data/raw/NVD/annotated_videos/2022-12-23_Bjenberg_02_stabilized/2022-12-23 Bjenberg 02_stabilized,1835
target_test,data/raw/NVD/annotated_videos/2022-12-23_Bjenberg_02_stabilized/2022-12-23 Bjenberg 02_stabilized,1836
target_test,data/raw/NVD/annotated_videos/2022-12-23_Bjenberg_02_stabilized/2022-12-23 Bjenberg 02_stabilized,1837
target_test,data/raw/NVD/annotated_videos/2022-12-23_Bjenberg_02_stabilized/2022-12-23 Bjenberg 02_stabilized,1838
target_test,data/raw/NVD/annotated_videos/2022-12-23_Bjenberg_02_stabilized/2022-12-23 Bjenberg 02_stabilized,1839
target_test,data/raw/NVD/annotated_videos/2022-12-23_Bjenberg_02_stabilized/2022-12-23 Bjenberg 02_stabilized,1840
target_test,data/raw/NVD/annotated_videos/2022-12-23_Bjenberg_02_stabilized/2022-12-23 Bjenberg 02_stabilized,1841
target_test,data/raw/NVD/annotated_videos/2022-12-23_Bjenberg_02_stabilized/2022-12-23 Bjenberg 02_stabilized,1842
target_test,data/raw/NVD/annotated_videos/2022-12-23_Bjenberg_02_stabilized/2022-12-23 Bjenberg 02_stabilized,1843
target_test,data/raw/NVD/annotated_videos/2022-12-23_Bjenberg_02_stabilized/2022-12-23 Bjenberg 02_stabilized,1844
target_test,data/raw/NVD/annotated_videos/2022-12-23_Bjenberg_02_stabilized/2022-12-23 Bjenberg 02_stabilized,1845
target_test,data/raw/NVD/annotated_videos/2022-12-23_Bjenberg_02_stabilized/2022-12-23 Bjenberg 02_stabilized,1846
target_test,data/raw/NVD/annotated_videos/2022-12-23_Bjenberg_02_stabilized/2022-12-23 Bjenberg 02_stabilized,1847
target_test,data/raw/NVD/annotated_videos/2022-12-23_Bjenberg_02_stabilized/2022-12-23 Bjenberg 02_stabilized,1848
target_test,data/raw/NVD/annotated_videos/2022-12-23_Bjenberg_02_stabilized/2022-12-23 Bjenberg 02_stabilized,1849
target_test,data/raw/NVD/annotated_videos/2022-12-23_Bjenberg_02_stabilized/2022-12-23 Bjenberg 02_stabilized,1850
target_test,data/raw/NVD/annotated_videos/2022-12-23_Bjenberg_02_stabilized/2022-12-23 Bjenberg 02_stabilized,1851
target_test,data/raw/NVD/annotated_videos/2022-12-23_Bjenberg_02_stabilized/2022-12-23 Bjenberg 02_stabilized,1852
target_test,data/raw/NVD/annotated_videos/2022-12-23_Bjenberg_02_stabilized/2022-12-23 Bjenberg 02_stabilized,1853
target_test,data/raw/NVD/annotated_videos/2022-12-23_Bjenberg_02_stabilized/2022-12-23 Bjenberg 02_stabilized,1854
target_test,data/raw/NVD/annotated_videos/2022-12-23_Bjenberg_02_stabilized/2022-12-23 Bjenberg 02_stabilized,1855
target_test,data/raw/NVD/annotated_videos/2022-12-23_Bjenberg_02_stabilized/2022-12-23 Bjenberg 02_stabilized,1856
target_test,data/raw/NVD/annotated_videos/2022-12-23_Bjenberg_02_stabilized/2022-12-23 Bjenberg 02_stabilized,1857
target_test,data/raw/NVD/annotated_videos/2022-12-23_Bjenberg_02_stabilized/2022-12-23 Bjenberg 02_stabilized,1858
target_test,data/raw/NVD/annotated_videos/2022-12-23_Bjenberg_02_stabilized/2022-12-23 Bjenberg 02_stabilized,1859
target_test,data/raw/NVD/annotated_videos/2022-12-23_Bjenberg_02_stabilized/2022-12-23 Bjenberg 02_stabilized,1860
target_test,data/raw/NVD/annotated_videos/2022-12-23_Bjenberg_02_stabilized/2022-12-23 Bjenberg 02_stabilized,1861
target_test,data/raw/NVD/annotated_videos/2022-12-23_Bjenberg_02_stabilized/2022-12-23 Bjenberg 02_stabilized,1862
target_test,data/raw/NVD/annotated_videos/2022-12-23_Bjenberg_02_stabilized/2022-12-23 Bjenberg 02_stabilized,1863
target_test,data/raw/NVD/annotated_videos/2022-12-23_Bjenberg_02_stabilized/2022-12-23 Bjenberg 02_stabilized,1864
target_test,data/raw/NVD/annotated_videos/2022-12-23_Bjenberg_02_stabilized/2022-12-23 Bjenberg 02_stabilized,1865
target_test,data/raw/NVD/annotated_videos/2022-12-23_Bjenberg_02_stabilized/2022-12-23 Bjenberg 02_stabilized,1866
target_test,data/raw/NVD/annotated_videos/2022-12-23_Bjenberg_02_stabilized/2022-12-23 Bjenberg 02_stabilized,1867
target_test,data/raw/NVD/annotated_videos/2022-12-23_Bjenberg_02_stabilized/2022-12-23 Bjenberg 02_stabilized,1868
target_test,data/raw/NVD/annotated_videos/2022-12-23_Bjenberg_02_stabilized/2022-12-23 Bjenberg 02_stabilized,1869
target_test,data/raw/NVD/annotated_videos/2022-12-23_Bjenberg_02_stabilized/2022-12-23 Bjenberg 02_stabilized,1870
target_test,data/raw/NVD/annotated_videos/2022-12-23_Bjenberg_02_stabilized/2022-12-23 Bjenberg 02_stabilized,1871
target_test,data/raw/NVD/annotated_videos/2022-12-23_Bjenberg_02_stabilized/2022-12-23 Bjenberg 02_stabilized,1872
target_test,data/raw/NVD/annotated_videos/2022-12-23_Bjenberg_02_stabilized/2022-12-23 Bjenberg 02_stabilized,1873
target_test,data/raw/NVD/annotated_videos/2022-12-23_Bjenberg_02_stabilized/2022-12-23 Bjenberg 02_stabilized,1874
target_test,data/raw/NVD/annotated_videos/2022-12-23_Bjenberg_02_stabilized/2022-12-23 Bjenberg 02_stabilized,1875
target_test,data/raw/NVD/annotated_videos/2022-12-23_Bjenberg_02_stabilized/2022-12-23 Bjenberg 02_stabilized,1876
target_test,data/raw/NVD/annotated_videos/2022-12-23_Bjenberg_02_stabilized/2022-12-23 Bjenberg 02_stabilized,1877
target_test,data/raw/NVD/annotated_videos/2022-12-23_Bjenberg_02_stabilized/2022-12-23 Bjenberg 02_stabilized,1878
target_test,data/raw/NVD/annotated_videos/2022-12-23_Bjenberg_02_stabilized/2022-12-23 Bjenberg 02_stabilized,1879
target_test,data/raw/NVD/annotated_videos/2022-12-23_Bjenberg_02_stabilized/2022-12-23 Bjenberg 02_stabilized,1880
target_test,data/raw/NVD/annotated_videos/2022-12-23_Bjenberg_02_stabilized/2022-12-23 Bjenberg 02_stabilized,1881
target_test,data/raw/NVD/annotated_videos/2022-12-23_Bjenberg_02_stabilized/2022-12-23 Bjenberg 02_stabilized,1882
target_test,data/raw/NVD/annotated_videos/2022-12-23_Bjenberg_02_stabilized/2022-12-23 Bjenberg 02_stabilized,1883
target_test,data/raw/NVD/annotated_videos/2022-12-23_Bjenberg_02_stabilized/2022-12-23 Bjenberg 02_stabilized,1884
target_test,data/raw/NVD/annotated_videos/2022-12-23_Bjenberg_02_stabilized/2022-12-23 Bjenberg 02_stabilized,1885
target_test,data/raw/NVD/annotated_videos/2022-12-23_Bjenberg_02_stabilized/2022-12-23 Bjenberg 02_stabilized,1886
target_test,data/raw/NVD/annotated_videos/2022-12-23_Bjenberg_02_stabilized/2022-12-23 Bjenberg 02_stabilized,1887
target_test,data/raw/NVD/annotated_videos/2022-12-23_Bjenberg_02_stabilized/2022-12-23 Bjenberg 02_stabilized,1888
target_test,data/raw/NVD/annotated_videos/2022-12-23_Bjenberg_02_stabilized/2022-12-23 Bjenberg 02_stabilized,1889
target_test,data/raw/NVD/annotated_videos/2022-12-23_Bjenberg_02_stabilized/2022-12-23 Bjenberg 02_stabilized,1890
target_test,data/raw/NVD/annotated_videos/2022-12-23_Bjenberg_02_stabilized/2022-12-23 Bjenberg 02_stabilized,1891
target_test,data/raw/NVD/annotated_videos/2022-12-23_Bjenberg_02_stabilized/2022-12-23 Bjenberg 02_stabilized,1892
target_test,data/raw/NVD/annotated_videos/2022-12-23_Bjenberg_02_stabilized/2022-12-23 Bjenberg 02_stabilized,1893
target_test,data/raw/NVD/annotated_videos/2022-12-23_Bjenberg_02_stabilized/2022-12-23 Bjenberg 02_stabilized,1894
target_test,data/raw/NVD/annotated_videos/2022-12-23_Bjenberg_02_stabilized/2022-12-23 Bjenberg 02_stabilized,1895
target_test,data/raw/NVD/annotated_videos/2022-12-23_Bjenberg_02_stabilized/2022-12-23 Bjenberg 02_stabilized,1896
target_test,data/raw/NVD/annotated_videos/2022-12-23_Bjenberg_02_stabilized/2022-12-23 Bjenberg 02_stabilized,1897
target_test,data/raw/NVD/annotated_videos/2022-12-23_Bjenberg_02_stabilized/2022-12-23 Bjenberg 02_stabilized,1898
target_test,data/raw/NVD/annotated_videos/2022-12-23_Bjenberg_02_stabilized/2022-12-23 Bjenberg 02_stabilized,1899
target_test,data/raw/NVD/annotated_videos/2022-12-23_Bjenberg_02_stabilized/2022-12-23 Bjenberg 02_stabilized,1900
target_test,data/raw/NVD/annotated_videos/2022-12-23_Bjenberg_02_stabilized/2022-12-23 Bjenberg 02_stabilized,1901
target_test,data/raw/NVD/annotated_videos/2022-12-23_Bjenberg_02_stabilized/2022-12-23 Bjenberg 02_stabilized,1902
target_test,data/raw/NVD/annotated_videos/2022-12-23_Bjenberg_02_stabilized/2022-12-23 Bjenberg 02_stabilized,1903
target_test,data/raw/NVD/annotated_videos/2022-12-23_Bjenberg_02_stabilized/2022-12-23 Bjenberg 02_stabilized,1904
target_test,data/raw/NVD/annotated_videos/2022-12-23_Bjenberg_02_stabilized/2022-12-23 Bjenberg 02_stabilized,1905
target_test,data/raw/NVD/annotated_videos/2022-12-23_Bjenberg_02_stabilized/2022-12-23 Bjenberg 02_stabilized,1906
target_test,data/raw/NVD/annotated_videos/2022-12-23_Bjenberg_02_stabilized/2022-12-23 Bjenberg 02_stabilized,1907
target_test,data/raw/NVD/annotated_videos/2022-12-23_Bjenberg_02_stabilized/2022-12-23 Bjenberg 02_stabilized,1908
target_test,data/raw/NVD/annotated_videos/2022-12-23_Bjenberg_02_stabilized/2022-12-23 Bjenberg 02_stabilized,1909
target_test,data/raw/NVD/annotated_videos/2022-12-23_Bjenberg_02_stabilized/2022-12-23 Bjenberg 02_stabilized,1910
target_test,data/raw/NVD/annotated_videos/2022-12-23_Bjenberg_02_stabilized/2022-12-23 Bjenberg 02_stabilized,1911
target_test,data/raw/NVD/annotated_videos/2022-12-23_Bjenberg_02_stabilized/2022-12-23 Bjenberg 02_stabilized,1912
target_test,data/raw/NVD/annotated_videos/2022-12-23_Bjenberg_02_stabilized/2022-12-23 Bjenberg 02_stabilized,1913
target_test,data/raw/NVD/annotated_videos/2022-12-23_Bjenberg_02_stabilized/2022-12-23 Bjenberg 02_stabilized,1914
target_test,data/raw/NVD/annotated_videos/2022-12-23_Bjenberg_02_stabilized/2022-12-23 Bjenberg 02_stabilized,1915
target_test,data/raw/NVD/annotated_videos/2022-12-23_Bjenberg_02_stabilized/2022-12-23 Bjenberg 02_stabilized,1916
target_test,data/raw/NVD/annotated_videos/2022-12-23_Bjenberg_02_stabilized/2022-12-23 Bjenberg 02_stabilized,1917
target_test,data/raw/NVD/annotated_videos/2022-12-23_Bjenberg_02_stabilized/2022-12-23 Bjenberg 02_stabilized,1918
target_test,data/raw/NVD/annotated_videos/2022-12-23_Bjenberg_02_stabilized/2022-12-23 Bjenberg 02_stabilized,1919
target_test,data/raw/NVD/annotated_videos/2022-12-23_Bjenberg_02_stabilized/2022-12-23 Bjenberg 02_stabilized,1920
target_test,data/raw/NVD/annotated_videos/2022-12-23_Bjenberg_02_stabilized/2022-12-23 Bjenberg 02_stabilized,1921
target_test,data/raw/NVD/annotated_videos/2022-12-23_Bjenberg_02_stabilized/2022-12-23 Bjenberg 02_stabilized,1922
target_test,data/raw/NVD/annotated_videos/2022-12-23_Bjenberg_02_stabilized/2022-12-23 Bjenberg 02_stabilized,1923
target_test,data/raw/NVD/annotated_videos/2022-12-23_Bjenberg_02_stabilized/2022-12-23 Bjenberg 02_stabilized,1924
target_test,data/raw/NVD/annotated_videos/2022-12-23_Bjenberg_02_stabilized/2022-12-23 Bjenberg 02_stabilized,1925
target_test,data/raw/NVD/annotated_videos/2022-12-23_Bjenberg_02_stabilized/2022-12-23 Bjenberg 02_stabilized,1926
target_test,data/raw/NVD/annotated_videos/2022-12-23_Bjenberg_02_stabilized/2022-12-23 Bjenberg 02_stabilized,1927
target_test,data/raw/NVD/annotated_videos/2022-12-23_Bjenberg_02_stabilized/2022-12-23 Bjenberg 02_stabilized,1928
target_test,data/raw/NVD/annotated_videos/2022-12-23_Bjenberg_02_stabilized/2022-12-23 Bjenberg 02_stabilized,1929
target_test,data/raw/NVD/annotated_videos/2022-12-23_Bjenberg_02_stabilized/2022-12-23 Bjenberg 02_stabilized,1930
target_test,data/raw/NVD/annotated_videos/2022-12-23_Bjenberg_02_stabilized/2022-12-23 Bjenberg 02_stabilized,1931
target_test,data/raw/NVD/annotated_videos/2022-12-23_Bjenberg_02_stabilized/2022-12-23 Bjenberg 02_stabilized,1932
target_test,data/raw/NVD/annotated_videos/2022-12-23_Bjenberg_02_stabilized/2022-12-23 Bjenberg 02_stabilized,1933
target_test,data/raw/NVD/annotated_videos/2022-12-23_Bjenberg_02_stabilized/2022-12-23 Bjenberg 02_stabilized,1934
target_test,data/raw/NVD/annotated_videos/2022-12-23_Bjenberg_02_stabilized/2022-12-23 Bjenberg 02_stabilized,1935
target_test,data/raw/NVD/annotated_videos/2022-12-23_Bjenberg_02_stabilized/2022-12-23 Bjenberg 02_stabilized,1936
target_test,data/raw/NVD/annotated_videos/2022-12-23_Bjenberg_02_stabilized/2022-12-23 Bjenberg 02_stabilized,1937
target_test,data/raw/NVD/annotated_videos/2022-12-23_Bjenberg_02_stabilized/2022-12-23 Bjenberg 02_stabilized,1938
target_test,data/raw/NVD/annotated_videos/2022-12-23_Bjenberg_02_stabilized/2022-12-23 Bjenberg 02_stabilized,1939
target_test,data/raw/NVD/annotated_videos/2022-12-23_Bjenberg_02_stabilized/2022-12-23 Bjenberg 02_stabilized,1940
target_test,data/raw/NVD/annotated_videos/2022-12-23_Bjenberg_02_stabilized/2022-12-23 Bjenberg 02_stabilized,1941
target_test,data/raw/NVD/annotated_videos/2022-12-23_Bjenberg_02_stabilized/2022-12-23 Bjenberg 02_stabilized,1942
target_test,data/raw/NVD/annotated_videos/2022-12-23_Bjenberg_02_stabilized/2022-12-23 Bjenberg 02_stabilized,1943
target_test,data/raw/NVD/annotated_videos/2022-12-23_Bjenberg_02_stabilized/2022-12-23 Bjenberg 02_stabilized,1944
target_test,data/raw/NVD/annotated_videos/2022-12-23_Bjenberg_02_stabilized/2022-12-23 Bjenberg 02_stabilized,1945
target_test,data/raw/NVD/annotated_videos/2022-12-23_Bjenberg_02_stabilized/2022-12-23 Bjenberg 02_stabilized,1946
target_test,data/raw/NVD/annotated_videos/2022-12-23_Bjenberg_02_stabilized/2022-12-23 Bjenberg 02_stabilized,1947
target_test,data/raw/NVD/annotated_videos/2022-12-23_Bjenberg_02_stabilized/2022-12-23 Bjenberg 02_stabilized,1948
target_test,data/raw/NVD/annotated_videos/2022-12-23_Bjenberg_02_stabilized/2022-12-23 Bjenberg 02_stabilized,1949
target_test,data/raw/NVD/annotated_videos/2022-12-23_Bjenberg_02_stabilized/2022-12-23 Bjenberg 02_stabilized,1950
target_test,data/raw/NVD/annotated_videos/2022-12-23_Bjenberg_02_stabilized/2022-12-23 Bjenberg 02_stabilized,1951
target_test,data/raw/NVD/annotated_videos/2022-12-23_Bjenberg_02_stabilized/2022-12-23 Bjenberg 02_stabilized,1952
target_test,data/raw/NVD/annotated_videos/2022-12-23_Bjenberg_02_stabilized/2022-12-23 Bjenberg 02_stabilized,1953
target_test,data/raw/NVD/annotated_videos/2022-12-23_Bjenberg_02_stabilized/2022-12-23 Bjenberg 02_stabilized,1954
target_test,data/raw/NVD/annotated_videos/2022-12-23_Bjenberg_02_stabilized/2022-12-23 Bjenberg 02_stabilized,1955
target_test,data/raw/NVD/annotated_videos/2022-12-23_Bjenberg_02_stabilized/2022-12-23 Bjenberg 02_stabilized,1956
target_test,data/raw/NVD/annotated_videos/2022-12-23_Bjenberg_02_stabilized/2022-12-23 Bjenberg 02_stabilized,1957
target_test,data/raw/NVD/annotated_videos/2022-12-23_Bjenberg_02_stabilized/2022-12-23 Bjenberg 02_stabilized,1958
target_test,data/raw/NVD/annotated_videos/2022-12-23_Bjenberg_02_stabilized/2022-12-23 Bjenberg 02_stabilized,1959
target_test,data/raw/NVD/annotated_videos/2022-12-23_Bjenberg_02_stabilized/2022-12-23 Bjenberg 02_stabilized,1960
target_test,data/raw/NVD/annotated_videos/2022-12-23_Bjenberg_02_stabilized/2022-12-23 Bjenberg 02_stabilized,1961
target_test,data/raw/NVD/annotated_videos/2022-12-23_Bjenberg_02_stabilized/2022-12-23 Bjenberg 02_stabilized,1962
target_test,data/raw/NVD/annotated_videos/2022-12-23_Bjenberg_02_stabilized/2022-12-23 Bjenberg 02_stabilized,1963
target_test,data/raw/NVD/annotated_videos/2022-12-23_Bjenberg_02_stabilized/2022-12-23 Bjenberg 02_stabilized,1964
target_test,data/raw/NVD/annotated_videos/2022-12-23_Bjenberg_02_stabilized/2022-12-23 Bjenberg 02_stabilized,1965
target_test,data/raw/NVD/annotated_videos/2022-12-23_Bjenberg_02_stabilized/2022-12-23 Bjenberg 02_stabilized,1966
target_test,data/raw/NVD/annotated_videos/2022-12-23_Bjenberg_02_stabilized/2022-12-23 Bjenberg 02_stabilized,1967
target_test,data/raw/NVD/annotated_videos/2022-12-23_Bjenberg_02_stabilized/2022-12-23 Bjenberg 02_stabilized,1968
target_test,data/raw/NVD/annotated_videos/2022-12-23_Bjenberg_02_stabilized/2022-12-23 Bjenberg 02_stabilized,1969
target_test,data/raw/NVD/annotated_videos/2022-12-23_Bjenberg_02_stabilized/2022-12-23 Bjenberg 02_stabilized,1970
target_test,data/raw/NVD/annotated_videos/2022-12-23_Bjenberg_02_stabilized/2022-12-23 Bjenberg 02_stabilized,1971
target_test,data/raw/NVD/annotated_videos/2022-12-23_Bjenberg_02_stabilized/2022-12-23 Bjenberg 02_stabilized,1972
target_test,data/raw/NVD/annotated_videos/2022-12-23_Bjenberg_02_stabilized/2022-12-23 Bjenberg 02_stabilized,1973
target_test,data/raw/NVD/annotated_videos/2022-12-23_Bjenberg_02_stabilized/2022-12-23 Bjenberg 02_stabilized,1974
target_test,data/raw/NVD/annotated_videos/2022-12-23_Bjenberg_02_stabilized/2022-12-23 Bjenberg 02_stabilized,1975
target_test,data/raw/NVD/annotated_videos/2022-12-23_Bjenberg_02_stabilized/2022-12-23 Bjenberg 02_stabilized,1976
target_test,data/raw/NVD/annotated_videos/2022-12-23_Bjenberg_02_stabilized/2022-12-23 Bjenberg 02_stabilized,1977
target_test,data/raw/NVD/annotated_videos/2022-12-23_Bjenberg_02_stabilized/2022-12-23 Bjenberg 02_stabilized,1978
target_test,data/raw/NVD/annotated_videos/2022-12-23_Bjenberg_02_stabilized/2022-12-23 Bjenberg 02_stabilized,1979
target_test,data/raw/NVD/annotated_videos/2022-12-23_Bjenberg_02_stabilized/2022-12-23 Bjenberg 02_stabilized,1980
target_test,data/raw/NVD/annotated_videos/2022-12-23_Bjenberg_02_stabilized/2022-12-23 Bjenberg 02_stabilized,1981
target_test,data/raw/NVD/annotated_videos/2022-12-23_Bjenberg_02_stabilized/2022-12-23 Bjenberg 02_stabilized,1982
target_test,data/raw/NVD/annotated_videos/2022-12-23_Bjenberg_02_stabilized/2022-12-23 Bjenberg 02_stabilized,1983
target_test,data/raw/NVD/annotated_videos/2022-12-23_Bjenberg_02_stabilized/2022-12-23 Bjenberg 02_stabilized,1984
target_test,data/raw/NVD/annotated_videos/2022-12-23_Bjenberg_02_stabilized/2022-12-23 Bjenberg 02_stabilized,1985
target_test,data/raw/NVD/annotated_videos/2022-12-23_Bjenberg_02_stabilized/2022-12-23 Bjenberg 02_stabilized,1986
target_test,data/raw/NVD/annotated_videos/2022-12-23_Bjenberg_02_stabilized/2022-12-23 Bjenberg 02_stabilized,1987
target_test,data/raw/NVD/annotated_videos/2022-12-23_Bjenberg_02_stabilized/2022-12-23 Bjenberg 02_stabilized,1988
target_test,data/raw/NVD/annotated_videos/2022-12-23_Bjenberg_02_stabilized/2022-12-23 Bjenberg 02_stabilized,1989
target_test,data/raw/NVD/annotated_videos/2022-12-23_Bjenberg_02_stabilized/2022-12-23 Bjenberg 02_stabilized,1990
target_test,data/raw/NVD/annotated_videos/2022-12-23_Bjenberg_02_stabilized/2022-12-23 Bjenberg 02_stabilized,1991
target_test,data/raw/NVD/annotated_videos/2022-12-23_Bjenberg_02_stabilized/2022-12-23 Bjenberg 02_stabilized,1992
target_test,data/raw/NVD/annotated_videos/2022-12-23_Bjenberg_02_stabilized/2022-12-23 Bjenberg 02_stabilized,1993
target_test,data/raw/NVD/annotated_videos/2022-12-23_Bjenberg_02_stabilized/2022-12-23 Bjenberg 02_stabilized,1994
target_test,data/raw/NVD/annotated_videos/2022-12-23_Bjenberg_02_stabilized/2022-12-23 Bjenberg 02_stabilized,1995
target_test,data/raw/NVD/annotated_videos/2022-12-23_Bjenberg_02_stabilized/2022-12-23 Bjenberg 02_stabilized,1996
target_test,data/raw/NVD/annotated_videos/2022-12-23_Bjenberg_02_stabilized/2022-12-23 Bjenberg 02_stabilized,1997
target_test,data/raw/NVD/annotated_videos/2022-12-23_Bjenberg_02_stabilized/2022-12-23 Bjenberg 02_stabilized,1998
target_test,data/raw/NVD/annotated_videos/2022-12-23_Bjenberg_02_stabilized/2022-12-23 Bjenberg 02_stabilized,1999
target_test,data/raw/NVD/annotated_videos/2022-12-23_Bjenberg_02_stabilized/2022-12-23 Bjenberg 02_stabilized,2000
target_test,data/raw/NVD/annotated_videos/2022-12-23_Bjenberg_02_stabilized/2022-12-23 Bjenberg 02_stabilized,2001
target_test,data/raw/NVD/annotated_videos/2022-12-23_Bjenberg_02_stabilized/2022-12-23 Bjenberg 02_stabilized,2002
target_test,data/raw/NVD/annotated_videos/2022-12-23_Bjenberg_02_stabilized/2022-12-23 Bjenberg 02_stabilized,2003
target_test,data/raw/NVD/annotated_videos/2022-12-23_Bjenberg_02_stabilized/2022-12-23 Bjenberg 02_stabilized,2004
target_test,data/raw/NVD/annotated_videos/2022-12-23_Bjenberg_02_stabilized/2022-12-23 Bjenberg 02_stabilized,2005
target_test,data/raw/NVD/annotated_videos/2022-12-23_Bjenberg_02_stabilized/2022-12-23 Bjenberg 02_stabilized,2006
target_test,data/raw/NVD/annotated_videos/2022-12-23_Bjenberg_02_stabilized/2022-12-23 Bjenberg 02_stabilized,2007
target_test,data/raw/NVD/annotated_videos/2022-12-23_Bjenberg_02_stabilized/2022-12-23 Bjenberg 02_stabilized,2008
target_test,data/raw/NVD/annotated_videos/2022-12-23_Bjenberg_02_stabilized/2022-12-23 Bjenberg 02_stabilized,2009
target_test,data/raw/NVD/annotated_videos/2022-12-23_Bjenberg_02_stabilized/2022-12-23 Bjenberg 02_stabilized,2010
target_test,data/raw/NVD/annotated_videos/2022-12-23_Bjenberg_02_stabilized/2022-12-23 Bjenberg 02_stabilized,2011
target_test,data/raw/NVD/annotated_videos/2022-12-23_Bjenberg_02_stabilized/2022-12-23 Bjenberg 02_stabilized,2012
target_test,data/raw/NVD/annotated_videos/2022-12-23_Bjenberg_02_stabilized/2022-12-23 Bjenberg 02_stabilized,2013
target_test,data/raw/NVD/annotated_videos/2022-12-23_Bjenberg_02_stabilized/2022-12-23 Bjenberg 02_stabilized,2014
target_test,data/raw/NVD/annotated_videos/2022-12-23_Bjenberg_02_stabilized/2022-12-23 Bjenberg 02_stabilized,2015
target_test,data/raw/NVD/annotated_videos/2022-12-23_Bjenberg_02_stabilized/2022-12-23 Bjenberg 02_stabilized,2016
target_test,data/raw/NVD/annotated_videos/2022-12-23_Bjenberg_02_stabilized/2022-12-23 Bjenberg 02_stabilized,2017
target_test,data/raw/NVD/annotated_videos/2022-12-23_Bjenberg_02_stabilized/2022-12-23 Bjenberg 02_stabilized,2018
target_test,data/raw/NVD/annotated_videos/2022-12-23_Bjenberg_02_stabilized/2022-12-23 Bjenberg 02_stabilized,2019
target_test,data/raw/NVD/annotated_videos/2022-12-23_Bjenberg_02_stabilized/2022-12-23 Bjenberg 02_stabilized,2020
target_test,data/raw/NVD/annotated_videos/2022-12-23_Bjenberg_02_stabilized/2022-12-23 Bjenberg 02_stabilized,2021
target_test,data/raw/NVD/annotated_videos/2022-12-23_Bjenberg_02_stabilized/2022-12-23 Bjenberg 02_stabilized,2022
target_test,data/raw/NVD/annotated_videos/2022-12-23_Bjenberg_02_stabilized/2022-12-23 Bjenberg 02_stabilized,2023
target_test,data/raw/NVD/annotated_videos/2022-12-23_Bjenberg_02_stabilized/2022-12-23 Bjenberg 02_stabilized,2024
target_test,data/raw/NVD/annotated_videos/2022-12-23_Bjenberg_02_stabilized/2022-12-23 Bjenberg 02_stabilized,2025
target_test,data/raw/NVD/annotated_videos/2022-12-23_Bjenberg_02_stabilized/2022-12-23 Bjenberg 02_stabilized,2026
target_validation,data/raw/NVD/annotated_videos/2022-12-04_Bjenberg_02/2022-12-04 Bjenberg 02.MP4,0
target_validation,data/raw/NVD/annotated_videos/2022-12-04_Bjenberg_02/2022-12-04 Bjenberg 02.MP4,5
target_validation,data/raw/NVD/annotated_videos/2022-12-04_Bjenberg_02/2022-12-04 Bjenberg 02.MP4,10
target_validation,data/raw/NVD/annotated_videos/2022-12-04_Bjenberg_02/2022-12-04 Bjenberg 02.MP4,15
target_validation,data/raw/NVD/annotated_videos/2022-12-04_Bjenberg_02/2022-12-04 Bjenberg 02.MP4,20
target_validation,data/raw/NVD/annotated_videos/2022-12-04_Bjenberg_02/2022-12-04 Bjenberg 02.MP4,25
target_validation,data/raw/NVD/annotated_videos/2022-12-04_Bjenberg_02/2022-12-04 Bjenberg 02.MP4,31
target_validation,data/raw/NVD/annotated_videos/2022-12-04_Bjenberg_02/2022-12-04 Bjenberg 02.MP4,36
target_validation,data/raw/NVD/annotated_videos/2022-12-04_Bjenberg_02/2022-12-04 Bjenberg 02.MP4,41
target_validation,data/raw/NVD/annotated_videos/2022-12-04_Bjenberg_02/2022-12-04 Bjenberg 02.MP4,46
target_validation,data/raw/NVD/annotated_videos/2022-12-04_Bjenberg_02/2022-12-04 Bjenberg 02.MP4,51
target_validation,data/raw/NVD/annotated_videos/2022-12-04_Bjenberg_02/2022-12-04 Bjenberg 02.MP4,56
target_validation,data/raw/NVD/annotated_videos/2022-12-04_Bjenberg_02/2022-12-04 Bjenberg 02.MP4,62
target_validation,data/raw/NVD/annotated_videos/2022-12-04_Bjenberg_02/2022-12-04 Bjenberg 02.MP4,67
target_validation,data/raw/NVD/annotated_videos/2022-12-04_Bjenberg_02/2022-12-04 Bjenberg 02.MP4,72
target_validation,data/raw/NVD/annotated_videos/2022-12-04_Bjenberg_02/2022-12-04 Bjenberg 02.MP4,77
target_validation,data/raw/NVD/annotated_videos/2022-12-04_Bjenberg_02/2022-12-04 Bjenberg 02.MP4,82
target_validation,data/raw/NVD/annotated_videos/2022-12-04_Bjenberg_02/2022-12-04 Bjenberg 02.MP4,87
target_validation,data/raw/NVD/annotated_videos/2022-12-04_Bjenberg_02/2022-12-04 Bjenberg 02.MP4,93
target_validation,data/raw/NVD/annotated_videos/2022-12-04_Bjenberg_02/2022-12-04 Bjenberg 02.MP4,98
target_validation,data/raw/NVD/annotated_videos/2022-12-04_Bjenberg_02/2022-12-04 Bjenberg 02.MP4,103
target_validation,data/raw/NVD/annotated_videos/2022-12-04_Bjenberg_02/2022-12-04 Bjenberg 02.MP4,108
target_validation,data/raw/NVD/annotated_videos/2022-12-04_Bjenberg_02/2022-12-04 Bjenberg 02.MP4,113
target_validation,data/raw/NVD/annotated_videos/2022-12-04_Bjenberg_02/2022-12-04 Bjenberg 02.MP4,118
target_validation,data/raw/NVD/annotated_videos/2022-12-04_Bjenberg_02/2022-12-04 Bjenberg 02.MP4,124
target_validation,data/raw/NVD/annotated_videos/2022-12-04_Bjenberg_02/2022-12-04 Bjenberg 02.MP4,129
target_validation,data/raw/NVD/annotated_videos/2022-12-04_Bjenberg_02/2022-12-04 Bjenberg 02.MP4,134
target_validation,data/raw/NVD/annotated_videos/2022-12-04_Bjenberg_02/2022-12-04 Bjenberg 02.MP4,139
target_validation,data/raw/NVD/annotated_videos/2022-12-04_Bjenberg_02/2022-12-04 Bjenberg 02.MP4,144
target_validation,data/raw/NVD/annotated_videos/2022-12-04_Bjenberg_02/2022-12-04 Bjenberg 02.MP4,149
target_validation,data/raw/NVD/annotated_videos/2022-12-04_Bjenberg_02/2022-12-04 Bjenberg 02.MP4,155
target_validation,data/raw/NVD/annotated_videos/2022-12-04_Bjenberg_02/2022-12-04 Bjenberg 02.MP4,160
target_validation,data/raw/NVD/annotated_videos/2022-12-04_Bjenberg_02/2022-12-04 Bjenberg 02.MP4,165
target_validation,data/raw/NVD/annotated_videos/2022-12-04_Bjenberg_02/2022-12-04 Bjenberg 02.MP4,170
target_validation,data/raw/NVD/annotated_videos/2022-12-04_Bjenberg_02/2022-12-04 Bjenberg 02.MP4,175
target_validation,data/raw/NVD/annotated_videos/2022-12-04_Bjenberg_02/2022-12-04 Bjenberg 02.MP4,180
target_validation,data/raw/NVD/annotated_videos/2022-12-04_Bjenberg_02/2022-12-04 Bjenberg 02.MP4,186
target_validation,data/raw/NVD/annotated_videos/2022-12-04_Bjenberg_02/2022-12-04 Bjenberg 02.MP4,191
target_validation,data/raw/NVD/annotated_videos/2022-12-04_Bjenberg_02/2022-12-04 Bjenberg 02.MP4,196
target_validation,data/raw/NVD/annotated_videos/2022-12-04_Bjenberg_02/2022-12-04 Bjenberg 02.MP4,201
target_validation,data/raw/NVD/annotated_videos/2022-12-04_Bjenberg_02/2022-12-04 Bjenberg 02.MP4,206
target_validation,data/raw/NVD/annotated_videos/2022-12-04_Bjenberg_02/2022-12-04 Bjenberg 02.MP4,211
target_validation,data/raw/NVD/annotated_videos/2022-12-04_Bjenberg_02/2022-12-04 Bjenberg 02.MP4,217
target_validation,data/raw/NVD/annotated_videos/2022-12-04_Bjenberg_02/2022-12-04 Bjenberg 02.MP4,222
target_validation,data/raw/NVD/annotated_videos/2022-12-04_Bjenberg_02/2022-12-04 Bjenberg 02.MP4,227
target_validation,data/raw/NVD/annotated_videos/2022-12-04_Bjenberg_02/2022-12-04 Bjenberg 02.MP4,232
target_validation,data/raw/NVD/annotated_videos/2022-12-04_Bjenberg_02/2022-12-04 Bjenberg 02.MP4,237
target_validation,data/raw/NVD/annotated_videos/2022-12-04_Bjenberg_02/2022-12-04 Bjenberg 02.MP4,242
target_validation,data/raw/NVD/annotated_videos/2022-12-04_Bjenberg_02/2022-12-04 Bjenberg 02.MP4,248
target_validation,data/raw/NVD/annotated_videos/2022-12-04_Bjenberg_02/2022-12-04 Bjenberg 02.MP4,253
target_validation,data/raw/NVD/annotated_videos/2022-12-04_Bjenberg_02/2022-12-04 Bjenberg 02.MP4,258
target_validation,data/raw/NVD/annotated_videos/2022-12-04_Bjenberg_02/2022-12-04 Bjenberg 02.MP4,263
target_validation,data/raw/NVD/annotated_videos/2022-12-04_Bjenberg_02/2022-12-04 Bjenberg 02.MP4,268
target_validation,data/raw/NVD/annotated_videos/2022-12-04_Bjenberg_02/2022-12-04 Bjenberg 02.MP4,274
target_validation,data/raw/NVD/annotated_videos/2022-12-04_Bjenberg_02/2022-12-04 Bjenberg 02.MP4,279
target_validation,data/raw/NVD/annotated_videos/2022-12-04_Bjenberg_02/2022-12-04 Bjenberg 02.MP4,284
target_validation,data/raw/NVD/annotated_videos/2022-12-04_Bjenberg_02/2022-12-04 Bjenberg 02.MP4,289
target_validation,data/raw/NVD/annotated_videos/2022-12-04_Bjenberg_02/2022-12-04 Bjenberg 02.MP4,294
target_validation,data/raw/NVD/annotated_videos/2022-12-04_Bjenberg_02/2022-12-04 Bjenberg 02.MP4,299
target_validation,data/raw/NVD/annotated_videos/2022-12-04_Bjenberg_02/2022-12-04 Bjenberg 02.MP4,305
target_validation,data/raw/NVD/annotated_videos/2022-12-04_Bjenberg_02/2022-12-04 Bjenberg 02.MP4,310
target_validation,data/raw/NVD/annotated_videos/2022-12-04_Bjenberg_02/2022-12-04 Bjenberg 02.MP4,315
target_validation,data/raw/NVD/annotated_videos/2022-12-04_Bjenberg_02/2022-12-04 Bjenberg 02.MP4,320
target_validation,data/raw/NVD/annotated_videos/2022-12-04_Bjenberg_02/2022-12-04 Bjenberg 02.MP4,325
target_validation,data/raw/NVD/annotated_videos/2022-12-04_Bjenberg_02/2022-12-04 Bjenberg 02.MP4,330
target_validation,data/raw/NVD/annotated_videos/2022-12-04_Bjenberg_02/2022-12-04 Bjenberg 02.MP4,336
target_validation,data/raw/NVD/annotated_videos/2022-12-04_Bjenberg_02/2022-12-04 Bjenberg 02.MP4,341
target_validation,data/raw/NVD/annotated_videos/2022-12-04_Bjenberg_02/2022-12-04 Bjenberg 02.MP4,346
target_validation,data/raw/NVD/annotated_videos/2022-12-04_Bjenberg_02/2022-12-04 Bjenberg 02.MP4,351
target_validation,data/raw/NVD/annotated_videos/2022-12-04_Bjenberg_02/2022-12-04 Bjenberg 02.MP4,356
target_validation,data/raw/NVD/annotated_videos/2022-12-04_Bjenberg_02/2022-12-04 Bjenberg 02.MP4,361
target_validation,data/raw/NVD/annotated_videos/2022-12-04_Bjenberg_02/2022-12-04 Bjenberg 02.MP4,367
target_validation,data/raw/NVD/annotated_videos/2022-12-04_Bjenberg_02/2022-12-04 Bjenberg 02.MP4,372
target_validation,data/raw/NVD/annotated_videos/2022-12-04_Bjenberg_02/2022-12-04 Bjenberg 02.MP4,377
target_validation,data/raw/NVD/annotated_videos/2022-12-04_Bjenberg_02/2022-12-04 Bjenberg 02.MP4,382
target_validation,data/raw/NVD/annotated_videos/2022-12-04_Bjenberg_02/2022-12-04 Bjenberg 02.MP4,387
target_validation,data/raw/NVD/annotated_videos/2022-12-04_Bjenberg_02/2022-12-04 Bjenberg 02.MP4,392
target_validation,data/raw/NVD/annotated_videos/2022-12-04_Bjenberg_02/2022-12-04 Bjenberg 02.MP4,398
target_validation,data/raw/NVD/annotated_videos/2022-12-04_Bjenberg_02/2022-12-04 Bjenberg 02.MP4,403
target_validation,data/raw/NVD/annotated_videos/2022-12-04_Bjenberg_02/2022-12-04 Bjenberg 02.MP4,408
target_validation,data/raw/NVD/annotated_videos/2022-12-04_Bjenberg_02/2022-12-04 Bjenberg 02.MP4,413
target_validation,data/raw/NVD/annotated_videos/2022-12-04_Bjenberg_02/2022-12-04 Bjenberg 02.MP4,418
target_validation,data/raw/NVD/annotated_videos/2022-12-04_Bjenberg_02/2022-12-04 Bjenberg 02.MP4,423
target_validation,data/raw/NVD/annotated_videos/2022-12-04_Bjenberg_02/2022-12-04 Bjenberg 02.MP4,429
target_validation,data/raw/NVD/annotated_videos/2022-12-04_Bjenberg_02/2022-12-04 Bjenberg 02.MP4,434
target_validation,data/raw/NVD/annotated_videos/2022-12-04_Bjenberg_02/2022-12-04 Bjenberg 02.MP4,439
target_validation,data/raw/NVD/annotated_videos/2022-12-04_Bjenberg_02/2022-12-04 Bjenberg 02.MP4,444
target_validation,data/raw/NVD/annotated_videos/2022-12-04_Bjenberg_02/2022-12-04 Bjenberg 02.MP4,449
target_validation,data/raw/NVD/annotated_videos/2022-12-04_Bjenberg_02/2022-12-04 Bjenberg 02.MP4,454
target_validation,data/raw/NVD/annotated_videos/2022-12-04_Bjenberg_02/2022-12-04 Bjenberg 02.MP4,460
target_validation,data/raw/NVD/annotated_videos/2022-12-04_Bjenberg_02/2022-12-04 Bjenberg 02.MP4,465
target_validation,data/raw/NVD/annotated_videos/2022-12-04_Bjenberg_02/2022-12-04 Bjenberg 02.MP4,470
target_validation,data/raw/NVD/annotated_videos/2022-12-04_Bjenberg_02/2022-12-04 Bjenberg 02.MP4,475
target_validation,data/raw/NVD/annotated_videos/2022-12-04_Bjenberg_02/2022-12-04 Bjenberg 02.MP4,480
target_validation,data/raw/NVD/annotated_videos/2022-12-04_Bjenberg_02/2022-12-04 Bjenberg 02.MP4,485
target_validation,data/raw/NVD/annotated_videos/2022-12-04_Bjenberg_02/2022-12-04 Bjenberg 02.MP4,491
target_validation,data/raw/NVD/annotated_videos/2022-12-04_Bjenberg_02/2022-12-04 Bjenberg 02.MP4,496
target_validation,data/raw/NVD/annotated_videos/2022-12-04_Bjenberg_02/2022-12-04 Bjenberg 02.MP4,501
target_validation,data/raw/NVD/annotated_videos/2022-12-04_Bjenberg_02/2022-12-04 Bjenberg 02.MP4,506
target_validation,data/raw/NVD/annotated_videos/2022-12-04_Bjenberg_02/2022-12-04 Bjenberg 02.MP4,511
target_validation,data/raw/NVD/annotated_videos/2022-12-04_Bjenberg_02/2022-12-04 Bjenberg 02.MP4,517
target_validation,data/raw/NVD/annotated_videos/2022-12-04_Bjenberg_02/2022-12-04 Bjenberg 02.MP4,522
target_validation,data/raw/NVD/annotated_videos/2022-12-04_Bjenberg_02/2022-12-04 Bjenberg 02.MP4,527
target_validation,data/raw/NVD/annotated_videos/2022-12-04_Bjenberg_02/2022-12-04 Bjenberg 02.MP4,532
target_validation,data/raw/NVD/annotated_videos/2022-12-04_Bjenberg_02/2022-12-04 Bjenberg 02.MP4,537
target_validation,data/raw/NVD/annotated_videos/2022-12-04_Bjenberg_02/2022-12-04 Bjenberg 02.MP4,542
target_validation,data/raw/NVD/annotated_videos/2022-12-04_Bjenberg_02/2022-12-04 Bjenberg 02.MP4,548
target_validation,data/raw/NVD/annotated_videos/2022-12-04_Bjenberg_02/2022-12-04 Bjenberg 02.MP4,553
target_validation,data/raw/NVD/annotated_videos/2022-12-04_Bjenberg_02/2022-12-04 Bjenberg 02.MP4,558
target_validation,data/raw/NVD/annotated_videos/2022-12-04_Bjenberg_02/2022-12-04 Bjenberg 02.MP4,563
target_validation,data/raw/NVD/annotated_videos/2022-12-04_Bjenberg_02/2022-12-04 Bjenberg 02.MP4,568
target_validation,data/raw/NVD/annotated_videos/2022-12-04_Bjenberg_02/2022-12-04 Bjenberg 02.MP4,573
target_validation,data/raw/NVD/annotated_videos/2022-12-04_Bjenberg_02/2022-12-04 Bjenberg 02.MP4,579
target_validation,data/raw/NVD/annotated_videos/2022-12-04_Bjenberg_02/2022-12-04 Bjenberg 02.MP4,584
target_validation,data/raw/NVD/annotated_videos/2022-12-04_Bjenberg_02/2022-12-04 Bjenberg 02.MP4,589
target_validation,data/raw/NVD/annotated_videos/2022-12-04_Bjenberg_02/2022-12-04 Bjenberg 02.MP4,594
target_validation,data/raw/NVD/annotated_videos/2022-12-04_Bjenberg_02/2022-12-04 Bjenberg 02.MP4,599
target_validation,data/raw/NVD/annotated_videos/2022-12-04_Bjenberg_02/2022-12-04 Bjenberg 02.MP4,604
target_validation,data/raw/NVD/annotated_videos/2022-12-04_Bjenberg_02/2022-12-04 Bjenberg 02.MP4,610
target_validation,data/raw/NVD/annotated_videos/2022-12-04_Bjenberg_02/2022-12-04 Bjenberg 02.MP4,615
target_validation,data/raw/NVD/annotated_videos/2022-12-04_Bjenberg_02/2022-12-04 Bjenberg 02.MP4,620
target_validation,data/raw/NVD/annotated_videos/2022-12-04_Bjenberg_02/2022-12-04 Bjenberg 02.MP4,625
target_validation,data/raw/NVD/annotated_videos/2022-12-04_Bjenberg_02/2022-12-04 Bjenberg 02.MP4,630
target_validation,data/raw/NVD/annotated_videos/2022-12-04_Bjenberg_02/2022-12-04 Bjenberg 02.MP4,635
target_validation,data/raw/NVD/annotated_videos/2022-12-04_Bjenberg_02/2022-12-04 Bjenberg 02.MP4,641
target_validation,data/raw/NVD/annotated_videos/2022-12-04_Bjenberg_02/2022-12-04 Bjenberg 02.MP4,646
target_validation,data/raw/NVD/annotated_videos/2022-12-04_Bjenberg_02/2022-12-04 Bjenberg 02.MP4,651
target_validation,data/raw/NVD/annotated_videos/2022-12-04_Bjenberg_02/2022-12-04 Bjenberg 02.MP4,656
target_validation,data/raw/NVD/annotated_videos/2022-12-04_Bjenberg_02/2022-12-04 Bjenberg 02.MP4,661
target_validation,data/raw/NVD/annotated_videos/2022-12-04_Bjenberg_02/2022-12-04 Bjenberg 02.MP4,666
target_validation,data/raw/NVD/annotated_videos/2022-12-04_Bjenberg_02/2022-12-04 Bjenberg 02.MP4,672
target_validation,data/raw/NVD/annotated_videos/2022-12-04_Bjenberg_02/2022-12-04 Bjenberg 02.MP4,677
target_validation,data/raw/NVD/annotated_videos/2022-12-04_Bjenberg_02/2022-12-04 Bjenberg 02.MP4,682
target_validation,data/raw/NVD/annotated_videos/2022-12-04_Bjenberg_02/2022-12-04 Bjenberg 02.MP4,687
target_validation,data/raw/NVD/annotated_videos/2022-12-04_Bjenberg_02/2022-12-04 Bjenberg 02.MP4,692
target_validation,data/raw/NVD/annotated_videos/2022-12-04_Bjenberg_02/2022-12-04 Bjenberg 02.MP4,697
target_validation,data/raw/NVD/annotated_videos/2022-12-04_Bjenberg_02/2022-12-04 Bjenberg 02.MP4,703
target_validation,data/raw/NVD/annotated_videos/2022-12-04_Bjenberg_02/2022-12-04 Bjenberg 02.MP4,708
target_validation,data/raw/NVD/annotated_videos/2022-12-04_Bjenberg_02/2022-12-04 Bjenberg 02.MP4,713
target_validation,data/raw/NVD/annotated_videos/2022-12-04_Bjenberg_02/2022-12-04 Bjenberg 02.MP4,718
target_validation,data/raw/NVD/annotated_videos/2022-12-04_Bjenberg_02/2022-12-04 Bjenberg 02.MP4,723
target_validation,data/raw/NVD/annotated_videos/2022-12-04_Bjenberg_02/2022-12-04 Bjenberg 02.MP4,728
target_validation,data/raw/NVD/annotated_videos/2022-12-04_Bjenberg_02/2022-12-04 Bjenberg 02.MP4,734
target_validation,data/raw/NVD/annotated_videos/2022-12-04_Bjenberg_02/2022-12-04 Bjenberg 02.MP4,739
target_validation,data/raw/NVD/annotated_videos/2022-12-04_Bjenberg_02/2022-12-04 Bjenberg 02.MP4,744
target_validation,data/raw/NVD/annotated_videos/2022-12-04_Bjenberg_02/2022-12-04 Bjenberg 02.MP4,749
target_validation,data/raw/NVD/annotated_videos/2022-12-04_Bjenberg_02/2022-12-04 Bjenberg 02.MP4,754
target_validation,data/raw/NVD/annotated_videos/2022-12-04_Bjenberg_02/2022-12-04 Bjenberg 02.MP4,760
target_validation,data/raw/NVD/annotated_videos/2022-12-04_Bjenberg_02/2022-12-04 Bjenberg 02.MP4,765
target_validation,data/raw/NVD/annotated_videos/2022-12-04_Bjenberg_02/2022-12-04 Bjenberg 02.MP4,770
target_validation,data/raw/NVD/annotated_videos/2022-12-04_Bjenberg_02/2022-12-04 Bjenberg 02.MP4,775
target_validation,data/raw/NVD/annotated_videos/2022-12-04_Bjenberg_02/2022-12-04 Bjenberg 02.MP4,780
target_validation,data/raw/NVD/annotated_videos/2022-12-04_Bjenberg_02/2022-12-04 Bjenberg 02.MP4,785
target_validation,data/raw/NVD/annotated_videos/2022-12-04_Bjenberg_02/2022-12-04 Bjenberg 02.MP4,791
target_validation,data/raw/NVD/annotated_videos/2022-12-04_Bjenberg_02/2022-12-04 Bjenberg 02.MP4,796
target_validation,data/raw/NVD/annotated_videos/2022-12-04_Bjenberg_02/2022-12-04 Bjenberg 02.MP4,801
target_validation,data/raw/NVD/annotated_videos/2022-12-04_Bjenberg_02/2022-12-04 Bjenberg 02.MP4,806
target_validation,data/raw/NVD/annotated_videos/2022-12-04_Bjenberg_02/2022-12-04 Bjenberg 02.MP4,811
target_validation,data/raw/NVD/annotated_videos/2022-12-04_Bjenberg_02/2022-12-04 Bjenberg 02.MP4,816
target_validation,data/raw/NVD/annotated_videos/2022-12-04_Bjenberg_02/2022-12-04 Bjenberg 02.MP4,822
target_validation,data/raw/NVD/annotated_videos/2022-12-04_Bjenberg_02/2022-12-04 Bjenberg 02.MP4,827
target_validation,data/raw/NVD/annotated_videos/2022-12-04_Bjenberg_02/2022-12-04 Bjenberg 02.MP4,832
target_validation,data/raw/NVD/annotated_videos/2022-12-04_Bjenberg_02/2022-12-04 Bjenberg 02.MP4,837
target_validation,data/raw/NVD/annotated_videos/2022-12-04_Bjenberg_02/2022-12-04 Bjenberg 02.MP4,842
target_validation,data/raw/NVD/annotated_videos/2022-12-04_Bjenberg_02/2022-12-04 Bjenberg 02.MP4,847
target_validation,data/raw/NVD/annotated_videos/2022-12-04_Bjenberg_02/2022-12-04 Bjenberg 02.MP4,853
target_validation,data/raw/NVD/annotated_videos/2022-12-04_Bjenberg_02/2022-12-04 Bjenberg 02.MP4,858
target_validation,data/raw/NVD/annotated_videos/2022-12-04_Bjenberg_02/2022-12-04 Bjenberg 02.MP4,863
target_validation,data/raw/NVD/annotated_videos/2022-12-04_Bjenberg_02/2022-12-04 Bjenberg 02.MP4,868
target_validation,data/raw/NVD/annotated_videos/2022-12-04_Bjenberg_02/2022-12-04 Bjenberg 02.MP4,873
target_validation,data/raw/NVD/annotated_videos/2022-12-04_Bjenberg_02/2022-12-04 Bjenberg 02.MP4,878
target_validation,data/raw/NVD/annotated_videos/2022-12-04_Bjenberg_02/2022-12-04 Bjenberg 02.MP4,884
target_validation,data/raw/NVD/annotated_videos/2022-12-04_Bjenberg_02/2022-12-04 Bjenberg 02.MP4,889
target_validation,data/raw/NVD/annotated_videos/2022-12-04_Bjenberg_02/2022-12-04 Bjenberg 02.MP4,894
target_validation,data/raw/NVD/annotated_videos/2022-12-04_Bjenberg_02/2022-12-04 Bjenberg 02.MP4,899
target_validation,data/raw/NVD/annotated_videos/2022-12-04_Bjenberg_02/2022-12-04 Bjenberg 02.MP4,904
target_validation,data/raw/NVD/annotated_videos/2022-12-04_Bjenberg_02/2022-12-04 Bjenberg 02.MP4,909
target_validation,data/raw/NVD/annotated_videos/2022-12-04_Bjenberg_02/2022-12-04 Bjenberg 02.MP4,915
target_validation,data/raw/NVD/annotated_videos/2022-12-04_Bjenberg_02/2022-12-04 Bjenberg 02.MP4,920
target_validation,data/raw/NVD/annotated_videos/2022-12-04_Bjenberg_02/2022-12-04 Bjenberg 02.MP4,925
target_validation,data/raw/NVD/annotated_videos/2022-12-04_Bjenberg_02/2022-12-04 Bjenberg 02.MP4,930
target_validation,data/raw/NVD/annotated_videos/2022-12-04_Bjenberg_02/2022-12-04 Bjenberg 02.MP4,935
target_validation,data/raw/NVD/annotated_videos/2022-12-04_Bjenberg_02/2022-12-04 Bjenberg 02.MP4,940
target_validation,data/raw/NVD/annotated_videos/2022-12-04_Bjenberg_02/2022-12-04 Bjenberg 02.MP4,946
target_validation,data/raw/NVD/annotated_videos/2022-12-04_Bjenberg_02/2022-12-04 Bjenberg 02.MP4,951
target_validation,data/raw/NVD/annotated_videos/2022-12-04_Bjenberg_02/2022-12-04 Bjenberg 02.MP4,956
target_validation,data/raw/NVD/annotated_videos/2022-12-04_Bjenberg_02/2022-12-04 Bjenberg 02.MP4,961
target_validation,data/raw/NVD/annotated_videos/2022-12-04_Bjenberg_02/2022-12-04 Bjenberg 02.MP4,966
target_validation,data/raw/NVD/annotated_videos/2022-12-04_Bjenberg_02/2022-12-04 Bjenberg 02.MP4,971
target_validation,data/raw/NVD/annotated_videos/2022-12-04_Bjenberg_02/2022-12-04 Bjenberg 02.MP4,977
target_validation,data/raw/NVD/annotated_videos/2022-12-04_Bjenberg_02/2022-12-04 Bjenberg 02.MP4,982
target_validation,data/raw/NVD/annotated_videos/2022-12-04_Bjenberg_02/2022-12-04 Bjenberg 02.MP4,987
target_validation,data/raw/NVD/annotated_videos/2022-12-04_Bjenberg_02/2022-12-04 Bjenberg 02.MP4,992
target_validation,data/raw/NVD/annotated_videos/2022-12-04_Bjenberg_02/2022-12-04 Bjenberg 02.MP4,997
target_validation,data/raw/NVD/annotated_videos/2022-12-04_Bjenberg_02/2022-12-04 Bjenberg 02.MP4,1003
target_validation,data/raw/NVD/annotated_videos/2022-12-04_Bjenberg_02/2022-12-04 Bjenberg 02.MP4,1008
target_validation,data/raw/NVD/annotated_videos/2022-12-04_Bjenberg_02/2022-12-04 Bjenberg 02.MP4,1013
target_validation,data/raw/NVD/annotated_videos/2022-12-04_Bjenberg_02/2022-12-04 Bjenberg 02.MP4,1018
target_validation,data/raw/NVD/annotated_videos/2022-12-04_Bjenberg_02/2022-12-04 Bjenberg 02.MP4,1023
target_validation,data/raw/NVD/annotated_videos/2022-12-04_Bjenberg_02/2022-12-04 Bjenberg 02.MP4,1028
target_validation,data/raw/NVD/annotated_videos/2022-12-04_Bjenberg_02/2022-12-04 Bjenberg 02.MP4,1034
target_validation,data/raw/NVD/annotated_videos/2022-12-04_Bjenberg_02/2022-12-04 Bjenberg 02.MP4,1039
target_validation,data/raw/NVD/annotated_videos/2022-12-04_Bjenberg_02/2022-12-04 Bjenberg 02.MP4,1044
target_validation,data/raw/NVD/annotated_videos/2022-12-04_Bjenberg_02/2022-12-04 Bjenberg 02.MP4,1049
target_validation,data/raw/NVD/annotated_videos/2022-12-04_Bjenberg_02/2022-12-04 Bjenberg 02.MP4,1054
target_validation,data/raw/NVD/annotated_videos/2022-12-04_Bjenberg_02/2022-12-04 Bjenberg 02.MP4,1059
target_validation,data/raw/NVD/annotated_videos/2022-12-04_Bjenberg_02/2022-12-04 Bjenberg 02.MP4,1065
target_validation,data/raw/NVD/annotated_videos/2022-12-04_Bjenberg_02/2022-12-04 Bjenberg 02.MP4,1070
target_validation,data/raw/NVD/annotated_videos/2022-12-04_Bjenberg_02/2022-12-04 Bjenberg 02.MP4,1075
target_validation,data/raw/NVD/annotated_videos/2022-12-04_Bjenberg_02/2022-12-04 Bjenberg 02.MP4,1080
target_validation,data/raw/NVD/annotated_videos/2022-12-04_Bjenberg_02/2022-12-04 Bjenberg 02.MP4,1085
target_validation,data/raw/NVD/annotated_videos/2022-12-04_Bjenberg_02/2022-12-04 Bjenberg 02.MP4,1090
target_validation,data/raw/NVD/annotated_videos/2022-12-04_Bjenberg_02/2022-12-04 Bjenberg 02.MP4,1096
target_validation,data/raw/NVD/annotated_videos/2022-12-04_Bjenberg_02/2022-12-04 Bjenberg 02.MP4,1101
target_validation,data/raw/NVD/annotated_videos/2022-12-04_Bjenberg_02/2022-12-04 Bjenberg 02.MP4,1106
target_validation,data/raw/NVD/annotated_videos/2022-12-04_Bjenberg_02/2022-12-04 Bjenberg 02.MP4,1111
target_validation,data/raw/NVD/annotated_videos/2022-12-04_Bjenberg_02/2022-12-04 Bjenberg 02.MP4,1116
target_validation,data/raw/NVD/annotated_videos/2022-12-04_Bjenberg_02/2022-12-04 Bjenberg 02.MP4,1121
target_validation,data/raw/NVD/annotated_videos/2022-12-04_Bjenberg_02/2022-12-04 Bjenberg 02.MP4,1127
target_validation,data/raw/NVD/annotated_videos/2022-12-04_Bjenberg_02/2022-12-04 Bjenberg 02.MP4,1132
target_validation,data/raw/NVD/annotated_videos/2022-12-04_Bjenberg_02/2022-12-04 Bjenberg 02.MP4,1137
target_validation,data/raw/NVD/annotated_videos/2022-12-04_Bjenberg_02/2022-12-04 Bjenberg 02.MP4,1142
target_validation,data/raw/NVD/annotated_videos/2022-12-04_Bjenberg_02/2022-12-04 Bjenberg 02.MP4,1147
target_validation,data/raw/NVD/annotated_videos/2022-12-04_Bjenberg_02/2022-12-04 Bjenberg 02.MP4,1152
target_validation,data/raw/NVD/annotated_videos/2022-12-04_Bjenberg_02/2022-12-04 Bjenberg 02.MP4,1158
target_validation,data/raw/NVD/annotated_videos/2022-12-04_Bjenberg_02/2022-12-04 Bjenberg 02.MP4,1163
target_validation,data/raw/NVD/annotated_videos/2022-12-04_Bjenberg_02/2022-12-04 Bjenberg 02.MP4,1168
target_validation,data/raw/NVD/annotated_videos/2022-12-04_Bjenberg_02/2022-12-04 Bjenberg 02.MP4,1173
target_validation,data/raw/NVD/annotated_videos/2022-12-04_Bjenberg_02/2022-12-04 Bjenberg 02.MP4,1178
target_validation,data/raw/NVD/annotated_videos/2022-12-04_Bjenberg_02/2022-12-04 Bjenberg 02.MP4,1183
target_validation,data/raw/NVD/annotated_videos/2022-12-04_Bjenberg_02/2022-12-04 Bjenberg 02.MP4,1189
target_validation,data/raw/NVD/annotated_videos/2022-12-04_Bjenberg_02/2022-12-04 Bjenberg 02.MP4,1194
target_validation,data/raw/NVD/annotated_videos/2022-12-04_Bjenberg_02/2022-12-04 Bjenberg 02.MP4,1199
target_validation,data/raw/NVD/annotated_videos/2022-12-04_Bjenberg_02/2022-12-04 Bjenberg 02.MP4,1204
target_validation,data/raw/NVD/annotated_videos/2022-12-04_Bjenberg_02/2022-12-04 Bjenberg 02.MP4,1209
target_validation,data/raw/NVD/annotated_videos/2022-12-04_Bjenberg_02/2022-12-04 Bjenberg 02.MP4,1214
target_validation,data/raw/NVD/annotated_videos/2022-12-04_Bjenberg_02/2022-12-04 Bjenberg 02.MP4,1220
target_validation,data/raw/NVD/annotated_videos/2022-12-04_Bjenberg_02/2022-12-04 Bjenberg 02.MP4,1225
target_validation,data/raw/NVD/annotated_videos/2022-12-04_Bjenberg_02/2022-12-04 Bjenberg 02.MP4,1230
target_validation,data/raw/NVD/annotated_videos/2022-12-04_Bjenberg_02/2022-12-04 Bjenberg 02.MP4,1235
target_validation,data/raw/NVD/annotated_videos/2022-12-04_Bjenberg_02/2022-12-04 Bjenberg 02.MP4,1240
target_validation,data/raw/NVD/annotated_videos/2022-12-04_Bjenberg_02/2022-12-04 Bjenberg 02.MP4,1246
target_validation,data/raw/NVD/annotated_videos/2022-12-04_Bjenberg_02/2022-12-04 Bjenberg 02.MP4,1251
target_validation,data/raw/NVD/annotated_videos/2022-12-04_Bjenberg_02/2022-12-04 Bjenberg 02.MP4,1256
target_validation,data/raw/NVD/annotated_videos/2022-12-04_Bjenberg_02/2022-12-04 Bjenberg 02.MP4,1261
target_validation,data/raw/NVD/annotated_videos/2022-12-04_Bjenberg_02/2022-12-04 Bjenberg 02.MP4,1266
target_validation,data/raw/NVD/annotated_videos/2022-12-04_Bjenberg_02/2022-12-04 Bjenberg 02.MP4,1271
target_validation,data/raw/NVD/annotated_videos/2022-12-04_Bjenberg_02/2022-12-04 Bjenberg 02.MP4,1277
target_validation,data/raw/NVD/annotated_videos/2022-12-04_Bjenberg_02/2022-12-04 Bjenberg 02.MP4,1282
target_validation,data/raw/NVD/annotated_videos/2022-12-04_Bjenberg_02/2022-12-04 Bjenberg 02.MP4,1287
target_validation,data/raw/NVD/annotated_videos/2022-12-04_Bjenberg_02/2022-12-04 Bjenberg 02.MP4,1292
target_validation,data/raw/NVD/annotated_videos/2022-12-04_Bjenberg_02/2022-12-04 Bjenberg 02.MP4,1297
target_validation,data/raw/NVD/annotated_videos/2022-12-04_Bjenberg_02/2022-12-04 Bjenberg 02.MP4,1302
target_validation,data/raw/NVD/annotated_videos/2022-12-04_Bjenberg_02/2022-12-04 Bjenberg 02.MP4,1308
target_validation,data/raw/NVD/annotated_videos/2022-12-04_Bjenberg_02/2022-12-04 Bjenberg 02.MP4,1313
target_validation,data/raw/NVD/annotated_videos/2022-12-04_Bjenberg_02/2022-12-04 Bjenberg 02.MP4,1318
target_validation,data/raw/NVD/annotated_videos/2022-12-04_Bjenberg_02/2022-12-04 Bjenberg 02.MP4,1323
target_validation,data/raw/NVD/annotated_videos/2022-12-04_Bjenberg_02/2022-12-04 Bjenberg 02.MP4,1328
target_validation,data/raw/NVD/annotated_videos/2022-12-04_Bjenberg_02/2022-12-04 Bjenberg 02.MP4,1333
target_validation,data/raw/NVD/annotated_videos/2022-12-04_Bjenberg_02/2022-12-04 Bjenberg 02.MP4,1339
target_validation,data/raw/NVD/annotated_videos/2022-12-04_Bjenberg_02/2022-12-04 Bjenberg 02.MP4,1344
target_validation,data/raw/NVD/annotated_videos/2022-12-04_Bjenberg_02/2022-12-04 Bjenberg 02.MP4,1349
target_validation,data/raw/NVD/annotated_videos/2022-12-04_Bjenberg_02/2022-12-04 Bjenberg 02.MP4,1354
target_validation,data/raw/NVD/annotated_videos/2022-12-04_Bjenberg_02/2022-12-04 Bjenberg 02.MP4,1359
target_validation,data/raw/NVD/annotated_videos/2022-12-04_Bjenberg_02/2022-12-04 Bjenberg 02.MP4,1364
target_validation,data/raw/NVD/annotated_videos/2022-12-04_Bjenberg_02/2022-12-04 Bjenberg 02.MP4,1370
target_validation,data/raw/NVD/annotated_videos/2022-12-04_Bjenberg_02/2022-12-04 Bjenberg 02.MP4,1375
target_validation,data/raw/NVD/annotated_videos/2022-12-04_Bjenberg_02/2022-12-04 Bjenberg 02.MP4,1380
target_validation,data/raw/NVD/annotated_videos/2022-12-04_Bjenberg_02/2022-12-04 Bjenberg 02.MP4,1385
target_validation,data/raw/NVD/annotated_videos/2022-12-04_Bjenberg_02/2022-12-04 Bjenberg 02.MP4,1390
target_validation,data/raw/NVD/annotated_videos/2022-12-04_Bjenberg_02/2022-12-04 Bjenberg 02.MP4,1395
target_validation,data/raw/NVD/annotated_videos/2022-12-04_Bjenberg_02/2022-12-04 Bjenberg 02.MP4,1401
target_validation,data/raw/NVD/annotated_videos/2022-12-04_Bjenberg_02/2022-12-04 Bjenberg 02.MP4,1406
target_validation,data/raw/NVD/annotated_videos/2022-12-04_Bjenberg_02/2022-12-04 Bjenberg 02.MP4,1411
target_validation,data/raw/NVD/annotated_videos/2022-12-04_Bjenberg_02/2022-12-04 Bjenberg 02.MP4,1416
target_validation,data/raw/NVD/annotated_videos/2022-12-04_Bjenberg_02/2022-12-04 Bjenberg 02.MP4,1421
target_validation,data/raw/NVD/annotated_videos/2022-12-04_Bjenberg_02/2022-12-04 Bjenberg 02.MP4,1426
target_validation,data/raw/NVD/annotated_videos/2022-12-04_Bjenberg_02/2022-12-04 Bjenberg 02.MP4,1432
target_validation,data/raw/NVD/annotated_videos/2022-12-04_Bjenberg_02/2022-12-04 Bjenberg 02.MP4,1437
target_validation,data/raw/NVD/annotated_videos/2022-12-04_Bjenberg_02/2022-12-04 Bjenberg 02.MP4,1442
target_validation,data/raw/NVD/annotated_videos/2022-12-04_Bjenberg_02/2022-12-04 Bjenberg 02.MP4,1447
target_validation,data/raw/NVD/annotated_videos/2022-12-04_Bjenberg_02/2022-12-04 Bjenberg 02.MP4,1452
target_validation,data/raw/NVD/annotated_videos/2022-12-04_Bjenberg_02/2022-12-04 Bjenberg 02.MP4,1457
target_validation,data/raw/NVD/annotated_videos/2022-12-04_Bjenberg_02/2022-12-04 Bjenberg 02.MP4,1463
target_validation,data/raw/NVD/annotated_videos/2022-12-04_Bjenberg_02/2022-12-04 Bjenberg 02.MP4,1468
target_validation,data/raw/NVD/annotated_videos/2022-12-04_Bjenberg_02/2022-12-04 Bjenberg 02.MP4,1473
target_validation,data/raw/NVD/annotated_videos/2022-12-04_Bjenberg_02/2022-12-04 Bjenberg 02.MP4,1478
target_validation,data/raw/NVD/annotated_videos/2022-12-04_Bjenberg_02/2022-12-04 Bjenberg 02.MP4,1483
target_validation,data/raw/NVD/annotated_videos/2022-12-04_Bjenberg_02/2022-12-04 Bjenberg 02.MP4,1489
target_validation,data/raw/NVD/annotated_videos/2022-12-04_Bjenberg_02/2022-12-04 Bjenberg 02.MP4,1494
target_validation,data/raw/NVD/annotated_videos/2022-12-04_Bjenberg_02/2022-12-04 Bjenberg 02.MP4,1499
target_validation,data/raw/NVD/annotated_videos/2022-12-04_Bjenberg_02/2022-12-04 Bjenberg 02.MP4,1504
target_validation,data/raw/NVD/annotated_videos/2022-12-04_Bjenberg_02/2022-12-04 Bjenberg 02.MP4,1509
target_validation,data/raw/NVD/annotated_videos/2022-12-04_Bjenberg_02/2022-12-04 Bjenberg 02.MP4,1514
target_validation,data/raw/NVD/annotated_videos/2022-12-04_Bjenberg_02/2022-12-04 Bjenberg 02.MP4,1520
target_validation,data/raw/NVD/annotated_videos/2022-12-04_Bjenberg_02/2022-12-04 Bjenberg 02.MP4,1525
target_validation,data/raw/NVD/annotated_videos/2022-12-04_Bjenberg_02/2022-12-04 Bjenberg 02.MP4,1530
target_validation,data/raw/NVD/annotated_videos/2022-12-04_Bjenberg_02/2022-12-04 Bjenberg 02.MP4,1535
target_validation,data/raw/NVD/annotated_videos/2022-12-04_Bjenberg_02/2022-12-04 Bjenberg 02.MP4,1540
target_validation,data/raw/NVD/annotated_videos/2022-12-04_Bjenberg_02/2022-12-04 Bjenberg 02.MP4,1545
target_validation,data/raw/NVD/annotated_videos/2022-12-04_Bjenberg_02/2022-12-04 Bjenberg 02.MP4,1551
target_validation,data/raw/NVD/annotated_videos/2022-12-04_Bjenberg_02/2022-12-04 Bjenberg 02.MP4,1556
target_validation,data/raw/NVD/annotated_videos/2022-12-04_Bjenberg_02/2022-12-04 Bjenberg 02.MP4,1561
target_validation,data/raw/NVD/annotated_videos/2022-12-04_Bjenberg_02/2022-12-04 Bjenberg 02.MP4,1566
target_validation,data/raw/NVD/annotated_videos/2022-12-04_Bjenberg_02/2022-12-04 Bjenberg 02.MP4,1571
target_validation,data/raw/NVD/annotated_videos/2022-12-04_Bjenberg_02/2022-12-04 Bjenberg 02.MP4,1576
target_validation,data/raw/NVD/annotated_videos/2022-12-04_Bjenberg_02/2022-12-04 Bjenberg 02.MP4,1582
target_validation,data/raw/NVD/annotated_videos/2022-12-04_Bjenberg_02/2022-12-04 Bjenberg 02.MP4,1587
target_validation,data/raw/NVD/annotated_videos/2022-12-04_Bjenberg_02/2022-12-04 Bjenberg 02.MP4,1592
target_validation,data/raw/NVD/annotated_videos/2022-12-04_Bjenberg_02/2022-12-04 Bjenberg 02.MP4,1597
target_validation,data/raw/NVD/annotated_videos/2022-12-04_Bjenberg_02/2022-12-04 Bjenberg 02.MP4,1602
target_validation,data/raw/NVD/annotated_videos/2022-12-04_Bjenberg_02/2022-12-04 Bjenberg 02.MP4,1607
target_validation,data/raw/NVD/annotated_videos/2022-12-04_Bjenberg_02/2022-12-04 Bjenberg 02.MP4,1613
target_validation,data/raw/NVD/annotated_videos/2022-12-04_Bjenberg_02/2022-12-04 Bjenberg 02.MP4,1618
target_validation,data/raw/NVD/annotated_videos/2022-12-04_Bjenberg_02/2022-12-04 Bjenberg 02.MP4,1623
target_validation,data/raw/NVD/annotated_videos/2022-12-04_Bjenberg_02/2022-12-04 Bjenberg 02.MP4,1628
target_validation,data/raw/NVD/annotated_videos/2022-12-04_Bjenberg_02/2022-12-04 Bjenberg 02.MP4,1633
target_validation,data/raw/NVD/annotated_videos/2022-12-04_Bjenberg_02/2022-12-04 Bjenberg 02.MP4,1638
target_validation,data/raw/NVD/annotated_videos/2022-12-04_Bjenberg_02/2022-12-04 Bjenberg 02.MP4,1644
target_validation,data/raw/NVD/annotated_videos/2022-12-04_Bjenberg_02/2022-12-04 Bjenberg 02.MP4,1649
target_validation,data/raw/NVD/annotated_videos/2022-12-04_Bjenberg_02/2022-12-04 Bjenberg 02.MP4,1654
target_validation,data/raw/NVD/annotated_videos/2022-12-04_Bjenberg_02/2022-12-04 Bjenberg 02.MP4,1659
target_validation,data/raw/NVD/annotated_videos/2022-12-04_Bjenberg_02/2022-12-04 Bjenberg 02.MP4,1664
target_validation,data/raw/NVD/annotated_videos/2022-12-04_Bjenberg_02/2022-12-04 Bjenberg 02.MP4,1669
target_validation,data/raw/NVD/annotated_videos/2022-12-04_Bjenberg_02/2022-12-04 Bjenberg 02.MP4,1675
target_validation,data/raw/NVD/annotated_videos/2022-12-04_Bjenberg_02/2022-12-04 Bjenberg 02.MP4,1680
target_validation,data/raw/NVD/annotated_videos/2022-12-04_Bjenberg_02/2022-12-04 Bjenberg 02.MP4,1685
target_validation,data/raw/NVD/annotated_videos/2022-12-04_Bjenberg_02/2022-12-04 Bjenberg 02.MP4,1690
target_validation,data/raw/NVD/annotated_videos/2022-12-04_Bjenberg_02/2022-12-04 Bjenberg 02.MP4,1695
target_validation,data/raw/NVD/annotated_videos/2022-12-04_Bjenberg_02/2022-12-04 Bjenberg 02.MP4,1700
target_validation,data/raw/NVD/annotated_videos/2022-12-04_Bjenberg_02/2022-12-04 Bjenberg 02.MP4,1706
target_validation,data/raw/NVD/annotated_videos/2022-12-04_Bjenberg_02/2022-12-04 Bjenberg 02.MP4,1711
target_validation,data/raw/NVD/annotated_videos/2022-12-04_Bjenberg_02/2022-12-04 Bjenberg 02.MP4,1716
target_validation,data/raw/NVD/annotated_videos/2022-12-04_Bjenberg_02/2022-12-04 Bjenberg 02.MP4,1721
target_validation,data/raw/NVD/annotated_videos/2022-12-04_Bjenberg_02/2022-12-04 Bjenberg 02.MP4,1726
target_validation,data/raw/NVD/annotated_videos/2022-12-04_Bjenberg_02/2022-12-04 Bjenberg 02.MP4,1732
target_validation,data/raw/NVD/annotated_videos/2022-12-04_Bjenberg_02/2022-12-04 Bjenberg 02.MP4,1737
target_validation,data/raw/NVD/annotated_videos/2022-12-04_Bjenberg_02/2022-12-04 Bjenberg 02.MP4,1742
target_validation,data/raw/NVD/annotated_videos/2022-12-04_Bjenberg_02/2022-12-04 Bjenberg 02.MP4,1747
target_validation,data/raw/NVD/annotated_videos/2022-12-04_Bjenberg_02/2022-12-04 Bjenberg 02.MP4,1752
target_validation,data/raw/NVD/annotated_videos/2022-12-04_Bjenberg_02/2022-12-04 Bjenberg 02.MP4,1757
target_validation,data/raw/NVD/annotated_videos/2022-12-04_Bjenberg_02/2022-12-04 Bjenberg 02.MP4,1763
target_validation,data/raw/NVD/annotated_videos/2022-12-04_Bjenberg_02/2022-12-04 Bjenberg 02.MP4,1768
target_validation,data/raw/NVD/annotated_videos/2022-12-04_Bjenberg_02/2022-12-04 Bjenberg 02.MP4,1773
target_validation,data/raw/NVD/annotated_videos/2022-12-04_Bjenberg_02/2022-12-04 Bjenberg 02.MP4,1778
target_validation,data/raw/NVD/annotated_videos/2022-12-04_Bjenberg_02/2022-12-04 Bjenberg 02.MP4,1783
target_validation,data/raw/NVD/annotated_videos/2022-12-04_Bjenberg_02/2022-12-04 Bjenberg 02.MP4,1788
target_validation,data/raw/NVD/annotated_videos/2022-12-04_Bjenberg_02/2022-12-04 Bjenberg 02.MP4,1794
target_validation,data/raw/NVD/annotated_videos/2022-12-04_Bjenberg_02/2022-12-04 Bjenberg 02.MP4,1799
target_validation,data/raw/NVD/annotated_videos/2022-12-04_Bjenberg_02/2022-12-04 Bjenberg 02.MP4,1804
target_validation,data/raw/NVD/annotated_videos/2022-12-04_Bjenberg_02/2022-12-04 Bjenberg 02.MP4,1809
target_validation,data/raw/NVD/annotated_videos/2022-12-04_Bjenberg_02/2022-12-04 Bjenberg 02.MP4,1814
target_validation,data/raw/NVD/annotated_videos/2022-12-04_Bjenberg_02/2022-12-04 Bjenberg 02.MP4,1819
target_validation,data/raw/NVD/annotated_videos/2022-12-04_Bjenberg_02/2022-12-04 Bjenberg 02.MP4,1825
target_validation,data/raw/NVD/annotated_videos/2022-12-04_Bjenberg_02/2022-12-04 Bjenberg 02.MP4,1830
target_validation,data/raw/NVD/annotated_videos/2022-12-04_Bjenberg_02/2022-12-04 Bjenberg 02.MP4,1835
target_validation,data/raw/NVD/annotated_videos/2022-12-04_Bjenberg_02/2022-12-04 Bjenberg 02.MP4,1840
target_validation,data/raw/NVD/annotated_videos/2022-12-04_Bjenberg_02/2022-12-04 Bjenberg 02.MP4,1845
target_validation,data/raw/NVD/annotated_videos/2022-12-04_Bjenberg_02/2022-12-04 Bjenberg 02.MP4,1850
target_validation,data/raw/NVD/annotated_videos/2022-12-04_Bjenberg_02/2022-12-04 Bjenberg 02.MP4,1856
target_validation,data/raw/NVD/annotated_videos/2022-12-04_Bjenberg_02/2022-12-04 Bjenberg 02.MP4,1861
target_validation,data/raw/NVD/annotated_videos/2022-12-04_Bjenberg_02/2022-12-04 Bjenberg 02.MP4,1866
target_validation,data/raw/NVD/annotated_videos/2022-12-04_Bjenberg_02/2022-12-04 Bjenberg 02.MP4,1871
target_validation,data/raw/NVD/annotated_videos/2022-12-04_Bjenberg_02/2022-12-04 Bjenberg 02.MP4,1876
target_validation,data/raw/NVD/annotated_videos/2022-12-04_Bjenberg_02/2022-12-04 Bjenberg 02.MP4,1881
target_validation,data/raw/NVD/annotated_videos/2022-12-04_Bjenberg_02/2022-12-04 Bjenberg 02.MP4,1887
target_validation,data/raw/NVD/annotated_videos/2022-12-04_Bjenberg_02/2022-12-04 Bjenberg 02.MP4,1892
target_validation,data/raw/NVD/annotated_videos/2022-12-04_Bjenberg_02/2022-12-04 Bjenberg 02.MP4,1897
target_validation,data/raw/NVD/annotated_videos/2022-12-04_Bjenberg_02/2022-12-04 Bjenberg 02.MP4,1902
target_validation,data/raw/NVD/annotated_videos/2022-12-04_Bjenberg_02/2022-12-04 Bjenberg 02.MP4,1907
target_validation,data/raw/NVD/annotated_videos/2022-12-04_Bjenberg_02/2022-12-04 Bjenberg 02.MP4,1912
target_validation,data/raw/NVD/annotated_videos/2022-12-04_Bjenberg_02/2022-12-04 Bjenberg 02.MP4,1918
target_validation,data/raw/NVD/annotated_videos/2022-12-04_Bjenberg_02/2022-12-04 Bjenberg 02.MP4,1923
target_validation,data/raw/NVD/annotated_videos/2022-12-04_Bjenberg_02/2022-12-04 Bjenberg 02.MP4,1928
target_validation,data/raw/NVD/annotated_videos/2022-12-04_Bjenberg_02/2022-12-04 Bjenberg 02.MP4,1933
target_validation,data/raw/NVD/annotated_videos/2022-12-04_Bjenberg_02/2022-12-04 Bjenberg 02.MP4,1938
target_validation,data/raw/NVD/annotated_videos/2022-12-04_Bjenberg_02/2022-12-04 Bjenberg 02.MP4,1943
target_validation,data/raw/NVD/annotated_videos/2022-12-04_Bjenberg_02/2022-12-04 Bjenberg 02.MP4,1949
target_validation,data/raw/NVD/annotated_videos/2022-12-04_Bjenberg_02/2022-12-04 Bjenberg 02.MP4,1954
target_validation,data/raw/NVD/annotated_videos/2022-12-04_Bjenberg_02/2022-12-04 Bjenberg 02.MP4,1959
target_validation,data/raw/NVD/annotated_videos/2022-12-04_Bjenberg_02/2022-12-04 Bjenberg 02.MP4,1964
target_validation,data/raw/NVD/annotated_videos/2022-12-04_Bjenberg_02/2022-12-04 Bjenberg 02.MP4,1969
target_validation,data/raw/NVD/annotated_videos/2022-12-04_Bjenberg_02/2022-12-04 Bjenberg 02.MP4,1975
target_validation,data/raw/NVD/annotated_videos/2022-12-04_Bjenberg_02/2022-12-04 Bjenberg 02.MP4,1980
target_validation,data/raw/NVD/annotated_videos/2022-12-04_Bjenberg_02/2022-12-04 Bjenberg 02.MP4,1985
target_validation,data/raw/NVD/annotated_videos/2022-12-04_Bjenberg_02/2022-12-04 Bjenberg 02.MP4,1990
target_validation,data/raw/NVD/annotated_videos/2022-12-04_Bjenberg_02/2022-12-04 Bjenberg 02.MP4,1995
target_validation,data/raw/NVD/annotated_videos/2022-12-04_Bjenberg_02/2022-12-04 Bjenberg 02.MP4,2000
target_validation,data/raw/NVD/annotated_videos/2022-12-04_Bjenberg_02/2022-12-04 Bjenberg 02.MP4,2006
target_validation,data/raw/NVD/annotated_videos/2022-12-04_Bjenberg_02/2022-12-04 Bjenberg 02.MP4,2011
target_validation,data/raw/NVD/annotated_videos/2022-12-04_Bjenberg_02/2022-12-04 Bjenberg 02.MP4,2016
target_validation,data/raw/NVD/annotated_videos/2022-12-04_Bjenberg_02/2022-12-04 Bjenberg 02.MP4,2021
target_validation,data/raw/NVD/annotated_videos/2022-12-04_Bjenberg_02/2022-12-04 Bjenberg 02.MP4,2026
target_validation,data/raw/NVD/annotated_videos/2022-12-04_Bjenberg_02/2022-12-04 Bjenberg 02.MP4,2031
target_validation,data/raw/NVD/annotated_videos/2022-12-04_Bjenberg_02/2022-12-04 Bjenberg 02.MP4,2037
target_validation,data/raw/NVD/annotated_videos/2022-12-04_Bjenberg_02/2022-12-04 Bjenberg 02.MP4,2042
target_validation,data/raw/NVD/annotated_videos/2022-12-04_Bjenberg_02/2022-12-04 Bjenberg 02.MP4,2047
target_validation,data/raw/NVD/annotated_videos/2022-12-04_Bjenberg_02/2022-12-04 Bjenberg 02.MP4,2052
target_validation,data/raw/NVD/annotated_videos/2022-12-04_Bjenberg_02/2022-12-04 Bjenberg 02.MP4,2057
target_validation,data/raw/NVD/annotated_videos/2022-12-04_Bjenberg_02/2022-12-04 Bjenberg 02.MP4,2062
target_validation,data/raw/NVD/annotated_videos/2022-12-04_Bjenberg_02/2022-12-04 Bjenberg 02.MP4,2068
target_validation,data/raw/NVD/annotated_videos/2022-12-04_Bjenberg_02/2022-12-04 Bjenberg 02.MP4,2073
target_validation,data/raw/NVD/annotated_videos/2022-12-04_Bjenberg_02/2022-12-04 Bjenberg 02.MP4,2078
target_validation,data/raw/NVD/annotated_videos/2022-12-04_Bjenberg_02/2022-12-04 Bjenberg 02.MP4,2083
target_validation,data/raw/NVD/annotated_videos/2022-12-04_Bjenberg_02/2022-12-04 Bjenberg 02.MP4,2088
target_validation,data/raw/NVD/annotated_videos/2022-12-04_Bjenberg_02/2022-12-04 Bjenberg 02.MP4,2093
target_validation,data/raw/NVD/annotated_videos/2022-12-04_Bjenberg_02/2022-12-04 Bjenberg 02.MP4,2099
target_validation,data/raw/NVD/annotated_videos/2022-12-04_Bjenberg_02/2022-12-04 Bjenberg 02.MP4,2104
target_validation,data/raw/NVD/annotated_videos/2022-12-04_Bjenberg_02/2022-12-04 Bjenberg 02.MP4,2109
target_validation,data/raw/NVD/annotated_videos/2022-12-04_Bjenberg_02/2022-12-04 Bjenberg 02.MP4,2114
target_validation,data/raw/NVD/annotated_videos/2022-12-04_Bjenberg_02/2022-12-04 Bjenberg 02.MP4,2119
target_validation,data/raw/NVD/annotated_videos/2022-12-04_Bjenberg_02/2022-12-04 Bjenberg 02.MP4,2124
target_validation,data/raw/NVD/annotated_videos/2022-12-04_Bjenberg_02/2022-12-04 Bjenberg 02.MP4,2130
target_validation,data/raw/NVD/annotated_videos/2022-12-04_Bjenberg_02/2022-12-04 Bjenberg 02.MP4,2135
target_validation,data/raw/NVD/annotated_videos/2022-12-04_Bjenberg_02/2022-12-04 Bjenberg 02.MP4,2140
target_validation,data/raw/NVD/annotated_videos/2022-12-04_Bjenberg_02/2022-12-04 Bjenberg 02.MP4,2145
target_validation,data/raw/NVD/annotated_videos/2022-12-04_Bjenberg_02/2022-12-04 Bjenberg 02.MP4,2150
target_validation,data/raw/NVD/annotated_videos/2022-12-04_Bjenberg_02/2022-12-04 Bjenberg 02.MP4,2155
target_validation,data/raw/NVD/annotated_videos/2022-12-04_Bjenberg_02/2022-12-04 Bjenberg 02.MP4,2161
target_validation,data/raw/NVD/annotated_videos/2022-12-04_Bjenberg_02/2022-12-04 Bjenberg 02.MP4,2166
target_validation,data/raw/NVD/annotated_videos/2022-12-04_Bjenberg_02/2022-12-04 Bjenberg 02.MP4,2171
target_validation,data/raw/NVD/annotated_videos/2022-12-04_Bjenberg_02/2022-12-04 Bjenberg 02.MP4,2176
target_validation,data/raw/NVD/annotated_videos/2022-12-04_Bjenberg_02/2022-12-04 Bjenberg 02.MP4,2181
target_validation,data/raw/NVD/annotated_videos/2022-12-04_Bjenberg_02/2022-12-04 Bjenberg 02.MP4,2186
target_validation,data/raw/NVD/annotated_videos/2022-12-04_Bjenberg_02/2022-12-04 Bjenberg 02.MP4,2192
target_validation,data/raw/NVD/annotated_videos/2022-12-04_Bjenberg_02/2022-12-04 Bjenberg 02.MP4,2197
target_validation,data/raw/NVD/annotated_videos/2022-12-04_Bjenberg_02/2022-12-04 Bjenberg 02.MP4,2202
target_validation,data/raw/NVD/annotated_videos/2022-12-04_Bjenberg_02/2022-12-04 Bjenberg 02.MP4,2207
target_validation,data/raw/NVD/annotated_videos/2022-12-04_Bjenberg_02/2022-12-04 Bjenberg 02.MP4,2212
target_validation,data/raw/NVD/annotated_videos/2022-12-04_Bjenberg_02/2022-12-04 Bjenberg 02.MP4,2218
target_validation,data/raw/NVD/annotated_videos/2022-12-04_Bjenberg_02/2022-12-04 Bjenberg 02.MP4,2223
target_validation,data/raw/NVD/annotated_videos/2022-12-04_Bjenberg_02/2022-12-04 Bjenberg 02.MP4,2228
target_validation,data/raw/NVD/annotated_videos/2022-12-04_Bjenberg_02/2022-12-04 Bjenberg 02.MP4,2233
target_validation,data/raw/NVD/annotated_videos/2022-12-04_Bjenberg_02/2022-12-04 Bjenberg 02.MP4,2238
target_validation,data/raw/NVD/annotated_videos/2022-12-04_Bjenberg_02/2022-12-04 Bjenberg 02.MP4,2243
target_validation,data/raw/NVD/annotated_videos/2022-12-04_Bjenberg_02/2022-12-04 Bjenberg 02.MP4,2249
target_validation,data/raw/NVD/annotated_videos/2022-12-04_Bjenberg_02/2022-12-04 Bjenberg 02.MP4,2254
target_validation,data/raw/NVD/annotated_videos/2022-12-04_Bjenberg_02/2022-12-04 Bjenberg 02.MP4,2259
target_validation,data/raw/NVD/annotated_videos/2022-12-04_Bjenberg_02/2022-12-04 Bjenberg 02.MP4,2264
target_validation,data/raw/NVD/annotated_videos/2022-12-04_Bjenberg_02/2022-12-04 Bjenberg 02.MP4,2269
target_validation,data/raw/NVD/annotated_videos/2022-12-04_Bjenberg_02/2022-12-04 Bjenberg 02.MP4,2274
target_validation,data/raw/NVD/annotated_videos/2022-12-04_Bjenberg_02/2022-12-04 Bjenberg 02.MP4,2280
target_validation,data/raw/NVD/annotated_videos/2022-12-04_Bjenberg_02/2022-12-04 Bjenberg 02.MP4,2285
target_validation,data/raw/NVD/annotated_videos/2022-12-04_Bjenberg_02/2022-12-04 Bjenberg 02.MP4,2290
target_validation,data/raw/NVD/annotated_videos/2022-12-04_Bjenberg_02/2022-12-04 Bjenberg 02.MP4,2295
target_validation,data/raw/NVD/annotated_videos/2022-12-04_Bjenberg_02/2022-12-04 Bjenberg 02.MP4,2300
target_validation,data/raw/NVD/annotated_videos/2022-12-04_Bjenberg_02/2022-12-04 Bjenberg 02.MP4,2305
target_validation,data/raw/NVD/annotated_videos/2022-12-04_Bjenberg_02/2022-12-04 Bjenberg 02.MP4,2311
target_validation,data/raw/NVD/annotated_videos/2022-12-04_Bjenberg_02/2022-12-04 Bjenberg 02.MP4,2316
target_validation,data/raw/NVD/annotated_videos/2022-12-04_Bjenberg_02/2022-12-04 Bjenberg 02.MP4,2321
target_validation,data/raw/NVD/annotated_videos/2022-12-04_Bjenberg_02/2022-12-04 Bjenberg 02.MP4,2326
target_validation,data/raw/NVD/annotated_videos/2022-12-04_Bjenberg_02/2022-12-04 Bjenberg 02.MP4,2331
target_validation,data/raw/NVD/annotated_videos/2022-12-04_Bjenberg_02/2022-12-04 Bjenberg 02.MP4,2336
target_validation,data/raw/NVD/annotated_videos/2022-12-04_Bjenberg_02/2022-12-04 Bjenberg 02.MP4,2342
target_validation,data/raw/NVD/annotated_videos/2022-12-04_Bjenberg_02/2022-12-04 Bjenberg 02.MP4,2347
target_validation,data/raw/NVD/annotated_videos/2022-12-04_Bjenberg_02/2022-12-04 Bjenberg 02.MP4,2352
target_validation,data/raw/NVD/annotated_videos/2022-12-04_Bjenberg_02/2022-12-04 Bjenberg 02.MP4,2357
target_validation,data/raw/NVD/annotated_videos/2022-12-04_Bjenberg_02/2022-12-04 Bjenberg 02.MP4,2362
target_validation,data/raw/NVD/annotated_videos/2022-12-04_Bjenberg_02/2022-12-04 Bjenberg 02.MP4,2367
target_validation,data/raw/NVD/annotated_videos/2022-12-04_Bjenberg_02/2022-12-04 Bjenberg 02.MP4,2373
target_validation,data/raw/NVD/annotated_videos/2022-12-04_Bjenberg_02/2022-12-04 Bjenberg 02.MP4,2378
target_validation,data/raw/NVD/annotated_videos/2022-12-04_Bjenberg_02/2022-12-04 Bjenberg 02.MP4,2383
target_validation,data/raw/NVD/annotated_videos/2022-12-04_Bjenberg_02/2022-12-04 Bjenberg 02.MP4,2388
target_validation,data/raw/NVD/annotated_videos/2022-12-04_Bjenberg_02/2022-12-04 Bjenberg 02.MP4,2393
target_validation,data/raw/NVD/annotated_videos/2022-12-04_Bjenberg_02/2022-12-04 Bjenberg 02.MP4,2398
target_validation,data/raw/NVD/annotated_videos/2022-12-04_Bjenberg_02/2022-12-04 Bjenberg 02.MP4,2404
target_validation,data/raw/NVD/annotated_videos/2022-12-04_Bjenberg_02/2022-12-04 Bjenberg 02.MP4,2409
target_validation,data/raw/NVD/annotated_videos/2022-12-04_Bjenberg_02/2022-12-04 Bjenberg 02.MP4,2414
target_validation,data/raw/NVD/annotated_videos/2022-12-04_Bjenberg_02/2022-12-04 Bjenberg 02.MP4,2419
target_validation,data/raw/NVD/annotated_videos/2022-12-04_Bjenberg_02/2022-12-04 Bjenberg 02.MP4,2424
target_validation,data/raw/NVD/annotated_videos/2022-12-04_Bjenberg_02/2022-12-04 Bjenberg 02.MP4,2429
target_validation,data/raw/NVD/annotated_videos/2022-12-04_Bjenberg_02/2022-12-04 Bjenberg 02.MP4,2435
target_validation,data/raw/NVD/annotated_videos/2022-12-04_Bjenberg_02/2022-12-04 Bjenberg 02.MP4,2440
target_validation,data/raw/NVD/annotated_videos/2022-12-04_Bjenberg_02/2022-12-04 Bjenberg 02.MP4,2445
target_validation,data/raw/NVD/annotated_videos/2022-12-04_Bjenberg_02/2022-12-04 Bjenberg 02.MP4,2450
target_validation,data/raw/NVD/annotated_videos/2022-12-04_Bjenberg_02/2022-12-04 Bjenberg 02.MP4,2455
target_validation,data/raw/NVD/annotated_videos/2022-12-04_Bjenberg_02/2022-12-04 Bjenberg 02.MP4,2461
target_validation,data/raw/NVD/annotated_videos/2022-12-04_Bjenberg_02/2022-12-04 Bjenberg 02.MP4,2466
target_validation,data/raw/NVD/annotated_videos/2022-12-04_Bjenberg_02/2022-12-04 Bjenberg 02.MP4,2471
target_validation,data/raw/NVD/annotated_videos/2022-12-04_Bjenberg_02/2022-12-04 Bjenberg 02.MP4,2476
target_validation,data/raw/NVD/annotated_videos/2022-12-04_Bjenberg_02/2022-12-04 Bjenberg 02.MP4,2481
target_validation,data/raw/NVD/annotated_videos/2022-12-04_Bjenberg_02/2022-12-04 Bjenberg 02.MP4,2486
target_validation,data/raw/NVD/annotated_videos/2022-12-04_Bjenberg_02/2022-12-04 Bjenberg 02.MP4,2492
target_validation,data/raw/NVD/annotated_videos/2022-12-04_Bjenberg_02/2022-12-04 Bjenberg 02.MP4,2497
target_validation,data/raw/NVD/annotated_videos/2022-12-04_Bjenberg_02/2022-12-04 Bjenberg 02.MP4,2502
target_validation,data/raw/NVD/annotated_videos/2022-12-04_Bjenberg_02/2022-12-04 Bjenberg 02.MP4,2507
target_validation,data/raw/NVD/annotated_videos/2022-12-04_Bjenberg_02/2022-12-04 Bjenberg 02.MP4,2512
target_validation,data/raw/NVD/annotated_videos/2022-12-04_Bjenberg_02/2022-12-04 Bjenberg 02.MP4,2517
target_validation,data/raw/NVD/annotated_videos/2022-12-04_Bjenberg_02/2022-12-04 Bjenberg 02.MP4,2523
target_validation,data/raw/NVD/annotated_videos/2022-12-04_Bjenberg_02/2022-12-04 Bjenberg 02.MP4,2528
target_validation,data/raw/NVD/annotated_videos/2022-12-04_Bjenberg_02/2022-12-04 Bjenberg 02.MP4,2533
target_validation,data/raw/NVD/annotated_videos/2022-12-04_Bjenberg_02/2022-12-04 Bjenberg 02.MP4,2538
target_validation,data/raw/NVD/annotated_videos/2022-12-04_Bjenberg_02/2022-12-04 Bjenberg 02.MP4,2543
target_validation,data/raw/NVD/annotated_videos/2022-12-04_Bjenberg_02/2022-12-04 Bjenberg 02.MP4,2548
target_validation,data/raw/NVD/annotated_videos/2022-12-04_Bjenberg_02/2022-12-04 Bjenberg 02.MP4,2554
target_validation,data/raw/NVD/annotated_videos/2022-12-04_Bjenberg_02/2022-12-04 Bjenberg 02.MP4,2559
target_validation,data/raw/NVD/annotated_videos/2022-12-04_Bjenberg_02/2022-12-04 Bjenberg 02.MP4,2564
target_validation,data/raw/NVD/annotated_videos/2022-12-04_Bjenberg_02/2022-12-04 Bjenberg 02.MP4,2569
target_validation,data/raw/NVD/annotated_videos/2022-12-04_Bjenberg_02/2022-12-04 Bjenberg 02.MP4,2574
target_validation,data/raw/NVD/annotated_videos/2022-12-04_Bjenberg_02/2022-12-04 Bjenberg 02.MP4,2579
target_validation,data/raw/NVD/annotated_videos/2022-12-04_Bjenberg_02/2022-12-04 Bjenberg 02.MP4,2585
target_validation,data/raw/NVD/annotated_videos/2022-12-04_Bjenberg_02/2022-12-04 Bjenberg 02.MP4,2590
target_validation,data/raw/NVD/annotated_videos/2022-12-04_Bjenberg_02/2022-12-04 Bjenberg 02.MP4,2595
target_validation,data/raw/NVD/annotated_videos/2022-12-04_Bjenberg_02/2022-12-04 Bjenberg 02.MP4,2600
target_validation,data/raw/NVD/annotated_videos/2022-12-04_Bjenberg_02/2022-12-04 Bjenberg 02.MP4,2605
target_validation,data/raw/NVD/annotated_videos/2022-12-04_Bjenberg_02/2022-12-04 Bjenberg 02.MP4,2610
target_validation,data/raw/NVD/annotated_videos/2022-12-04_Bjenberg_02/2022-12-04 Bjenberg 02.MP4,2616
target_validation,data/raw/NVD/annotated_videos/2022-12-04_Bjenberg_02/2022-12-04 Bjenberg 02.MP4,2621
target_validation,data/raw/NVD/annotated_videos/2022-12-04_Bjenberg_02/2022-12-04 Bjenberg 02.MP4,2626
target_validation,data/raw/NVD/annotated_videos/2022-12-04_Bjenberg_02/2022-12-04 Bjenberg 02.MP4,2631
target_validation,data/raw/NVD/annotated_videos/2022-12-04_Bjenberg_02/2022-12-04 Bjenberg 02.MP4,2636
target_validation,data/raw/NVD/annotated_videos/2022-12-04_Bjenberg_02/2022-12-04 Bjenberg 02.MP4,2641
target_validation,data/raw/NVD/annotated_videos/2022-12-04_Bjenberg_02/2022-12-04 Bjenberg 02.MP4,2647
target_validation,data/raw/NVD/annotated_videos/2022-12-04_Bjenberg_02/2022-12-04 Bjenberg 02.MP4,2652
target_validation,data/raw/NVD/annotated_videos/2022-12-04_Bjenberg_02/2022-12-04 Bjenberg 02.MP4,2657
target_validation,data/raw/NVD/annotated_videos/2022-12-04_Bjenberg_02/2022-12-04 Bjenberg 02.MP4,2662
target_validation,data/raw/NVD/annotated_videos/2022-12-04_Bjenberg_02/2022-12-04 Bjenberg 02.MP4,2667
target_validation,data/raw/NVD/annotated_videos/2022-12-04_Bjenberg_02/2022-12-04 Bjenberg 02.MP4,2672
target_validation,data/raw/NVD/annotated_videos/2022-12-04_Bjenberg_02/2022-12-04 Bjenberg 02.MP4,2678
target_validation,data/raw/NVD/annotated_videos/2022-12-04_Bjenberg_02/2022-12-04 Bjenberg 02.MP4,2683
target_validation,data/raw/NVD/annotated_videos/2022-12-04_Bjenberg_02/2022-12-04 Bjenberg 02.MP4,2688
target_validation,data/raw/NVD/annotated_videos/2022-12-04_Bjenberg_02/2022-12-04 Bjenberg 02.MP4,2693
target_validation,data/raw/NVD/annotated_videos/2022-12-04_Bjenberg_02/2022-12-04 Bjenberg 02.MP4,2698
target_validation,data/raw/NVD/annotated_videos/2022-12-04_Bjenberg_02/2022-12-04 Bjenberg 02.MP4,2703
target_validation,data/raw/NVD/annotated_videos/2022-12-04_Bjenberg_02/2022-12-04 Bjenberg 02.MP4,2709
target_validation,data/raw/NVD/annotated_videos/2022-12-04_Bjenberg_02/2022-12-04 Bjenberg 02.MP4,2714
target_validation,data/raw/NVD/annotated_videos/2022-12-04_Bjenberg_02/2022-12-04 Bjenberg 02.MP4,2719
target_validation,data/raw/NVD/annotated_videos/2022-12-04_Bjenberg_02/2022-12-04 Bjenberg 02.MP4,2724
target_validation,data/raw/NVD/annotated_videos/2022-12-04_Bjenberg_02/2022-12-04 Bjenberg 02.MP4,2729
target_validation,data/raw/NVD/annotated_videos/2022-12-04_Bjenberg_02/2022-12-04 Bjenberg 02.MP4,2735
target_validation,data/raw/NVD/annotated_videos/2022-12-04_Bjenberg_02/2022-12-04 Bjenberg 02.MP4,2740
target_validation,data/raw/NVD/annotated_videos/2022-12-04_Bjenberg_02/2022-12-04 Bjenberg 02.MP4,2745
target_validation,data/raw/NVD/annotated_videos/2022-12-04_Bjenberg_02/2022-12-04 Bjenberg 02.MP4,2750
target_validation,data/raw/NVD/annotated_videos/2022-12-04_Bjenberg_02/2022-12-04 Bjenberg 02.MP4,2755
target_validation,data/raw/NVD/annotated_videos/2022-12-04_Bjenberg_02/2022-12-04 Bjenberg 02.MP4,2760
target_validation,data/raw/NVD/annotated_videos/2022-12-04_Bjenberg_02/2022-12-04 Bjenberg 02.MP4,2766
target_validation,data/raw/NVD/annotated_videos/2022-12-04_Bjenberg_02/2022-12-04 Bjenberg 02.MP4,2771
target_validation,data/raw/NVD/annotated_videos/2022-12-04_Bjenberg_02/2022-12-04 Bjenberg 02.MP4,2776
target_validation,data/raw/NVD/annotated_videos/2022-12-04_Bjenberg_02/2022-12-04 Bjenberg 02.MP4,2781
target_validation,data/raw/NVD/annotated_videos/2022-12-04_Bjenberg_02/2022-12-04 Bjenberg 02.MP4,2786
target_validation,data/raw/NVD/annotated_videos/2022-12-04_Bjenberg_02/2022-12-04 Bjenberg 02.MP4,2791
target_validation,data/raw/NVD/annotated_videos/2022-12-04_Bjenberg_02/2022-12-04 Bjenberg 02.MP4,2797
target_validation,data/raw/NVD/annotated_videos/2022-12-04_Bjenberg_02/2022-12-04 Bjenberg 02.MP4,2802
target_validation,data/raw/NVD/annotated_videos/2022-12-04_Bjenberg_02/2022-12-04 Bjenberg 02.MP4,2807
target_validation,data/raw/NVD/annotated_videos/2022-12-04_Bjenberg_02/2022-12-04 Bjenberg 02.MP4,2812
target_validation,data/raw/NVD/annotated_videos/2022-12-04_Bjenberg_02/2022-12-04 Bjenberg 02.MP4,2817
target_validation,data/raw/NVD/annotated_videos/2022-12-04_Bjenberg_02/2022-12-04 Bjenberg 02.MP4,2822
target_validation,data/raw/NVD/annotated_videos/2022-12-04_Bjenberg_02/2022-12-04 Bjenberg 02.MP4,2828
target_validation,data/raw/NVD/annotated_videos/2022-12-04_Bjenberg_02/2022-12-04 Bjenberg 02.MP4,2833
target_validation,data/raw/NVD/annotated_videos/2022-12-04_Bjenberg_02/2022-12-04 Bjenberg 02.MP4,2838
target_validation,data/raw/NVD/annotated_videos/2022-12-04_Bjenberg_02/2022-12-04 Bjenberg 02.MP4,2843
target_validation,data/raw/NVD/annotated_videos/2022-12-04_Bjenberg_02/2022-12-04 Bjenberg 02.MP4,2848
target_validation,data/raw/NVD/annotated_videos/2022-12-04_Bjenberg_02/2022-12-04 Bjenberg 02.MP4,2853
target_validation,data/raw/NVD/annotated_videos/2022-12-04_Bjenberg_02/2022-12-04 Bjenberg 02.MP4,2859
target_validation,data/raw/NVD/annotated_videos/2022-12-04_Bjenberg_02/2022-12-04 Bjenberg 02.MP4,2864
target_validation,data/raw/NVD/annotated_videos/2022-12-04_Bjenberg_02/2022-12-04 Bjenberg 02.MP4,2869
target_validation,data/raw/NVD/annotated_videos/2022-12-04_Bjenberg_02/2022-12-04 Bjenberg 02.MP4,2874
target_validation,data/raw/NVD/annotated_videos/2022-12-04_Bjenberg_02/2022-12-04 Bjenberg 02.MP4,2879
target_validation,data/raw/NVD/annotated_videos/2022-12-04_Bjenberg_02/2022-12-04 Bjenberg 02.MP4,2884
target_validation,data/raw/NVD/annotated_videos/2022-12-04_Bjenberg_02/2022-12-04 Bjenberg 02.MP4,2890
target_validation,data/raw/NVD/annotated_videos/2022-12-04_Bjenberg_02/2022-12-04 Bjenberg 02.MP4,2895
target_validation,data/raw/NVD/annotated_videos/2022-12-04_Bjenberg_02/2022-12-04 Bjenberg 02.MP4,2900
target_validation,data/raw/NVD/annotated_videos/2022-12-04_Bjenberg_02/2022-12-04 Bjenberg 02.MP4,2905
target_validation,data/raw/NVD/annotated_videos/2022-12-04_Bjenberg_02/2022-12-04 Bjenberg 02.MP4,2910
target_validation,data/raw/NVD/annotated_videos/2022-12-04_Bjenberg_02/2022-12-04 Bjenberg 02.MP4,2915
target_validation,data/raw/NVD/annotated_videos/2022-12-04_Bjenberg_02/2022-12-04 Bjenberg 02.MP4,2921
target_validation,data/raw/NVD/annotated_videos/2022-12-04_Bjenberg_02/2022-12-04 Bjenberg 02.MP4,2926
target_validation,data/raw/NVD/annotated_videos/2022-12-04_Bjenberg_02/2022-12-04 Bjenberg 02.MP4,2931
target_validation,data/raw/NVD/annotated_videos/2022-12-04_Bjenberg_02/2022-12-04 Bjenberg 02.MP4,2936
target_validation,data/raw/NVD/annotated_videos/2022-12-04_Bjenberg_02/2022-12-04 Bjenberg 02.MP4,2941
target_validation,data/raw/NVD/annotated_videos/2022-12-04_Bjenberg_02/2022-12-04 Bjenberg 02.MP4,2946
target_validation,data/raw/NVD/annotated_videos/2022-12-04_Bjenberg_02/2022-12-04 Bjenberg 02.MP4,2952
target_validation,data/raw/NVD/annotated_videos/2022-12-04_Bjenberg_02/2022-12-04 Bjenberg 02.MP4,2957
target_validation,data/raw/NVD/annotated_videos/2022-12-04_Bjenberg_02/2022-12-04 Bjenberg 02.MP4,2962
target_validation,data/raw/NVD/annotated_videos/2022-12-04_Bjenberg_02/2022-12-04 Bjenberg 02.MP4,2967
target_validation,data/raw/NVD/annotated_videos/2022-12-04_Bjenberg_02/2022-12-04 Bjenberg 02.MP4,2972
target_validation,data/raw/NVD/annotated_videos/2022-12-04_Bjenberg_02/2022-12-04 Bjenberg 02.MP4,2978
target_validation,data/raw/NVD/annotated_videos/2022-12-04_Bjenberg_02/2022-12-04 Bjenberg 02.MP4,2983
target_validation,data/raw/NVD/annotated_videos/2022-12-04_Bjenberg_02/2022-12-04 Bjenberg 02.MP4,2988
target_validation,data/raw/NVD/annotated_videos/2022-12-04_Bjenberg_02/2022-12-04 Bjenberg 02.MP4,2993
target_validation,data/raw/NVD/annotated_videos/2022-12-04_Bjenberg_02/2022-12-04 Bjenberg 02.MP4,2998
target_validation,data/raw/NVD/annotated_videos/2022-12-04_Bjenberg_02/2022-12-04 Bjenberg 02.MP4,3003
target_validation,data/raw/NVD/annotated_videos/2022-12-04_Bjenberg_02/2022-12-04 Bjenberg 02.MP4,3009
target_validation,data/raw/NVD/annotated_videos/2022-12-04_Bjenberg_02/2022-12-04 Bjenberg 02.MP4,3014
target_validation,data/raw/NVD/annotated_videos/2022-12-04_Bjenberg_02/2022-12-04 Bjenberg 02.MP4,3019
target_validation,data/raw/NVD/annotated_videos/2022-12-04_Bjenberg_02/2022-12-04 Bjenberg 02.MP4,3024
target_validation,data/raw/NVD/annotated_videos/2022-12-04_Bjenberg_02/2022-12-04 Bjenberg 02.MP4,3029
target_validation,data/raw/NVD/annotated_videos/2022-12-04_Bjenberg_02/2022-12-04 Bjenberg 02.MP4,3034
target_validation,data/raw/NVD/annotated_videos/2022-12-04_Bjenberg_02/2022-12-04 Bjenberg 02.MP4,3040
target_validation,data/raw/NVD/annotated_videos/2022-12-04_Bjenberg_02/2022-12-04 Bjenberg 02.MP4,3045
target_validation,data/raw/NVD/annotated_videos/2022-12-04_Bjenberg_02/2022-12-04 Bjenberg 02.MP4,3050
target_validation,data/raw/NVD/annotated_videos/2022-12-04_Bjenberg_02/2022-12-04 Bjenberg 02.MP4,3055
target_validation,data/raw/NVD/annotated_videos/2022-12-04_Bjenberg_02/2022-12-04 Bjenberg 02.MP4,3060
target_validation,data/raw/NVD/annotated_videos/2022-12-04_Bjenberg_02/2022-12-04 Bjenberg 02.MP4,3065
target_validation,data/raw/NVD/annotated_videos/2022-12-04_Bjenberg_02/2022-12-04 Bjenberg 02.MP4,3071
target_validation,data/raw/NVD/annotated_videos/2022-12-04_Bjenberg_02/2022-12-04 Bjenberg 02.MP4,3076
target_validation,data/raw/NVD/annotated_videos/2022-12-04_Bjenberg_02/2022-12-04 Bjenberg 02.MP4,3081
target_validation,data/raw/NVD/annotated_videos/2022-12-04_Bjenberg_02/2022-12-04 Bjenberg 02.MP4,3086
target_validation,data/raw/NVD/annotated_videos/2022-12-04_Bjenberg_02/2022-12-04 Bjenberg 02.MP4,3091
target_validation,data/raw/NVD/annotated_videos/2022-12-04_Bjenberg_02/2022-12-04 Bjenberg 02.MP4,3096
target_validation,data/raw/NVD/annotated_videos/2022-12-04_Bjenberg_02/2022-12-04 Bjenberg 02.MP4,3102
target_validation,data/raw/NVD/annotated_videos/2022-12-04_Bjenberg_02/2022-12-04 Bjenberg 02.MP4,3107
target_validation,data/raw/NVD/annotated_videos/2022-12-04_Bjenberg_02/2022-12-04 Bjenberg 02.MP4,3112
target_validation,data/raw/NVD/annotated_videos/2022-12-04_Bjenberg_02/2022-12-04 Bjenberg 02.MP4,3117
target_validation,data/raw/NVD/annotated_videos/2022-12-04_Bjenberg_02/2022-12-04 Bjenberg 02.MP4,3122
target_validation,data/raw/NVD/annotated_videos/2022-12-04_Bjenberg_02/2022-12-04 Bjenberg 02.MP4,3127
target_validation,data/raw/NVD/annotated_videos/2022-12-04_Bjenberg_02/2022-12-04 Bjenberg 02.MP4,3133
target_validation,data/raw/NVD/annotated_videos/2022-12-04_Bjenberg_02/2022-12-04 Bjenberg 02.MP4,3138
target_validation,data/raw/NVD/annotated_videos/2022-12-04_Bjenberg_02/2022-12-04 Bjenberg 02.MP4,3143
target_validation,data/raw/NVD/annotated_videos/2022-12-04_Bjenberg_02/2022-12-04 Bjenberg 02.MP4,3148
target_validation,data/raw/NVD/annotated_videos/2022-12-04_Bjenberg_02/2022-12-04 Bjenberg 02.MP4,3153
target_validation,data/raw/NVD/annotated_videos/2022-12-04_Bjenberg_02/2022-12-04 Bjenberg 02.MP4,3158
target_validation,data/raw/NVD/annotated_videos/2022-12-04_Bjenberg_02/2022-12-04 Bjenberg 02.MP4,3164
target_validation,data/raw/NVD/annotated_videos/2022-12-04_Bjenberg_02/2022-12-04 Bjenberg 02.MP4,3169
target_validation,data/raw/NVD/annotated_videos/2022-12-04_Bjenberg_02/2022-12-04 Bjenberg 02.MP4,3174
target_validation,data/raw/NVD/annotated_videos/2022-12-04_Bjenberg_02/2022-12-04 Bjenberg 02.MP4,3179
target_validation,data/raw/NVD/annotated_videos/2022-12-04_Bjenberg_02/2022-12-04 Bjenberg 02.MP4,3184
target_validation,data/raw/NVD/annotated_videos/2022-12-04_Bjenberg_02/2022-12-04 Bjenberg 02.MP4,3189
target_validation,data/raw/NVD/annotated_videos/2022-12-04_Bjenberg_02/2022-12-04 Bjenberg 02.MP4,3195
target_validation,data/raw/NVD/annotated_videos/2022-12-04_Bjenberg_02/2022-12-04 Bjenberg 02.MP4,3200
target_validation,data/raw/NVD/annotated_videos/2022-12-04_Bjenberg_02/2022-12-04 Bjenberg 02.MP4,3205
target_validation,data/raw/NVD/annotated_videos/2022-12-04_Bjenberg_02/2022-12-04 Bjenberg 02.MP4,3210
target_validation,data/raw/NVD/annotated_videos/2022-12-04_Bjenberg_02/2022-12-04 Bjenberg 02.MP4,3215
target_validation,data/raw/NVD/annotated_videos/2022-12-04_Bjenberg_02/2022-12-04 Bjenberg 02.MP4,3221
target_validation,data/raw/NVD/annotated_videos/2022-12-04_Bjenberg_02/2022-12-04 Bjenberg 02.MP4,3226
target_validation,data/raw/NVD/annotated_videos/2022-12-04_Bjenberg_02/2022-12-04 Bjenberg 02.MP4,3231
target_validation,data/raw/NVD/annotated_videos/2022-12-04_Bjenberg_02/2022-12-04 Bjenberg 02.MP4,3236
target_validation,data/raw/NVD/annotated_videos/2022-12-04_Bjenberg_02/2022-12-04 Bjenberg 02.MP4,3241
target_validation,data/raw/NVD/annotated_videos/2022-12-04_Bjenberg_02/2022-12-04 Bjenberg 02.MP4,3246
target_validation,data/raw/NVD/annotated_videos/2022-12-04_Bjenberg_02/2022-12-04 Bjenberg 02.MP4,3252
target_validation,data/raw/NVD/annotated_videos/2022-12-04_Bjenberg_02/2022-12-04 Bjenberg 02.MP4,3257
target_validation,data/raw/NVD/annotated_videos/2022-12-04_Bjenberg_02/2022-12-04 Bjenberg 02.MP4,3262
target_validation,data/raw/NVD/annotated_videos/2022-12-04_Bjenberg_02/2022-12-04 Bjenberg 02.MP4,3267
target_validation,data/raw/NVD/annotated_videos/2022-12-04_Bjenberg_02/2022-12-04 Bjenberg 02.MP4,3272
target_validation,data/raw/NVD/annotated_videos/2022-12-04_Bjenberg_02/2022-12-04 Bjenberg 02.MP4,3277
target_validation,data/raw/NVD/annotated_videos/2022-12-04_Bjenberg_02/2022-12-04 Bjenberg 02.MP4,3283
target_validation,data/raw/NVD/annotated_videos/2022-12-04_Bjenberg_02/2022-12-04 Bjenberg 02.MP4,3288
target_validation,data/raw/NVD/annotated_videos/2022-12-04_Bjenberg_02/2022-12-04 Bjenberg 02.MP4,3293
target_validation,data/raw/NVD/annotated_videos/2022-12-04_Bjenberg_02/2022-12-04 Bjenberg 02.MP4,3298
target_validation,data/raw/NVD/annotated_videos/2022-12-04_Bjenberg_02/2022-12-04 Bjenberg 02.MP4,3303
target_validation,data/raw/NVD/annotated_videos/2022-12-04_Bjenberg_02/2022-12-04 Bjenberg 02.MP4,3308
target_validation,data/raw/NVD/annotated_videos/2022-12-04_Bjenberg_02/2022-12-04 Bjenberg 02.MP4,3314
target_validation,data/raw/NVD/annotated_videos/2022-12-04_Bjenberg_02/2022-12-04 Bjenberg 02.MP4,3319
target_validation,data/raw/NVD/annotated_videos/2022-12-04_Bjenberg_02/2022-12-04 Bjenberg 02.MP4,3324
target_validation,data/raw/NVD/annotated_videos/2022-12-04_Bjenberg_02/2022-12-04 Bjenberg 02.MP4,3329
target_validation,data/raw/NVD/annotated_videos/2022-12-04_Bjenberg_02/2022-12-04 Bjenberg 02.MP4,3334
target_validation,data/raw/NVD/annotated_videos/2022-12-04_Bjenberg_02/2022-12-04 Bjenberg 02.MP4,3339
target_validation,data/raw/NVD/annotated_videos/2022-12-04_Bjenberg_02/2022-12-04 Bjenberg 02.MP4,3345
target_validation,data/raw/NVD/annotated_videos/2022-12-04_Bjenberg_02/2022-12-04 Bjenberg 02.MP4,3350
target_validation,data/raw/NVD/annotated_videos/2022-12-04_Bjenberg_02/2022-12-04 Bjenberg 02.MP4,3355
target_validation,data/raw/NVD/annotated_videos/2022-12-04_Bjenberg_02/2022-12-04 Bjenberg 02.MP4,3360
target_validation,data/raw/NVD/annotated_videos/2022-12-04_Bjenberg_02/2022-12-04 Bjenberg 02.MP4,3365
target_validation,data/raw/NVD/annotated_videos/2022-12-04_Bjenberg_02/2022-12-04 Bjenberg 02.MP4,3370
target_validation,data/raw/NVD/annotated_videos/2022-12-04_Bjenberg_02/2022-12-04 Bjenberg 02.MP4,3376
target_validation,data/raw/NVD/annotated_videos/2022-12-04_Bjenberg_02/2022-12-04 Bjenberg 02.MP4,3381
target_validation,data/raw/NVD/annotated_videos/2022-12-04_Bjenberg_02/2022-12-04 Bjenberg 02.MP4,3386
target_validation,data/raw/NVD/annotated_videos/2022-12-04_Bjenberg_02/2022-12-04 Bjenberg 02.MP4,3391
target_validation,data/raw/NVD/annotated_videos/2022-12-04_Bjenberg_02/2022-12-04 Bjenberg 02.MP4,3396
target_validation,data/raw/NVD/annotated_videos/2022-12-04_Bjenberg_02/2022-12-04 Bjenberg 02.MP4,3401
target_validation,data/raw/NVD/annotated_videos/2022-12-04_Bjenberg_02/2022-12-04 Bjenberg 02.MP4,3407
target_validation,data/raw/NVD/annotated_videos/2022-12-04_Bjenberg_02/2022-12-04 Bjenberg 02.MP4,3412
target_validation,data/raw/NVD/annotated_videos/2022-12-04_Bjenberg_02/2022-12-04 Bjenberg 02.MP4,3417
target_validation,data/raw/NVD/annotated_videos/2022-12-04_Bjenberg_02/2022-12-04 Bjenberg 02.MP4,3422
target_validation,data/raw/NVD/annotated_videos/2022-12-04_Bjenberg_02/2022-12-04 Bjenberg 02.MP4,3427
target_validation,data/raw/NVD/annotated_videos/2022-12-04_Bjenberg_02/2022-12-04 Bjenberg 02.MP4,3432
target_validation,data/raw/NVD/annotated_videos/2022-12-04_Bjenberg_02/2022-12-04 Bjenberg 02.MP4,3438
target_validation,data/raw/NVD/annotated_videos/2022-12-04_Bjenberg_02/2022-12-04 Bjenberg 02.MP4,3443
target_validation,data/raw/NVD/annotated_videos/2022-12-04_Bjenberg_02/2022-12-04 Bjenberg 02.MP4,3448
target_validation,data/raw/NVD/annotated_videos/2022-12-04_Bjenberg_02/2022-12-04 Bjenberg 02.MP4,3453
target_validation,data/raw/NVD/annotated_videos/2022-12-04_Bjenberg_02/2022-12-04 Bjenberg 02.MP4,3458
target_validation,data/raw/NVD/annotated_videos/2022-12-04_Bjenberg_02/2022-12-04 Bjenberg 02.MP4,3464
target_validation,data/raw/NVD/annotated_videos/2022-12-04_Bjenberg_02/2022-12-04 Bjenberg 02.MP4,3469
target_validation,data/raw/NVD/annotated_videos/2022-12-04_Bjenberg_02/2022-12-04 Bjenberg 02.MP4,3474
target_validation,data/raw/NVD/annotated_videos/2022-12-04_Bjenberg_02/2022-12-04 Bjenberg 02.MP4,3479
target_validation,data/raw/NVD/annotated_videos/2022-12-04_Bjenberg_02/2022-12-04 Bjenberg 02.MP4,3484
target_validation,data/raw/NVD/annotated_videos/2022-12-04_Bjenberg_02/2022-12-04 Bjenberg 02.MP4,3489
target_validation,data/raw/NVD/annotated_videos/2022-12-04_Bjenberg_02/2022-12-04 Bjenberg 02.MP4,3495
target_validation,data/raw/NVD/annotated_videos/2022-12-04_Bjenberg_02/2022-12-04 Bjenberg 02.MP4,3500
target_validation,data/raw/NVD/annotated_videos/2022-12-04_Bjenberg_02/2022-12-04 Bjenberg 02.MP4,3505
target_validation,data/raw/NVD/annotated_videos/2022-12-04_Bjenberg_02/2022-12-04 Bjenberg 02.MP4,3510
target_validation,data/raw/NVD/annotated_videos/2022-12-04_Bjenberg_02/2022-12-04 Bjenberg 02.MP4,3515
target_validation,data/raw/NVD/annotated_videos/2022-12-04_Bjenberg_02/2022-12-04 Bjenberg 02.MP4,3520
target_validation,data/raw/NVD/annotated_videos/2022-12-04_Bjenberg_02/2022-12-04 Bjenberg 02.MP4,3526
target_validation,data/raw/NVD/annotated_videos/2022-12-04_Bjenberg_02/2022-12-04 Bjenberg 02.MP4,3531
target_validation,data/raw/NVD/annotated_videos/2022-12-04_Bjenberg_02/2022-12-04 Bjenberg 02.MP4,3536
target_validation,data/raw/NVD/annotated_videos/2022-12-04_Bjenberg_02/2022-12-04 Bjenberg 02.MP4,3541
target_validation,data/raw/NVD/annotated_videos/2022-12-04_Bjenberg_02/2022-12-04 Bjenberg 02.MP4,3546
target_validation,data/raw/NVD/annotated_videos/2022-12-04_Bjenberg_02/2022-12-04 Bjenberg 02.MP4,3551
target_validation,data/raw/NVD/annotated_videos/2022-12-04_Bjenberg_02/2022-12-04 Bjenberg 02.MP4,3557
target_validation,data/raw/NVD/annotated_videos/2022-12-04_Bjenberg_02/2022-12-04 Bjenberg 02.MP4,3562
target_validation,data/raw/NVD/annotated_videos/2022-12-04_Bjenberg_02/2022-12-04 Bjenberg 02.MP4,3567
target_validation,data/raw/NVD/annotated_videos/2022-12-04_Bjenberg_02/2022-12-04 Bjenberg 02.MP4,3572
target_validation,data/raw/NVD/annotated_videos/2022-12-04_Bjenberg_02/2022-12-04 Bjenberg 02.MP4,3577
target_validation,data/raw/NVD/annotated_videos/2022-12-04_Bjenberg_02/2022-12-04 Bjenberg 02.MP4,3582
target_validation,data/raw/NVD/annotated_videos/2022-12-04_Bjenberg_02/2022-12-04 Bjenberg 02.MP4,3588
target_validation,data/raw/NVD/annotated_videos/2022-12-04_Bjenberg_02/2022-12-04 Bjenberg 02.MP4,3593
target_validation,data/raw/NVD/annotated_videos/2022-12-04_Bjenberg_02/2022-12-04 Bjenberg 02.MP4,3598
target_validation,data/raw/NVD/annotated_videos/2022-12-04_Bjenberg_02/2022-12-04 Bjenberg 02.MP4,3603
target_validation,data/raw/NVD/annotated_videos/2022-12-04_Bjenberg_02/2022-12-04 Bjenberg 02.MP4,3608
target_validation,data/raw/NVD/annotated_videos/2022-12-04_Bjenberg_02/2022-12-04 Bjenberg 02.MP4,3613
target_validation,data/raw/NVD/annotated_videos/2022-12-04_Bjenberg_02/2022-12-04 Bjenberg 02.MP4,3619
target_validation,data/raw/NVD/annotated_videos/2022-12-04_Bjenberg_02/2022-12-04 Bjenberg 02.MP4,3624
target_validation,data/raw/NVD/annotated_videos/2022-12-04_Bjenberg_02/2022-12-04 Bjenberg 02.MP4,3629
target_validation,data/raw/NVD/annotated_videos/2022-12-04_Bjenberg_02/2022-12-04 Bjenberg 02.MP4,3634
target_validation,data/raw/NVD/annotated_videos/2022-12-04_Bjenberg_02/2022-12-04 Bjenberg 02.MP4,3639
target_validation,data/raw/NVD/annotated_videos/2022-12-04_Bjenberg_02/2022-12-04 Bjenberg 02.MP4,3644
target_validation,data/raw/NVD/annotated_videos/2022-12-04_Bjenberg_02/2022-12-04 Bjenberg 02.MP4,3650
target_validation,data/raw/NVD/annotated_videos/2022-12-04_Bjenberg_02/2022-12-04 Bjenberg 02.MP4,3655
target_validation,data/raw/NVD/annotated_videos/2022-12-04_Bjenberg_02/2022-12-04 Bjenberg 02.MP4,3660
target_validation,data/raw/NVD/annotated_videos/2022-12-04_Bjenberg_02/2022-12-04 Bjenberg 02.MP4,3665
target_validation,data/raw/NVD/annotated_videos/2022-12-04_Bjenberg_02/2022-12-04 Bjenberg 02.MP4,3670
target_validation,data/raw/NVD/annotated_videos/2022-12-04_Bjenberg_02/2022-12-04 Bjenberg 02.MP4,3675
target_validation,data/raw/NVD/annotated_videos/2022-12-04_Bjenberg_02/2022-12-04 Bjenberg 02.MP4,3681
target_validation,data/raw/NVD/annotated_videos/2022-12-04_Bjenberg_02/2022-12-04 Bjenberg 02.MP4,3686
target_validation,data/raw/NVD/annotated_videos/2022-12-04_Bjenberg_02/2022-12-04 Bjenberg 02.MP4,3691
target_validation,data/raw/NVD/annotated_videos/2022-12-04_Bjenberg_02/2022-12-04 Bjenberg 02.MP4,3696
target_validation,data/raw/NVD/annotated_videos/2022-12-04_Bjenberg_02/2022-12-04 Bjenberg 02.MP4,3701
target_validation,data/raw/NVD/annotated_videos/2022-12-04_Bjenberg_02/2022-12-04 Bjenberg 02.MP4,3707
target_validation,data/raw/NVD/annotated_videos/2022-12-04_Bjenberg_02/2022-12-04 Bjenberg 02.MP4,3712
target_validation,data/raw/NVD/annotated_videos/2022-12-04_Bjenberg_02/2022-12-04 Bjenberg 02.MP4,3717
target_validation,data/raw/NVD/annotated_videos/2022-12-04_Bjenberg_02/2022-12-04 Bjenberg 02.MP4,3722
target_validation,data/raw/NVD/annotated_videos/2022-12-04_Bjenberg_02/2022-12-04 Bjenberg 02.MP4,3727
target_validation,data/raw/NVD/annotated_videos/2022-12-04_Bjenberg_02/2022-12-04 Bjenberg 02.MP4,3732
target_validation,data/raw/NVD/annotated_videos/2022-12-04_Bjenberg_02/2022-12-04 Bjenberg 02.MP4,3738
target_validation,data/raw/NVD/annotated_videos/2022-12-04_Bjenberg_02/2022-12-04 Bjenberg 02.MP4,3743
target_validation,data/raw/NVD/annotated_videos/2022-12-04_Bjenberg_02/2022-12-04 Bjenberg 02.MP4,3748
target_validation,data/raw/NVD/annotated_videos/2022-12-04_Bjenberg_02/2022-12-04 Bjenberg 02.MP4,3753
target_validation,data/raw/NVD/annotated_videos/2022-12-04_Bjenberg_02/2022-12-04 Bjenberg 02.MP4,3758
target_validation,data/raw/NVD/annotated_videos/2022-12-04_Bjenberg_02/2022-12-04 Bjenberg 02.MP4,3763
target_validation,data/raw/NVD/annotated_videos/2022-12-04_Bjenberg_02/2022-12-04 Bjenberg 02.MP4,3769
target_validation,data/raw/NVD/annotated_videos/2022-12-04_Bjenberg_02/2022-12-04 Bjenberg 02.MP4,3774
target_validation,data/raw/NVD/annotated_videos/2022-12-04_Bjenberg_02/2022-12-04 Bjenberg 02.MP4,3779
target_validation,data/raw/NVD/annotated_videos/2022-12-04_Bjenberg_02/2022-12-04 Bjenberg 02.MP4,3784
target_validation,data/raw/NVD/annotated_videos/2022-12-04_Bjenberg_02/2022-12-04 Bjenberg 02.MP4,3789
target_validation,data/raw/NVD/annotated_videos/2022-12-04_Bjenberg_02/2022-12-04 Bjenberg 02.MP4,3794
target_validation,data/raw/NVD/annotated_videos/2022-12-04_Bjenberg_02/2022-12-04 Bjenberg 02.MP4,3800
target_validation,data/raw/NVD/annotated_videos/2022-12-04_Bjenberg_02/2022-12-04 Bjenberg 02.MP4,3805
target_validation,data/raw/NVD/annotated_videos/2022-12-04_Bjenberg_02/2022-12-04 Bjenberg 02.MP4,3810
target_validation,data/raw/NVD/annotated_videos/2022-12-04_Bjenberg_02/2022-12-04 Bjenberg 02.MP4,3815
target_validation,data/raw/NVD/annotated_videos/2022-12-04_Bjenberg_02/2022-12-04 Bjenberg 02.MP4,3820
target_validation,data/raw/NVD/annotated_videos/2022-12-04_Bjenberg_02/2022-12-04 Bjenberg 02.MP4,3825
target_validation,data/raw/NVD/annotated_videos/2022-12-04_Bjenberg_02/2022-12-04 Bjenberg 02.MP4,3831
target_validation,data/raw/NVD/annotated_videos/2022-12-04_Bjenberg_02/2022-12-04 Bjenberg 02.MP4,3836
target_validation,data/raw/NVD/annotated_videos/2022-12-04_Bjenberg_02/2022-12-04 Bjenberg 02.MP4,3841
target_validation,data/raw/NVD/annotated_videos/2022-12-04_Bjenberg_02/2022-12-04 Bjenberg 02.MP4,3846
target_validation,data/raw/NVD/annotated_videos/2022-12-04_Bjenberg_02/2022-12-04 Bjenberg 02.MP4,3851
target_validation,data/raw/NVD/annotated_videos/2022-12-04_Bjenberg_02/2022-12-04 Bjenberg 02.MP4,3856
target_validation,data/raw/NVD/annotated_videos/2022-12-04_Bjenberg_02/2022-12-04 Bjenberg 02.MP4,3862
target_validation,data/raw/NVD/annotated_videos/2022-12-04_Bjenberg_02/2022-12-04 Bjenberg 02.MP4,3867
target_validation,data/raw/NVD/annotated_videos/2022-12-04_Bjenberg_02/2022-12-04 Bjenberg 02.MP4,3872
target_validation,data/raw/NVD/annotated_videos/2022-12-04_Bjenberg_02/2022-12-04 Bjenberg 02.MP4,3877
target_validation,data/raw/NVD/annotated_videos/2022-12-04_Bjenberg_02/2022-12-04 Bjenberg 02.MP4,3882
target_validation,data/raw/NVD/annotated_videos/2022-12-04_Bjenberg_02/2022-12-04 Bjenberg 02.MP4,3887
target_validation,data/raw/NVD/annotated_videos/2022-12-04_Bjenberg_02/2022-12-04 Bjenberg 02.MP4,3893
target_validation,data/raw/NVD/annotated_videos/2022-12-04_Bjenberg_02/2022-12-04 Bjenberg 02.MP4,3898
target_validation,data/raw/NVD/annotated_videos/2022-12-04_Bjenberg_02/2022-12-04 Bjenberg 02.MP4,3903
target_validation,data/raw/NVD/annotated_videos/2022-12-04_Bjenberg_02/2022-12-04 Bjenberg 02.MP4,3908
target_validation,data/raw/NVD/annotated_videos/2022-12-04_Bjenberg_02/2022-12-04 Bjenberg 02.MP4,3913
target_validation,data/raw/NVD/annotated_videos/2022-12-04_Bjenberg_02/2022-12-04 Bjenberg 02.MP4,3918
target_validation,data/raw/NVD/annotated_videos/2022-12-04_Bjenberg_02/2022-12-04 Bjenberg 02.MP4,3924
target_validation,data/raw/NVD/annotated_videos/2022-12-04_Bjenberg_02/2022-12-04 Bjenberg 02.MP4,3929
target_validation,data/raw/NVD/annotated_videos/2022-12-04_Bjenberg_02/2022-12-04 Bjenberg 02.MP4,3934
target_validation,data/raw/NVD/annotated_videos/2022-12-04_Bjenberg_02/2022-12-04 Bjenberg 02.MP4,3939
target_validation,data/raw/NVD/annotated_videos/2022-12-04_Bjenberg_02/2022-12-04 Bjenberg 02.MP4,3944
target_validation,data/raw/NVD/annotated_videos/2022-12-04_Bjenberg_02/2022-12-04 Bjenberg 02.MP4,3950
target_validation,data/raw/NVD/annotated_videos/2022-12-04_Bjenberg_02/2022-12-04 Bjenberg 02.MP4,3955
target_validation,data/raw/NVD/annotated_videos/2022-12-04_Bjenberg_02/2022-12-04 Bjenberg 02.MP4,3960
target_validation,data/raw/NVD/annotated_videos/2022-12-04_Bjenberg_02/2022-12-04 Bjenberg 02.MP4,3965
target_validation,data/raw/NVD/annotated_videos/2022-12-04_Bjenberg_02/2022-12-04 Bjenberg 02.MP4,3970
target_validation,data/raw/NVD/annotated_videos/2022-12-04_Bjenberg_02/2022-12-04 Bjenberg 02.MP4,3975
target_validation,data/raw/NVD/annotated_videos/2022-12-04_Bjenberg_02/2022-12-04 Bjenberg 02.MP4,3981
target_validation,data/raw/NVD/annotated_videos/2022-12-04_Bjenberg_02/2022-12-04 Bjenberg 02.MP4,3986
target_validation,data/raw/NVD/annotated_videos/2022-12-04_Bjenberg_02/2022-12-04 Bjenberg 02.MP4,3991
target_validation,data/raw/NVD/annotated_videos/2022-12-04_Bjenberg_02/2022-12-04 Bjenberg 02.MP4,3996
target_validation,data/raw/NVD/annotated_videos/2022-12-04_Bjenberg_02/2022-12-04 Bjenberg 02.MP4,4001
target_validation,data/raw/NVD/annotated_videos/2022-12-04_Bjenberg_02/2022-12-04 Bjenberg 02.MP4,4006
target_validation,data/raw/NVD/annotated_videos/2022-12-04_Bjenberg_02/2022-12-04 Bjenberg 02.MP4,4012
target_validation,data/raw/NVD/annotated_videos/2022-12-04_Bjenberg_02/2022-12-04 Bjenberg 02.MP4,4017
target_validation,data/raw/NVD/annotated_videos/2022-12-04_Bjenberg_02/2022-12-04 Bjenberg 02.MP4,4022
target_validation,data/raw/NVD/annotated_videos/2022-12-04_Bjenberg_02/2022-12-04 Bjenberg 02.MP4,4027
target_validation,data/raw/NVD/annotated_videos/2022-12-04_Bjenberg_02/2022-12-04 Bjenberg 02.MP4,4032
target_validation,data/raw/NVD/annotated_videos/2022-12-04_Bjenberg_02/2022-12-04 Bjenberg 02.MP4,4037
target_validation,data/raw/NVD/annotated_videos/2022-12-04_Bjenberg_02/2022-12-04 Bjenberg 02.MP4,4043
target_validation,data/raw/NVD/annotated_videos/2022-12-04_Bjenberg_02/2022-12-04 Bjenberg 02.MP4,4048
target_validation,data/raw/NVD/annotated_videos/2022-12-04_Bjenberg_02/2022-12-04 Bjenberg 02.MP4,4053
target_validation,data/raw/NVD/annotated_videos/2022-12-04_Bjenberg_02/2022-12-04 Bjenberg 02.MP4,4058
target_validation,data/raw/NVD/annotated_videos/2022-12-04_Bjenberg_02/2022-12-04 Bjenberg 02.MP4,4063
target_validation,data/raw/NVD/annotated_videos/2022-12-04_Bjenberg_02/2022-12-04 Bjenberg 02.MP4,4068
target_validation,data/raw/NVD/annotated_videos/2022-12-04_Bjenberg_02/2022-12-04 Bjenberg 02.MP4,4074
target_validation,data/raw/NVD/annotated_videos/2022-12-04_Bjenberg_02/2022-12-04 Bjenberg 02.MP4,4079
target_validation,data/raw/NVD/annotated_videos/2022-12-04_Bjenberg_02/2022-12-04 Bjenberg 02.MP4,4084
target_validation,data/raw/NVD/annotated_videos/2022-12-04_Bjenberg_02/2022-12-04 Bjenberg 02.MP4,4089
target_validation,data/raw/NVD/annotated_videos/2022-12-04_Bjenberg_02/2022-12-04 Bjenberg 02.MP4,4094
target_validation,data/raw/NVD/annotated_videos/2022-12-04_Bjenberg_02/2022-12-04 Bjenberg 02.MP4,4099
target_validation,data/raw/NVD/annotated_videos/2022-12-04_Bjenberg_02/2022-12-04 Bjenberg 02.MP4,4105
target_validation,data/raw/NVD/annotated_videos/2022-12-04_Bjenberg_02/2022-12-04 Bjenberg 02.MP4,4110
target_validation,data/raw/NVD/annotated_videos/2022-12-04_Bjenberg_02/2022-12-04 Bjenberg 02.MP4,4115
target_validation,data/raw/NVD/annotated_videos/2022-12-04_Bjenberg_02/2022-12-04 Bjenberg 02.MP4,4120
target_validation,data/raw/NVD/annotated_videos/2022-12-04_Bjenberg_02/2022-12-04 Bjenberg 02.MP4,4125
target_validation,data/raw/NVD/annotated_videos/2022-12-04_Bjenberg_02/2022-12-04 Bjenberg 02.MP4,4130
target_validation,data/raw/NVD/annotated_videos/2022-12-04_Bjenberg_02/2022-12-04 Bjenberg 02.MP4,4136
target_validation,data/raw/NVD/annotated_videos/2022-12-04_Bjenberg_02/2022-12-04 Bjenberg 02.MP4,4141
target_validation,data/raw/NVD/annotated_videos/2022-12-04_Bjenberg_02/2022-12-04 Bjenberg 02.MP4,4146
target_validation,data/raw/NVD/annotated_videos/2022-12-04_Bjenberg_02/2022-12-04 Bjenberg 02.MP4,4151
target_validation,data/raw/NVD/annotated_videos/2022-12-04_Bjenberg_02/2022-12-04 Bjenberg 02.MP4,4156
target_validation,data/raw/NVD/annotated_videos/2022-12-04_Bjenberg_02/2022-12-04 Bjenberg 02.MP4,4161
target_validation,data/raw/NVD/annotated_videos/2022-12-04_Bjenberg_02/2022-12-04 Bjenberg 02.MP4,4167
target_validation,data/raw/NVD/annotated_videos/2022-12-04_Bjenberg_02/2022-12-04 Bjenberg 02.MP4,4172
target_validation,data/raw/NVD/annotated_videos/2022-12-04_Bjenberg_02/2022-12-04 Bjenberg 02.MP4,4177
target_validation,data/raw/NVD/annotated_videos/2022-12-04_Bjenberg_02/2022-12-04 Bjenberg 02.MP4,4182
target_validation,data/raw/NVD/annotated_videos/2022-12-04_Bjenberg_02/2022-12-04 Bjenberg 02.MP4,4187
target_validation,data/raw/NVD/annotated_videos/2022-12-04_Bjenberg_02/2022-12-04 Bjenberg 02.MP4,4193
target_validation,data/raw/NVD/annotated_videos/2022-12-04_Bjenberg_02/2022-12-04 Bjenberg 02.MP4,4198
target_validation,data/raw/NVD/annotated_videos/2022-12-04_Bjenberg_02/2022-12-04 Bjenberg 02.MP4,4203
target_validation,data/raw/NVD/annotated_videos/2022-12-04_Bjenberg_02/2022-12-04 Bjenberg 02.MP4,4208
target_validation,data/raw/NVD/annotated_videos/2022-12-04_Bjenberg_02/2022-12-04 Bjenberg 02.MP4,4213
target_validation,data/raw/NVD/annotated_videos/2022-12-04_Bjenberg_02/2022-12-04 Bjenberg 02.MP4,4218
target_validation,data/raw/NVD/annotated_videos/2022-12-04_Bjenberg_02/2022-12-04 Bjenberg 02.MP4,4224
target_validation,data/raw/NVD/annotated_videos/2022-12-04_Bjenberg_02/2022-12-04 Bjenberg 02.MP4,4229
target_validation,data/raw/NVD/annotated_videos/2022-12-04_Bjenberg_02/2022-12-04 Bjenberg 02.MP4,4234
target_validation,data/raw/NVD/annotated_videos/2022-12-04_Bjenberg_02/2022-12-04 Bjenberg 02.MP4,4239
target_validation,data/raw/NVD/annotated_videos/2022-12-04_Bjenberg_02/2022-12-04 Bjenberg 02.MP4,4244
target_validation,data/raw/NVD/annotated_videos/2022-12-04_Bjenberg_02/2022-12-04 Bjenberg 02.MP4,4249
target_validation,data/raw/NVD/annotated_videos/2022-12-04_Bjenberg_02/2022-12-04 Bjenberg 02.MP4,4255
target_validation,data/raw/NVD/annotated_videos/2022-12-04_Bjenberg_02/2022-12-04 Bjenberg 02.MP4,4260
target_validation,data/raw/NVD/annotated_videos/2022-12-04_Bjenberg_02/2022-12-04 Bjenberg 02.MP4,4265
target_validation,data/raw/NVD/annotated_videos/2022-12-04_Bjenberg_02/2022-12-04 Bjenberg 02.MP4,4270
target_validation,data/raw/NVD/annotated_videos/2022-12-04_Bjenberg_02/2022-12-04 Bjenberg 02.MP4,4275
target_validation,data/raw/NVD/annotated_videos/2022-12-04_Bjenberg_02/2022-12-04 Bjenberg 02.MP4,4280
target_validation,data/raw/NVD/annotated_videos/2022-12-04_Bjenberg_02/2022-12-04 Bjenberg 02.MP4,4286
target_validation,data/raw/NVD/annotated_videos/2022-12-04_Bjenberg_02/2022-12-04 Bjenberg 02.MP4,4291
target_validation,data/raw/NVD/annotated_videos/2022-12-04_Bjenberg_02/2022-12-04 Bjenberg 02.MP4,4296
target_validation,data/raw/NVD/annotated_videos/2022-12-04_Bjenberg_02/2022-12-04 Bjenberg 02.MP4,4301
target_validation,data/raw/NVD/annotated_videos/2022-12-04_Bjenberg_02/2022-12-04 Bjenberg 02.MP4,4306
target_validation,data/raw/NVD/annotated_videos/2022-12-04_Bjenberg_02/2022-12-04 Bjenberg 02.MP4,4311
target_validation,data/raw/NVD/annotated_videos/2022-12-04_Bjenberg_02/2022-12-04 Bjenberg 02.MP4,4317
target_validation,data/raw/NVD/annotated_videos/2022-12-04_Bjenberg_02/2022-12-04 Bjenberg 02.MP4,4322
target_validation,data/raw/NVD/annotated_videos/2022-12-04_Bjenberg_02/2022-12-04 Bjenberg 02.MP4,4327
target_validation,data/raw/NVD/annotated_videos/2022-12-04_Bjenberg_02/2022-12-04 Bjenberg 02.MP4,4332
target_validation,data/raw/NVD/annotated_videos/2022-12-04_Bjenberg_02/2022-12-04 Bjenberg 02.MP4,4337
target_validation,data/raw/NVD/annotated_videos/2022-12-04_Bjenberg_02/2022-12-04 Bjenberg 02.MP4,4342
target_validation,data/raw/NVD/annotated_videos/2022-12-04_Bjenberg_02/2022-12-04 Bjenberg 02.MP4,4348
target_validation,data/raw/NVD/annotated_videos/2022-12-04_Bjenberg_02/2022-12-04 Bjenberg 02.MP4,4353
target_validation,data/raw/NVD/annotated_videos/2022-12-04_Bjenberg_02/2022-12-04 Bjenberg 02.MP4,4358
target_validation,data/raw/NVD/annotated_videos/2022-12-04_Bjenberg_02/2022-12-04 Bjenberg 02.MP4,4363
target_validation,data/raw/NVD/annotated_videos/2022-12-04_Bjenberg_02/2022-12-04 Bjenberg 02.MP4,4368
target_validation,data/raw/NVD/annotated_videos/2022-12-04_Bjenberg_02/2022-12-04 Bjenberg 02.MP4,4373
target_validation,data/raw/NVD/annotated_videos/2022-12-04_Bjenberg_02/2022-12-04 Bjenberg 02.MP4,4379
target_validation,data/raw/NVD/annotated_videos/2022-12-04_Bjenberg_02/2022-12-04 Bjenberg 02.MP4,4384
target_validation,data/raw/NVD/annotated_videos/2022-12-04_Bjenberg_02/2022-12-04 Bjenberg 02.MP4,4389
target_validation,data/raw/NVD/annotated_videos/2022-12-04_Bjenberg_02/2022-12-04 Bjenberg 02.MP4,4394
target_validation,data/raw/NVD/annotated_videos/2022-12-04_Bjenberg_02/2022-12-04 Bjenberg 02.MP4,4399
target_validation,data/raw/NVD/annotated_videos/2022-12-04_Bjenberg_02/2022-12-04 Bjenberg 02.MP4,4404
target_validation,data/raw/NVD/annotated_videos/2022-12-04_Bjenberg_02/2022-12-04 Bjenberg 02.MP4,4410
target_validation,data/raw/NVD/annotated_videos/2022-12-04_Bjenberg_02/2022-12-04 Bjenberg 02.MP4,4415
target_validation,data/raw/NVD/annotated_videos/2022-12-04_Bjenberg_02/2022-12-04 Bjenberg 02.MP4,4420
target_validation,data/raw/NVD/annotated_videos/2022-12-04_Bjenberg_02/2022-12-04 Bjenberg 02.MP4,4425
target_validation,data/raw/NVD/annotated_videos/2022-12-04_Bjenberg_02/2022-12-04 Bjenberg 02.MP4,4430
target_validation,data/raw/NVD/annotated_videos/2022-12-04_Bjenberg_02/2022-12-04 Bjenberg 02.MP4,4436
target_validation,data/raw/NVD/annotated_videos/2022-12-04_Bjenberg_02/2022-12-04 Bjenberg 02.MP4,4441
target_validation,data/raw/NVD/annotated_videos/2022-12-04_Bjenberg_02/2022-12-04 Bjenberg 02.MP4,4446
target_validation,data/raw/NVD/annotated_videos/2022-12-04_Bjenberg_02/2022-12-04 Bjenberg 02.MP4,4451
target_validation,data/raw/NVD/annotated_videos/2022-12-04_Bjenberg_02/2022-12-04 Bjenberg 02.MP4,4456
target_validation,data/raw/NVD/annotated_videos/2022-12-04_Bjenberg_02/2022-12-04 Bjenberg 02.MP4,4461
target_validation,data/raw/NVD/annotated_videos/2022-12-04_Bjenberg_02/2022-12-04 Bjenberg 02.MP4,4467
target_validation,data/raw/NVD/annotated_videos/2022-12-04_Bjenberg_02/2022-12-04 Bjenberg 02.MP4,4472
target_validation,data/raw/NVD/annotated_videos/2022-12-04_Bjenberg_02/2022-12-04 Bjenberg 02.MP4,4477
target_validation,data/raw/NVD/annotated_videos/2022-12-04_Bjenberg_02/2022-12-04 Bjenberg 02.MP4,4482
target_validation,data/raw/NVD/annotated_videos/2022-12-04_Bjenberg_02/2022-12-04 Bjenberg 02.MP4,4487
target_validation,data/raw/NVD/annotated_videos/2022-12-04_Bjenberg_02/2022-12-04 Bjenberg 02.MP4,4492
target_validation,data/raw/NVD/annotated_videos/2022-12-04_Bjenberg_02/2022-12-04 Bjenberg 02.MP4,4498
target_validation,data/raw/NVD/annotated_videos/2022-12-04_Bjenberg_02/2022-12-04 Bjenberg 02.MP4,4503
target_validation,data/raw/NVD/annotated_videos/2022-12-04_Bjenberg_02/2022-12-04 Bjenberg 02.MP4,4508
target_validation,data/raw/NVD/annotated_videos/2022-12-04_Bjenberg_02/2022-12-04 Bjenberg 02.MP4,4513
target_validation,data/raw/NVD/annotated_videos/2022-12-04_Bjenberg_02/2022-12-04 Bjenberg 02.MP4,4518
target_validation,data/raw/NVD/annotated_videos/2022-12-04_Bjenberg_02/2022-12-04 Bjenberg 02.MP4,4523
target_validation,data/raw/NVD/annotated_videos/2022-12-04_Bjenberg_02/2022-12-04 Bjenberg 02.MP4,4529
target_validation,data/raw/NVD/annotated_videos/2022-12-04_Bjenberg_02/2022-12-04 Bjenberg 02.MP4,4534
target_validation,data/raw/NVD/annotated_videos/2022-12-04_Bjenberg_02/2022-12-04 Bjenberg 02.MP4,4539
target_validation,data/raw/NVD/annotated_videos/2022-12-04_Bjenberg_02/2022-12-04 Bjenberg 02.MP4,4544
target_validation,data/raw/NVD/annotated_videos/2022-12-04_Bjenberg_02/2022-12-04 Bjenberg 02.MP4,4549
target_validation,data/raw/NVD/annotated_videos/2022-12-04_Bjenberg_02/2022-12-04 Bjenberg 02.MP4,4554
target_validation,data/raw/NVD/annotated_videos/2022-12-04_Bjenberg_02/2022-12-04 Bjenberg 02.MP4,4560
target_validation,data/raw/NVD/annotated_videos/2022-12-04_Bjenberg_02/2022-12-04 Bjenberg 02.MP4,4565
target_validation,data/raw/NVD/annotated_videos/2022-12-04_Bjenberg_02/2022-12-04 Bjenberg 02.MP4,4570
target_validation,data/raw/NVD/annotated_videos/2022-12-04_Bjenberg_02/2022-12-04 Bjenberg 02.MP4,4575
target_validation,data/raw/NVD/annotated_videos/2022-12-04_Bjenberg_02/2022-12-04 Bjenberg 02.MP4,4580
target_validation,data/raw/NVD/annotated_videos/2022-12-04_Bjenberg_02/2022-12-04 Bjenberg 02.MP4,4585
target_validation,data/raw/NVD/annotated_videos/2022-12-04_Bjenberg_02/2022-12-04 Bjenberg 02.MP4,4591
target_validation,data/raw/NVD/annotated_videos/2022-12-04_Bjenberg_02/2022-12-04 Bjenberg 02.MP4,4596
target_validation,data/raw/NVD/annotated_videos/2022-12-04_Bjenberg_02/2022-12-04 Bjenberg 02.MP4,4601
target_validation,data/raw/NVD/annotated_videos/2022-12-04_Bjenberg_02/2022-12-04 Bjenberg 02.MP4,4606
target_validation,data/raw/NVD/annotated_videos/2022-12-04_Bjenberg_02/2022-12-04 Bjenberg 02.MP4,4611
target_validation,data/raw/NVD/annotated_videos/2022-12-04_Bjenberg_02/2022-12-04 Bjenberg 02.MP4,4616
target_validation,data/raw/NVD/annotated_videos/2022-12-04_Bjenberg_02/2022-12-04 Bjenberg 02.MP4,4622
target_validation,data/raw/NVD/annotated_videos/2022-12-04_Bjenberg_02/2022-12-04 Bjenberg 02.MP4,4627
target_validation,data/raw/NVD/annotated_videos/2022-12-04_Bjenberg_02/2022-12-04 Bjenberg 02.MP4,4632
target_validation,data/raw/NVD/annotated_videos/2022-12-04_Bjenberg_02/2022-12-04 Bjenberg 02.MP4,4637
target_validation,data/raw/NVD/annotated_videos/2022-12-04_Bjenberg_02/2022-12-04 Bjenberg 02.MP4,4642
target_validation,data/raw/NVD/annotated_videos/2022-12-04_Bjenberg_02/2022-12-04 Bjenberg 02.MP4,4647
target_validation,data/raw/NVD/annotated_videos/2022-12-04_Bjenberg_02/2022-12-04 Bjenberg 02.MP4,4653
target_validation,data/raw/NVD/annotated_videos/2022-12-04_Bjenberg_02/2022-12-04 Bjenberg 02.MP4,4658
target_validation,data/raw/NVD/annotated_videos/2022-12-04_Bjenberg_02/2022-12-04 Bjenberg 02.MP4,4663
target_validation,data/raw/NVD/annotated_videos/2022-12-04_Bjenberg_02/2022-12-04 Bjenberg 02.MP4,4668
target_validation,data/raw/NVD/annotated_videos/2022-12-04_Bjenberg_02/2022-12-04 Bjenberg 02.MP4,4673
target_validation,data/raw/NVD/annotated_videos/2022-12-04_Bjenberg_02/2022-12-04 Bjenberg 02.MP4,4679
target_validation,data/raw/NVD/annotated_videos/2022-12-04_Bjenberg_02/2022-12-04 Bjenberg 02.MP4,4684
target_validation,data/raw/NVD/annotated_videos/2022-12-04_Bjenberg_02/2022-12-04 Bjenberg 02.MP4,4689
target_validation,data/raw/NVD/annotated_videos/2022-12-04_Bjenberg_02/2022-12-04 Bjenberg 02.MP4,4694
target_validation,data/raw/NVD/annotated_videos/2022-12-04_Bjenberg_02/2022-12-04 Bjenberg 02.MP4,4699
target_validation,data/raw/NVD/annotated_videos/2022-12-04_Bjenberg_02/2022-12-04 Bjenberg 02.MP4,4704
target_validation,data/raw/NVD/annotated_videos/2022-12-04_Bjenberg_02/2022-12-04 Bjenberg 02.MP4,4710
target_validation,data/raw/NVD/annotated_videos/2022-12-04_Bjenberg_02/2022-12-04 Bjenberg 02.MP4,4715
target_validation,data/raw/NVD/annotated_videos/2022-12-04_Bjenberg_02/2022-12-04 Bjenberg 02.MP4,4720
target_validation,data/raw/NVD/annotated_videos/2022-12-04_Bjenberg_02/2022-12-04 Bjenberg 02.MP4,4725
target_validation,data/raw/NVD/annotated_videos/2022-12-04_Bjenberg_02/2022-12-04 Bjenberg 02.MP4,4730
target_validation,data/raw/NVD/annotated_videos/2022-12-04_Bjenberg_02/2022-12-04 Bjenberg 02.MP4,4735
target_validation,data/raw/NVD/annotated_videos/2022-12-04_Bjenberg_02/2022-12-04 Bjenberg 02.MP4,4741
target_validation,data/raw/NVD/annotated_videos/2022-12-04_Bjenberg_02/2022-12-04 Bjenberg 02.MP4,4746
target_validation,data/raw/NVD/annotated_videos/2022-12-04_Bjenberg_02/2022-12-04 Bjenberg 02.MP4,4751
target_validation,data/raw/NVD/annotated_videos/2022-12-04_Bjenberg_02/2022-12-04 Bjenberg 02.MP4,4756
target_validation,data/raw/NVD/annotated_videos/2022-12-04_Bjenberg_02/2022-12-04 Bjenberg 02.MP4,4761
target_validation,data/raw/NVD/annotated_videos/2022-12-04_Bjenberg_02/2022-12-04 Bjenberg 02.MP4,4766
target_validation,data/raw/NVD/annotated_videos/2022-12-04_Bjenberg_02/2022-12-04 Bjenberg 02.MP4,4772
target_validation,data/raw/NVD/annotated_videos/2022-12-04_Bjenberg_02/2022-12-04 Bjenberg 02.MP4,4777
target_validation,data/raw/NVD/annotated_videos/2022-12-04_Bjenberg_02/2022-12-04 Bjenberg 02.MP4,4782
target_validation,data/raw/NVD/annotated_videos/2022-12-04_Bjenberg_02/2022-12-04 Bjenberg 02.MP4,4787
target_validation,data/raw/NVD/annotated_videos/2022-12-04_Bjenberg_02/2022-12-04 Bjenberg 02.MP4,4792
target_validation,data/raw/NVD/annotated_videos/2022-12-04_Bjenberg_02/2022-12-04 Bjenberg 02.MP4,4797
target_validation,data/raw/NVD/annotated_videos/2022-12-04_Bjenberg_02/2022-12-04 Bjenberg 02.MP4,4803
target_validation,data/raw/NVD/annotated_videos/2022-12-04_Bjenberg_02/2022-12-04 Bjenberg 02.MP4,4808
target_validation,data/raw/NVD/annotated_videos/2022-12-04_Bjenberg_02/2022-12-04 Bjenberg 02.MP4,4813
target_validation,data/raw/NVD/annotated_videos/2022-12-04_Bjenberg_02/2022-12-04 Bjenberg 02.MP4,4818
target_validation,data/raw/NVD/annotated_videos/2022-12-04_Bjenberg_02/2022-12-04 Bjenberg 02.MP4,4823
target_validation,data/raw/NVD/annotated_videos/2022-12-04_Bjenberg_02/2022-12-04 Bjenberg 02.MP4,4828
target_validation,data/raw/NVD/annotated_videos/2022-12-04_Bjenberg_02/2022-12-04 Bjenberg 02.MP4,4834
target_validation,data/raw/NVD/annotated_videos/2022-12-04_Bjenberg_02/2022-12-04 Bjenberg 02.MP4,4839
target_validation,data/raw/NVD/annotated_videos/2022-12-04_Bjenberg_02/2022-12-04 Bjenberg 02.MP4,4844
target_validation,data/raw/NVD/annotated_videos/2022-12-04_Bjenberg_02/2022-12-04 Bjenberg 02.MP4,4849
target_validation,data/raw/NVD/annotated_videos/2022-12-04_Bjenberg_02/2022-12-04 Bjenberg 02.MP4,4854
target_validation,data/raw/NVD/annotated_videos/2022-12-04_Bjenberg_02/2022-12-04 Bjenberg 02.MP4,4859
target_validation,data/raw/NVD/annotated_videos/2022-12-04_Bjenberg_02/2022-12-04 Bjenberg 02.MP4,4865
target_validation,data/raw/NVD/annotated_videos/2022-12-04_Bjenberg_02/2022-12-04 Bjenberg 02.MP4,4870
target_validation,data/raw/NVD/annotated_videos/2022-12-04_Bjenberg_02/2022-12-04 Bjenberg 02.MP4,4875
target_validation,data/raw/NVD/annotated_videos/2022-12-04_Bjenberg_02/2022-12-04 Bjenberg 02.MP4,4880
target_validation,data/raw/NVD/annotated_videos/2022-12-04_Bjenberg_02/2022-12-04 Bjenberg 02.MP4,4885
target_validation,data/raw/NVD/annotated_videos/2022-12-04_Bjenberg_02/2022-12-04 Bjenberg 02.MP4,4890
target_validation,data/raw/NVD/annotated_videos/2022-12-04_Bjenberg_02/2022-12-04 Bjenberg 02.MP4,4896
target_validation,data/raw/NVD/annotated_videos/2022-12-04_Bjenberg_02/2022-12-04 Bjenberg 02.MP4,4901
target_validation,data/raw/NVD/annotated_videos/2022-12-04_Bjenberg_02/2022-12-04 Bjenberg 02.MP4,4906
target_validation,data/raw/NVD/annotated_videos/2022-12-04_Bjenberg_02/2022-12-04 Bjenberg 02.MP4,4911
target_validation,data/raw/NVD/annotated_videos/2022-12-04_Bjenberg_02/2022-12-04 Bjenberg 02.MP4,4916
target_validation,data/raw/NVD/annotated_videos/2022-12-04_Bjenberg_02/2022-12-04 Bjenberg 02.MP4,4922
target_validation,data/raw/NVD/annotated_videos/2022-12-04_Bjenberg_02/2022-12-04 Bjenberg 02.MP4,4927
target_validation,data/raw/NVD/annotated_videos/2022-12-04_Bjenberg_02/2022-12-04 Bjenberg 02.MP4,4932
target_validation,data/raw/NVD/annotated_videos/2022-12-04_Bjenberg_02/2022-12-04 Bjenberg 02.MP4,4937
target_validation,data/raw/NVD/annotated_videos/2022-12-04_Bjenberg_02/2022-12-04 Bjenberg 02.MP4,4942
target_validation,data/raw/NVD/annotated_videos/2022-12-04_Bjenberg_02/2022-12-04 Bjenberg 02.MP4,4947
target_validation,data/raw/NVD/annotated_videos/2022-12-04_Bjenberg_02/2022-12-04 Bjenberg 02.MP4,4953
target_validation,data/raw/NVD/annotated_videos/2022-12-04_Bjenberg_02/2022-12-04 Bjenberg 02.MP4,4958
target_validation,data/raw/NVD/annotated_videos/2022-12-04_Bjenberg_02/2022-12-04 Bjenberg 02.MP4,4963
target_validation,data/raw/NVD/annotated_videos/2022-12-04_Bjenberg_02/2022-12-04 Bjenberg 02.MP4,4968
target_validation,data/raw/NVD/annotated_videos/2022-12-04_Bjenberg_02/2022-12-04 Bjenberg 02.MP4,4973
target_validation,data/raw/NVD/annotated_videos/2022-12-04_Bjenberg_02/2022-12-04 Bjenberg 02.MP4,4978
target_validation,data/raw/NVD/annotated_videos/2022-12-04_Bjenberg_02/2022-12-04 Bjenberg 02.MP4,4984
target_validation,data/raw/NVD/annotated_videos/2022-12-04_Bjenberg_02/2022-12-04 Bjenberg 02.MP4,4989
target_validation,data/raw/NVD/annotated_videos/2022-12-04_Bjenberg_02/2022-12-04 Bjenberg 02.MP4,4994
target_validation,data/raw/NVD/annotated_videos/2022-12-04_Bjenberg_02/2022-12-04 Bjenberg 02.MP4,4999
target_validation,data/raw/NVD/annotated_videos/2022-12-04_Bjenberg_02/2022-12-04 Bjenberg 02.MP4,5004
target_validation,data/raw/NVD/annotated_videos/2022-12-04_Bjenberg_02/2022-12-04 Bjenberg 02.MP4,5009
target_validation,data/raw/NVD/annotated_videos/2022-12-04_Bjenberg_02/2022-12-04 Bjenberg 02.MP4,5015
target_validation,data/raw/NVD/annotated_videos/2022-12-04_Bjenberg_02/2022-12-04 Bjenberg 02.MP4,5020
target_validation,data/raw/NVD/annotated_videos/2022-12-04_Bjenberg_02/2022-12-04 Bjenberg 02.MP4,5025
target_validation,data/raw/NVD/annotated_videos/2022-12-04_Bjenberg_02/2022-12-04 Bjenberg 02.MP4,5030
target_validation,data/raw/NVD/annotated_videos/2022-12-04_Bjenberg_02/2022-12-04 Bjenberg 02.MP4,5035
target_validation,data/raw/NVD/annotated_videos/2022-12-04_Bjenberg_02/2022-12-04 Bjenberg 02.MP4,5040
target_validation,data/raw/NVD/annotated_videos/2022-12-04_Bjenberg_02/2022-12-04 Bjenberg 02.MP4,5046
target_validation,data/raw/NVD/annotated_videos/2022-12-04_Bjenberg_02/2022-12-04 Bjenberg 02.MP4,5051
target_validation,data/raw/NVD/annotated_videos/2022-12-04_Bjenberg_02/2022-12-04 Bjenberg 02.MP4,5056
target_validation,data/raw/NVD/annotated_videos/2022-12-04_Bjenberg_02/2022-12-04 Bjenberg 02.MP4,5061
target_validation,data/raw/NVD/annotated_videos/2022-12-04_Bjenberg_02/2022-12-04 Bjenberg 02.MP4,5066
target_validation,data/raw/NVD/annotated_videos/2022-12-04_Bjenberg_02/2022-12-04 Bjenberg 02.MP4,5071
target_validation,data/raw/NVD/annotated_videos/2022-12-04_Bjenberg_02/2022-12-04 Bjenberg 02.MP4,5077
target_validation,data/raw/NVD/annotated_videos/2022-12-04_Bjenberg_02/2022-12-04 Bjenberg 02.MP4,5082
target_validation,data/raw/NVD/annotated_videos/2022-12-04_Bjenberg_02/2022-12-04 Bjenberg 02.MP4,5087
target_validation,data/raw/NVD/annotated_videos/2022-12-04_Bjenberg_02/2022-12-04 Bjenberg 02.MP4,5092
target_validation,data/raw/NVD/annotated_videos/2022-12-04_Bjenberg_02/2022-12-04 Bjenberg 02.MP4,5097
target_validation,data/raw/NVD/annotated_videos/2022-12-04_Bjenberg_02/2022-12-04 Bjenberg 02.MP4,5102
target_validation,data/raw/NVD/annotated_videos/2022-12-04_Bjenberg_02/2022-12-04 Bjenberg 02.MP4,5108
target_validation,data/raw/NVD/annotated_videos/2022-12-04_Bjenberg_02/2022-12-04 Bjenberg 02.MP4,5113
target_validation,data/raw/NVD/annotated_videos/2022-12-04_Bjenberg_02/2022-12-04 Bjenberg 02.MP4,5118
target_validation,data/raw/NVD/annotated_videos/2022-12-04_Bjenberg_02/2022-12-04 Bjenberg 02.MP4,5123
target_validation,data/raw/NVD/annotated_videos/2022-12-04_Bjenberg_02/2022-12-04 Bjenberg 02.MP4,5128
target_validation,data/raw/NVD/annotated_videos/2022-12-04_Bjenberg_02/2022-12-04 Bjenberg 02.MP4,5133
target_validation,data/raw/NVD/annotated_videos/2022-12-04_Bjenberg_02/2022-12-04 Bjenberg 02.MP4,5139
target_validation,data/raw/NVD/annotated_videos/2022-12-04_Bjenberg_02/2022-12-04 Bjenberg 02.MP4,5144
target_validation,data/raw/NVD/annotated_videos/2022-12-04_Bjenberg_02/2022-12-04 Bjenberg 02.MP4,5149
target_validation,data/raw/NVD/annotated_videos/2022-12-04_Bjenberg_02/2022-12-04 Bjenberg 02.MP4,5154
target_validation,data/raw/NVD/annotated_videos/2022-12-04_Bjenberg_02/2022-12-04 Bjenberg 02.MP4,5159
target_validation,data/raw/NVD/annotated_videos/2022-12-04_Bjenberg_02/2022-12-04 Bjenberg 02.MP4,5165
