member,role,source_group
UAV-OBB/train/images/1000031605_frame_026_jpg.rf.1d37903f52516dd3a3abc682eab8ee1e.jpg,development_A,1000031605_frame_026
UAV-OBB/train/images/1000031605_frame_026_jpg.rf.c4da015bb857b0d455383309050552d0.jpg,development_A,1000031605_frame_026
UAV-OBB/train/images/1000031605_frame_026_jpg.rf.de275d70e54e96b7e849956950a661a6.jpg,development_A,1000031605_frame_026
UAV-OBB/train/images/1000031805_frame_011_jpg.rf.37a3808f678a7ea592ab0ce87c29f9ae.jpg,development_A,1000031805_frame_011
UAV-OBB/train/images/1000031805_frame_011_jpg.rf.a8b1d8e27173cf4944769ece2998262c.jpg,development_A,1000031805_frame_011
UAV-OBB/train/images/1000031805_frame_011_jpg.rf.dc7cae70bf67e8d073b446ffc3e4957e.jpg,development_A,1000031805_frame_011
UAV-OBB/train/images/1000031805_frame_040_jpg.rf.0a2cb96dd8f4ec89c938e5399ba7d7a5.jpg,development_A,1000031805_frame_040
UAV-OBB/train/images/1000031805_frame_040_jpg.rf.ad72975da1006ccf4d51af8ed1753589.jpg,development_A,1000031805_frame_040
UAV-OBB/train/images/1000031805_frame_040_jpg.rf.fee75de397e4b8242002fda98159a41f.jpg,development_A,1000031805_frame_040
UAV-OBB/train/images/1000031805_frame_047_jpg.rf.8b2cb4b9e3b70d4e77bb424134d235ee.jpg,development_A,1000031805_frame_047
UAV-OBB/train/images/1000031805_frame_047_jpg.rf.ce5bd6aadcbe2f4290f24c2ffd887e85.jpg,development_A,1000031805_frame_047
UAV-OBB/train/images/1000031805_frame_047_jpg.rf.ef5a65193ea558b3201319d945ff9a97.jpg,development_A,1000031805_frame_047
UAV-OBB/train/images/1000031805_frame_048_jpg.rf.0d5f75c10c6980c65cb6844a068f4b6a.jpg,development_A,1000031805_frame_048
UAV-OBB/train/images/1000031805_frame_048_jpg.rf.540fc4adc055cac3025b295ca1cbbe5c.jpg,development_A,1000031805_frame_048
UAV-OBB/train/images/1000031805_frame_048_jpg.rf.b358cbba86cca98f6f3bfd136614af70.jpg,development_A,1000031805_frame_048
UAV-OBB/train/images/1000031806_frame_005_jpg.rf.66b1ea2f6ebdfa7e329d3e59f508d96e.jpg,development_A,1000031806_frame_005
UAV-OBB/train/images/1000031806_frame_005_jpg.rf.c15276f7713be94e4376628292c185e8.jpg,development_A,1000031806_frame_005
UAV-OBB/train/images/1000031806_frame_005_jpg.rf.d7e3808fae53e1bdb99bc310deeaeb0b.jpg,development_A,1000031806_frame_005
UAV-OBB/train/images/1000031808_frame_005_jpg.rf.10329ab4aaa9a763f4110ec8e0c66b8a.jpg,development_A,1000031808_frame_005
UAV-OBB/train/images/1000031808_frame_005_jpg.rf.5962a1a56552c9a80b5bb0978400d906.jpg,development_A,1000031808_frame_005
UAV-OBB/train/images/1000031808_frame_005_jpg.rf.a8d69a81469560ea27d45891300a3c19.jpg,development_A,1000031808_frame_005
UAV-OBB/train/images/1000031808_frame_021_jpg.rf.4cc168f4bf939c7463880ed2d5171d11.jpg,development_A,1000031808_frame_021
UAV-OBB/train/images/1000031808_frame_021_jpg.rf.9f2a8557dfa55ddb2f4a85283f408811.jpg,development_A,1000031808_frame_021
UAV-OBB/train/images/1000031808_frame_021_jpg.rf.f5545ee8c9bf002e73c1c1aa5d84501d.jpg,development_A,1000031808_frame_021
UAV-OBB/train/images/1000031808_frame_023_jpg.rf.039a17d5b1550d3ed0566a999964d753.jpg,development_A,1000031808_frame_023
UAV-OBB/train/images/1000031808_frame_023_jpg.rf.3558f1dfc054479e888b26ba2bb37202.jpg,development_A,1000031808_frame_023
UAV-OBB/train/images/1000031808_frame_023_jpg.rf.f778f58de7d3118166273f147094ff02.jpg,development_A,1000031808_frame_023
UAV-OBB/train/images/1000031808_frame_025_jpg.rf.167693762fad912a3960413a70f075fa.jpg,development_A,1000031808_frame_025
UAV-OBB/train/images/1000031808_frame_025_jpg.rf.aa42d6f3bad9ec88f78809fd918e2f7e.jpg,development_A,1000031808_frame_025
UAV-OBB/train/images/1000031808_frame_025_jpg.rf.cb3429640c75f8b5eac5f6cc639748e9.jpg,development_A,1000031808_frame_025
UAV-OBB/train/images/DJI_20260303194434_0207_D-M4v_frame_019_jpg.rf.0c67208b913c6009f26dfccfe06fa9b0.jpg,development_A,dji_20260303194434_0207_d-m4v_frame_019
UAV-OBB/train/images/DJI_20260303194434_0207_D-M4v_frame_019_jpg.rf.2faeda466efcd00e7ebc29815e143a91.jpg,development_A,dji_20260303194434_0207_d-m4v_frame_019
UAV-OBB/train/images/DJI_20260303194434_0207_D-M4v_frame_019_jpg.rf.dc032efb1fc0044212e37c82edf19066.jpg,development_A,dji_20260303194434_0207_d-m4v_frame_019
UAV-OBB/train/images/DJI_20260303194434_0207_D-M4v_frame_020_jpg.rf.13d28a0fc37e37b2b8be4e66ec07fdf4.jpg,development_A,dji_20260303194434_0207_d-m4v_frame_020
UAV-OBB/train/images/DJI_20260303194434_0207_D-M4v_frame_020_jpg.rf.1a666a7ead883522fb2956047a550bac.jpg,development_A,dji_20260303194434_0207_d-m4v_frame_020
UAV-OBB/train/images/DJI_20260303194434_0207_D-M4v_frame_020_jpg.rf.38ffb7701cca8abb198db94155c236ca.jpg,development_A,dji_20260303194434_0207_d-m4v_frame_020
UAV-OBB/train/images/IMG20251225083740_jpg.rf.5e7859b572df0901322829c4a979ad76.jpg,development_A,img20251225083740
UAV-OBB/train/images/IMG20251225083740_jpg.rf.a89f04381ee5f30902e8444ab31875f6.jpg,development_A,img20251225083740
UAV-OBB/train/images/IMG20251225083740_jpg.rf.b21375a9deb61874d32955a3ac84bc72.jpg,development_A,img20251225083740
UAV-OBB/train/images/IMG20251225095325_jpg.rf.31d6ae68cdd10b5c9f6beb0bcb0215a8.jpg,development_A,img20251225095325
UAV-OBB/train/images/IMG20251225095325_jpg.rf.d8aef35989b19cc4e619a4ab51b4e211.jpg,development_A,img20251225095325
UAV-OBB/train/images/IMG20251225095325_jpg.rf.f54f4b8f9ad20d1157ca0314d0d3b794.jpg,development_A,img20251225095325
UAV-OBB/train/images/IMG20251226121601_jpg.rf.57aaf2b26ca09daee270a639f7ff9939.jpg,development_A,img20251226121601
UAV-OBB/train/images/IMG20251226121601_jpg.rf.d692dc175afadd53de91e229676238e8.jpg,development_A,img20251226121601
UAV-OBB/train/images/IMG20251226121601_jpg.rf.dea7d15e4d5254979373ae14968d2cd1.jpg,development_A,img20251226121601
UAV-OBB/train/images/IMG20251228132337_jpg.rf.37f43336698186807961c6aaba0dd10d.jpg,development_A,img20251228132337
UAV-OBB/train/images/IMG20251228132337_jpg.rf.c4584777d5cb7396c5d66860a467de98.jpg,development_A,img20251228132337
UAV-OBB/train/images/IMG20251228132337_jpg.rf.dbfe5bdae687264629833ad4d4773032.jpg,development_A,img20251228132337
UAV-OBB/train/images/IMG20251231082311_jpg.rf.9ffc7b7b0eba4fc8a1df95ba6a038b9b.jpg,development_A,img20251231082311
UAV-OBB/train/images/IMG20251231082311_jpg.rf.aa4c20c2986f9632b62e8217354c25b9.jpg,development_A,img20251231082311
UAV-OBB/train/images/IMG20251231082311_jpg.rf.f510bc5cb38638e7a4217e9445e77ded.jpg,development_A,img20251231082311
UAV-OBB/train/images/IMG20251231082313_jpg.rf.08e8b29b8a5e9833875e06dbb272c1df.jpg,development_A,img20251231082313
UAV-OBB/train/images/IMG20251231082313_jpg.rf.224dabbac7a8d55799c136680d896e46.jpg,development_A,img20251231082313
UAV-OBB/train/images/IMG20251231082313_jpg.rf.4360171db79f42bc01a076b011d45634.jpg,development_A,img20251231082313
UAV-OBB/train/images/Untitled-2f_png.rf.23d33799f4ae93f85b815dc623d5f0dd.jpg,development_A,untitled-2f_png.rf.23d33799f4ae93f85b815dc623d5f0dd
UAV-OBB/train/images/Untitled-2f_png.rf.285bc850183b40e611c28a99abcc5e28.jpg,development_A,untitled-2f_png.rf.285bc850183b40e611c28a99abcc5e28
UAV-OBB/train/images/Untitled-2f_png.rf.7baf0490011b3f1c0f421a4cefe58bc9.jpg,development_A,untitled-2f_png.rf.7baf0490011b3f1c0f421a4cefe58bc9
UAV-OBB/train/images/VID20251219083918_frame_003_jpg.rf.6cb4a46ed50de1f1a0d58284345ce28e.jpg,development_A,vid20251219083918_frame_003
UAV-OBB/train/images/VID20251219083918_frame_008_jpg.rf.efb0ecf5c0b9cb161c1c6a747c04bb02.jpg,development_A,vid20251219083918_frame_008
UAV-OBB/train/images/VID20251219083918_frame_010_jpg.rf.233e6b5eda0d7bad4352fcf0429ab997.jpg,development_A,vid20251219083918_frame_010
UAV-OBB/train/images/VID20251219083918_frame_011_jpg.rf.303d5dd3992079179fb6ec0c6152f22e.jpg,development_A,vid20251219083918_frame_011
UAV-OBB/train/images/VID20251219083918_frame_013_jpg.rf.b5515f17e6d7c4fc4e5e545028cf9473.jpg,development_A,vid20251219083918_frame_013
UAV-OBB/train/images/VID20251219083918_frame_016_jpg.rf.96b34e05066ef80521e105c6e20b2b6e.jpg,development_A,vid20251219083918_frame_016
UAV-OBB/train/images/VID20251222082657_mp4-0001_jpg.rf.86615587d83861fa451036eff47d8ea9.jpg,development_A,vid20251222082657_mp4-0001
UAV-OBB/train/images/VID20251222082657_mp4-0001_jpg.rf.87617de8baba1da4c171fa0bfe87e2c1.jpg,development_A,vid20251222082657_mp4-0001
UAV-OBB/train/images/VID20251222082657_mp4-0001_jpg.rf.b3cfb6ea851359433e5fa242cac65cfd.jpg,development_A,vid20251222082657_mp4-0001
UAV-OBB/train/images/VID20251222082657_mp4-0002_jpg.rf.08b7bc263898c80025ef27bbc5f7bd46.jpg,development_A,vid20251222082657_mp4-0002
UAV-OBB/train/images/VID20251222082657_mp4-0002_jpg.rf.196bd6871dfc3c93311ff1c227f864e0.jpg,development_A,vid20251222082657_mp4-0002
UAV-OBB/train/images/VID20251222082657_mp4-0002_jpg.rf.2c514cb01a71b946bfa5dcc219d637d4.jpg,development_A,vid20251222082657_mp4-0002
UAV-OBB/train/images/VID20251222082657_mp4-0003_jpg.rf.3108875c356060cffd87382f0a039f34.jpg,development_A,vid20251222082657_mp4-0003
UAV-OBB/train/images/VID20251222082657_mp4-0003_jpg.rf.69241177f5c88fa2f4bf735a15a59bb8.jpg,development_A,vid20251222082657_mp4-0003
UAV-OBB/train/images/VID20251222082657_mp4-0003_jpg.rf.c722cb5371d411deadc7def6f024f51a.jpg,development_A,vid20251222082657_mp4-0003
UAV-OBB/train/images/VID20251222082657_mp4-0004_jpg.rf.74afdeba3d1f19ad3338a028a513c914.jpg,development_A,vid20251222082657_mp4-0004
UAV-OBB/train/images/VID20251222082657_mp4-0004_jpg.rf.a078116e2d6685dd7a692fe10ef490f2.jpg,development_A,vid20251222082657_mp4-0004
UAV-OBB/train/images/VID20251222082657_mp4-0004_jpg.rf.ba6435bd44491d114e49f1c62f736283.jpg,development_A,vid20251222082657_mp4-0004
UAV-OBB/train/images/VID20251222082657_mp4-0006_jpg.rf.61381a55c43459d0d7ecc0aeb8ed4918.jpg,development_A,vid20251222082657_mp4-0006
UAV-OBB/train/images/VID20251222082657_mp4-0006_jpg.rf.a334cfda377ede5962449cf505fe8bd2.jpg,development_A,vid20251222082657_mp4-0006
UAV-OBB/train/images/VID20251222082657_mp4-0006_jpg.rf.cf46781bbfb3eea8af89dad1a0bbed04.jpg,development_A,vid20251222082657_mp4-0006
UAV-OBB/train/images/VID20251222082657_mp4-0007_jpg.rf.05a535646b8c641880b236fc9a01cc08.jpg,development_A,vid20251222082657_mp4-0007
UAV-OBB/train/images/VID20251222082657_mp4-0007_jpg.rf.e4fa983957aa2ce78e3d55e3e5b9bfe7.jpg,development_A,vid20251222082657_mp4-0007
UAV-OBB/train/images/VID20251222082657_mp4-0007_jpg.rf.f3bc934f842ddb63b3363b8c360b1604.jpg,development_A,vid20251222082657_mp4-0007
UAV-OBB/train/images/VID20251222082657_mp4-0008_jpg.rf.57285e9d72f2f7d1bc5345c21e653d23.jpg,development_A,vid20251222082657_mp4-0008
UAV-OBB/train/images/VID20251222082657_mp4-0008_jpg.rf.cbc1999aa0c8ecda2d1f20ad88905c0c.jpg,development_A,vid20251222082657_mp4-0008
UAV-OBB/train/images/VID20251222082657_mp4-0008_jpg.rf.fe8db91c52ef0d76770161c71091fa38.jpg,development_A,vid20251222082657_mp4-0008
UAV-OBB/train/images/VID20251222082657_mp4-0009_jpg.rf.6b17dc9b5b6a4241dabe9769a0f2d9dd.jpg,development_A,vid20251222082657_mp4-0009
UAV-OBB/train/images/VID20251222082657_mp4-0009_jpg.rf.9f14e110b0f3e7dc6e9355d82babc19d.jpg,development_A,vid20251222082657_mp4-0009
UAV-OBB/train/images/VID20251222082657_mp4-0009_jpg.rf.b686387828ebe94761782c70c00f2cf2.jpg,development_A,vid20251222082657_mp4-0009
UAV-OBB/train/images/VID20251222082657_mp4-0010_jpg.rf.057e6113c46e4bd23bedb765c1404b82.jpg,development_A,vid20251222082657_mp4-0010
UAV-OBB/train/images/VID20251222082657_mp4-0010_jpg.rf.a5008cf8ec71542fdfcf1d525b1ad9a0.jpg,development_A,vid20251222082657_mp4-0010
UAV-OBB/train/images/VID20251222082657_mp4-0010_jpg.rf.ba647d7b9977713e095c6d3039f12fb9.jpg,development_A,vid20251222082657_mp4-0010
UAV-OBB/train/images/VID20251222082657_mp4-0011_jpg.rf.2231130a4e392deeef742bc1c7568706.jpg,development_A,vid20251222082657_mp4-0011
UAV-OBB/train/images/VID20251222082657_mp4-0011_jpg.rf.c7fc37a75183fe4da1aa3a56ca8ae207.jpg,development_A,vid20251222082657_mp4-0011
UAV-OBB/train/images/VID20251222082657_mp4-0011_jpg.rf.d7608e6b86ccb17c3598f81ca9a918da.jpg,development_A,vid20251222082657_mp4-0011
UAV-OBB/train/images/VID20251222082657_mp4-0013_jpg.rf.7b50657165601870a3f8f9eda75cf41f.jpg,development_A,vid20251222082657_mp4-0013
UAV-OBB/train/images/VID20251222082657_mp4-0013_jpg.rf.80ffffd2384f284fedf5d4042b19d1ab.jpg,development_A,vid20251222082657_mp4-0013
UAV-OBB/train/images/VID20251222082657_mp4-0013_jpg.rf.890c473f989473aceb08ad8fd9041dc0.jpg,development_A,vid20251222082657_mp4-0013
UAV-OBB/train/images/VID20251222082657_mp4-0014_jpg.rf.0d2f66506072883a8e9dbe3415566904.jpg,development_A,vid20251222082657_mp4-0014
UAV-OBB/train/images/VID20251222082657_mp4-0014_jpg.rf.a4afd5781e38cad7704a938e495eef50.jpg,development_A,vid20251222082657_mp4-0014
UAV-OBB/train/images/VID20251222082657_mp4-0014_jpg.rf.ff92a44111bb97d510fb615f5436c845.jpg,development_A,vid20251222082657_mp4-0014
UAV-OBB/train/images/VID20251222082657_mp4-0015_jpg.rf.4ff7d3a5c160c43f2d4c28c7c6391f3a.jpg,development_A,vid20251222082657_mp4-0015
UAV-OBB/train/images/VID20251222082657_mp4-0015_jpg.rf.7a3e29feda39210bbce7e8d6988c9acb.jpg,development_A,vid20251222082657_mp4-0015
UAV-OBB/train/images/VID20251222082657_mp4-0015_jpg.rf.893e842a0e1c28449ed5307e5aa2c329.jpg,development_A,vid20251222082657_mp4-0015
UAV-OBB/train/images/VID20251222082657_mp4-0017_jpg.rf.5b36a96a5a493d402b11acf23e09e2d1.jpg,development_A,vid20251222082657_mp4-0017
UAV-OBB/train/images/VID20251222082657_mp4-0017_jpg.rf.879dbefbd91a94c539810f367a822379.jpg,development_A,vid20251222082657_mp4-0017
UAV-OBB/train/images/VID20251222082657_mp4-0017_jpg.rf.e33302d7489ea7a43dc48759d9ad2c9e.jpg,development_A,vid20251222082657_mp4-0017
UAV-OBB/train/images/VID20251222082657_mp4-0018_jpg.rf.91dba4cf8a8c0a4feedf334ac925dadb.jpg,development_A,vid20251222082657_mp4-0018
UAV-OBB/train/images/VID20251222082657_mp4-0018_jpg.rf.b419f51e393bf0496a7a28737c2c7840.jpg,development_A,vid20251222082657_mp4-0018
UAV-OBB/train/images/VID20251222082657_mp4-0018_jpg.rf.c5e82bdb2d03b9c4d5c5facb22d08a77.jpg,development_A,vid20251222082657_mp4-0018
UAV-OBB/train/images/VID20251222082657_mp4-0019_jpg.rf.61c579e97fd4c103ef8dc7f354a05759.jpg,development_A,vid20251222082657_mp4-0019
UAV-OBB/train/images/VID20251222082657_mp4-0019_jpg.rf.76ad3becc85776566ab46ba575ca54fa.jpg,development_A,vid20251222082657_mp4-0019
UAV-OBB/train/images/VID20251222082657_mp4-0019_jpg.rf.cf36aafc9a87de46587851e9339d92dc.jpg,development_A,vid20251222082657_mp4-0019
UAV-OBB/train/images/VID20251222082657_mp4-0020_jpg.rf.8ba87a9cc89e9cd646f049af15e0698c.jpg,development_A,vid20251222082657_mp4-0020
UAV-OBB/train/images/VID20251222082657_mp4-0020_jpg.rf.ce27ac28aac4199b02615a591e42fa0a.jpg,development_A,vid20251222082657_mp4-0020
UAV-OBB/train/images/VID20251222082657_mp4-0020_jpg.rf.d95d3f092eca641ee1e904130f541649.jpg,development_A,vid20251222082657_mp4-0020
UAV-OBB/train/images/VID20251222082657_mp4-0021_jpg.rf.2f51b3edd22f3c62a57274ba50d2e9be.jpg,development_A,vid20251222082657_mp4-0021
UAV-OBB/train/images/VID20251222082657_mp4-0021_jpg.rf.37f618014dbf735f938144625fe7c2f6.jpg,development_A,vid20251222082657_mp4-0021
UAV-OBB/train/images/VID20251222082657_mp4-0021_jpg.rf.d82817910906a7695d1d3283c8d1668c.jpg,development_A,vid20251222082657_mp4-0021
UAV-OBB/train/images/VID20251222082657_mp4-0024_jpg.rf.29b4443a32a5aa3268a8e7cc7cca04d9.jpg,development_A,vid20251222082657_mp4-0024
UAV-OBB/train/images/VID20251222082657_mp4-0024_jpg.rf.c6791c2e00276c0f0d790fbff8410f38.jpg,development_A,vid20251222082657_mp4-0024
UAV-OBB/train/images/VID20251222082657_mp4-0024_jpg.rf.f4561990dc384917bb68f4df8e7821af.jpg,development_A,vid20251222082657_mp4-0024
UAV-OBB/train/images/VID20251222082657_mp4-0025_jpg.rf.3ae97b32f5d2d06614d01fd9cf028f14.jpg,development_A,vid20251222082657_mp4-0025
UAV-OBB/train/images/VID20251222082657_mp4-0025_jpg.rf.76bff5bf973cc7be2d15e3d75674303b.jpg,development_A,vid20251222082657_mp4-0025
UAV-OBB/train/images/VID20251222082657_mp4-0025_jpg.rf.d88db47fe66dea9fafb17e3150813689.jpg,development_A,vid20251222082657_mp4-0025
UAV-OBB/train/images/VID20251222082657_mp4-0026_jpg.rf.10e79b41d142b07347d6ae97c60e7771.jpg,development_A,vid20251222082657_mp4-0026
UAV-OBB/train/images/VID20251222082657_mp4-0026_jpg.rf.b64b2d6fa04d3606d4b01efb34f14d40.jpg,development_A,vid20251222082657_mp4-0026
UAV-OBB/train/images/VID20251222082657_mp4-0026_jpg.rf.ea4f04cc61b42af93d69fc3c34f7efbd.jpg,development_A,vid20251222082657_mp4-0026
UAV-OBB/train/images/VID20251222082657_mp4-0028_jpg.rf.6f188b18a36bf1440ad57324990e2ff8.jpg,development_A,vid20251222082657_mp4-0028
UAV-OBB/train/images/VID20251222082657_mp4-0028_jpg.rf.8eb77ea655bd8091b1a6444f45425374.jpg,development_A,vid20251222082657_mp4-0028
UAV-OBB/train/images/VID20251222082657_mp4-0028_jpg.rf.95dcc0460045e33df969220cc2d94fc1.jpg,development_A,vid20251222082657_mp4-0028
UAV-OBB/train/images/VID20251222082657_mp4-0031_jpg.rf.097c5209c25d3f27622bbf96a60d5740.jpg,development_A,vid20251222082657_mp4-0031
UAV-OBB/train/images/VID20251222082657_mp4-0031_jpg.rf.470d7d1057e45423540a47756acf6c81.jpg,development_A,vid20251222082657_mp4-0031
UAV-OBB/train/images/VID20251222082657_mp4-0031_jpg.rf.4c8fe65f85dde53f767aa9b110a0e7f7.jpg,development_A,vid20251222082657_mp4-0031
UAV-OBB/train/images/VID20251222082657_mp4-0032_jpg.rf.0a4a918080fb42f4acf93258be48600d.jpg,development_A,vid20251222082657_mp4-0032
UAV-OBB/train/images/VID20251222082657_mp4-0032_jpg.rf.10eeb367ae3b9bf579b2f9fc62f4d9c1.jpg,development_A,vid20251222082657_mp4-0032
UAV-OBB/train/images/VID20251222082657_mp4-0032_jpg.rf.af34b0f50fe298d087765696d58d3d28.jpg,development_A,vid20251222082657_mp4-0032
UAV-OBB/train/images/VID20251222082657_mp4-0033_jpg.rf.4c36cbf8f4d8e0f12510a8f40337fd81.jpg,development_A,vid20251222082657_mp4-0033
UAV-OBB/train/images/VID20251222082657_mp4-0033_jpg.rf.6e0ede2bf006d7a6c5ed72cd90afc089.jpg,development_A,vid20251222082657_mp4-0033
UAV-OBB/train/images/VID20251222082657_mp4-0033_jpg.rf.9f3e1a61715b0b583588e466f488b1d0.jpg,development_A,vid20251222082657_mp4-0033
UAV-OBB/train/images/VID20251222082657_mp4-0035_jpg.rf.631d42fbf5a941a3cad8e60cdc309ebd.jpg,development_A,vid20251222082657_mp4-0035
UAV-OBB/train/images/VID20251222082657_mp4-0035_jpg.rf.ef2c560ce081a0c7252e268c29e65e4f.jpg,development_A,vid20251222082657_mp4-0035
UAV-OBB/train/images/VID20251222082657_mp4-0035_jpg.rf.fa251849aab0957f5b8f3d516964aaac.jpg,development_A,vid20251222082657_mp4-0035
UAV-OBB/train/images/VID20251222082657_mp4-0036_jpg.rf.a1194833c718ebf61c5e64ea5fa1202f.jpg,development_A,vid20251222082657_mp4-0036
UAV-OBB/train/images/VID20251222082657_mp4-0036_jpg.rf.bcbec9231e05fb06b798a430a640ed59.jpg,development_A,vid20251222082657_mp4-0036
UAV-OBB/train/images/VID20251222082657_mp4-0036_jpg.rf.fa6eb35d1f414d80ea5b9dbb9ba6ec55.jpg,development_A,vid20251222082657_mp4-0036
UAV-OBB/train/images/VID20251222082657_mp4-0037_jpg.rf.5779b7eb1b9a200b4274dfdbb9c00d54.jpg,development_A,vid20251222082657_mp4-0037
UAV-OBB/train/images/VID20251222082657_mp4-0037_jpg.rf.a28c53a728876eaa845dce111cecd094.jpg,development_A,vid20251222082657_mp4-0037
UAV-OBB/train/images/VID20251222082657_mp4-0037_jpg.rf.ec972bc11e620cad316030040519d380.jpg,development_A,vid20251222082657_mp4-0037
UAV-OBB/train/images/VID20251222082657_mp4-0039_jpg.rf.53356671633957785d654ffbdb721309.jpg,development_A,vid20251222082657_mp4-0039
UAV-OBB/train/images/VID20251222082657_mp4-0039_jpg.rf.6f814fa9ead28429e55cf810ec2db659.jpg,development_A,vid20251222082657_mp4-0039
UAV-OBB/train/images/VID20251222082657_mp4-0039_jpg.rf.a4599ee68f3791b701c571db0afd7552.jpg,development_A,vid20251222082657_mp4-0039
UAV-OBB/train/images/VID20251222082657_mp4-0040_jpg.rf.43eb0306aa8316ba2a3f998a7097213d.jpg,development_A,vid20251222082657_mp4-0040
UAV-OBB/train/images/VID20251222082657_mp4-0040_jpg.rf.4c34ab43852e768a86c706197c37f35d.jpg,development_A,vid20251222082657_mp4-0040
UAV-OBB/train/images/VID20251222082657_mp4-0040_jpg.rf.55c968fc6d66f6f0dbc13eb2fba45dae.jpg,development_A,vid20251222082657_mp4-0040
UAV-OBB/train/images/VID20251222082657_mp4-0042_jpg.rf.1eace4687618d88e2dcbe7aa3c46ad46.jpg,development_A,vid20251222082657_mp4-0042
UAV-OBB/train/images/VID20251222082657_mp4-0042_jpg.rf.b3914fa545b032dd29c2ff4e4adea42b.jpg,development_A,vid20251222082657_mp4-0042
UAV-OBB/train/images/VID20251222082657_mp4-0042_jpg.rf.bd9cc033589423faccee7899dcc9f284.jpg,development_A,vid20251222082657_mp4-0042
UAV-OBB/train/images/VID20251222082657_mp4-0043_jpg.rf.4428d931a92defb4887ffec1ce298445.jpg,development_A,vid20251222082657_mp4-0043
UAV-OBB/train/images/VID20251222082657_mp4-0043_jpg.rf.89545d44a61d787994858624a360d952.jpg,development_A,vid20251222082657_mp4-0043
UAV-OBB/train/images/VID20251222082657_mp4-0043_jpg.rf.a2850db536432146c4981da685f1bb38.jpg,development_A,vid20251222082657_mp4-0043
UAV-OBB/train/images/VID20251222082657_mp4-0044_jpg.rf.368d3d2f565f2720d1de62112a552b23.jpg,development_A,vid20251222082657_mp4-0044
UAV-OBB/train/images/VID20251222082657_mp4-0044_jpg.rf.66c22fca3996d6d33810ebfc67648cc0.jpg,development_A,vid20251222082657_mp4-0044
UAV-OBB/train/images/VID20251222082657_mp4-0044_jpg.rf.d595befa5204b80dcb64b1ea2d350958.jpg,development_A,vid20251222082657_mp4-0044
UAV-OBB/train/images/VID20251222082657_mp4-0047_jpg.rf.9c6e012203d6efaf069414b1ec4f03da.jpg,development_A,vid20251222082657_mp4-0047
UAV-OBB/train/images/VID20251222082657_mp4-0047_jpg.rf.a65ffc4cc5a81fe194175cace00984b3.jpg,development_A,vid20251222082657_mp4-0047
UAV-OBB/train/images/VID20251222082657_mp4-0047_jpg.rf.c90f32a51ee34ab99cc99dea4ef02c4f.jpg,development_A,vid20251222082657_mp4-0047
UAV-OBB/train/images/VID20251222082657_mp4-0048_jpg.rf.03b6f06235e702f1ff60778b9fc5b093.jpg,development_A,vid20251222082657_mp4-0048
UAV-OBB/train/images/VID20251222082657_mp4-0048_jpg.rf.14d89950c7b625a0e521ca8c85524a3d.jpg,development_A,vid20251222082657_mp4-0048
UAV-OBB/train/images/VID20251222082657_mp4-0048_jpg.rf.6c1d42e5a2e975874174f075c1fa3fdc.jpg,development_A,vid20251222082657_mp4-0048
UAV-OBB/train/images/VID20251222082657_mp4-0051_jpg.rf.4338ba528bda30c402eba8f1ff1ee388.jpg,development_A,vid20251222082657_mp4-0051
UAV-OBB/train/images/VID20251222082657_mp4-0051_jpg.rf.c3af209e50733613f0b73c66c92e94b3.jpg,development_A,vid20251222082657_mp4-0051
UAV-OBB/train/images/VID20251222082657_mp4-0051_jpg.rf.d2e38646d60472ad99fcdb5596c2afef.jpg,development_A,vid20251222082657_mp4-0051
UAV-OBB/train/images/VID20251222082657_mp4-0052_jpg.rf.085a483267a1e1574c49360f0353f9ea.jpg,development_A,vid20251222082657_mp4-0052
UAV-OBB/train/images/VID20251222082657_mp4-0052_jpg.rf.62ea7905c9d22ec3764ec1c39758402e.jpg,development_A,vid20251222082657_mp4-0052
UAV-OBB/train/images/VID20251222082657_mp4-0052_jpg.rf.732beddd553317b504a79418aee735fc.jpg,development_A,vid20251222082657_mp4-0052
UAV-OBB/train/images/VID20251222082657_mp4-0053_jpg.rf.180b38062a857b074d0878e0fe5145a2.jpg,development_A,vid20251222082657_mp4-0053
UAV-OBB/train/images/VID20251222082657_mp4-0053_jpg.rf.2247c042bc775361bef72db4f8d9b91c.jpg,development_A,vid20251222082657_mp4-0053
UAV-OBB/train/images/VID20251222082657_mp4-0053_jpg.rf.2c8ddcc2e5b28fdca5c749a82dc8a56b.jpg,development_A,vid20251222082657_mp4-0053
UAV-OBB/train/images/VID20251222082657_mp4-0054_jpg.rf.33b770f2257ca3a19054e0a28b265c9a.jpg,development_A,vid20251222082657_mp4-0054
UAV-OBB/train/images/VID20251222082657_mp4-0054_jpg.rf.559a2494e054110e55a16f7a8e5e85de.jpg,development_A,vid20251222082657_mp4-0054
UAV-OBB/train/images/VID20251222082657_mp4-0054_jpg.rf.caf5cdc639f90e8be129af1b3b12e39d.jpg,development_A,vid20251222082657_mp4-0054
UAV-OBB/train/images/VID20251222082657_mp4-0055_jpg.rf.1774fa5c5a6a2779fed5ae391cadb6ab.jpg,development_A,vid20251222082657_mp4-0055
UAV-OBB/train/images/VID20251222082657_mp4-0055_jpg.rf.9b845dfc98b5744845df10785457cd08.jpg,development_A,vid20251222082657_mp4-0055
UAV-OBB/train/images/VID20251222082657_mp4-0055_jpg.rf.ce837db10e59d5d0b3292ed56da903b3.jpg,development_A,vid20251222082657_mp4-0055
UAV-OBB/train/images/VID20251222082657_mp4-0058_jpg.rf.20478edb808a8bab9e36dcfe5137cbd7.jpg,development_A,vid20251222082657_mp4-0058
UAV-OBB/train/images/VID20251222082657_mp4-0058_jpg.rf.64c654e3d8352781e0a7419c58965542.jpg,development_A,vid20251222082657_mp4-0058
UAV-OBB/train/images/VID20251222082657_mp4-0058_jpg.rf.e239428ab3387df304fe17322e85b72c.jpg,development_A,vid20251222082657_mp4-0058
UAV-OBB/train/images/VID20251222082657_mp4-0059_jpg.rf.01a05873e1894ebe8fbbb6ef33ec9e3f.jpg,development_A,vid20251222082657_mp4-0059
UAV-OBB/train/images/VID20251222082657_mp4-0059_jpg.rf.6aa6e426c31aa5759a3b5880d2584425.jpg,development_A,vid20251222082657_mp4-0059
UAV-OBB/train/images/VID20251222082657_mp4-0059_jpg.rf.d10075262d19b507addcc5a579736773.jpg,development_A,vid20251222082657_mp4-0059
UAV-OBB/train/images/VID20251222082657_mp4-0064_jpg.rf.6169993ff3078e03ee3aa5c13985970c.jpg,development_A,vid20251222082657_mp4-0064
UAV-OBB/train/images/VID20251222082657_mp4-0064_jpg.rf.da3bf754c912e68137d4af566168def9.jpg,development_A,vid20251222082657_mp4-0064
UAV-OBB/train/images/VID20251222082657_mp4-0064_jpg.rf.f726f1dcb86afbea066595da30972bf0.jpg,development_A,vid20251222082657_mp4-0064
UAV-OBB/train/images/VID20251222082657_mp4-0068_jpg.rf.0125e284a3ef5c8b986179ab9341ee98.jpg,development_A,vid20251222082657_mp4-0068
UAV-OBB/train/images/VID20251222082657_mp4-0068_jpg.rf.9f817661689251071f7de6b88665f4a9.jpg,development_A,vid20251222082657_mp4-0068
UAV-OBB/train/images/VID20251222082657_mp4-0068_jpg.rf.a47ad6aa05829071f41a0138694880c3.jpg,development_A,vid20251222082657_mp4-0068
UAV-OBB/train/images/VID20251222082657_mp4-0070_jpg.rf.6adf662e98d983e6d4c7cd09dff03ebc.jpg,development_A,vid20251222082657_mp4-0070
UAV-OBB/train/images/VID20251222082657_mp4-0070_jpg.rf.70ada28deb39580eea8bfd4ea363b5de.jpg,development_A,vid20251222082657_mp4-0070
UAV-OBB/train/images/VID20251222082657_mp4-0070_jpg.rf.ea389d8c19ff511a4aea2fbf989b688a.jpg,development_A,vid20251222082657_mp4-0070
UAV-OBB/train/images/VID20251222082657_mp4-0086_jpg.rf.28be7bd33f4bbc4fd1f4a703625c6a2d.jpg,development_A,vid20251222082657_mp4-0086
UAV-OBB/train/images/VID20251222082657_mp4-0086_jpg.rf.6fffb51e388cda367c0e3a089b861b96.jpg,development_A,vid20251222082657_mp4-0086
UAV-OBB/train/images/VID20251222082657_mp4-0086_jpg.rf.f06d9e62bf5310b874579d2fae2393a9.jpg,development_A,vid20251222082657_mp4-0086
UAV-OBB/train/images/VID20251222082657_mp4-0090_jpg.rf.a3de6b0507ae07eeda67014c8b33cd68.jpg,development_A,vid20251222082657_mp4-0090
UAV-OBB/train/images/VID20251222082657_mp4-0090_jpg.rf.aa209e1c96751210d958077705ba159d.jpg,development_A,vid20251222082657_mp4-0090
UAV-OBB/train/images/VID20251222082657_mp4-0090_jpg.rf.f473c1db98554accf20ca4c50dcd2179.jpg,development_A,vid20251222082657_mp4-0090
UAV-OBB/train/images/VID20251222082657_mp4-0116_jpg.rf.8d3e80d7b1753d1ac203264954cf192f.jpg,development_A,vid20251222082657_mp4-0116
UAV-OBB/train/images/VID20251222082657_mp4-0116_jpg.rf.aa21f972e2d4bae4c5ba58c4bcba6d30.jpg,development_A,vid20251222082657_mp4-0116
UAV-OBB/train/images/VID20251222082657_mp4-0116_jpg.rf.fd2b72ab2f8800dbdd1ef767581d99d3.jpg,development_A,vid20251222082657_mp4-0116
UAV-OBB/train/images/VID20251222082657_mp4-0299_jpg.rf.1abc7ece43b0c8479d7ee3729f6327f3.jpg,development_A,vid20251222082657_mp4-0299
UAV-OBB/train/images/VID20251222082657_mp4-0299_jpg.rf.33b68cc82c2f9b6c28857efd8ff5e0ab.jpg,development_A,vid20251222082657_mp4-0299
UAV-OBB/train/images/VID20251222082657_mp4-0299_jpg.rf.cc03e346bc13b5c040e7d62853f11574.jpg,development_A,vid20251222082657_mp4-0299
UAV-OBB/train/images/VID20251222082657_mp4-0311_jpg.rf.58bdc0fbe03e9710347878fa23ede995.jpg,development_A,vid20251222082657_mp4-0311
UAV-OBB/train/images/VID20251222082657_mp4-0311_jpg.rf.6c47a5ca6d822edde795ff2aa62accf2.jpg,development_A,vid20251222082657_mp4-0311
UAV-OBB/train/images/VID20251222082657_mp4-0311_jpg.rf.eada2ae34ebc41c49100a39fbacd84da.jpg,development_A,vid20251222082657_mp4-0311
UAV-OBB/train/images/VID20251222082657_mp4-0312_jpg.rf.4aa1c97d0fdd8d4011e3ebf088280ed2.jpg,development_A,vid20251222082657_mp4-0312
UAV-OBB/train/images/VID20251222082657_mp4-0312_jpg.rf.5b30784a774f21deaa5065fcec1afc24.jpg,development_A,vid20251222082657_mp4-0312
UAV-OBB/train/images/VID20251222082657_mp4-0312_jpg.rf.be32b517c1589a94fcd4bb0bf6e81e2e.jpg,development_A,vid20251222082657_mp4-0312
UAV-OBB/train/images/VID20251222082657_mp4-0321_jpg.rf.050ae3b86ccf6cdf9dedc2d4200fc1fa.jpg,development_A,vid20251222082657_mp4-0321
UAV-OBB/train/images/VID20251222082657_mp4-0321_jpg.rf.844e3f504fb4277277eb362b2c33b988.jpg,development_A,vid20251222082657_mp4-0321
UAV-OBB/train/images/VID20251222082657_mp4-0321_jpg.rf.c7cba6fe0d967a47d3e04650faafe26e.jpg,development_A,vid20251222082657_mp4-0321
UAV-OBB/train/images/VID20251222082657_mp4-0325_jpg.rf.8a2584c2c888f2319fa3106eae4bfbe6.jpg,development_A,vid20251222082657_mp4-0325
UAV-OBB/train/images/VID20251222082657_mp4-0325_jpg.rf.be00657051586a7ee442e08a79c638a5.jpg,development_A,vid20251222082657_mp4-0325
UAV-OBB/train/images/VID20251222082657_mp4-0325_jpg.rf.df7cd345599c77dfb7777a84e98ee311.jpg,development_A,vid20251222082657_mp4-0325
UAV-OBB/train/images/VID20251222082657_mp4-0326_jpg.rf.21c88dc428a48beebe60138b769c7f8d.jpg,development_A,vid20251222082657_mp4-0326
UAV-OBB/train/images/VID20251222082657_mp4-0326_jpg.rf.71ffcb6bc827ce3c0f7075e6f5ce0adf.jpg,development_A,vid20251222082657_mp4-0326
UAV-OBB/train/images/VID20251222082657_mp4-0326_jpg.rf.b61ca2c13d526bca866b5c537d01f148.jpg,development_A,vid20251222082657_mp4-0326
UAV-OBB/train/images/VID20251222082657_mp4-0333_jpg.rf.0a1ba3721ed556ba8bef2d9730f77597.jpg,development_A,vid20251222082657_mp4-0333
UAV-OBB/train/images/VID20251222082657_mp4-0333_jpg.rf.7f20e103e38283e66dded5dae5bf396d.jpg,development_A,vid20251222082657_mp4-0333
UAV-OBB/train/images/VID20251222082657_mp4-0333_jpg.rf.da51b93bbd4b27c00b87bcbebc85e8d2.jpg,development_A,vid20251222082657_mp4-0333
UAV-OBB/train/images/VID20251222082657_mp4-0569_jpg.rf.0b7b5936e3f0dc9a3bf157586f84f969.jpg,development_A,vid20251222082657_mp4-0569
UAV-OBB/train/images/VID20251222082657_mp4-0569_jpg.rf.b90d28f565ffc5ea1bf8dcd147ba8f26.jpg,development_A,vid20251222082657_mp4-0569
UAV-OBB/train/images/VID20251222082657_mp4-0569_jpg.rf.bd2de51513bfc63a17af2e3e8b28afa8.jpg,development_A,vid20251222082657_mp4-0569
UAV-OBB/train/images/VID20251222082657_mp4-0578_jpg.rf.c1b3626f46fea2dd5186505736abd91b.jpg,development_A,vid20251222082657_mp4-0578
UAV-OBB/train/images/VID20251222082657_mp4-0578_jpg.rf.c48f55742d45d11b1e246219c15cd05d.jpg,development_A,vid20251222082657_mp4-0578
UAV-OBB/train/images/VID20251222082657_mp4-0578_jpg.rf.cce5995c5d8ba3afb9bac4271038b1fa.jpg,development_A,vid20251222082657_mp4-0578
UAV-OBB/train/images/VID20251222082657_mp4-0662_jpg.rf.5d696e0bc884a958578e48d6c256c8e5.jpg,development_A,vid20251222082657_mp4-0662
UAV-OBB/train/images/VID20251222082657_mp4-0662_jpg.rf.8df1bba3f6689320e74d6f792370057a.jpg,development_A,vid20251222082657_mp4-0662
UAV-OBB/train/images/VID20251222082657_mp4-0662_jpg.rf.c32053f900d146a52d062d3428a2cf9a.jpg,development_A,vid20251222082657_mp4-0662
UAV-OBB/train/images/VID20251222161918_mp4-0000_jpg.rf.08d42a4b77382a0d5b5a9e55cad7d7bb.jpg,development_A,vid20251222161918_mp4-0000
UAV-OBB/train/images/VID20251222161918_mp4-0000_jpg.rf.0f6ddb15676385e8dd68eb1d04081eb7.jpg,development_A,vid20251222161918_mp4-0000
UAV-OBB/train/images/VID20251222161918_mp4-0000_jpg.rf.da8294f4b22be1e7bb35e3d9b1691d67.jpg,development_A,vid20251222161918_mp4-0000
UAV-OBB/train/images/VID20251222161918_mp4-0002_jpg.rf.0bc6d87aed91ed465c14fcc10f173505.jpg,development_A,vid20251222161918_mp4-0002
UAV-OBB/train/images/VID20251222161918_mp4-0002_jpg.rf.822d95e9e4f4beb3a1ade8fc5abd2412.jpg,development_A,vid20251222161918_mp4-0002
UAV-OBB/train/images/VID20251222161918_mp4-0002_jpg.rf.d9231bcb0e2efba604fc106c496c4224.jpg,development_A,vid20251222161918_mp4-0002
UAV-OBB/train/images/VID20251222161918_mp4-0003_jpg.rf.7196e3506f5f12965e25aa1a47113d72.jpg,development_A,vid20251222161918_mp4-0003
UAV-OBB/train/images/VID20251222161918_mp4-0003_jpg.rf.d2d580af1f69fbdbb957f7f8d01a2010.jpg,development_A,vid20251222161918_mp4-0003
UAV-OBB/train/images/VID20251222161918_mp4-0003_jpg.rf.f62b3bb9c23340cd3101841d667113c5.jpg,development_A,vid20251222161918_mp4-0003
UAV-OBB/train/images/VID20251222161918_mp4-0008_jpg.rf.3fd38aaa519c0b102de500bd6f5380c5.jpg,development_A,vid20251222161918_mp4-0008
UAV-OBB/train/images/VID20251222161918_mp4-0008_jpg.rf.c0b2add0f2c511af08661f962f2ef57d.jpg,development_A,vid20251222161918_mp4-0008
UAV-OBB/train/images/VID20251222161918_mp4-0008_jpg.rf.f566f9a736b2975218f246516d114486.jpg,development_A,vid20251222161918_mp4-0008
UAV-OBB/train/images/VID20251222161918_mp4-0017_jpg.rf.ce60ec38a74c2bcd1097409485124bac.jpg,development_A,vid20251222161918_mp4-0017
UAV-OBB/train/images/VID20251222161918_mp4-0017_jpg.rf.e57ef629b6b5406f6d995bc2eee6f43f.jpg,development_A,vid20251222161918_mp4-0017
UAV-OBB/train/images/VID20251222161918_mp4-0017_jpg.rf.eb131505c8ae13db0608fb31c41d4d90.jpg,development_A,vid20251222161918_mp4-0017
UAV-OBB/train/images/VID20251222161918_mp4-0019_jpg.rf.42d25e8eaeed40679bfc41b94ba28616.jpg,development_A,vid20251222161918_mp4-0019
UAV-OBB/train/images/VID20251222161918_mp4-0019_jpg.rf.6621cf87fac5153e8995871dfe2f053d.jpg,development_A,vid20251222161918_mp4-0019
UAV-OBB/train/images/VID20251222161918_mp4-0019_jpg.rf.c9fcf2e91039510dda5e9786e607a0c2.jpg,development_A,vid20251222161918_mp4-0019
UAV-OBB/train/images/VID20251222161918_mp4-0025_jpg.rf.2c730caf48544bfb9e80772b1157d2c8.jpg,development_A,vid20251222161918_mp4-0025
UAV-OBB/train/images/VID20251222161918_mp4-0025_jpg.rf.5e2b0cbcc92db76459adc290a5759e2c.jpg,development_A,vid20251222161918_mp4-0025
UAV-OBB/train/images/VID20251222161918_mp4-0025_jpg.rf.e13b49dc63fc784dd2d598683f692a0e.jpg,development_A,vid20251222161918_mp4-0025
UAV-OBB/train/images/VID20251222161918_mp4-0027_jpg.rf.851733ac2a90c9a6f74d911d7d5204df.jpg,development_A,vid20251222161918_mp4-0027
UAV-OBB/train/images/VID20251222161918_mp4-0027_jpg.rf.de0cb211616e137b0f5de02f5214a9e0.jpg,development_A,vid20251222161918_mp4-0027
UAV-OBB/train/images/VID20251222161918_mp4-0027_jpg.rf.df2a67697fdcc6bfeebf57d072f556f5.jpg,development_A,vid20251222161918_mp4-0027
UAV-OBB/train/images/VID20251222161918_mp4-0036_jpg.rf.26374df9514f2fe2ffdccfbeff70b99c.jpg,development_A,vid20251222161918_mp4-0036
UAV-OBB/train/images/VID20251222161918_mp4-0036_jpg.rf.47b6c8266c3bcd0f58e7857c25de7998.jpg,development_A,vid20251222161918_mp4-0036
UAV-OBB/train/images/VID20251222161918_mp4-0036_jpg.rf.deccc8f5dd394af71560dbae52447c41.jpg,development_A,vid20251222161918_mp4-0036
UAV-OBB/train/images/VID20251222161918_mp4-0038_jpg.rf.676e6ec79e92290b6321ab838e48188e.jpg,development_A,vid20251222161918_mp4-0038
UAV-OBB/train/images/VID20251222161918_mp4-0038_jpg.rf.c53275bf2b66653e0e62fa5acf65e609.jpg,development_A,vid20251222161918_mp4-0038
UAV-OBB/train/images/VID20251222161918_mp4-0038_jpg.rf.d2740ba67255120dda57e791259e058a.jpg,development_A,vid20251222161918_mp4-0038
UAV-OBB/train/images/VID20251222161918_mp4-0039_jpg.rf.36cecf6d8588320532f1ce9f2bb04d8c.jpg,development_A,vid20251222161918_mp4-0039
UAV-OBB/train/images/VID20251222161918_mp4-0039_jpg.rf.606322e8ef046e824360221b32faa09d.jpg,development_A,vid20251222161918_mp4-0039
UAV-OBB/train/images/VID20251222161918_mp4-0039_jpg.rf.ea0142c7cf67b2c2727f029f77e52410.jpg,development_A,vid20251222161918_mp4-0039
UAV-OBB/train/images/VID20251222161918_mp4-0047_jpg.rf.1609c2da02564902d3562354267b9501.jpg,development_A,vid20251222161918_mp4-0047
UAV-OBB/train/images/VID20251222161918_mp4-0047_jpg.rf.6ae5a80938e34f8eec5d3f51ffdb5d56.jpg,development_A,vid20251222161918_mp4-0047
UAV-OBB/train/images/VID20251222161918_mp4-0047_jpg.rf.8b2e6647033925db357b243daaa9812b.jpg,development_A,vid20251222161918_mp4-0047
UAV-OBB/train/images/VID20251222161918_mp4-0058_jpg.rf.4223bdf33f54ab41ccb5a07b98854afa.jpg,development_A,vid20251222161918_mp4-0058
UAV-OBB/train/images/VID20251222161918_mp4-0058_jpg.rf.545ab2607993a1194a6fe2c5bf1cc870.jpg,development_A,vid20251222161918_mp4-0058
UAV-OBB/train/images/VID20251222161918_mp4-0058_jpg.rf.84840f014f41281a701a8a7d71780b56.jpg,development_A,vid20251222161918_mp4-0058
UAV-OBB/train/images/VID20251222161918_mp4-0060_jpg.rf.1eaeaaaa0fe16e3f85f8f7098ad86b99.jpg,development_A,vid20251222161918_mp4-0060
UAV-OBB/train/images/VID20251222161918_mp4-0060_jpg.rf.e03743d9752cd8f6a0ed618600ee3745.jpg,development_A,vid20251222161918_mp4-0060
UAV-OBB/train/images/VID20251222161918_mp4-0060_jpg.rf.ec688e03a6c5cdef340858b7f43a4b7c.jpg,development_A,vid20251222161918_mp4-0060
UAV-OBB/train/images/VID20251222161918_mp4-0063_jpg.rf.438f4d074e4a6de304bb37b832444a28.jpg,development_A,vid20251222161918_mp4-0063
UAV-OBB/train/images/VID20251222161918_mp4-0063_jpg.rf.93928710998a20f0970276552c8939b6.jpg,development_A,vid20251222161918_mp4-0063
UAV-OBB/train/images/VID20251222161918_mp4-0063_jpg.rf.dab189e14e2120843f2f778e82ef75cf.jpg,development_A,vid20251222161918_mp4-0063
UAV-OBB/train/images/VID20251222161918_mp4-0072_jpg.rf.3c6f42b3514bb482bb8097437b581910.jpg,development_A,vid20251222161918_mp4-0072
UAV-OBB/train/images/VID20251222161918_mp4-0072_jpg.rf.4192e20907b9a00df09b45869a712035.jpg,development_A,vid20251222161918_mp4-0072
UAV-OBB/train/images/VID20251222161918_mp4-0072_jpg.rf.8109f748759e6bbaa218a43dcea86c43.jpg,development_A,vid20251222161918_mp4-0072
UAV-OBB/train/images/VID20251222161918_mp4-0082_jpg.rf.08da71c9082f5dba89d251047bfd8e2e.jpg,development_A,vid20251222161918_mp4-0082
UAV-OBB/train/images/VID20251222161918_mp4-0082_jpg.rf.0b3ffabacb9eeb6f2b70fb9429da06bf.jpg,development_A,vid20251222161918_mp4-0082
UAV-OBB/train/images/VID20251222161918_mp4-0082_jpg.rf.414896fce3a13c4140624192f1df2bef.jpg,development_A,vid20251222161918_mp4-0082
UAV-OBB/train/images/VID20251222161918_mp4-0099_jpg.rf.65ea2c57d914b0e610eeb0a8235cea49.jpg,development_A,vid20251222161918_mp4-0099
UAV-OBB/train/images/VID20251222161918_mp4-0099_jpg.rf.f0a2088b97c2eadb3dd5dd5893b62f14.jpg,development_A,vid20251222161918_mp4-0099
UAV-OBB/train/images/VID20251222161918_mp4-0099_jpg.rf.f657a8308624555bae3eda45c8c8a09b.jpg,development_A,vid20251222161918_mp4-0099
UAV-OBB/train/images/VID20251222161918_mp4-0102_jpg.rf.468e0120875521a596c5d6d8939bf242.jpg,development_A,vid20251222161918_mp4-0102
UAV-OBB/train/images/VID20251222161918_mp4-0102_jpg.rf.6f92b8f4b4bca7b441a26cb854504bd0.jpg,development_A,vid20251222161918_mp4-0102
UAV-OBB/train/images/VID20251222161918_mp4-0102_jpg.rf.a7b3c64bf0722248e693244ea39b39e9.jpg,development_A,vid20251222161918_mp4-0102
UAV-OBB/train/images/VID20251222161918_mp4-0113_jpg.rf.56f3ddcac510552e4f2efe73d532ae31.jpg,development_A,vid20251222161918_mp4-0113
UAV-OBB/train/images/VID20251222161918_mp4-0113_jpg.rf.84fbbda344498b7a4c1016d545d31202.jpg,development_A,vid20251222161918_mp4-0113
UAV-OBB/train/images/VID20251222161918_mp4-0113_jpg.rf.df3f5cd8757544593363ab57bc28bb5c.jpg,development_A,vid20251222161918_mp4-0113
UAV-OBB/train/images/VID20251222161918_mp4-0115_jpg.rf.836e76d797d1efa023be2fca2c70f2d2.jpg,development_A,vid20251222161918_mp4-0115
UAV-OBB/train/images/VID20251222161918_mp4-0115_jpg.rf.8b8cb85ea68e581e66a6a6ece94e2e72.jpg,development_A,vid20251222161918_mp4-0115
UAV-OBB/train/images/VID20251222161918_mp4-0115_jpg.rf.b7b5ce8def5b7ee6d81c6395d2d7da0a.jpg,development_A,vid20251222161918_mp4-0115
UAV-OBB/train/images/VID20251228123433_frame_014_jpg.rf.04a3e110561e8bae74db59b080b12e50.jpg,development_A,vid20251228123433_frame_014
UAV-OBB/train/images/VID20251228123433_frame_014_jpg.rf.33999f10ca71eb7377898307fcdf311b.jpg,development_A,vid20251228123433_frame_014
UAV-OBB/train/images/VID20251228123433_frame_014_jpg.rf.a10b45f783ab71c90bc6bd793922da09.jpg,development_A,vid20251228123433_frame_014
UAV-OBB/train/images/VID20251228123433_frame_015_jpg.rf.447544daf34bee30ec41c11929e0b1ea.jpg,development_A,vid20251228123433_frame_015
UAV-OBB/train/images/VID20251228123433_frame_015_jpg.rf.92f3c56fa5673ee017e49a8d3c88bd9e.jpg,development_A,vid20251228123433_frame_015
UAV-OBB/train/images/VID20251228123433_frame_015_jpg.rf.d84f93d10ac5e0c7377b526977555b1a.jpg,development_A,vid20251228123433_frame_015
UAV-OBB/train/images/VID20251228123433_frame_016_jpg.rf.14712439791aff210b81b9291cc24a6a.jpg,development_A,vid20251228123433_frame_016
UAV-OBB/train/images/VID20251228123433_frame_016_jpg.rf.a13d64ba95a23c07afa574c970692cd5.jpg,development_A,vid20251228123433_frame_016
UAV-OBB/train/images/VID20251228123433_frame_016_jpg.rf.f06ae7c970f09640dda3e0da84679e21.jpg,development_A,vid20251228123433_frame_016
UAV-OBB/train/images/VID20251228123433_frame_017_jpg.rf.95426b88896fac993d10880735752020.jpg,development_A,vid20251228123433_frame_017
UAV-OBB/train/images/VID20251228123433_frame_017_jpg.rf.a6e8f53bce73688d0e29466d9046ad6e.jpg,development_A,vid20251228123433_frame_017
UAV-OBB/train/images/VID20251228123433_frame_017_jpg.rf.ae97c145bc77ff23069c2aaa59169745.jpg,development_A,vid20251228123433_frame_017
UAV-OBB/train/images/VID20251228123433_frame_019_jpg.rf.3174b289c5f7424536e70aa065da1513.jpg,development_A,vid20251228123433_frame_019
UAV-OBB/train/images/VID20251228123433_frame_019_jpg.rf.3c292eef242a817ede364a4997dc12a0.jpg,development_A,vid20251228123433_frame_019
UAV-OBB/train/images/VID20251228123433_frame_019_jpg.rf.e89dd5a1bcb3fa4ddea0966b08b161df.jpg,development_A,vid20251228123433_frame_019
UAV-OBB/train/images/VID20251228123433_frame_020_jpg.rf.523c02a7fe4de10812c2e44422a216b4.jpg,development_A,vid20251228123433_frame_020
UAV-OBB/train/images/VID20251228123433_frame_020_jpg.rf.d6cdcf3db0ffeca4d30cb9a8fa8398aa.jpg,development_A,vid20251228123433_frame_020
UAV-OBB/train/images/VID20251228123433_frame_020_jpg.rf.debb45086515a852f4a7bbf67f04560e.jpg,development_A,vid20251228123433_frame_020
UAV-OBB/train/images/VID20251228123433_frame_022_jpg.rf.30f429a16d082f84c30aacdc37e5fa39.jpg,development_A,vid20251228123433_frame_022
UAV-OBB/train/images/VID20251228123433_frame_022_jpg.rf.5b949de6718eb5dd04e7172687779877.jpg,development_A,vid20251228123433_frame_022
UAV-OBB/train/images/VID20251228123433_frame_022_jpg.rf.c30421891452ebedf3a9da8bd9733bcc.jpg,development_A,vid20251228123433_frame_022
UAV-OBB/train/images/VID20251228123433_frame_023_jpg.rf.85d3a9798a8ba07e542f38007d65510e.jpg,development_A,vid20251228123433_frame_023
UAV-OBB/train/images/VID20251228123433_frame_023_jpg.rf.a8dcf236c926fb225b47eec9a6925ee7.jpg,development_A,vid20251228123433_frame_023
UAV-OBB/train/images/VID20251228123433_frame_023_jpg.rf.c104298bbc31956ef1d20635da6dd927.jpg,development_A,vid20251228123433_frame_023
UAV-OBB/train/images/VID20251228123433_frame_024_jpg.rf.102ffc46fda80b5044fb630508c677e1.jpg,development_A,vid20251228123433_frame_024
UAV-OBB/train/images/VID20251228123433_frame_024_jpg.rf.4e2da601936d57a428e20cb9086e29c6.jpg,development_A,vid20251228123433_frame_024
UAV-OBB/train/images/VID20251228123433_frame_024_jpg.rf.546113b14ac7f3a5f1638e706c73ba1b.jpg,development_A,vid20251228123433_frame_024
UAV-OBB/train/images/VID20251228132432_frame_003_jpg.rf.2906b21b4969066c3d7e56fa2f806b6e.jpg,development_A,vid20251228132432_frame_003
UAV-OBB/train/images/VID20251228132432_frame_003_jpg.rf.6c559f6fe5c348b47e74f326025c3658.jpg,development_A,vid20251228132432_frame_003
UAV-OBB/train/images/VID20251228132432_frame_003_jpg.rf.7a3f5af68f056285c33ce96831058e34.jpg,development_A,vid20251228132432_frame_003
UAV-OBB/train/images/VID20251228132432_frame_006_jpg.rf.a787dd257d4f5e19e19f644c8e0478ab.jpg,development_A,vid20251228132432_frame_006
UAV-OBB/train/images/VID20251228132432_frame_006_jpg.rf.b530e264ff48b6dd2c011649c5ca762a.jpg,development_A,vid20251228132432_frame_006
UAV-OBB/train/images/VID20251228132432_frame_006_jpg.rf.c7a0618b22dd8129aa799589339d0fb2.jpg,development_A,vid20251228132432_frame_006
UAV-OBB/train/images/VID20251228132432_frame_007_jpg.rf.8387aefa1f018cefa968cef2c9045cae.jpg,development_A,vid20251228132432_frame_007
UAV-OBB/train/images/VID20251228132432_frame_007_jpg.rf.8eb67d32456e7ccf2415597583b9f7c6.jpg,development_A,vid20251228132432_frame_007
UAV-OBB/train/images/VID20251228132432_frame_007_jpg.rf.d819e6b1c20cb24c0cabc5e7035b1a49.jpg,development_A,vid20251228132432_frame_007
UAV-OBB/train/images/VID20251228132432_frame_008_jpg.rf.1788f77dec8f876d946755f202dfff8e.jpg,development_A,vid20251228132432_frame_008
UAV-OBB/train/images/VID20251228132432_frame_008_jpg.rf.85b5af40bf65d0b8d9222a05ca6ce4e6.jpg,development_A,vid20251228132432_frame_008
UAV-OBB/train/images/VID20251228132432_frame_008_jpg.rf.eba8e6153730b76271859297ba58f55b.jpg,development_A,vid20251228132432_frame_008
UAV-OBB/train/images/VID20251228132432_frame_009_jpg.rf.b68a7c61f67be0583ffec6b292441fdd.jpg,development_A,vid20251228132432_frame_009
UAV-OBB/train/images/VID20251228132432_frame_009_jpg.rf.bcae1419ed2a9b184acc722e17ebcb78.jpg,development_A,vid20251228132432_frame_009
UAV-OBB/train/images/VID20251228132432_frame_009_jpg.rf.f9d49d6fef117427a395162cf4e16b4e.jpg,development_A,vid20251228132432_frame_009
UAV-OBB/train/images/VID20251228132432_frame_010_jpg.rf.12644c47add9d6cb1c6d66c13a300bf5.jpg,development_A,vid20251228132432_frame_010
UAV-OBB/train/images/VID20251228132432_frame_010_jpg.rf.82d711246d54e19c556b4a8cd5b6ee4a.jpg,development_A,vid20251228132432_frame_010
UAV-OBB/train/images/VID20251228132432_frame_010_jpg.rf.a919859ae1cfd4956857e34519f08bf2.jpg,development_A,vid20251228132432_frame_010
UAV-OBB/train/images/VID20251228132432_frame_012_jpg.rf.5582e8fa2bd66c21c9aebdb44eb46c9a.jpg,development_A,vid20251228132432_frame_012
UAV-OBB/train/images/VID20251228132432_frame_012_jpg.rf.7b315be6ceccc841d9bae84f965fd2ce.jpg,development_A,vid20251228132432_frame_012
UAV-OBB/train/images/VID20251228132432_frame_012_jpg.rf.ad4cc6df7ca7980c6fc6f89053f8cd27.jpg,development_A,vid20251228132432_frame_012
UAV-OBB/train/images/VID20251230173058_frame_002_jpg.rf.2e24a6095ef2f5bd31d00016684644ef.jpg,development_A,vid20251230173058_frame_002
UAV-OBB/train/images/VID20251230173058_frame_002_jpg.rf.346a89430164ba5a9e4a83de5ed31e7c.jpg,development_A,vid20251230173058_frame_002
UAV-OBB/train/images/VID20251230173058_frame_002_jpg.rf.9173d2233154a0453c69ad3215657fbe.jpg,development_A,vid20251230173058_frame_002
UAV-OBB/train/images/VID20251230173058_frame_003_jpg.rf.117c0f638a256247562b140831fbfaaa.jpg,development_A,vid20251230173058_frame_003
UAV-OBB/train/images/VID20251230173058_frame_003_jpg.rf.239d1bd4e9b5cc5f6aba82c49ad8baa7.jpg,development_A,vid20251230173058_frame_003
UAV-OBB/train/images/VID20251230173058_frame_003_jpg.rf.56abbed11d14aede6255d98cf0fee322.jpg,development_A,vid20251230173058_frame_003
UAV-OBB/train/images/VID20251230173130_frame_001_jpg.rf.1537619bf0830f211b6f3b34e2df8304.jpg,development_A,vid20251230173130_frame_001
UAV-OBB/train/images/VID20251230173130_frame_001_jpg.rf.1537619bf0830f211b6f3b34e2df8304a.jpg,development_A,vid20251230173130_frame_001
UAV-OBB/train/images/VID20251230173130_frame_001_jpg.rf.23c984d52a8de489e2c19df83dcd957d.jpg,development_A,vid20251230173130_frame_001
UAV-OBB/train/images/VID20251230173130_frame_001_jpg.rf.48c0c687a2799e7a8c39dba4dd3f616e.jpg,development_A,vid20251230173130_frame_001
UAV-OBB/train/images/VID20251230173130_frame_001_jpg.rf.b12c3a258a530f994d09ecf664e6f88c.jpg,development_A,vid20251230173130_frame_001
UAV-OBB/train/images/VID20251230173130_frame_001_jpg.rf.cb6bdb92fda5c948271f370161779959.jpg,development_A,vid20251230173130_frame_001
UAV-OBB/train/images/VID20251230173143_frame_006_jpg.rf.00337812ba2a2b4b6e9c76c98ffd1a04.jpg,development_A,vid20251230173143_frame_006
UAV-OBB/train/images/VID20251230173143_frame_006_jpg.rf.0597101e21a6fccc05c0ff9457fe157e.jpg,development_A,vid20251230173143_frame_006
UAV-OBB/train/images/VID20251230173143_frame_006_jpg.rf.7a5a5b8e32b6f2a0a0ae41fa707c0a59.jpg,development_A,vid20251230173143_frame_006
UAV-OBB/train/images/VID20251230173143_frame_008_jpg.rf.7a9a485cdc8f33621273b7f5eeca3399.jpg,development_A,vid20251230173143_frame_008
UAV-OBB/train/images/VID20251230173143_frame_008_jpg.rf.e9d4a4747998518d1766a8c4730807a6.jpg,development_A,vid20251230173143_frame_008
UAV-OBB/train/images/VID20251230173143_frame_008_jpg.rf.f74867aabebcdf02e6fddf52c8fd5884.jpg,development_A,vid20251230173143_frame_008
UAV-OBB/train/images/VID20251230173143_frame_009_jpg.rf.4de029a51e5a170d87fac0a7f79ffb1e.jpg,development_A,vid20251230173143_frame_009
UAV-OBB/train/images/VID20251230173143_frame_009_jpg.rf.8b78d15c3ce66af91f1f4f9068bc448a.jpg,development_A,vid20251230173143_frame_009
UAV-OBB/train/images/VID20251230173143_frame_009_jpg.rf.9966d938fac343ed8d2c335f84ac11ee.jpg,development_A,vid20251230173143_frame_009
UAV-OBB/train/images/VID20251230173143_frame_010_jpg.rf.0f085b442948f302be3e269047a8e1bf.jpg,development_A,vid20251230173143_frame_010
UAV-OBB/train/images/VID20251230173143_frame_010_jpg.rf.70c681f8ef3a32b1f347d616c7814b2a.jpg,development_A,vid20251230173143_frame_010
UAV-OBB/train/images/VID20251230173143_frame_010_jpg.rf.7d14bcf305a4ad2962c7e9c2e3b19530.jpg,development_A,vid20251230173143_frame_010
UAV-OBB/train/images/VID20260303081830_frame_002_jpg.rf.021e17add71d538852b1fc2a9a9d62b2.jpg,development_A,vid20260303081830_frame_002
UAV-OBB/train/images/VID20260303081830_frame_002_jpg.rf.8e334aac1daf79b6bafea6cc5b7cbbea.jpg,development_A,vid20260303081830_frame_002
UAV-OBB/train/images/VID20260303081830_frame_002_jpg.rf.a936eabd92a32a380fd5c556a1416324.jpg,development_A,vid20260303081830_frame_002
UAV-OBB/train/images/VID20260303081830_frame_004_jpg.rf.23a80b3409ba54e878e4c470f24b2d00.jpg,development_A,vid20260303081830_frame_004
UAV-OBB/train/images/VID20260303081830_frame_004_jpg.rf.376e843cb9aee27d0f62ab7b743de420.jpg,development_A,vid20260303081830_frame_004
UAV-OBB/train/images/VID20260303081830_frame_004_jpg.rf.fcdfd2a2788c7fe1c63aeca554df22bf.jpg,development_A,vid20260303081830_frame_004
UAV-OBB/train/images/VID20260303081830_frame_005_jpg.rf.0d0fe10fb94fe98610494508bd14c3ba.jpg,development_A,vid20260303081830_frame_005
UAV-OBB/train/images/VID20260303081830_frame_005_jpg.rf.8ca322653cdf61f4b6d9ca978c21d5e1.jpg,development_A,vid20260303081830_frame_005
UAV-OBB/train/images/VID20260303081830_frame_005_jpg.rf.9ebf3b645a6c3c0f8c96efa133857ef2.jpg,development_A,vid20260303081830_frame_005
UAV-OBB/train/images/VID20260303081830_frame_006_jpg.rf.27245b1df705ea042094eb4d6b47f799.jpg,development_A,vid20260303081830_frame_006
UAV-OBB/train/images/VID20260303081830_frame_006_jpg.rf.45aec955a4b8e29d8359774e3bcc7ee7.jpg,development_A,vid20260303081830_frame_006
UAV-OBB/train/images/VID20260303081830_frame_006_jpg.rf.dfe577442ad5bd159610d11427bcb07b.jpg,development_A,vid20260303081830_frame_006
UAV-OBB/train/images/VID20260303081830_frame_010_jpg.rf.17bd852a662f6343d563a124752972f6.jpg,development_A,vid20260303081830_frame_010
UAV-OBB/train/images/VID20260303081830_frame_010_jpg.rf.a05450b4652d65b5a8625eeb106987e5.jpg,development_A,vid20260303081830_frame_010
UAV-OBB/train/images/VID20260303081830_frame_010_jpg.rf.e5b217a68b263d89180fec5869036b8d.jpg,development_A,vid20260303081830_frame_010
UAV-OBB/train/images/VID20260303081830_frame_011_jpg.rf.9cbf796c1d90b0f751381617e0760f72.jpg,development_A,vid20260303081830_frame_011
UAV-OBB/train/images/VID20260303081830_frame_011_jpg.rf.aa91d36a43a2fecc02cfb35be1b2e6ba.jpg,development_A,vid20260303081830_frame_011
UAV-OBB/train/images/VID20260303081830_frame_011_jpg.rf.b519e887966f5b8ae40352a21884d489.jpg,development_A,vid20260303081830_frame_011
UAV-OBB/train/images/VID20260303081830_frame_012_jpg.rf.42451b33a33148bf88434773bd63c009.jpg,development_A,vid20260303081830_frame_012
UAV-OBB/train/images/VID20260303081830_frame_012_jpg.rf.b1f2246575d4c05a4e68e9cd5766484e.jpg,development_A,vid20260303081830_frame_012
UAV-OBB/train/images/VID20260303081830_frame_012_jpg.rf.e533313b546dca9b17c9086216506b0f.jpg,development_A,vid20260303081830_frame_012
UAV-OBB/train/images/VID20260306093514_frame_003_jpg.rf.4ef62ea7dd58909540c5853f02b02eee.jpg,development_A,vid20260306093514_frame_003
UAV-OBB/train/images/VID20260306093514_frame_003_jpg.rf.b3c98eb99893f297e677220b32ad26fe.jpg,development_A,vid20260306093514_frame_003
UAV-OBB/train/images/VID20260306093514_frame_003_jpg.rf.bf141c3403efa0f43b3d3928e955d7bb.jpg,development_A,vid20260306093514_frame_003
UAV-OBB/train/images/VID20260306093514_frame_004_jpg.rf.2d6389e091e2d63a9f01c60f2a5eceef.jpg,development_A,vid20260306093514_frame_004
UAV-OBB/train/images/VID20260306093514_frame_004_jpg.rf.6c8e772a6f5187af19fda0223e7cd383.jpg,development_A,vid20260306093514_frame_004
UAV-OBB/train/images/VID20260306093514_frame_004_jpg.rf.ad00d91bf44ea79db5ef29b9b70d730f.jpg,development_A,vid20260306093514_frame_004
UAV-OBB/train/images/VID20260306093514_frame_005_jpg.rf.20c13c033f1b2d7d085de6a8015f3eab.jpg,development_A,vid20260306093514_frame_005
UAV-OBB/train/images/VID20260306093514_frame_005_jpg.rf.7a93d413115bb69e565a33f9c5f72dc7.jpg,development_A,vid20260306093514_frame_005
UAV-OBB/train/images/VID20260306093514_frame_005_jpg.rf.b21d50ed1b9f68d4c41fb0cfa3f383bf.jpg,development_A,vid20260306093514_frame_005
UAV-OBB/train/images/VID20260306093514_frame_007_jpg.rf.06385d9f2b0e9957bce39da3c0d1dd83.jpg,development_A,vid20260306093514_frame_007
UAV-OBB/train/images/VID20260306093514_frame_007_jpg.rf.5f05d1551aea204b6bca6e55310563cb.jpg,development_A,vid20260306093514_frame_007
UAV-OBB/train/images/VID20260306093514_frame_007_jpg.rf.afe96035cde6e837cd7735e75d3d16f2.jpg,development_A,vid20260306093514_frame_007
UAV-OBB/train/images/VID20260306170602_frame_003_jpg.rf.be3493756b2998f001ce84abd5572a26.jpg,development_A,vid20260306170602_frame_003
UAV-OBB/train/images/VID20260306170602_frame_003_jpg.rf.c26e5eb14d361d5e81cdc498304f46b6.jpg,development_A,vid20260306170602_frame_003
UAV-OBB/train/images/VID20260306170602_frame_003_jpg.rf.f6c9b759534961b33828bbd9627cae7f.jpg,development_A,vid20260306170602_frame_003
UAV-OBB/train/images/VID20260306170602_frame_008_jpg.rf.60eb8ea9cef7d7e64516ecf36470be03.jpg,development_A,vid20260306170602_frame_008
UAV-OBB/train/images/VID20260306170602_frame_008_jpg.rf.7c84d23998839149dc2053a525796cd0.jpg,development_A,vid20260306170602_frame_008
UAV-OBB/train/images/VID20260306170602_frame_008_jpg.rf.d6d5dd6e8985a6559bb167443ebd1e95.jpg,development_A,vid20260306170602_frame_008
UAV-OBB/train/images/VID20260306170602_frame_009_jpg.rf.6a4962d2fd009eb20299847224664601.jpg,development_A,vid20260306170602_frame_009
UAV-OBB/train/images/VID20260306170602_frame_009_jpg.rf.9f88fa4764e5fb27d212f7b30d5436e8.jpg,development_A,vid20260306170602_frame_009
UAV-OBB/train/images/VID20260306170602_frame_009_jpg.rf.eba7ffb2062df2cbf0713cf0ac093408.jpg,development_A,vid20260306170602_frame_009
UAV-OBB/train/images/VID20260306170602_frame_010_jpg.rf.9803fdda50989a3cf33c21d1a064338a.jpg,development_A,vid20260306170602_frame_010
UAV-OBB/train/images/VID20260306170602_frame_010_jpg.rf.f9966b5edb7b4b6208cd33adacabf287.jpg,development_A,vid20260306170602_frame_010
UAV-OBB/train/images/VID20260306170602_frame_010_jpg.rf.fdab4cdff3465130fa2542cfca3aa3cc.jpg,development_A,vid20260306170602_frame_010
UAV-OBB/train/images/VID20260306170602_frame_013_jpg.rf.31d15bbbe746235dbbf6d1b8488970cb.jpg,development_A,vid20260306170602_frame_013
UAV-OBB/train/images/VID20260306170602_frame_013_jpg.rf.def20929329b7be4afdf7ce028d6c8f0.jpg,development_A,vid20260306170602_frame_013
UAV-OBB/train/images/VID20260306170602_frame_013_jpg.rf.ee3a55e50df4d2f8d9e928b742d234ae.jpg,development_A,vid20260306170602_frame_013
UAV-OBB/train/images/VID20260306170602_frame_016_jpg.rf.691e02f9888207f812de360758b1627a.jpg,development_A,vid20260306170602_frame_016
UAV-OBB/train/images/VID20260306170602_frame_016_jpg.rf.c2e9d31dc6b0147cae0f14d1f6f446c2.jpg,development_A,vid20260306170602_frame_016
UAV-OBB/train/images/VID20260306170602_frame_016_jpg.rf.f4d40d921fab31453e86612ab20a8d8c.jpg,development_A,vid20260306170602_frame_016
UAV-OBB/train/images/VID20260306170602_frame_017_jpg.rf.008d15bdbb0a14795a1f949ca5e5a1c2.jpg,development_A,vid20260306170602_frame_017
UAV-OBB/train/images/VID20260306170602_frame_017_jpg.rf.24a71c605eb9062a86c618d26f3846d5.jpg,development_A,vid20260306170602_frame_017
UAV-OBB/train/images/VID20260306170602_frame_017_jpg.rf.4124a9a751b92c4f474ae542462c24cd.jpg,development_A,vid20260306170602_frame_017
UAV-OBB/train/images/VID20260306170602_frame_018_jpg.rf.53682a5d44eb8777f67194695b7376f8.jpg,development_A,vid20260306170602_frame_018
UAV-OBB/train/images/VID20260306170602_frame_018_jpg.rf.64fb8efac3d116974fbce8915dbeb250.jpg,development_A,vid20260306170602_frame_018
UAV-OBB/train/images/VID20260306170602_frame_018_jpg.rf.c4e93f2fd5eefe39e65a891a314ff958.jpg,development_A,vid20260306170602_frame_018
UAV-OBB/train/images/VID20260306170602_frame_020_jpg.rf.14c870ff6ca4f77d9a279bdb794e08e1.jpg,development_A,vid20260306170602_frame_020
UAV-OBB/train/images/VID20260306170602_frame_020_jpg.rf.1916c31dde6d5664be9ce122310d5848.jpg,development_A,vid20260306170602_frame_020
UAV-OBB/train/images/VID20260306170602_frame_020_jpg.rf.983fbeec6436c3c2f4a380a1a993e69b.jpg,development_A,vid20260306170602_frame_020
UAV-OBB/train/images/VID20260306170602_frame_023_jpg.rf.47e29b79601c13ea9650d1e59fcbf698.jpg,development_A,vid20260306170602_frame_023
UAV-OBB/train/images/VID20260306170602_frame_023_jpg.rf.61a20b4f41e1a16d79cc23a767c22561.jpg,development_A,vid20260306170602_frame_023
UAV-OBB/train/images/VID20260306170602_frame_023_jpg.rf.874cdcbf6e77478c94d7076438e876fa.jpg,development_A,vid20260306170602_frame_023
UAV-OBB/train/images/VID20260306170602_frame_024_jpg.rf.4c2c98f4d6026b8196db91568d6ea811.jpg,development_A,vid20260306170602_frame_024
UAV-OBB/train/images/VID20260306170602_frame_024_jpg.rf.794a0e2e259f683482a7e4eb786902a9.jpg,development_A,vid20260306170602_frame_024
UAV-OBB/train/images/VID20260306170602_frame_024_jpg.rf.95b6289c160d99504b6297687b2bb788.jpg,development_A,vid20260306170602_frame_024
UAV-OBB/train/images/VID20260306170602_frame_026_jpg.rf.006541c239eeb5b8b2e797b70a68b3a2.jpg,development_A,vid20260306170602_frame_026
UAV-OBB/train/images/VID20260306170602_frame_026_jpg.rf.b74fc0ce3c617697f7af3c7fb510ca42.jpg,development_A,vid20260306170602_frame_026
UAV-OBB/train/images/VID20260306170602_frame_026_jpg.rf.cf82cd6b4e55250e4a839941576e7c29.jpg,development_A,vid20260306170602_frame_026
UAV-OBB/train/images/VID20260306170602_frame_027_jpg.rf.8a31d0122402174476ce23c5f00a3855.jpg,development_A,vid20260306170602_frame_027
UAV-OBB/train/images/VID20260306170602_frame_027_jpg.rf.926fe202dee2a589bdb7f841c0b61701.jpg,development_A,vid20260306170602_frame_027
UAV-OBB/train/images/VID20260306170602_frame_027_jpg.rf.ec9893c02f7e8cbe659ad4b445abf1de.jpg,development_A,vid20260306170602_frame_027
UAV-OBB/train/images/frame_000000_jpg.rf.4056e9799d2e4f1ea0e489dbf5a53852.jpg,development_A,frame_000000
UAV-OBB/train/images/frame_000000_jpg.rf.6ae555aa51d4207c6c1b18f862b5466d.jpg,development_A,frame_000000
UAV-OBB/train/images/frame_000000_jpg.rf.a63185c8afb3d1a640045c031181bcac.jpg,development_A,frame_000000
UAV-OBB/train/images/frame_000001_jpg.rf.04ea21186d6edae3e6de59b67a011d97.jpg,development_A,frame_000001
UAV-OBB/train/images/frame_000001_jpg.rf.10f1dc783f0a39f77f0cbb44867ccb28.jpg,development_A,frame_000001
UAV-OBB/train/images/frame_000001_jpg.rf.13a3f3061649f4f4f610546c40a8a6d9.jpg,development_A,frame_000001
UAV-OBB/train/images/frame_000001_jpg.rf.261c5c36b265af557fc498765ceb0333.jpg,development_A,frame_000001
UAV-OBB/train/images/frame_000001_jpg.rf.26b008d3474d0c9aaab0fd95f6096c18.jpg,development_A,frame_000001
UAV-OBB/train/images/frame_000001_jpg.rf.4194d48a4dc0f22a70ead9eca96ff290.jpg,development_A,frame_000001
UAV-OBB/train/images/frame_000001_jpg.rf.67bf4d150afd650a26eb447c413e8f6c.jpg,development_A,frame_000001
UAV-OBB/train/images/frame_000001_jpg.rf.6c751242501b8a7652b6f10810a10d98.jpg,development_A,frame_000001
UAV-OBB/train/images/frame_000001_jpg.rf.89f7fce49010eee27b297d42469976e0.jpg,development_A,frame_000001
UAV-OBB/train/images/frame_000001_jpg.rf.9977cdd1cafe754d7fdaaaaddb6a1728.jpg,development_A,frame_000001
UAV-OBB/train/images/frame_000001_jpg.rf.9c37eae40d08d21d0c6242de48cf1a74.jpg,development_A,frame_000001
UAV-OBB/train/images/frame_000001_jpg.rf.ba1f1435ac5657c86fc27d6567422185.jpg,development_A,frame_000001
UAV-OBB/train/images/frame_000002_jpg.rf.00f256e69aa5da6e974c58eb25af3fca.jpg,development_A,frame_000002
UAV-OBB/train/images/frame_000002_jpg.rf.05c7c390ef07fee45f1f17c0060c603c.jpg,development_A,frame_000002
UAV-OBB/train/images/frame_000002_jpg.rf.0832c2735d31ddb58f72410d12f8fe62.jpg,development_A,frame_000002
UAV-OBB/train/images/frame_000002_jpg.rf.09183b5a0b5530129f719421238d2ad4.jpg,development_A,frame_000002
UAV-OBB/train/images/frame_000002_jpg.rf.2cb257deb612ed1b96ead4161f5a55cc.jpg,development_A,frame_000002
UAV-OBB/train/images/frame_000002_jpg.rf.4d1cbcda28c4489cf06ecf4477c55276.jpg,development_A,frame_000002
UAV-OBB/train/images/frame_000002_jpg.rf.80986a3a1971d513203db4d144df5863.jpg,development_A,frame_000002
UAV-OBB/train/images/frame_000002_jpg.rf.98459c4fcff772a9c40dd9d2c6f61d73.jpg,development_A,frame_000002
UAV-OBB/train/images/frame_000002_jpg.rf.a8b50a43846f62fd0beb2953d132512c.jpg,development_A,frame_000002
UAV-OBB/train/images/frame_000002_jpg.rf.ea4c7622b2ae0e865470f26004d4aad3.jpg,development_A,frame_000002
UAV-OBB/train/images/frame_000002_jpg.rf.f37328de1a25d43488e6b784c97e42bb.jpg,development_A,frame_000002
UAV-OBB/train/images/frame_000002_jpg.rf.fb9c93e55fbdf0f9a977c56a840cf5bb.jpg,development_A,frame_000002
UAV-OBB/train/images/frame_000003_jpg.rf.24cc06b26c09fb11aeeae5af283c9347.jpg,development_A,frame_000003
UAV-OBB/train/images/frame_000003_jpg.rf.2600c0d6d1bac485de177d5301e9cf48.jpg,development_A,frame_000003
UAV-OBB/train/images/frame_000003_jpg.rf.3b72e1cbbd731cf8be85a68f837eeeb9.jpg,development_A,frame_000003
UAV-OBB/train/images/frame_000003_jpg.rf.5260a576b78f29f6b96c722be918958c.jpg,development_A,frame_000003
UAV-OBB/train/images/frame_000003_jpg.rf.54c34b48ac6d8f5998fa7535d11ae468.jpg,development_A,frame_000003
UAV-OBB/train/images/frame_000003_jpg.rf.7e0a1374ad7313e5db21411701b3d1b5.jpg,development_A,frame_000003
UAV-OBB/train/images/frame_000003_jpg.rf.a38459dd76c8f72e159abfc45d704cba.jpg,development_A,frame_000003
UAV-OBB/train/images/frame_000003_jpg.rf.d9d4ddfc5d60f70d9e8b81c3a93d29bb.jpg,development_A,frame_000003
UAV-OBB/train/images/frame_000003_jpg.rf.e08943677afd577f8236488520269757.jpg,development_A,frame_000003
UAV-OBB/train/images/frame_000004_jpg.rf.072988c7e26f11567f71d46f4c96f10b.jpg,development_A,frame_000004
UAV-OBB/train/images/frame_000004_jpg.rf.1b68615a4f9f4b3b12256a06de5e012b.jpg,development_A,frame_000004
UAV-OBB/train/images/frame_000004_jpg.rf.373e7f4f7e3569de442c28d33f87c710.jpg,development_A,frame_000004
UAV-OBB/train/images/frame_000004_jpg.rf.3a713bd8d21a76ad821f674d8d8acd55.jpg,development_A,frame_000004
UAV-OBB/train/images/frame_000004_jpg.rf.573326d5ed706761386fd4f0f4c54b2f.jpg,development_A,frame_000004
UAV-OBB/train/images/frame_000004_jpg.rf.9061ce1180c6375819977516af56719f.jpg,development_A,frame_000004
UAV-OBB/train/images/frame_000004_jpg.rf.938768df60d12413fb738310cd6ab2cc.jpg,development_A,frame_000004
UAV-OBB/train/images/frame_000004_jpg.rf.d6c4edb5e8928ad8151c11a9b6b464b4.jpg,development_A,frame_000004
UAV-OBB/train/images/frame_000004_jpg.rf.df90d089692801ad19f772a1b9eb8d1e.jpg,development_A,frame_000004
UAV-OBB/train/images/frame_000005_jpg.rf.3cfa7c0f5a58e92e233e4c1b0007a23c.jpg,development_A,frame_000005
UAV-OBB/train/images/frame_000005_jpg.rf.749c86c2510fcbda5e58405c948ea162.jpg,development_A,frame_000005
UAV-OBB/train/images/frame_000005_jpg.rf.792f07ee469b1ce06a2e020ffa7a1a51.jpg,development_A,frame_000005
UAV-OBB/train/images/frame_000005_jpg.rf.8d559647308d826f7567ca99dde2c992.jpg,development_A,frame_000005
UAV-OBB/train/images/frame_000005_jpg.rf.90907b65ca9424afe9bb9d1ee909e91a.jpg,development_A,frame_000005
UAV-OBB/train/images/frame_000005_jpg.rf.9913482298999c91c0318c1a6c2c4270.jpg,development_A,frame_000005
UAV-OBB/train/images/frame_000005_jpg.rf.ae6aa0609131e03f23204a0a55f8fc3d.jpg,development_A,frame_000005
UAV-OBB/train/images/frame_000005_jpg.rf.b044170f788c4384bd937adeaa640c0f.jpg,development_A,frame_000005
UAV-OBB/train/images/frame_000005_jpg.rf.d9e9de35122ed4bbe8e6cfc13cde7ccf.jpg,development_A,frame_000005
UAV-OBB/train/images/frame_000006_jpg.rf.06c7bfa2b5619f7dea65498dc6c4aec6.jpg,development_A,frame_000006
UAV-OBB/train/images/frame_000006_jpg.rf.6ee21e8ec398c02a80529ed349741423.jpg,development_A,frame_000006
UAV-OBB/train/images/frame_000006_jpg.rf.d4605323ab79caef144c41377c46fb2c.jpg,development_A,frame_000006
UAV-OBB/train/images/frame_000007_jpg.rf.09a74cdcf5fc44422ad99ba93cc25455.jpg,development_A,frame_000007
UAV-OBB/train/images/frame_000007_jpg.rf.3d39270e9e8e168ee4c4bcd2dbcf72ef.jpg,development_A,frame_000007
UAV-OBB/train/images/frame_000007_jpg.rf.48e9b54cbf4683b0dc6764de07a25457.jpg,development_A,frame_000007
UAV-OBB/train/images/frame_000007_jpg.rf.581f2adbd6c07f6c82e14a3fefe22920.jpg,development_A,frame_000007
UAV-OBB/train/images/frame_000007_jpg.rf.9986f36b1a86c547d58c84c324f662e3.jpg,development_A,frame_000007
UAV-OBB/train/images/frame_000007_jpg.rf.a5d6237261ec7bb61acdee2b53691470.jpg,development_A,frame_000007
UAV-OBB/train/images/frame_000008_jpg.rf.08a11b49eabc2048d66e5f90290262be.jpg,development_A,frame_000008
UAV-OBB/train/images/frame_000008_jpg.rf.0cbdaebcfb2e700e8f531887123a5e6a.jpg,development_A,frame_000008
UAV-OBB/train/images/frame_000008_jpg.rf.4090fa101ca9cc0987f815b0b3b54cd4.jpg,development_A,frame_000008
UAV-OBB/train/images/frame_000008_jpg.rf.5dfe1a5c91046fd4600104c726de1e23.jpg,development_A,frame_000008
UAV-OBB/train/images/frame_000008_jpg.rf.6305abeca68e55ccfea4fa35c2eea0bb.jpg,development_A,frame_000008
UAV-OBB/train/images/frame_000008_jpg.rf.6513a7c770536d8703b4531f49e59934.jpg,development_A,frame_000008
UAV-OBB/train/images/frame_000008_jpg.rf.6bf0c353ad96534942e31d0eec283dcc.jpg,development_A,frame_000008
UAV-OBB/train/images/frame_000008_jpg.rf.96923d4b65fb4a95729257e168c9001c.jpg,development_A,frame_000008
UAV-OBB/train/images/frame_000008_jpg.rf.98c5273772071415aeb650571aa89e42.jpg,development_A,frame_000008
UAV-OBB/train/images/frame_000008_jpg.rf.9b47999f3f83e158f6649597b79b54f2.jpg,development_A,frame_000008
UAV-OBB/train/images/frame_000008_jpg.rf.c02a9cdc61661aa4f515692f704c0fa6.jpg,development_A,frame_000008
UAV-OBB/train/images/frame_000008_jpg.rf.d2903b20bbc9554ed867ce88eaa18580.jpg,development_A,frame_000008
UAV-OBB/train/images/frame_000008_jpg.rf.e56fd4dd9f5615f64faeef459b173063.jpg,development_A,frame_000008
UAV-OBB/train/images/frame_000008_jpg.rf.ea24693b9b1f8850084b94944e4b09a7.jpg,development_A,frame_000008
UAV-OBB/train/images/frame_000008_jpg.rf.f6a81ede501b2a2fd84cd5f2859384f1.jpg,development_A,frame_000008
UAV-OBB/train/images/frame_000009_jpg.rf.0c8a1757995e0a5db6316f63c1bba54f.jpg,development_A,frame_000009
UAV-OBB/train/images/frame_000009_jpg.rf.0ebc914903e280b1473169267c5f53cd.jpg,development_A,frame_000009
UAV-OBB/train/images/frame_000009_jpg.rf.139dda9caff2983867e4bf6900d523d3.jpg,development_A,frame_000009
UAV-OBB/train/images/frame_000009_jpg.rf.21014f4f11ad9cf68d5d479996c07d72.jpg,development_A,frame_000009
UAV-OBB/train/images/frame_000009_jpg.rf.38667fe26d0cbf6e74f2cb0b7ce9e0bd.jpg,development_A,frame_000009
UAV-OBB/train/images/frame_000009_jpg.rf.770b2cbff13fb844613a6954ea1b7dec.jpg,development_A,frame_000009
UAV-OBB/train/images/frame_000010_jpg.rf.3219c514007bf30c9ba5d905eb55828c.jpg,development_A,frame_000010
UAV-OBB/train/images/frame_000010_jpg.rf.34b0ae30f7fe2cd1c5b74b5edb8cac9d.jpg,development_A,frame_000010
UAV-OBB/train/images/frame_000010_jpg.rf.382b7f83524a9a9b457358cfb7960749.jpg,development_A,frame_000010
UAV-OBB/train/images/frame_000010_jpg.rf.38db783d67fa2606baa8952d1cd03ca2.jpg,development_A,frame_000010
UAV-OBB/train/images/frame_000010_jpg.rf.9abc2f4cb5374b48cbdb95b49131c869.jpg,development_A,frame_000010
UAV-OBB/train/images/frame_000010_jpg.rf.a72fdc15f129f8540a29e7a4f7a279e2.jpg,development_A,frame_000010
UAV-OBB/train/images/frame_000010_jpg.rf.aa49d2e5b98c5cd245ebc34e2c40673d.jpg,development_A,frame_000010
UAV-OBB/train/images/frame_000010_jpg.rf.c407b1a04ee95bb50d2864f1448fb4b6.jpg,development_A,frame_000010
UAV-OBB/train/images/frame_000010_jpg.rf.d661d3a72cc96957db9a0759573ce62c.jpg,development_A,frame_000010
UAV-OBB/train/images/frame_000010_jpg.rf.dd3988c9740a3802b5a8172c15831f5f.jpg,development_A,frame_000010
UAV-OBB/train/images/frame_000010_jpg.rf.ea53507c9421da586de7d98ee34efbce.jpg,development_A,frame_000010
UAV-OBB/train/images/frame_000010_jpg.rf.f77ec54f1cc288ff7ff3414225a6a8f2.jpg,development_A,frame_000010
UAV-OBB/train/images/frame_000011_jpg.rf.427413deb84eaeac18c473f24e08b3ff.jpg,development_A,frame_000011
UAV-OBB/train/images/frame_000011_jpg.rf.4302b0e125e69e540fbcd7d66389d674.jpg,development_A,frame_000011
UAV-OBB/train/images/frame_000011_jpg.rf.910a32dcc1e1bb71b0757eba51f4b3a5.jpg,development_A,frame_000011
UAV-OBB/train/images/frame_000011_jpg.rf.94d783b8837efd41134f841b7cd3519a.jpg,development_A,frame_000011
UAV-OBB/train/images/frame_000011_jpg.rf.954de38c7865d3219fe29201a8e9f4ff.jpg,development_A,frame_000011
UAV-OBB/train/images/frame_000011_jpg.rf.db37c89c8af161577ce1f1907d90bc89.jpg,development_A,frame_000011
UAV-OBB/train/images/frame_000012_jpg.rf.354c2b606e3257385eafed4fa37b1ca7.jpg,development_A,frame_000012
UAV-OBB/train/images/frame_000012_jpg.rf.ad56d8f899d3df54af39401654addfaa.jpg,development_A,frame_000012
UAV-OBB/train/images/frame_000012_jpg.rf.cc84985b3ae02f8944650c64bf612b75.jpg,development_A,frame_000012
UAV-OBB/train/images/frame_000013_jpg.rf.0242f1cf041737e086e255e6e253bdd7.jpg,development_A,frame_000013
UAV-OBB/train/images/frame_000013_jpg.rf.1608ebd77fc6256cf325b2fa158ea58d.jpg,development_A,frame_000013
UAV-OBB/train/images/frame_000013_jpg.rf.4eb3391e9b1098d293848eac3fc7ced4.jpg,development_A,frame_000013
UAV-OBB/train/images/frame_000013_jpg.rf.5990514c4944dba41a787b6af77340bf.jpg,development_A,frame_000013
UAV-OBB/train/images/frame_000013_jpg.rf.5ec759552934cb6c616a2bce0b6c4f37.jpg,development_A,frame_000013
UAV-OBB/train/images/frame_000013_jpg.rf.94e04c4d7c7061158c0e67e12718f48c.jpg,development_A,frame_000013
UAV-OBB/train/images/frame_000013_jpg.rf.995dbfb20d70366ed26ac425261bde45.jpg,development_A,frame_000013
UAV-OBB/train/images/frame_000013_jpg.rf.9dc94870953eab2f63ce0dc1bcc8ac11.jpg,development_A,frame_000013
UAV-OBB/train/images/frame_000013_jpg.rf.c8c3aaa0d7c66ee21f97b59f27116445.jpg,development_A,frame_000013
UAV-OBB/train/images/frame_000013_jpg.rf.cb4dc8834e9b4ab87c846bd3e26e4410.jpg,development_A,frame_000013
UAV-OBB/train/images/frame_000013_jpg.rf.d62e6ef69c48cab2bdcc60e8c591f4c8.jpg,development_A,frame_000013
UAV-OBB/train/images/frame_000013_jpg.rf.ee0db7c3fb346fb194bf36dfe6dad837.jpg,development_A,frame_000013
UAV-OBB/train/images/frame_000014_jpg.rf.19a938ec2d05313f476e1d2824d7e58c.jpg,development_A,frame_000014
UAV-OBB/train/images/frame_000014_jpg.rf.2126cb7b3ef45af6b25ff4d504aa823e.jpg,development_A,frame_000014
UAV-OBB/train/images/frame_000014_jpg.rf.216fefdfb1efb1c181e30dfa24fdc213.jpg,development_A,frame_000014
UAV-OBB/train/images/frame_000014_jpg.rf.231b7c7c2b25d1d7e5086156ecfa4db7.jpg,development_A,frame_000014
UAV-OBB/train/images/frame_000014_jpg.rf.2af52ef04b321d63f0bafa758a555b1f.jpg,development_A,frame_000014
UAV-OBB/train/images/frame_000014_jpg.rf.34a0402b15576d5b91c12d673f329611.jpg,development_A,frame_000014
UAV-OBB/train/images/frame_000014_jpg.rf.3f256e9bc1195027cb76b465204405a7.jpg,development_A,frame_000014
UAV-OBB/train/images/frame_000014_jpg.rf.40fe22af3afb1c0b6b679fe27db06e2b.jpg,development_A,frame_000014
UAV-OBB/train/images/frame_000014_jpg.rf.6dba9c783c183b7c126e921fb1179157.jpg,development_A,frame_000014
UAV-OBB/train/images/frame_000014_jpg.rf.7271052030662e577545ffb50b981878.jpg,development_A,frame_000014
UAV-OBB/train/images/frame_000014_jpg.rf.7b38d12cd120e2429134bcb174927516.jpg,development_A,frame_000014
UAV-OBB/train/images/frame_000014_jpg.rf.8007c1657bc4eab1c40753e58e4f4e04.jpg,development_A,frame_000014
UAV-OBB/train/images/frame_000014_jpg.rf.c51f218b5dff3f2fa602e7efb772c0a1.jpg,development_A,frame_000014
UAV-OBB/train/images/frame_000014_jpg.rf.c886647333fd8728d1c8aba7a78cb6bc.jpg,development_A,frame_000014
UAV-OBB/train/images/frame_000014_jpg.rf.f6d72f67377f485d7412817fd1eae8b2.jpg,development_A,frame_000014
UAV-OBB/train/images/frame_000016_jpg.rf.0c361e46605d1e235fabefa77897936c.jpg,development_A,frame_000016
UAV-OBB/train/images/frame_000016_jpg.rf.72a4cddc5a43fe44b4e1fa19d0432d4f.jpg,development_A,frame_000016
UAV-OBB/train/images/frame_000016_jpg.rf.97056392a8168c4c66a02ecc83aba4c8.jpg,development_A,frame_000016
UAV-OBB/train/images/frame_000017_jpg.rf.17955c1bdc0ef2c6b1c590cb105afdac.jpg,development_A,frame_000017
UAV-OBB/train/images/frame_000017_jpg.rf.3d15400f7e69b484c0a9d1d34856b10f.jpg,development_A,frame_000017
UAV-OBB/train/images/frame_000017_jpg.rf.49b3d413f1374190de9477406f46a982.jpg,development_A,frame_000017
UAV-OBB/train/images/frame_000017_jpg.rf.7917bc7c234163ae0e5599013e6622be.jpg,development_A,frame_000017
UAV-OBB/train/images/frame_000017_jpg.rf.8aa739a1271b81daccfddc532d7ea103.jpg,development_A,frame_000017
UAV-OBB/train/images/frame_000017_jpg.rf.a383cbf5743d19d1ec4e066782ade179.jpg,development_A,frame_000017
UAV-OBB/train/images/frame_000017_jpg.rf.c8560ef5abfe3ca8b918bd2aea14f4f0.jpg,development_A,frame_000017
UAV-OBB/train/images/frame_000017_jpg.rf.db7f6f5a31a39351b109f76e4e91523e.jpg,development_A,frame_000017
UAV-OBB/train/images/frame_000017_jpg.rf.e768be7fe2f19ef622324147050765e3.jpg,development_A,frame_000017
UAV-OBB/train/images/frame_000018_jpg.rf.8a1fed21f8fdb47207572940502d493b.jpg,development_A,frame_000018
UAV-OBB/train/images/frame_000018_jpg.rf.a365fc9be61370010fed41cf50303648.jpg,development_A,frame_000018
UAV-OBB/train/images/frame_000018_jpg.rf.ab766226bff0801edfdaeccd77a0896c.jpg,development_A,frame_000018
UAV-OBB/train/images/frame_000018_jpg.rf.bc0e404974394fab48c9968bb3e4f813.jpg,development_A,frame_000018
UAV-OBB/train/images/frame_000018_jpg.rf.f1cfeddf9aa5e1a2176e8b719ba62988.jpg,development_A,frame_000018
UAV-OBB/train/images/frame_000018_jpg.rf.f5475fc3e4d3c7eb7636e0139c7950a9.jpg,development_A,frame_000018
UAV-OBB/train/images/frame_000020_jpg.rf.4ef4f28339f3534f0acdf8ea460b3706.jpg,development_A,frame_000020
UAV-OBB/train/images/frame_000020_jpg.rf.80c8e6b30d7d84594f77ef83bb07c9ca.jpg,development_A,frame_000020
UAV-OBB/train/images/frame_000020_jpg.rf.cb48a087cbfaa292adfd25e182ebb271.jpg,development_A,frame_000020
UAV-OBB/train/images/frame_000020_jpg.rf.cea692aab706b3ad032a2d01fbeb0a18.jpg,development_A,frame_000020
UAV-OBB/train/images/frame_000020_jpg.rf.ed5deb03c0c8bee09e66f3b5eebe86c6.jpg,development_A,frame_000020
UAV-OBB/train/images/frame_000020_jpg.rf.fb6dc402d0c188c57186006247656c37.jpg,development_A,frame_000020
UAV-OBB/train/images/frame_000022_jpg.rf.35965deabc35d18b6824e46b4c58cf4d.jpg,development_A,frame_000022
UAV-OBB/train/images/frame_000022_jpg.rf.71b174d951f593d06dcc86f70cd1f3fd.jpg,development_A,frame_000022
UAV-OBB/train/images/frame_000022_jpg.rf.883cdd657f4c3e9a62c64ef51a9bb639.jpg,development_A,frame_000022
UAV-OBB/train/images/frame_000022_jpg.rf.d080d69693ddc240303e505c5ef4310d.jpg,development_A,frame_000022
UAV-OBB/train/images/frame_000022_jpg.rf.ddb7718a66cc352dd1695e31782b5c5a.jpg,development_A,frame_000022
UAV-OBB/train/images/frame_000022_jpg.rf.e9382e5304c7ea39eb199f8a300ae7ca.jpg,development_A,frame_000022
UAV-OBB/train/images/frame_000023_jpg.rf.5de33da6209d239d5bf6a4a8eb6ac3be.jpg,development_A,frame_000023
UAV-OBB/train/images/frame_000023_jpg.rf.6dfcd34a5dc577b088573e8dce6a926c.jpg,development_A,frame_000023
UAV-OBB/train/images/frame_000023_jpg.rf.d3e85ea435529dc7ea7e5784062e18ad.jpg,development_A,frame_000023
UAV-OBB/train/images/frame_000024_jpg.rf.23b8fc3863f84cb9ce75db2d97a937cb.jpg,development_A,frame_000024
UAV-OBB/train/images/frame_000024_jpg.rf.29f8fba6289d332a12354fc0c41e3e6f.jpg,development_A,frame_000024
UAV-OBB/train/images/frame_000024_jpg.rf.4b5d2c687f259288af0544932274646c.jpg,development_A,frame_000024
UAV-OBB/train/images/frame_000024_jpg.rf.8ec6f40989f10a275c68fd4aeab4b8cc.jpg,development_A,frame_000024
UAV-OBB/train/images/frame_000024_jpg.rf.c23e50c07c00331fb65561353834fd73.jpg,development_A,frame_000024
UAV-OBB/train/images/frame_000024_jpg.rf.c7d0f12813848811ba8e4e47655002e0.jpg,development_A,frame_000024
UAV-OBB/train/images/frame_000025_jpg.rf.1e2f45dec98f70ab393524fea0652760.jpg,development_A,frame_000025
UAV-OBB/train/images/frame_000025_jpg.rf.45d0109a40cf6c41c4a4af33ef0ef87b.jpg,development_A,frame_000025
UAV-OBB/train/images/frame_000025_jpg.rf.4e3313a94195d89e5939f8e4c00b1ba6.jpg,development_A,frame_000025
UAV-OBB/train/images/frame_000025_jpg.rf.6215c5c690a1e19f508b392e0661a9be.jpg,development_A,frame_000025
UAV-OBB/train/images/frame_000025_jpg.rf.6485ffba0a5dfa7f95b165c901a92e77.jpg,development_A,frame_000025
UAV-OBB/train/images/frame_000025_jpg.rf.6cbba6b1a29e6a1758e56a5366e37871.jpg,development_A,frame_000025
UAV-OBB/train/images/frame_000025_jpg.rf.b7ba2bb2e729f96a4808664d45dec361.jpg,development_A,frame_000025
UAV-OBB/train/images/frame_000025_jpg.rf.b82047819b4bb591fcf63fae0d468993.jpg,development_A,frame_000025
UAV-OBB/train/images/frame_000025_jpg.rf.eeda62637127e673bc08e1787e649327.jpg,development_A,frame_000025
UAV-OBB/train/images/frame_000027_jpg.rf.8ce4421517e3df3dcecd928603d0435b.jpg,development_A,frame_000027
UAV-OBB/train/images/frame_000027_jpg.rf.c0179f926b303ce58a514095b20b2c22.jpg,development_A,frame_000027
UAV-OBB/train/images/frame_000027_jpg.rf.d078c8a5871d9476169a91889ddece18.jpg,development_A,frame_000027
UAV-OBB/train/images/frame_000028_jpg.rf.5e87f070f7a54ddd7197bbe637b2235c.jpg,development_A,frame_000028
UAV-OBB/train/images/frame_000028_jpg.rf.c36244c2008e6b7d8e1ec4a3c2956c1c.jpg,development_A,frame_000028
UAV-OBB/train/images/frame_000028_jpg.rf.f69c7a05228d27abd241f1733c0e65e0.jpg,development_A,frame_000028
UAV-OBB/train/images/frame_000029_jpg.rf.245defa95864e49117cfa1b0ebc82b77.jpg,development_A,frame_000029
UAV-OBB/train/images/frame_000029_jpg.rf.3457f161cc6fabe437694f7d25eb16c2.jpg,development_A,frame_000029
UAV-OBB/train/images/frame_000029_jpg.rf.6f6b45b29eaa1bb033be1896f0c29716.jpg,development_A,frame_000029
UAV-OBB/train/images/frame_000029_jpg.rf.8a6b207c97de3950461ef6bea6081d12.jpg,development_A,frame_000029
UAV-OBB/train/images/frame_000029_jpg.rf.cce524c88d6c8c565b871ca0aed99495.jpg,development_A,frame_000029
UAV-OBB/train/images/frame_000029_jpg.rf.e38ee40b0f42ee08af4a5a2800d6966c.jpg,development_A,frame_000029
UAV-OBB/train/images/frame_000030_jpg.rf.707a92510d8252c47e999f60e13c4bd9.jpg,development_A,frame_000030
UAV-OBB/train/images/frame_000030_jpg.rf.963a736e4907b336d92186e9219fda27.jpg,development_A,frame_000030
UAV-OBB/train/images/frame_000030_jpg.rf.98f9da68ee7581eb22b5ab26d210a0bb.jpg,development_A,frame_000030
UAV-OBB/train/images/frame_000030_jpg.rf.9d6513a640179d9bc50c191fc4fd9bd2.jpg,development_A,frame_000030
UAV-OBB/train/images/frame_000030_jpg.rf.c4faa71ca00b0c939484571a1d473a3b.jpg,development_A,frame_000030
UAV-OBB/train/images/frame_000030_jpg.rf.d49f292631b3b0aaba7cf2fac24c970d.jpg,development_A,frame_000030
UAV-OBB/train/images/frame_000032_jpg.rf.0034a6bcf1f063d42c6e232fae02e9d4.jpg,development_A,frame_000032
UAV-OBB/train/images/frame_000032_jpg.rf.61a240baffa4f05949671b6d875c6ddf.jpg,development_A,frame_000032
UAV-OBB/train/images/frame_000032_jpg.rf.8eb2faad96b9d9767976e09b5cd2be88.jpg,development_A,frame_000032
UAV-OBB/train/images/frame_000033_jpg.rf.5c9e8ba9f0d986cbcf1975d265fc2562.jpg,development_A,frame_000033
UAV-OBB/train/images/frame_000033_jpg.rf.cc8cfc407ca535bd254833d1fabdba17.jpg,development_A,frame_000033
UAV-OBB/train/images/frame_000033_jpg.rf.f1323913d74c72f961e10934cff64b96.jpg,development_A,frame_000033
UAV-OBB/train/images/frame_000034_jpg.rf.0af1f166e0622e9bfdf489eb2fd83436.jpg,development_A,frame_000034
UAV-OBB/train/images/frame_000034_jpg.rf.d69fb16310b04e5ee4b0216b2be54d59.jpg,development_A,frame_000034
UAV-OBB/train/images/frame_000034_jpg.rf.ef80013a9bb3ecff4e9f2d2778128c65.jpg,development_A,frame_000034
UAV-OBB/train/images/frame_000036_jpg.rf.15b2587b1e996958ad59ae1f629c5cf0.jpg,development_A,frame_000036
UAV-OBB/train/images/frame_000036_jpg.rf.5655cc51d6aa01571665254fe7419970.jpg,development_A,frame_000036
UAV-OBB/train/images/frame_000036_jpg.rf.73864e4f0bf457dd16dfe218503e64bc.jpg,development_A,frame_000036
UAV-OBB/train/images/frame_000036_jpg.rf.74c24b5c8b05556e2c98244e2c44653c.jpg,development_A,frame_000036
UAV-OBB/train/images/frame_000036_jpg.rf.b92a9424bdef7e2481160ed7e5a7f74e.jpg,development_A,frame_000036
UAV-OBB/train/images/frame_000036_jpg.rf.ec95500685609f9f9f61fc2c1d8e68f0.jpg,development_A,frame_000036
UAV-OBB/train/images/frame_000037_jpg.rf.0932739b3eda9466878a7bebdd639343.jpg,development_A,frame_000037
UAV-OBB/train/images/frame_000037_jpg.rf.538d5f5b6140e5585c116ca151c0c015.jpg,development_A,frame_000037
UAV-OBB/train/images/frame_000037_jpg.rf.d6ee4f2ba0de93e15acce81f1edb11ba.jpg,development_A,frame_000037
UAV-OBB/train/images/frame_000038_jpg.rf.638c0ebd392223a3b6dc885fd628fe0e.jpg,development_A,frame_000038
UAV-OBB/train/images/frame_000038_jpg.rf.97b82bd7f69e97e9c51cdfdbb48e4c23.jpg,development_A,frame_000038
UAV-OBB/train/images/frame_000038_jpg.rf.bc4fbf6812d3b4baa25eaa9db1a64fa8.jpg,development_A,frame_000038
UAV-OBB/train/images/frame_000040_jpg.rf.12c4ef16b9e65bdcfc3e7d153776debc.jpg,development_A,frame_000040
UAV-OBB/train/images/frame_000040_jpg.rf.27571cf3e7213edf2bc5365e387ee5a3.jpg,development_A,frame_000040
UAV-OBB/train/images/frame_000040_jpg.rf.5c026b1c4bbab7eff4719ce3b393e920.jpg,development_A,frame_000040
UAV-OBB/train/images/frame_000041_jpg.rf.9596029739855c97b1e9c25f95191467.jpg,development_A,frame_000041
UAV-OBB/train/images/frame_000041_jpg.rf.aa5ea7554c0a4d46e8be5e7796342baf.jpg,development_A,frame_000041
UAV-OBB/train/images/frame_000041_jpg.rf.b77fd908eed446e8d8ed347ce95c1bc4.jpg,development_A,frame_000041
UAV-OBB/train/images/frame_000042_jpg.rf.10c24ea8672c072ec1eca96809160b49.jpg,development_A,frame_000042
UAV-OBB/train/images/frame_000042_jpg.rf.96c19389391de6f4d3236eacd25bfc3e.jpg,development_A,frame_000042
UAV-OBB/train/images/frame_000042_jpg.rf.d5f8ec95c3b99f1256ac667abea2b784.jpg,development_A,frame_000042
UAV-OBB/train/images/frame_000043_jpg.rf.29313ba0c40f2c99053d7c2b1d7c6752.jpg,development_A,frame_000043
UAV-OBB/train/images/frame_000043_jpg.rf.627156d875933f9db87813a3c3d6adc7.jpg,development_A,frame_000043
UAV-OBB/train/images/frame_000043_jpg.rf.df36e925e9265350f68eb8bc443c8e08.jpg,development_A,frame_000043
UAV-OBB/train/images/frame_000044_jpg.rf.1bd3cd7043e5d801eb89044aafeb54a0.jpg,development_A,frame_000044
UAV-OBB/train/images/frame_000044_jpg.rf.37e4f89bd530ee1cc63f437b83411072.jpg,development_A,frame_000044
UAV-OBB/train/images/frame_000044_jpg.rf.7bbc47baf3160b975f93148fb1c953aa.jpg,development_A,frame_000044
UAV-OBB/train/images/frame_000044_jpg.rf.872fc7c9de9a5943a5865ebc6add0a10.jpg,development_A,frame_000044
UAV-OBB/train/images/frame_000044_jpg.rf.e19c12af9687ab6bbdab097101a75ead.jpg,development_A,frame_000044
UAV-OBB/train/images/frame_000044_jpg.rf.ef8360d7f141c4308d5e7a2bef605a93.jpg,development_A,frame_000044
UAV-OBB/train/images/frame_000045_jpg.rf.61adb8c214142f422100edf469f40439.jpg,development_A,frame_000045
UAV-OBB/train/images/frame_000045_jpg.rf.b4a9959edb6f6ea82979362fc6adbb19.jpg,development_A,frame_000045
UAV-OBB/train/images/frame_000045_jpg.rf.bac434ae484063069f45e6595dcc6c8c.jpg,development_A,frame_000045
UAV-OBB/train/images/frame_000046_jpg.rf.6e6fe78e4ea2845ad88dba54656df630.jpg,development_A,frame_000046
UAV-OBB/train/images/frame_000046_jpg.rf.73e0ce12adade4263924125aa3015a8d.jpg,development_A,frame_000046
UAV-OBB/train/images/frame_000046_jpg.rf.8e30239a783a0fdc2046508ebc2d406c.jpg,development_A,frame_000046
UAV-OBB/train/images/frame_000048_jpg.rf.055f01286f51a2ea7e2d01d59bfa75e8.jpg,development_A,frame_000048
UAV-OBB/train/images/frame_000048_jpg.rf.a76b9b2f25094fd3a94b81414558ebb5.jpg,development_A,frame_000048
UAV-OBB/train/images/frame_000048_jpg.rf.be79035adde3eff9f86ff53c3ff93bd7.jpg,development_A,frame_000048
UAV-OBB/train/images/frame_000049_jpg.rf.1462ff7875bfcecbea3aeed62d9fbf2e.jpg,development_A,frame_000049
UAV-OBB/train/images/frame_000049_jpg.rf.3679b7a6da76aa3e367b3b1048a8931c.jpg,development_A,frame_000049
UAV-OBB/train/images/frame_000049_jpg.rf.a0e95935ff47182d3694a5a57e161716.jpg,development_A,frame_000049
UAV-OBB/train/images/frame_000051_jpg.rf.18a0fcc13f0a54e50faee0528cacb2f8.jpg,development_A,frame_000051
UAV-OBB/train/images/frame_000051_jpg.rf.d3a3794c8c3bfd340bac76e39d3754a4.jpg,development_A,frame_000051
UAV-OBB/train/images/frame_000051_jpg.rf.d734f969a53de6802e512d575c899d4f.jpg,development_A,frame_000051
UAV-OBB/train/images/frame_000052_jpg.rf.02489cdcd879d24279df29dc3fcbc6e3.jpg,development_A,frame_000052
UAV-OBB/train/images/frame_000052_jpg.rf.1c1e707a78ffa46f69fcb716376be460.jpg,development_A,frame_000052
UAV-OBB/train/images/frame_000052_jpg.rf.3b2dda25eee2b6717e7019f5e51bec5e.jpg,development_A,frame_000052
UAV-OBB/train/images/frame_000052_jpg.rf.4a994e969127795eabb61a1b80b4b0ed.jpg,development_A,frame_000052
UAV-OBB/train/images/frame_000052_jpg.rf.59bd451f58f33f8079c9dacb34f999c4.jpg,development_A,frame_000052
UAV-OBB/train/images/frame_000052_jpg.rf.e082c19410ec3bc159df779cd141baaa.jpg,development_A,frame_000052
UAV-OBB/train/images/frame_000053_jpg.rf.63f12fcff98694e8ef580a3f21847114.jpg,development_A,frame_000053
UAV-OBB/train/images/frame_000053_jpg.rf.646df925ffa7debc77fb8b1ebbdcdd00.jpg,development_A,frame_000053
UAV-OBB/train/images/frame_000053_jpg.rf.96f8974111e32b473a0181303a69ec95.jpg,development_A,frame_000053
UAV-OBB/train/images/frame_000053_jpg.rf.b4785c8683ff312bad5ee3146e7a504f.jpg,development_A,frame_000053
UAV-OBB/train/images/frame_000053_jpg.rf.ee8e212dc00a78d3d31199692c4b096a.jpg,development_A,frame_000053
UAV-OBB/train/images/frame_000053_jpg.rf.f212c79e045a7c9609ffa77f4188b90c.jpg,development_A,frame_000053
UAV-OBB/train/images/frame_000054_jpg.rf.112ce517eb8a170d157584aea2d9b865.jpg,development_A,frame_000054
UAV-OBB/train/images/frame_000054_jpg.rf.3d4f7d938713671fcf5e2ecc3aa99c27.jpg,development_A,frame_000054
UAV-OBB/train/images/frame_000054_jpg.rf.4de542559b8c6eb5c8e9eaf4677e29ac.jpg,development_A,frame_000054
UAV-OBB/train/images/frame_000054_jpg.rf.57c7230fe1860d01a7e2873a5c8bf2ab.jpg,development_A,frame_000054
UAV-OBB/train/images/frame_000054_jpg.rf.bf6ca14bd9f29c2c758a387ac5dd9c3e.jpg,development_A,frame_000054
UAV-OBB/train/images/frame_000054_jpg.rf.dbcea65e79f9e8b75ad62aa61493ddd0.jpg,development_A,frame_000054
UAV-OBB/train/images/frame_000055_jpg.rf.364801e29c38f49fef7fad443c8aae35.jpg,development_A,frame_000055
UAV-OBB/train/images/frame_000055_jpg.rf.6594b38bcba4af7c86e1620a9a45c1cb.jpg,development_A,frame_000055
UAV-OBB/train/images/frame_000055_jpg.rf.af21b9eee97d019693742822fe85a208.jpg,development_A,frame_000055
UAV-OBB/train/images/frame_000059_jpg.rf.11cb8d9a60a0c15316ea486185cd72d4.jpg,development_A,frame_000059
UAV-OBB/train/images/frame_000059_jpg.rf.512bdd1d321209585a65fb8c6a6d2bc2.jpg,development_A,frame_000059
UAV-OBB/train/images/frame_000059_jpg.rf.fd55f3bbcfe48bcf066b3c907a42ae95.jpg,development_A,frame_000059
UAV-OBB/train/images/frame_000060_jpg.rf.5c1185911b164a76c5a6f3b3e3e748da.jpg,development_A,frame_000060
UAV-OBB/train/images/frame_000060_jpg.rf.642958deeee2d8d71e264879bf620bdb.jpg,development_A,frame_000060
UAV-OBB/train/images/frame_000060_jpg.rf.ae82553c00ea9fa253305ba648ced5f3.jpg,development_A,frame_000060
UAV-OBB/train/images/frame_000062_jpg.rf.6304b6e3f6773a8930a5dc7c0dbc8576.jpg,development_A,frame_000062
UAV-OBB/train/images/frame_000062_jpg.rf.736e71aa07c003b3ae913510920775aa.jpg,development_A,frame_000062
UAV-OBB/train/images/frame_000062_jpg.rf.a5e3bc13b30a5e7c0cb48de7bf5642ee.jpg,development_A,frame_000062
UAV-OBB/train/images/frame_000065_jpg.rf.02baa165ec21a0c9082722f17735f0b9.jpg,development_A,frame_000065
UAV-OBB/train/images/frame_000065_jpg.rf.936e435b2851742294a3080cfac73fd7.jpg,development_A,frame_000065
UAV-OBB/train/images/frame_000065_jpg.rf.9c546feff225b81b34c2f004a4a12cb9.jpg,development_A,frame_000065
UAV-OBB/train/images/frame_000065_jpg.rf.c033ae0a5afd0868d545f65823d03734.jpg,development_A,frame_000065
UAV-OBB/train/images/frame_000065_jpg.rf.c71da119d276dc488f7e757f429fa29c.jpg,development_A,frame_000065
UAV-OBB/train/images/frame_000065_jpg.rf.cd4b63990cd7b7f861975f041c235270.jpg,development_A,frame_000065
UAV-OBB/train/images/frame_000066_jpg.rf.0c8732593ee65be437877d44a6b56b04.jpg,development_A,frame_000066
UAV-OBB/train/images/frame_000066_jpg.rf.6c9f0bbac5f3204fe3a74d6b6ec8720c.jpg,development_A,frame_000066
UAV-OBB/train/images/frame_000066_jpg.rf.b8916e6e686b573154e31281c2ccbb4e.jpg,development_A,frame_000066
UAV-OBB/train/images/frame_000067_jpg.rf.7c41d70a139f9c3b117d02e0aaad6144.jpg,development_A,frame_000067
UAV-OBB/train/images/frame_000067_jpg.rf.d078879c61c7e023d4bd520e2899ae27.jpg,development_A,frame_000067
UAV-OBB/train/images/frame_000067_jpg.rf.fe833f7de3b3f87b942da23f836b1c29.jpg,development_A,frame_000067
UAV-OBB/train/images/frame_000069_jpg.rf.3d4bbc7b1712542c46ea99eb44202f76.jpg,development_A,frame_000069
UAV-OBB/train/images/frame_000069_jpg.rf.60c19594c8fadcb3d00895e2da49c32d.jpg,development_A,frame_000069
UAV-OBB/train/images/frame_000069_jpg.rf.7a764ebc72bf8ae189c04ffd1691cd63.jpg,development_A,frame_000069
UAV-OBB/train/images/frame_000071_jpg.rf.191f52f7c20d36748795347d7b8073dc.jpg,development_A,frame_000071
UAV-OBB/train/images/frame_000071_jpg.rf.38cd9bb85767973b5e834998e2c028c8.jpg,development_A,frame_000071
UAV-OBB/train/images/frame_000071_jpg.rf.91058ced7368d44a0d5e3982217dbc0e.jpg,development_A,frame_000071
UAV-OBB/train/images/frame_000071_jpg.rf.cc1a1eca4834795f9edc23d8951bbaa1.jpg,development_A,frame_000071
UAV-OBB/train/images/frame_000071_jpg.rf.ea030ba5ec74e6fd898a1f6937aa1249.jpg,development_A,frame_000071
UAV-OBB/train/images/frame_000071_jpg.rf.f093a85b6e388f0958639da8cbc81e3b.jpg,development_A,frame_000071
UAV-OBB/train/images/frame_000073_jpg.rf.0877c5e19ca1482fea45edcb2d3ae405.jpg,development_A,frame_000073
UAV-OBB/train/images/frame_000073_jpg.rf.4608bf6d8f3facbbf37bf2a430f5eae6.jpg,development_A,frame_000073
UAV-OBB/train/images/frame_000073_jpg.rf.cdbe87a49091e6813e2b29780e543801.jpg,development_A,frame_000073
UAV-OBB/train/images/frame_000076_jpg.rf.173c0220c547692490150fb0013b7b23.jpg,development_A,frame_000076
UAV-OBB/train/images/frame_000076_jpg.rf.762d82412dbd358786480848bec6721e.jpg,development_A,frame_000076
UAV-OBB/train/images/frame_000076_jpg.rf.cdead46d2a993bf9c0a5bc39bf8171c6.jpg,development_A,frame_000076
UAV-OBB/train/images/frame_000077_jpg.rf.17a01818f3ab2e1e84bf5eb4d0b13a36.jpg,development_A,frame_000077
UAV-OBB/train/images/frame_000077_jpg.rf.209bd5fd76ddcdbb9adfc6af45844916.jpg,development_A,frame_000077
UAV-OBB/train/images/frame_000077_jpg.rf.2296894b3eb77a323c2525a7bb957d63.jpg,development_A,frame_000077
UAV-OBB/train/images/frame_000077_jpg.rf.68b456f8b1332e51237bcec1dfc40bae.jpg,development_A,frame_000077
UAV-OBB/train/images/frame_000077_jpg.rf.8c7a668a01fbaa14adec6bde541509ff.jpg,development_A,frame_000077
UAV-OBB/train/images/frame_000077_jpg.rf.c19c899e73f6117d64928cb0f6f6c31e.jpg,development_A,frame_000077
UAV-OBB/train/images/frame_000078_jpg.rf.2d61d17aa93599232e40d13209ee8115.jpg,development_A,frame_000078
UAV-OBB/train/images/frame_000078_jpg.rf.c4b52e1d68088d84c1a29ea9f156429c.jpg,development_A,frame_000078
UAV-OBB/train/images/frame_000078_jpg.rf.dd72b0a1ed0a2e2a9ca45b602ef1e0d0.jpg,development_A,frame_000078
UAV-OBB/train/images/frame_000079_jpg.rf.82ed50a94fbe77b0f57f372aac94cc1a.jpg,development_A,frame_000079
UAV-OBB/train/images/frame_000079_jpg.rf.837407ff0c130cc14fbffbfd9b9dc34b.jpg,development_A,frame_000079
UAV-OBB/train/images/frame_000079_jpg.rf.f92c5d43b901bf2d54b3a640572ba2ba.jpg,development_A,frame_000079
UAV-OBB/train/images/frame_000085_jpg.rf.127e4ef3f662405fad971afaf20f5296.jpg,development_A,frame_000085
UAV-OBB/train/images/frame_000085_jpg.rf.6dcd37dfdb0103652f4058d5f195e54f.jpg,development_A,frame_000085
UAV-OBB/train/images/frame_000085_jpg.rf.94da3dde16e89e6fab6b1d3bc2612149.jpg,development_A,frame_000085
UAV-OBB/train/images/frame_000088_jpg.rf.4bb4554f5e2f70f92f91cfd944d37ec6.jpg,development_A,frame_000088
UAV-OBB/train/images/frame_000088_jpg.rf.7f9503f52f170830aadfe9855499f141.jpg,development_A,frame_000088
UAV-OBB/train/images/frame_000088_jpg.rf.94becf48b461d58d945ffe4c0e00be54.jpg,development_A,frame_000088
UAV-OBB/train/images/frame_000090_jpg.rf.34d43c43d98547342931748bfd1d4f4e.jpg,development_A,frame_000090
UAV-OBB/train/images/frame_000090_jpg.rf.bca7f01bcab0c69162ca69aeaeb23243.jpg,development_A,frame_000090
UAV-OBB/train/images/frame_000090_jpg.rf.f76b9246ebe2189fcbd8a56d483cce90.jpg,development_A,frame_000090
UAV-OBB/train/images/frame_000091_jpg.rf.3c505cb597fa13d669b6d68f78db0597.jpg,development_A,frame_000091
UAV-OBB/train/images/frame_000091_jpg.rf.55107309cdfb70ad8295636a193391fb.jpg,development_A,frame_000091
UAV-OBB/train/images/frame_000091_jpg.rf.9b7b7bb4dfe7e955145e85c20536770d.jpg,development_A,frame_000091
UAV-OBB/train/images/frame_000098_jpg.rf.9d8750b96cee4b3287ab24118e780995.jpg,development_A,frame_000098
UAV-OBB/train/images/frame_000098_jpg.rf.ec63befcbf59ce48a7a92bcc988ec337.jpg,development_A,frame_000098
UAV-OBB/train/images/frame_000098_jpg.rf.fd9d9e7229f5be81135001e085577530.jpg,development_A,frame_000098
UAV-OBB/train/images/frame_000099_jpg.rf.5c6b8b72ba3fc6a1bee8a57249e7a008.jpg,development_A,frame_000099
UAV-OBB/train/images/frame_000099_jpg.rf.7b37ef0346f6c1c0eaf815479b999a6f.jpg,development_A,frame_000099
UAV-OBB/train/images/frame_000099_jpg.rf.e95f4a8bac5e994c86999723606d1364.jpg,development_A,frame_000099
UAV-OBB/train/images/frame_0000_jpg.rf.47d1606c473dca89ee539c4ee19d0e82.jpg,development_A,frame_0000
UAV-OBB/train/images/frame_0000_jpg.rf.5f07df131b05ad46ae08314b0563b90c.jpg,development_A,frame_0000
UAV-OBB/train/images/frame_0000_jpg.rf.aa3e902e703574622396f6ea5008c0c2.jpg,development_A,frame_0000
UAV-OBB/train/images/frame_000101_jpg.rf.23db6afcd7600c23c73cb4496b4913b7.jpg,development_A,frame_000101
UAV-OBB/train/images/frame_000101_jpg.rf.580a3203519adaed3a7938a35dcb2d5e.jpg,development_A,frame_000101
UAV-OBB/train/images/frame_000101_jpg.rf.9e101091f890496912736f7ab911af4a.jpg,development_A,frame_000101
UAV-OBB/train/images/frame_000104_jpg.rf.23ca760fe3a91823dd8571c9f6a17de0.jpg,development_A,frame_000104
UAV-OBB/train/images/frame_000104_jpg.rf.31f800c41eecd2493261a5569f152b39.jpg,development_A,frame_000104
UAV-OBB/train/images/frame_000104_jpg.rf.585d9db86d87658526f8915a4fb0b7d9.jpg,development_A,frame_000104
UAV-OBB/train/images/frame_000104_jpg.rf.86e9f7ad8fb0289a388089299b5e92d3.jpg,development_A,frame_000104
UAV-OBB/train/images/frame_000104_jpg.rf.cb999b8215868764a4c3ea68ff1fbd60.jpg,development_A,frame_000104
UAV-OBB/train/images/frame_000104_jpg.rf.d146b52538ec0826f5676b3dc0452bff.jpg,development_A,frame_000104
UAV-OBB/train/images/frame_000104_jpg.rf.d1e021314c760500c87e8cd65c068a4d.jpg,development_A,frame_000104
UAV-OBB/train/images/frame_000104_jpg.rf.e0b6aca591f2ee1fa8e5d465f92860b4.jpg,development_A,frame_000104
UAV-OBB/train/images/frame_000104_jpg.rf.fd106a982b5e051a366fe65de3b2fd7e.jpg,development_A,frame_000104
UAV-OBB/train/images/frame_000105_jpg.rf.222cdedc1985dc93b8c156f77d30d96f.jpg,development_A,frame_000105
UAV-OBB/train/images/frame_000105_jpg.rf.23788481bfeba0a864bd57f5fec9f3c6.jpg,development_A,frame_000105
UAV-OBB/train/images/frame_000105_jpg.rf.93e5310d9e0584ecd665e829b105ebe6.jpg,development_A,frame_000105
UAV-OBB/train/images/frame_000106_jpg.rf.3551586af280c8f597593085d0b5dc2e.jpg,development_A,frame_000106
UAV-OBB/train/images/frame_000106_jpg.rf.d520483ab850af85dfdab1ac7d1a8d3c.jpg,development_A,frame_000106
UAV-OBB/train/images/frame_000106_jpg.rf.f14b9a0ef6d6616b19cb6988298aa7f8.jpg,development_A,frame_000106
UAV-OBB/train/images/frame_000107_jpg.rf.0594bd17459a39208ee68ad3c8131023.jpg,development_A,frame_000107
UAV-OBB/train/images/frame_000107_jpg.rf.0a8b997bb9c512191706de91d4384056.jpg,development_A,frame_000107
UAV-OBB/train/images/frame_000107_jpg.rf.85769d4b4f808357ac3c0a2a1ac6ad04.jpg,development_A,frame_000107
UAV-OBB/train/images/frame_000109_jpg.rf.17660a037ad2efda5bd2eafa0eb9a3d3.jpg,development_A,frame_000109
UAV-OBB/train/images/frame_000109_jpg.rf.98966c4835676dbfa133fdf283df013c.jpg,development_A,frame_000109
UAV-OBB/train/images/frame_000109_jpg.rf.ad4a95b852cf091e790bc115c831604c.jpg,development_A,frame_000109
UAV-OBB/train/images/frame_000112_jpg.rf.6cf073f8726a1cabba6d47983684f7d8.jpg,development_A,frame_000112
UAV-OBB/train/images/frame_000112_jpg.rf.a9cf73ed6c010fea8654125a7d29699d.jpg,development_A,frame_000112
UAV-OBB/train/images/frame_000112_jpg.rf.f2bdb25c70344fb31ed35f56b42747ae.jpg,development_A,frame_000112
UAV-OBB/train/images/frame_000113_jpg.rf.ad1596b96ab3bd2dd7b1a52800df5ec9.jpg,development_A,frame_000113
UAV-OBB/train/images/frame_000113_jpg.rf.cb9ccbf306d3c98e0eb1f4b245e3ba95.jpg,development_A,frame_000113
UAV-OBB/train/images/frame_000113_jpg.rf.e1a7bbf27423bc67385943677f82463b.jpg,development_A,frame_000113
UAV-OBB/train/images/frame_000114_jpg.rf.07f5600538c3040225144a72d7e1cd41.jpg,development_A,frame_000114
UAV-OBB/train/images/frame_000114_jpg.rf.5e83e2c72c996a016ce3792c02af3358.jpg,development_A,frame_000114
UAV-OBB/train/images/frame_000114_jpg.rf.634055cbfef5915f35248555dcead5e7.jpg,development_A,frame_000114
UAV-OBB/train/images/frame_000114_jpg.rf.86152efb604cd44b6d3417db9c28c254.jpg,development_A,frame_000114
UAV-OBB/train/images/frame_000114_jpg.rf.92ed4c2124566fd180ddd74a85b10846.jpg,development_A,frame_000114
UAV-OBB/train/images/frame_000114_jpg.rf.ba097e195c282dba617caaa0ec7cf7fa.jpg,development_A,frame_000114
UAV-OBB/train/images/frame_000122_jpg.rf.6e737df9b61bc7246590eeeb90a41a2e.jpg,development_A,frame_000122
UAV-OBB/train/images/frame_000122_jpg.rf.777021973f86e26ed0c25c72fde0885d.jpg,development_A,frame_000122
UAV-OBB/train/images/frame_000122_jpg.rf.ae41838b3adcb4087750db107febce23.jpg,development_A,frame_000122
UAV-OBB/train/images/frame_000131_jpg.rf.2d245bfa546a362a218f2fdd6cd636b4.jpg,development_A,frame_000131
UAV-OBB/train/images/frame_000131_jpg.rf.651720c15f695fe334f48dbdcc3f4bc5.jpg,development_A,frame_000131
UAV-OBB/train/images/frame_000131_jpg.rf.934c3c5392209e95e90b0c2229812a3f.jpg,development_A,frame_000131
UAV-OBB/train/images/frame_000134_jpg.rf.7ed0c2ec1c1b0153fbd204297bacebf0.jpg,development_A,frame_000134
UAV-OBB/train/images/frame_000134_jpg.rf.9e53a4c52d4700e11e9cf379c5565c0d.jpg,development_A,frame_000134
UAV-OBB/train/images/frame_000134_jpg.rf.cc1aa684a271cbf32f9cf466a6fecb20.jpg,development_A,frame_000134
UAV-OBB/train/images/frame_000141_jpg.rf.2105f61bbf68148d3af6ede1dfe13a24.jpg,development_A,frame_000141
UAV-OBB/train/images/frame_000141_jpg.rf.be961f4aba7f4a2d935c1aca29947d28.jpg,development_A,frame_000141
UAV-OBB/train/images/frame_000141_jpg.rf.e399fffadfc1f8472bc80242e41f9abd.jpg,development_A,frame_000141
UAV-OBB/train/images/frame_000149_jpg.rf.91c8a9df38ab4d3cd060383645e019b5.jpg,development_A,frame_000149
UAV-OBB/train/images/frame_000149_jpg.rf.96b35d7ddefd7642908dbc025d011d5e.jpg,development_A,frame_000149
UAV-OBB/train/images/frame_000149_jpg.rf.b2dbfbb10ed0dbd6751c7a075baf6e90.jpg,development_A,frame_000149
UAV-OBB/train/images/frame_000181_jpg.rf.28b7f9df2498018d00fe3ec6de176ecd.jpg,development_A,frame_000181
UAV-OBB/train/images/frame_000181_jpg.rf.904f3f47c0186d2cdd4df041c556262b.jpg,development_A,frame_000181
UAV-OBB/train/images/frame_000181_jpg.rf.a44fd5da78b5ef0ceebb2d4ef11e6e72.jpg,development_A,frame_000181
UAV-OBB/train/images/frame_000213_jpg.rf.b6bac9d19040d7417ee7bb0911b7abaf.jpg,development_A,frame_000213
UAV-OBB/train/images/frame_000213_jpg.rf.f804d2530428359a7fcb6487ccc1695c.jpg,development_A,frame_000213
UAV-OBB/train/images/frame_000213_jpg.rf.fd13ef4d9e2167f39d009c57e85cc43a.jpg,development_A,frame_000213
UAV-OBB/train/images/frame_000258_jpg.rf.1b616f32fb5245250524ed9252a6d5d2.jpg,development_A,frame_000258
UAV-OBB/train/images/frame_000258_jpg.rf.9195d5395e8401eb519be4a8b73eb88a.jpg,development_A,frame_000258
UAV-OBB/train/images/frame_000258_jpg.rf.d080d2432e8ff90fd4f29a3a9285cf17.jpg,development_A,frame_000258
UAV-OBB/train/images/frame_000289_jpg.rf.67baee0e870ca5734dea259090e35e75.jpg,development_A,frame_000289
UAV-OBB/train/images/frame_000289_jpg.rf.b83a08dcc5b44adc6ee8d4da9a3f1804.jpg,development_A,frame_000289
UAV-OBB/train/images/frame_000289_jpg.rf.df91ab26fef74c81154e01622da515f6.jpg,development_A,frame_000289
UAV-OBB/train/images/frame_000290_jpg.rf.45f51495adfa0ec1e72c8e98f829decb.jpg,development_A,frame_000290
UAV-OBB/train/images/frame_000290_jpg.rf.630b9b2c4999f976b8f287a66a02e55c.jpg,development_A,frame_000290
UAV-OBB/train/images/frame_000290_jpg.rf.9a78546d3882808fc62aa97631fc27c8.jpg,development_A,frame_000290
UAV-OBB/train/images/frame_000410_jpg.rf.2e4cf1753a4bffd339f708bfc68328b8.jpg,development_A,frame_000410
UAV-OBB/train/images/frame_000410_jpg.rf.dcffefdeac772d4f3f1c7989057dcba7.jpg,development_A,frame_000410
UAV-OBB/train/images/frame_000410_jpg.rf.feef76cb989c4e9832f8c33e0ff730f1.jpg,development_A,frame_000410
UAV-OBB/train/images/frame_000448_jpg.rf.27066b70f860168c7005f4c9b5d752e5.jpg,development_A,frame_000448
UAV-OBB/train/images/frame_000448_jpg.rf.5d6c68365d1a24234b30e0e2c3c8e1d5.jpg,development_A,frame_000448
UAV-OBB/train/images/frame_000448_jpg.rf.b4eb4e501da691051f68b78ac2e3cea3.jpg,development_A,frame_000448
UAV-OBB/train/images/frame_000459_jpg.rf.0d73e181ec8bd828ef550154ee8776b7.jpg,development_A,frame_000459
UAV-OBB/train/images/frame_000459_jpg.rf.95307c1a7225b0f7bf9a166e7c03bc60.jpg,development_A,frame_000459
UAV-OBB/train/images/frame_000459_jpg.rf.ef26ec30804d93781834873a0731afd4.jpg,development_A,frame_000459
UAV-OBB/train/images/frame_000495_jpg.rf.072694096e269b1da7b9983f630e45eb.jpg,development_A,frame_000495
UAV-OBB/train/images/frame_000495_jpg.rf.6a6cabf8853fe7fd151b4230b0ac55b0.jpg,development_A,frame_000495
UAV-OBB/train/images/frame_000495_jpg.rf.a9adb7f67cd95898c8ebc0b956d93e51.jpg,development_A,frame_000495
UAV-OBB/train/images/frame_000503_jpg.rf.054cd793ee912a1f01056f73d34b6525.jpg,development_A,frame_000503
UAV-OBB/train/images/frame_000503_jpg.rf.9f9977a4662cc8927523d30b7a1b560e.jpg,development_A,frame_000503
UAV-OBB/train/images/frame_000503_jpg.rf.c1374af9d75309c90374246f9af9178a.jpg,development_A,frame_000503
UAV-OBB/train/images/frame_000534_jpg.rf.75758cd63284565787433b1f35925015.jpg,development_A,frame_000534
UAV-OBB/train/images/frame_000534_jpg.rf.d0864ef8d5ff0b8580369bd65598dcea.jpg,development_A,frame_000534
UAV-OBB/train/images/frame_000534_jpg.rf.fb059efae58c6aabb4a90777e32f1599.jpg,development_A,frame_000534
UAV-OBB/train/images/frame_000694_jpg.rf.197e3865fca9787d54bc5ec328a0cdd7.jpg,development_A,frame_000694
UAV-OBB/train/images/frame_000694_jpg.rf.a29c0cd7a41a084301591ef7568bb894.jpg,development_A,frame_000694
UAV-OBB/train/images/frame_000694_jpg.rf.f25b6f0f92ac049cbdd8d3cc8d23637c.jpg,development_A,frame_000694
UAV-OBB/train/images/frame_000702_jpg.rf.622c423490ca3abe1d693cffbcb262c6.jpg,development_A,frame_000702
UAV-OBB/train/images/frame_000702_jpg.rf.8368e26d30239e49968eb95454db39dd.jpg,development_A,frame_000702
UAV-OBB/train/images/frame_000702_jpg.rf.decd14c014fab88f245a5d597e2c8fa5.jpg,development_A,frame_000702
UAV-OBB/train/images/frame_000713_jpg.rf.1ba4bc6ca28a8ed6d61e6e56d649588b.jpg,development_A,frame_000713
UAV-OBB/train/images/frame_000713_jpg.rf.3eaa44197458736cd78bad683bf71e2b.jpg,development_A,frame_000713
UAV-OBB/train/images/frame_000713_jpg.rf.b1990ae920e17604a345dd71dc81a5db.jpg,development_A,frame_000713
UAV-OBB/train/images/frame_000826_jpg.rf.27386ddbb3068764bbc696e68fc38d71.jpg,development_A,frame_000826
UAV-OBB/train/images/frame_000826_jpg.rf.3183357576186330668c4627cb61b1ad.jpg,development_A,frame_000826
UAV-OBB/train/images/frame_000826_jpg.rf.b6387c3765b356905baf1311e6ba6378.jpg,development_A,frame_000826
UAV-OBB/train/images/frame_001154_jpg.rf.25a6b07e4723df9f34943dc076b5dcbe.jpg,development_A,frame_001154
UAV-OBB/train/images/frame_001154_jpg.rf.acb59c21060a36b0e3bd4024ef4544c6.jpg,development_A,frame_001154
UAV-OBB/train/images/frame_001154_jpg.rf.d72aa962dd885e83852237f1ac668042.jpg,development_A,frame_001154
UAV-OBB/train/images/frame_002472_jpg.rf.31980bd2babfa3ed6161c3d11bc7affc.jpg,development_A,frame_002472
UAV-OBB/train/images/frame_002472_jpg.rf.446b2ecc779b320857465007a064d4d8.jpg,development_A,frame_002472
UAV-OBB/train/images/frame_002472_jpg.rf.d5bebe1c62307be104a8d34b11f9b5c4.jpg,development_A,frame_002472
UAV-OBB/train/images/frame_002488_jpg.rf.396ac0a1ded68af8736686c708c65233.jpg,development_A,frame_002488
UAV-OBB/train/images/frame_002488_jpg.rf.518b7c7779d3e59f1ea1ebb01bdcd474.jpg,development_A,frame_002488
UAV-OBB/train/images/frame_002488_jpg.rf.d65f6ac13e3cebaff57c6c29688af5a9.jpg,development_A,frame_002488
UAV-OBB/train/images/frame_002504_jpg.rf.41464ca3c08b72f31589efa147db2675.jpg,development_A,frame_002504
UAV-OBB/train/images/frame_002504_jpg.rf.451869eef0eb9b5049bf82f48cb84a1f.jpg,development_A,frame_002504
UAV-OBB/train/images/frame_002504_jpg.rf.52d3ee1af1203bdc858be4b92c2f0e38.jpg,development_A,frame_002504
UAV-OBB/train/images/frame_002628_jpg.rf.3477e0e836c4ed6239ff1b3a6a5806a0.jpg,development_A,frame_002628
UAV-OBB/train/images/frame_002628_jpg.rf.8212a7b7072d9986f1d128204761614c.jpg,development_A,frame_002628
UAV-OBB/train/images/frame_002628_jpg.rf.99720479e5e587ab7eced547032ef6cf.jpg,development_A,frame_002628
UAV-OBB/train/images/frame_003656_jpg.rf.6e30bc8444bf49192e6ad24125f96aac.jpg,development_A,frame_003656
UAV-OBB/train/images/frame_003656_jpg.rf.79b2affeed94e17b9ca4c8d8e9407668.jpg,development_A,frame_003656
UAV-OBB/train/images/frame_003656_jpg.rf.f48dc132f65b6d9a48866505a0913a31.jpg,development_A,frame_003656
UAV-OBB/train/images/1000031376_frame_002_jpg.rf.85d25ea8db6bca3a5886593160e86970.jpg,reserve_B,1000031376_frame_002
UAV-OBB/train/images/1000031376_frame_002_jpg.rf.868e3837044b6094d304616b9ed9c059.jpg,reserve_B,1000031376_frame_002
UAV-OBB/train/images/1000031376_frame_002_jpg.rf.f4b30a9b611e99ea21cf74d6a2307964.jpg,reserve_B,1000031376_frame_002
UAV-OBB/train/images/1000031605_frame_003_jpg.rf.04b2311085101ea2109bf62eda3ba3a9.jpg,reserve_B,1000031605_frame_003
UAV-OBB/train/images/1000031605_frame_003_jpg.rf.91288ac43ebf15a58996fe681455ee11.jpg,reserve_B,1000031605_frame_003
UAV-OBB/train/images/1000031605_frame_003_jpg.rf.c6c80d1d8e891e8e64503ce6caf18bb3.jpg,reserve_B,1000031605_frame_003
UAV-OBB/train/images/1000031605_frame_012_jpg.rf.b5b212856d85ae8a3ada672157a1e136.jpg,reserve_B,1000031605_frame_012
UAV-OBB/train/images/1000031605_frame_012_jpg.rf.dc936ac4ce1211bdac2112d681b04f9d.jpg,reserve_B,1000031605_frame_012
UAV-OBB/train/images/1000031605_frame_012_jpg.rf.ffb8c5aaacd87c6be7ab508f3a10163f.jpg,reserve_B,1000031605_frame_012
UAV-OBB/train/images/1000031605_frame_013_jpg.rf.3bd122258e766f4a6c98eb6a7b62497e.jpg,reserve_B,1000031605_frame_013
UAV-OBB/train/images/1000031605_frame_013_jpg.rf.3f11c13daeda786638b365af52bb425b.jpg,reserve_B,1000031605_frame_013
UAV-OBB/train/images/1000031605_frame_013_jpg.rf.7dc1cbd2f258213a63de2a2da176dbef.jpg,reserve_B,1000031605_frame_013
UAV-OBB/train/images/1000031805_frame_002_jpg.rf.436da696cb86075905fbf423a89dfa2c.jpg,reserve_B,1000031805_frame_002
UAV-OBB/train/images/1000031805_frame_002_jpg.rf.49e9436a147b2312d8b8914e78972586.jpg,reserve_B,1000031805_frame_002
UAV-OBB/train/images/1000031805_frame_002_jpg.rf.68f733d12e30f0c61bd332acfe99a992.jpg,reserve_B,1000031805_frame_002
UAV-OBB/train/images/1000031805_frame_007_jpg.rf.02482f4406ea5922a19e02ffe9c36589.jpg,reserve_B,1000031805_frame_007
UAV-OBB/train/images/1000031805_frame_007_jpg.rf.6be46feb152cd03caf4d20affda0a5be.jpg,reserve_B,1000031805_frame_007
UAV-OBB/train/images/1000031805_frame_007_jpg.rf.a29936cde8bc3598f6a6503159c1a09a.jpg,reserve_B,1000031805_frame_007
UAV-OBB/train/images/1000031805_frame_025_jpg.rf.66fdde22bbf1bdf476375546dd3d6ff8.jpg,reserve_B,1000031805_frame_025
UAV-OBB/train/images/1000031805_frame_025_jpg.rf.7105dc85773da06ba73512893596c0a5.jpg,reserve_B,1000031805_frame_025
UAV-OBB/train/images/1000031805_frame_025_jpg.rf.717f742a0dd6c4b73be2a47bcaf7d1f1.jpg,reserve_B,1000031805_frame_025
UAV-OBB/train/images/1000031805_frame_029_jpg.rf.2c32114b4c0fc283a8d2c0023525e6d3.jpg,reserve_B,1000031805_frame_029
UAV-OBB/train/images/1000031805_frame_029_jpg.rf.9986159dd9cb78657b219d5681eaf0f6.jpg,reserve_B,1000031805_frame_029
UAV-OBB/train/images/1000031805_frame_029_jpg.rf.b17c24acc65374c591113d3f7ca93f35.jpg,reserve_B,1000031805_frame_029
UAV-OBB/train/images/1000031805_frame_045_jpg.rf.36496f41d7297b682217e98c961f15b5.jpg,reserve_B,1000031805_frame_045
UAV-OBB/train/images/1000031805_frame_045_jpg.rf.d9c1488f4690b71bb0ffae89070c66c4.jpg,reserve_B,1000031805_frame_045
UAV-OBB/train/images/1000031805_frame_045_jpg.rf.e612348114521c233b6a384c04b3ec44.jpg,reserve_B,1000031805_frame_045
UAV-OBB/train/images/1000031805_frame_049_jpg.rf.0b1922665e82a52e642ba67872af1f71.jpg,reserve_B,1000031805_frame_049
UAV-OBB/train/images/1000031805_frame_049_jpg.rf.35e9bd04594010663bc6011b7e17fa9f.jpg,reserve_B,1000031805_frame_049
UAV-OBB/train/images/1000031805_frame_049_jpg.rf.75effbc426554ef3a3474825ee1b19f8.jpg,reserve_B,1000031805_frame_049
UAV-OBB/train/images/1000031808_frame_001_jpg.rf.19a27554ce4c06bfa9b673143cde4afe.jpg,reserve_B,1000031808_frame_001
UAV-OBB/train/images/1000031808_frame_001_jpg.rf.4cdda0b652bdf928932a717bbaab76f5.jpg,reserve_B,1000031808_frame_001
UAV-OBB/train/images/1000031808_frame_001_jpg.rf.4f44ee6ce8f539c8edd60a06799d4695.jpg,reserve_B,1000031808_frame_001
UAV-OBB/train/images/1000031808_frame_006_jpg.rf.368738ba27fd695d361d84546dd0a18e.jpg,reserve_B,1000031808_frame_006
UAV-OBB/train/images/1000031808_frame_006_jpg.rf.aa3fc4a893275235a200ec132c5dcb85.jpg,reserve_B,1000031808_frame_006
UAV-OBB/train/images/1000031808_frame_006_jpg.rf.dab2d6bba5ab7a1373b4cae449e73511.jpg,reserve_B,1000031808_frame_006
UAV-OBB/train/images/1000031808_frame_010_jpg.rf.2ce2418c13bdd59d21661d072482ccbb.jpg,reserve_B,1000031808_frame_010
UAV-OBB/train/images/1000031808_frame_010_jpg.rf.c2acbc4bf1c518ef6689a2a6e5c8b7cf.jpg,reserve_B,1000031808_frame_010
UAV-OBB/train/images/1000031808_frame_010_jpg.rf.cd5680337635bb41a94a55d49fcafa37.jpg,reserve_B,1000031808_frame_010
UAV-OBB/train/images/1000031808_frame_012_jpg.rf.6176af40c5939144f0d3b77967e811b2.jpg,reserve_B,1000031808_frame_012
UAV-OBB/train/images/1000031808_frame_012_jpg.rf.6a9c65997944bf61e76a136b01a7e0d6.jpg,reserve_B,1000031808_frame_012
UAV-OBB/train/images/1000031808_frame_012_jpg.rf.c407f408a9cfc95c6ae510860e3f936c.jpg,reserve_B,1000031808_frame_012
UAV-OBB/train/images/1000031808_frame_019_jpg.rf.4f3624ba3def047ad927bd18b1d4ea97.jpg,reserve_B,1000031808_frame_019
UAV-OBB/train/images/1000031808_frame_019_jpg.rf.79619934ef3244acda07b0a35333b9e5.jpg,reserve_B,1000031808_frame_019
UAV-OBB/train/images/1000031808_frame_019_jpg.rf.83b7182109701b9752c31267a68e816f.jpg,reserve_B,1000031808_frame_019
UAV-OBB/train/images/1000031808_frame_022_jpg.rf.59fbe0e83277925170a77c5ed6e39069.jpg,reserve_B,1000031808_frame_022
UAV-OBB/train/images/1000031808_frame_022_jpg.rf.a5e7346962dd5621dd3e646db71bc698.jpg,reserve_B,1000031808_frame_022
UAV-OBB/train/images/1000031808_frame_022_jpg.rf.d8202810782ac47038b1a6e862d48d2e.jpg,reserve_B,1000031808_frame_022
UAV-OBB/train/images/DJI_20250526183651_0034_D-M4v_frame_001_jpg.rf.39d04252386b09b81184f919c099e419.jpg,reserve_B,dji_20250526183651_0034_d-m4v_frame_001
UAV-OBB/train/images/DJI_20250526183651_0034_D-M4v_frame_001_jpg.rf.4094b0cf24bb10d50067551fccf620b4.jpg,reserve_B,dji_20250526183651_0034_d-m4v_frame_001
UAV-OBB/train/images/DJI_20250526183651_0034_D-M4v_frame_001_jpg.rf.9d3a158a4df5116580bfd48bbe9632a1.jpg,reserve_B,dji_20250526183651_0034_d-m4v_frame_001
UAV-OBB/train/images/DJI_20250526183651_0034_D-M4v_frame_004_jpg.rf.af64d813ab947df72abfd08252f26c05.jpg,reserve_B,dji_20250526183651_0034_d-m4v_frame_004
UAV-OBB/train/images/DJI_20250526183651_0034_D-M4v_frame_004_jpg.rf.b9ffc05f2e4adc8e2030285d98bea2c4.jpg,reserve_B,dji_20250526183651_0034_d-m4v_frame_004
UAV-OBB/train/images/DJI_20250526183651_0034_D-M4v_frame_004_jpg.rf.c6f0e38201b2921aaf9e1430f4520052.jpg,reserve_B,dji_20250526183651_0034_d-m4v_frame_004
UAV-OBB/train/images/DJI_20250526183651_0034_D-M4v_frame_006_jpg.rf.5b87f6641b4dd2e527f8681a995792e5.jpg,reserve_B,dji_20250526183651_0034_d-m4v_frame_006
UAV-OBB/train/images/DJI_20250526183651_0034_D-M4v_frame_006_jpg.rf.6d07d1f9728c744c46dd8f3a4d76781a.jpg,reserve_B,dji_20250526183651_0034_d-m4v_frame_006
UAV-OBB/train/images/DJI_20250526183651_0034_D-M4v_frame_006_jpg.rf.ab9fa5b68befd5b46881d094b2f001c0.jpg,reserve_B,dji_20250526183651_0034_d-m4v_frame_006
UAV-OBB/train/images/DJI_20250526183651_0034_D-M4v_frame_009_jpg.rf.3a5037eff261e22ca2ff53f1bb9bd2c1.jpg,reserve_B,dji_20250526183651_0034_d-m4v_frame_009
UAV-OBB/train/images/DJI_20250526183651_0034_D-M4v_frame_009_jpg.rf.60d5ffe2906121080e44b646b94e1bf0.jpg,reserve_B,dji_20250526183651_0034_d-m4v_frame_009
UAV-OBB/train/images/DJI_20250526183651_0034_D-M4v_frame_009_jpg.rf.eb85e9264847be37bb4b41672c51c828.jpg,reserve_B,dji_20250526183651_0034_d-m4v_frame_009
UAV-OBB/train/images/DJI_20250526183651_0034_D-M4v_frame_012_jpg.rf.1d81995970ff723154f2a6f627f7205d.jpg,reserve_B,dji_20250526183651_0034_d-m4v_frame_012
UAV-OBB/train/images/DJI_20250526183651_0034_D-M4v_frame_012_jpg.rf.4b60db10645bd32b8faeecb506820f90.jpg,reserve_B,dji_20250526183651_0034_d-m4v_frame_012
UAV-OBB/train/images/DJI_20250526183651_0034_D-M4v_frame_012_jpg.rf.fc7ef917a00ed96743406b9baea1fc76.jpg,reserve_B,dji_20250526183651_0034_d-m4v_frame_012
UAV-OBB/train/images/DJI_20250526183651_0034_D-M4v_frame_013_jpg.rf.4544c8432f8eb9918c3e69695243352f.jpg,reserve_B,dji_20250526183651_0034_d-m4v_frame_013
UAV-OBB/train/images/DJI_20250526183651_0034_D-M4v_frame_013_jpg.rf.9f2cedfd2e06824aa146187ebdce2c7e.jpg,reserve_B,dji_20250526183651_0034_d-m4v_frame_013
UAV-OBB/train/images/DJI_20250526183651_0034_D-M4v_frame_013_jpg.rf.dc556f07eddef9029b5a1db9136cf4b3.jpg,reserve_B,dji_20250526183651_0034_d-m4v_frame_013
UAV-OBB/train/images/DJI_20250526183651_0034_D-M4v_frame_014_jpg.rf.38bb86964ae0823e585dde0f53206367.jpg,reserve_B,dji_20250526183651_0034_d-m4v_frame_014
UAV-OBB/train/images/DJI_20250526183651_0034_D-M4v_frame_014_jpg.rf.73b4b765dcd17dc7c19a9b9f7b86c289.jpg,reserve_B,dji_20250526183651_0034_d-m4v_frame_014
UAV-OBB/train/images/DJI_20250526183651_0034_D-M4v_frame_014_jpg.rf.9505429d401595d34f9296b4a7930568.jpg,reserve_B,dji_20250526183651_0034_d-m4v_frame_014
UAV-OBB/train/images/DJI_20260303194434_0207_D-M4v_frame_015_jpg.rf.0dae76053f300257e343b0366e06fa6e.jpg,reserve_B,dji_20260303194434_0207_d-m4v_frame_015
UAV-OBB/train/images/DJI_20260303194434_0207_D-M4v_frame_015_jpg.rf.4a7fa024d9578972cf37326d01ebe55c.jpg,reserve_B,dji_20260303194434_0207_d-m4v_frame_015
UAV-OBB/train/images/DJI_20260303194434_0207_D-M4v_frame_015_jpg.rf.4b3313bd2a9444e26c9cdcc3f484846d.jpg,reserve_B,dji_20260303194434_0207_d-m4v_frame_015
UAV-OBB/train/images/DJI_20260303194434_0207_D-M4v_frame_017_jpg.rf.9642642ced0f07737b4d66f18ec388c6.jpg,reserve_B,dji_20260303194434_0207_d-m4v_frame_017
UAV-OBB/train/images/DJI_20260303194434_0207_D-M4v_frame_017_jpg.rf.9cf20aa230758f96293c6d7bb7f3b68e.jpg,reserve_B,dji_20260303194434_0207_d-m4v_frame_017
UAV-OBB/train/images/DJI_20260303194434_0207_D-M4v_frame_017_jpg.rf.aada1a341c6e6282bb8afe096f4c7a21.jpg,reserve_B,dji_20260303194434_0207_d-m4v_frame_017
UAV-OBB/train/images/DJI_20260303194434_0207_D-M4v_frame_018_jpg.rf.324cf19a0b9815c5053a185de40379d8.jpg,reserve_B,dji_20260303194434_0207_d-m4v_frame_018
UAV-OBB/train/images/DJI_20260303194434_0207_D-M4v_frame_018_jpg.rf.ea4a84c8e5bca64bf6ef39b2d8d65546.jpg,reserve_B,dji_20260303194434_0207_d-m4v_frame_018
UAV-OBB/train/images/DJI_20260303194434_0207_D-M4v_frame_018_jpg.rf.f58d73b11a70218fbc95ff5296ceedf6.jpg,reserve_B,dji_20260303194434_0207_d-m4v_frame_018
UAV-OBB/train/images/DJI_20260303194434_0207_D-M4v_frame_022_jpg.rf.b1de16a4bb0cb249256b7094952f58d6.jpg,reserve_B,dji_20260303194434_0207_d-m4v_frame_022
UAV-OBB/train/images/DJI_20260303194434_0207_D-M4v_frame_022_jpg.rf.ba311676e9a2a504971ac84d2ccb4e02.jpg,reserve_B,dji_20260303194434_0207_d-m4v_frame_022
UAV-OBB/train/images/DJI_20260303194434_0207_D-M4v_frame_022_jpg.rf.fcf279cefffc6fc22f2959847e4dad35.jpg,reserve_B,dji_20260303194434_0207_d-m4v_frame_022
UAV-OBB/train/images/IMG20251225083640_jpg.rf.49b8c3d975d9376ceb7c8a1cbca17500.jpg,reserve_B,img20251225083640
UAV-OBB/train/images/IMG20251225083640_jpg.rf.c13fc69bb29882d7f8ffe746fbeceb5b.jpg,reserve_B,img20251225083640
UAV-OBB/train/images/IMG20251225083640_jpg.rf.ce126a2d37551ced1f8611d7312363de.jpg,reserve_B,img20251225083640
UAV-OBB/train/images/IMG20251225083700_jpg.rf.159324f4a3b9af41ba8663d723bb56b1.jpg,reserve_B,img20251225083700
UAV-OBB/train/images/IMG20251225083700_jpg.rf.37d1da2df33ab0d8adbafb845e6aab47.jpg,reserve_B,img20251225083700
UAV-OBB/train/images/IMG20251225083700_jpg.rf.bf0c3d6eab5c6e5d5302aa6b3582db21.jpg,reserve_B,img20251225083700
UAV-OBB/train/images/IMG20251225083715_jpg.rf.e2b21741769c75ddb30050c7529f5036.jpg,reserve_B,img20251225083715
UAV-OBB/train/images/IMG20251225083715_jpg.rf.ee3d3fca57a4cca082d8c6b33c88276f.jpg,reserve_B,img20251225083715
UAV-OBB/train/images/IMG20251225083715_jpg.rf.f9f200c1a5eeba20d1e3da181741968a.jpg,reserve_B,img20251225083715
UAV-OBB/train/images/IMG20251225083718_jpg.rf.42745f2fbb58b01650505bb0276a92c7.jpg,reserve_B,img20251225083718
UAV-OBB/train/images/IMG20251225083718_jpg.rf.53c8d194d7a2ee459fb7a1dd2e06bf95.jpg,reserve_B,img20251225083718
UAV-OBB/train/images/IMG20251225083718_jpg.rf.fbc40f8b0a8d263c83d0249001b389a7.jpg,reserve_B,img20251225083718
UAV-OBB/train/images/IMG20251225083723_jpg.rf.36afe12b00e7044f5168e154f0f0255d.jpg,reserve_B,img20251225083723
UAV-OBB/train/images/IMG20251225083723_jpg.rf.91a1bed2b47fee338b20e91ce639842f.jpg,reserve_B,img20251225083723
UAV-OBB/train/images/IMG20251225083723_jpg.rf.dffe25d37d2e36e3f4e2cfc6f01a557c.jpg,reserve_B,img20251225083723
UAV-OBB/train/images/IMG20251225083726_jpg.rf.63401f1a6067016903596f4d2c9ab656.jpg,reserve_B,img20251225083726
UAV-OBB/train/images/IMG20251225083726_jpg.rf.6cbb8cb3671a28ebd8de92689059cd13.jpg,reserve_B,img20251225083726
UAV-OBB/train/images/IMG20251225083726_jpg.rf.ceae0ae3895bc3c539a2a661823078a0.jpg,reserve_B,img20251225083726
UAV-OBB/train/images/IMG20251225083735_jpg.rf.334c0bfa35f51655c11ddc511375262a.jpg,reserve_B,img20251225083735
UAV-OBB/train/images/IMG20251225083735_jpg.rf.3c45dd1971358e5e37a319aa69195da9.jpg,reserve_B,img20251225083735
UAV-OBB/train/images/IMG20251225083735_jpg.rf.3e094432a455dfeafa618be2ddcf2c0e.jpg,reserve_B,img20251225083735
UAV-OBB/train/images/IMG20251225083736_01_jpg.rf.3092ae5d931bd85d38811bb0708238c0.jpg,reserve_B,img20251225083736_01
UAV-OBB/train/images/IMG20251225083736_01_jpg.rf.62e3b0f2ad0e73d59d22c41543c73fd1.jpg,reserve_B,img20251225083736_01
UAV-OBB/train/images/IMG20251225083736_01_jpg.rf.a8aa1db9ce2fdd22a626f970117dcf75.jpg,reserve_B,img20251225083736_01
UAV-OBB/train/images/IMG20251225083736_jpg.rf.65db1f11165ff764f04c0fea823bed89.jpg,reserve_B,img20251225083736
UAV-OBB/train/images/IMG20251225083736_jpg.rf.85055145e03cf28f884a14873e1fc6e9.jpg,reserve_B,img20251225083736
UAV-OBB/train/images/IMG20251225083736_jpg.rf.9ad0a7b338b8ddc9fefdae2d126813d3.jpg,reserve_B,img20251225083736
UAV-OBB/train/images/IMG20251225083737_jpg.rf.7dd1ad702b7b8e2102efda79e5712b92.jpg,reserve_B,img20251225083737
UAV-OBB/train/images/IMG20251225083737_jpg.rf.94f6d089a1f7b75ccb1c8c02d270a797.jpg,reserve_B,img20251225083737
UAV-OBB/train/images/IMG20251225083737_jpg.rf.c737e743dfdf48a539f07cc459c2264c.jpg,reserve_B,img20251225083737
UAV-OBB/train/images/IMG20251225083742_jpg.rf.037502f6f95e92852e07a534f0b47216.jpg,reserve_B,img20251225083742
UAV-OBB/train/images/IMG20251225083742_jpg.rf.488d51d9ba9609c65f19af86cbf0871d.jpg,reserve_B,img20251225083742
UAV-OBB/train/images/IMG20251225083742_jpg.rf.80e88465edde7d63710a862c6c3f526b.jpg,reserve_B,img20251225083742
UAV-OBB/train/images/IMG20251225083744_jpg.rf.51effba84f7cd0e4ac61015983641519.jpg,reserve_B,img20251225083744
UAV-OBB/train/images/IMG20251225083744_jpg.rf.c08daff03fb36dcdcb476274a2f20655.jpg,reserve_B,img20251225083744
UAV-OBB/train/images/IMG20251225083744_jpg.rf.d66d8f592443a2685aee0d1c176c1bf2.jpg,reserve_B,img20251225083744
UAV-OBB/train/images/IMG20251225083745_01_jpg.rf.17080781cf808f70d936a561d7eb8282.jpg,reserve_B,img20251225083745_01
UAV-OBB/train/images/IMG20251225083745_01_jpg.rf.2d1a18da5137b10f11e2800cd5e199a8.jpg,reserve_B,img20251225083745_01
UAV-OBB/train/images/IMG20251225083745_01_jpg.rf.ef2dc0ea1b797af7cbe911828377dbd4.jpg,reserve_B,img20251225083745_01
UAV-OBB/train/images/IMG20251225083745_jpg.rf.2949e75c8c9a90296b947d067d0bf2a6.jpg,reserve_B,img20251225083745
UAV-OBB/train/images/IMG20251225083745_jpg.rf.529e5d5654ddad3441173950ec23d1f8.jpg,reserve_B,img20251225083745
UAV-OBB/train/images/IMG20251225083745_jpg.rf.cc6a88b2cc612e1a2d8bce70c0299cfb.jpg,reserve_B,img20251225083745
UAV-OBB/train/images/IMG20251225083746_jpg.rf.50803a689966857ada3dc1e17b11d31a.jpg,reserve_B,img20251225083746
UAV-OBB/train/images/IMG20251225083746_jpg.rf.a917c8c791de369bf589c5886c5e4343.jpg,reserve_B,img20251225083746
UAV-OBB/train/images/IMG20251225083746_jpg.rf.b16de4d9fe6ebfab4cda5c270b5647a1.jpg,reserve_B,img20251225083746
UAV-OBB/train/images/IMG20251225083747_01_jpg.rf.2f795b38250775713026034b2e5469b7.jpg,reserve_B,img20251225083747_01
UAV-OBB/train/images/IMG20251225083747_01_jpg.rf.53d82ed2c3d0e6cd14cef2a614a572db.jpg,reserve_B,img20251225083747_01
UAV-OBB/train/images/IMG20251225083747_01_jpg.rf.739a1675e44128bd888cbbd9dcf84993.jpg,reserve_B,img20251225083747_01
UAV-OBB/train/images/IMG20251225083747_jpg.rf.2664442fc4b9577d84e6bdc44d969a35.jpg,reserve_B,img20251225083747
UAV-OBB/train/images/IMG20251225083747_jpg.rf.68f2b1d2478d2831c3d1eb4da91394ec.jpg,reserve_B,img20251225083747
UAV-OBB/train/images/IMG20251225083747_jpg.rf.ad28eefe87a8faea484b771a46c221b8.jpg,reserve_B,img20251225083747
UAV-OBB/train/images/IMG20251225083748_jpg.rf.00b076aa3f686d51a8622bb3345e28b7.jpg,reserve_B,img20251225083748
UAV-OBB/train/images/IMG20251225083748_jpg.rf.0ac94e276d08e57d6c91f96429ee5b63.jpg,reserve_B,img20251225083748
UAV-OBB/train/images/IMG20251225083748_jpg.rf.3fd5f68ef13901e458e0ea910c1e1f06.jpg,reserve_B,img20251225083748
UAV-OBB/train/images/IMG20251225083803_jpg.rf.02aaf081c175a8f1340d7d231947ccea.jpg,reserve_B,img20251225083803
UAV-OBB/train/images/IMG20251225083803_jpg.rf.1e59a18a87a3f4e3407c642db3ddc6e1.jpg,reserve_B,img20251225083803
UAV-OBB/train/images/IMG20251225083803_jpg.rf.3c015aec13469060dbde4d21c4d83063.jpg,reserve_B,img20251225083803
UAV-OBB/train/images/IMG20251225083820_jpg.rf.2b15f1a750f6eb1e768e0de73a46472b.jpg,reserve_B,img20251225083820
UAV-OBB/train/images/IMG20251225083820_jpg.rf.4a7a7c6829d07018c8c1c5335ede1336.jpg,reserve_B,img20251225083820
UAV-OBB/train/images/IMG20251225083820_jpg.rf.b34674bb3a48b21a881b9f22512daae7.jpg,reserve_B,img20251225083820
UAV-OBB/train/images/IMG20251225095258_jpg.rf.207ae0030eaf1d2f139c761678a925c7.jpg,reserve_B,img20251225095258
UAV-OBB/train/images/IMG20251225095258_jpg.rf.59b1faaf0e2ccbbdfcfaaf807f1d8194.jpg,reserve_B,img20251225095258
UAV-OBB/train/images/IMG20251225095258_jpg.rf.5ba2abe5bef884b5854304c46c67e346.jpg,reserve_B,img20251225095258
UAV-OBB/train/images/IMG20251225095300_jpg.rf.65530289d63a8ff80abe87404ea1e7a9.jpg,reserve_B,img20251225095300
UAV-OBB/train/images/IMG20251225095300_jpg.rf.758f7bdec389f9d4c97ef3614cc6ee83.jpg,reserve_B,img20251225095300
UAV-OBB/train/images/IMG20251225095300_jpg.rf.d64a827f4b46d3d3f3170ae528a3c63b.jpg,reserve_B,img20251225095300
UAV-OBB/train/images/IMG20251225095303_jpg.rf.6a8d7edd89718d271a23ee09442f8139.jpg,reserve_B,img20251225095303
UAV-OBB/train/images/IMG20251225095303_jpg.rf.81eb66f70b885268e54c47fd26853b4d.jpg,reserve_B,img20251225095303
UAV-OBB/train/images/IMG20251225095303_jpg.rf.bd6a21f2205a0d81f462648729f343b7.jpg,reserve_B,img20251225095303
UAV-OBB/train/images/IMG20251225095318_jpg.rf.21c5899ab9695df8aa1765e1ca0e6805.jpg,reserve_B,img20251225095318
UAV-OBB/train/images/IMG20251225095318_jpg.rf.38df61b14207f65a7b76bdfb02a5ab9e.jpg,reserve_B,img20251225095318
UAV-OBB/train/images/IMG20251225095318_jpg.rf.cbe85e0149d9a5d864fa247826a5984e.jpg,reserve_B,img20251225095318
UAV-OBB/train/images/IMG20251226121558_jpg.rf.149de8daa41968a72bb2ac08d4d426f7.jpg,reserve_B,img20251226121558
UAV-OBB/train/images/IMG20251226121558_jpg.rf.90e759f13825e8a048d74eff6db4fc95.jpg,reserve_B,img20251226121558
UAV-OBB/train/images/IMG20251226121558_jpg.rf.f71d1be8e72769f73453752c9dc6cd89.jpg,reserve_B,img20251226121558
UAV-OBB/train/images/IMG20251228123340_jpg.rf.3089c42b7b36b6939e16065840c8a934.jpg,reserve_B,img20251228123340
UAV-OBB/train/images/IMG20251228123340_jpg.rf.4fe4a642f864fca4e5c62903136c57c5.jpg,reserve_B,img20251228123340
UAV-OBB/train/images/IMG20251228123340_jpg.rf.e840209724acaa4ad17b53d7973cc876.jpg,reserve_B,img20251228123340
UAV-OBB/train/images/IMG20251228123421_jpg.rf.1f2f848340cb17faa467d39bb8724c58.jpg,reserve_B,img20251228123421
UAV-OBB/train/images/IMG20251228123421_jpg.rf.7521d4e96ad7a4d0e56a881420487f1e.jpg,reserve_B,img20251228123421
UAV-OBB/train/images/IMG20251228123421_jpg.rf.d20296f0edaafe1f5526554afd16da1c.jpg,reserve_B,img20251228123421
UAV-OBB/train/images/IMG20251228123538_jpg.rf.489aacddf1d4c905c829648cb1d8ab8e.jpg,reserve_B,img20251228123538
UAV-OBB/train/images/IMG20251228123538_jpg.rf.d11a66fb179aeea02bc53aec64a60bf6.jpg,reserve_B,img20251228123538
UAV-OBB/train/images/IMG20251228123538_jpg.rf.fc229562b36d7e127db5ccc1714c9afe.jpg,reserve_B,img20251228123538
UAV-OBB/train/images/IMG20251228132019_jpg.rf.22307e6bbaab60539b5b464067d91b48.jpg,reserve_B,img20251228132019
UAV-OBB/train/images/IMG20251228132019_jpg.rf.55b93acb894e5643c52edb5ed54fbbec.jpg,reserve_B,img20251228132019
UAV-OBB/train/images/IMG20251228132019_jpg.rf.cea47ecdb844fca2710029c4c1cb5fa2.jpg,reserve_B,img20251228132019
UAV-OBB/train/images/IMG20251228132145_jpg.rf.4c4b06f73721816fb2045487a638316c.jpg,reserve_B,img20251228132145
UAV-OBB/train/images/IMG20251228132145_jpg.rf.d76ea008ea1495cdd184f4b69284afd4.jpg,reserve_B,img20251228132145
UAV-OBB/train/images/IMG20251228132145_jpg.rf.e5859106708e5d680ecc8a72f835cac1.jpg,reserve_B,img20251228132145
UAV-OBB/train/images/IMG20251230173116_jpg.rf.0f07e7c2afb214fc0cb9efbbff4e62a6.jpg,reserve_B,img20251230173116
UAV-OBB/train/images/IMG20251230173116_jpg.rf.275ac39677bdb923b07ed846d3b3e088.jpg,reserve_B,img20251230173116
UAV-OBB/train/images/IMG20251230173116_jpg.rf.35d72ff3892ba0f0cb9be05343be943f.jpg,reserve_B,img20251230173116
UAV-OBB/train/images/IMG20251231082318_jpg.rf.192b16a4b0ab7907e5992e92effcff20.jpg,reserve_B,img20251231082318
UAV-OBB/train/images/IMG20251231082318_jpg.rf.3db92e998efbb46b9820186cf582cd26.jpg,reserve_B,img20251231082318
UAV-OBB/train/images/IMG20251231082318_jpg.rf.a360b9ebed168bcac81c0761ac3c4c9c.jpg,reserve_B,img20251231082318
UAV-OBB/train/images/IMG20260102131311_jpg.rf.12f00498a32bd0c04a2da9519ed95ac0.jpg,reserve_B,img20260102131311
UAV-OBB/train/images/Untitled-1w-copy_jpg.rf.458d59c0d5c8f209a35e2da063b3e5fa.jpg,reserve_B,untitled-1w-copy
UAV-OBB/train/images/Untitled-1w-copy_jpg.rf.ad6efee3d3f98f9e05e2ef496e7cc4ce.jpg,reserve_B,untitled-1w-copy
UAV-OBB/train/images/Untitled-1w-copy_jpg.rf.f862a5de51f898cb08acecfd10a2d745.jpg,reserve_B,untitled-1w-copy
UAV-OBB/train/images/Untitled-2_png.rf.38be3e619b5ca2f18822d1ded3134d5a.jpg,reserve_B,untitled-2_png.rf.38be3e619b5ca2f18822d1ded3134d5a
UAV-OBB/train/images/Untitled-2_png.rf.d26bae3ca5a1e8064245b57bb3d94d1a.jpg,reserve_B,untitled-2_png.rf.d26bae3ca5a1e8064245b57bb3d94d1a
UAV-OBB/train/images/Untitled-2_png.rf.fef01e4b6574fced3fce95e27c0e829a.jpg,reserve_B,untitled-2_png.rf.fef01e4b6574fced3fce95e27c0e829a
UAV-OBB/train/images/VE-Project-24_mp4-0001_jpg.rf.6abbdea50f9e470778becc471e3dd570.jpg,reserve_B,ve-project-24_mp4-0001
UAV-OBB/train/images/VE-Project-24_mp4-0001_jpg.rf.d998381b730694988ef45f460d805c41.jpg,reserve_B,ve-project-24_mp4-0001
UAV-OBB/train/images/VE-Project-24_mp4-0001_jpg.rf.e4c39d142dc05e3373cd48e585de30ec.jpg,reserve_B,ve-project-24_mp4-0001
UAV-OBB/train/images/VE-Project-24_mp4-0004_jpg.rf.3091aab620fdd1620005508df4e77766.jpg,reserve_B,ve-project-24_mp4-0004
UAV-OBB/train/images/VE-Project-24_mp4-0004_jpg.rf.90fc7477d68681e48b022b3ec2a82472.jpg,reserve_B,ve-project-24_mp4-0004
UAV-OBB/train/images/VE-Project-24_mp4-0004_jpg.rf.c0f5928687aace4ddd73cd812c486d57.jpg,reserve_B,ve-project-24_mp4-0004
UAV-OBB/train/images/VE-Project-24_mp4-0007_jpg.rf.6883f6e1f36818937d2af090d8187a09.jpg,reserve_B,ve-project-24_mp4-0007
UAV-OBB/train/images/VE-Project-24_mp4-0007_jpg.rf.741bf434a1ca85a5052e71ffe7b7204f.jpg,reserve_B,ve-project-24_mp4-0007
UAV-OBB/train/images/VE-Project-24_mp4-0007_jpg.rf.798abebe016eb0d41f6bcbfef5c448df.jpg,reserve_B,ve-project-24_mp4-0007
UAV-OBB/train/images/VE-Project-24_mp4-0009_jpg.rf.35703c29c5ed21186e6b1a7b8427e4c1.jpg,reserve_B,ve-project-24_mp4-0009
UAV-OBB/train/images/VE-Project-24_mp4-0009_jpg.rf.57d85f66071fe889c08b59aa2d5cd4d1.jpg,reserve_B,ve-project-24_mp4-0009
UAV-OBB/train/images/VE-Project-24_mp4-0009_jpg.rf.f1d33719ff190aa7eec8add001e6f423.jpg,reserve_B,ve-project-24_mp4-0009
UAV-OBB/train/images/VE-Project-24_mp4-0010_jpg.rf.090a29a44c2ef5c21e8b8b3ea9ae6ec2.jpg,reserve_B,ve-project-24_mp4-0010
UAV-OBB/train/images/VE-Project-24_mp4-0010_jpg.rf.428ab3e66333d72a833485570435628f.jpg,reserve_B,ve-project-24_mp4-0010
UAV-OBB/train/images/VE-Project-24_mp4-0010_jpg.rf.52cfc94763045d0ffddfc3298cb8bba8.jpg,reserve_B,ve-project-24_mp4-0010
UAV-OBB/train/images/VE-Project-24_mp4-0012_jpg.rf.19dedd92e4a82e0a49e6be60c65bffe2.jpg,reserve_B,ve-project-24_mp4-0012
UAV-OBB/train/images/VE-Project-24_mp4-0012_jpg.rf.8945b6407b517f1eb7ff9fbe9a8970b6.jpg,reserve_B,ve-project-24_mp4-0012
UAV-OBB/train/images/VE-Project-24_mp4-0012_jpg.rf.971ac2eef2b6e92cff5b5566d015efe3.jpg,reserve_B,ve-project-24_mp4-0012
UAV-OBB/train/images/VE-Project-24_mp4-0014_jpg.rf.38da2b4f0f5d588a012802fe8cc68f86.jpg,reserve_B,ve-project-24_mp4-0014
UAV-OBB/train/images/VE-Project-24_mp4-0014_jpg.rf.3b4f0fa852278ed9f02be2ee9af1d47e.jpg,reserve_B,ve-project-24_mp4-0014
UAV-OBB/train/images/VE-Project-24_mp4-0014_jpg.rf.caed148a5394fa61158b83f4bf673e31.jpg,reserve_B,ve-project-24_mp4-0014
UAV-OBB/train/images/VE-Project-24_mp4-0015_jpg.rf.5f47a33fdc43b315c5f76418c1220dd8.jpg,reserve_B,ve-project-24_mp4-0015
UAV-OBB/train/images/VE-Project-24_mp4-0015_jpg.rf.6b2e9e54c1d515206f527be45f3fbe07.jpg,reserve_B,ve-project-24_mp4-0015
UAV-OBB/train/images/VE-Project-24_mp4-0015_jpg.rf.fd66f6a372abf9575aee01ec9935c6e4.jpg,reserve_B,ve-project-24_mp4-0015
UAV-OBB/train/images/VE-Project-24_mp4-0016_jpg.rf.15b4d6ff160384a6bab50cf6bceb050e.jpg,reserve_B,ve-project-24_mp4-0016
UAV-OBB/train/images/VE-Project-24_mp4-0016_jpg.rf.378aa6fd1678db170a7f299b608f263d.jpg,reserve_B,ve-project-24_mp4-0016
UAV-OBB/train/images/VE-Project-24_mp4-0016_jpg.rf.e4313e1a68f4366e80cc7b025eb5669d.jpg,reserve_B,ve-project-24_mp4-0016
UAV-OBB/train/images/VE-Project-24_mp4-0018_jpg.rf.08498b761fc4a8362f94c53b68a994b1.jpg,reserve_B,ve-project-24_mp4-0018
UAV-OBB/train/images/VE-Project-24_mp4-0018_jpg.rf.3db9bbfdd0be2cb3faf2d84ac6c28740.jpg,reserve_B,ve-project-24_mp4-0018
UAV-OBB/train/images/VE-Project-24_mp4-0018_jpg.rf.d8ae5b0dc453b18755c5be33a17362bf.jpg,reserve_B,ve-project-24_mp4-0018
UAV-OBB/train/images/VE-Project-24_mp4-0021_jpg.rf.91dc45bc90ec7cbaff7b3e2aab1ebac5.jpg,reserve_B,ve-project-24_mp4-0021
UAV-OBB/train/images/VE-Project-24_mp4-0021_jpg.rf.e9dd8c9929ded15b5718f0c3240ae648.jpg,reserve_B,ve-project-24_mp4-0021
UAV-OBB/train/images/VE-Project-24_mp4-0021_jpg.rf.ea20a3843d90c8d727d18c6017c3c55c.jpg,reserve_B,ve-project-24_mp4-0021
UAV-OBB/train/images/VE-Project-24_mp4-0022_jpg.rf.1a9abd16c99015de1c079e42856cb9de.jpg,reserve_B,ve-project-24_mp4-0022
UAV-OBB/train/images/VE-Project-24_mp4-0022_jpg.rf.4705a0213708a242f79af1c9da422f21.jpg,reserve_B,ve-project-24_mp4-0022
UAV-OBB/train/images/VE-Project-24_mp4-0022_jpg.rf.d84667f12936a8d44e18ade144a53558.jpg,reserve_B,ve-project-24_mp4-0022
UAV-OBB/train/images/VE-Project-24_mp4-0024_jpg.rf.1ceaa63122923099016d7cc2675fe08e.jpg,reserve_B,ve-project-24_mp4-0024
UAV-OBB/train/images/VE-Project-24_mp4-0024_jpg.rf.83bba02e9ec278a9ef84affb45debadf.jpg,reserve_B,ve-project-24_mp4-0024
UAV-OBB/train/images/VE-Project-24_mp4-0024_jpg.rf.e9d641add66a7a100f98a39c262ca45c.jpg,reserve_B,ve-project-24_mp4-0024
UAV-OBB/train/images/VE-Project-24_mp4-0027_jpg.rf.c674ea4fdb283b8bb61cda4062ac1bd2.jpg,reserve_B,ve-project-24_mp4-0027
UAV-OBB/train/images/VE-Project-24_mp4-0027_jpg.rf.e1324fcd215307d75d2eed1422d9d8cf.jpg,reserve_B,ve-project-24_mp4-0027
UAV-OBB/train/images/VE-Project-24_mp4-0027_jpg.rf.ed9aba0b510a5fcef5d6c0d3672d7213.jpg,reserve_B,ve-project-24_mp4-0027
UAV-OBB/train/images/VE-Project-24_mp4-0030_jpg.rf.0cc165352174529741d6e385aced9675.jpg,reserve_B,ve-project-24_mp4-0030
UAV-OBB/train/images/VE-Project-24_mp4-0030_jpg.rf.c47f85c7569c6d5533f105e22314d0f5.jpg,reserve_B,ve-project-24_mp4-0030
UAV-OBB/train/images/VE-Project-24_mp4-0030_jpg.rf.ebe9b8910b675d9cfc904e407534d204.jpg,reserve_B,ve-project-24_mp4-0030
UAV-OBB/train/images/VID20251219083918_frame_017_jpg.rf.d4db54c1c06439e127bc633bd5361bde.jpg,reserve_B,vid20251219083918_frame_017
UAV-OBB/train/images/VID20251219083918_frame_019_jpg.rf.c91f4b8aadf60393d87ee2f424296414.jpg,reserve_B,vid20251219083918_frame_019
UAV-OBB/train/images/VID20251222082657_mp4-0132_jpg.rf.21970a397e5b6f19a9cef7c500d20e23.jpg,reserve_B,vid20251222082657_mp4-0132
UAV-OBB/train/images/VID20251222082657_mp4-0132_jpg.rf.69fed9a720f4d077a832e2e9bf1ce1a9.jpg,reserve_B,vid20251222082657_mp4-0132
UAV-OBB/train/images/VID20251222082657_mp4-0132_jpg.rf.c965fde09446114e8fb254486e74fb4d.jpg,reserve_B,vid20251222082657_mp4-0132
UAV-OBB/train/images/VID20251222082657_mp4-0161_jpg.rf.85b19ebd2db32daed5fcfac621d5dfe8.jpg,reserve_B,vid20251222082657_mp4-0161
UAV-OBB/train/images/VID20251222082657_mp4-0161_jpg.rf.d1708416dcbf4033442cc1ccbdbe8b59.jpg,reserve_B,vid20251222082657_mp4-0161
UAV-OBB/train/images/VID20251222082657_mp4-0161_jpg.rf.ec41a53125671c750f6b963e423adce2.jpg,reserve_B,vid20251222082657_mp4-0161
UAV-OBB/train/images/VID20251222082657_mp4-0164_jpg.rf.711bed5b1704aafb70d378b0c914f54e.jpg,reserve_B,vid20251222082657_mp4-0164
UAV-OBB/train/images/VID20251222082657_mp4-0164_jpg.rf.9d2ae18443539768977c3f1d10da53e5.jpg,reserve_B,vid20251222082657_mp4-0164
UAV-OBB/train/images/VID20251222082657_mp4-0164_jpg.rf.ebe3bc01b7763267cb93926bf1c31f17.jpg,reserve_B,vid20251222082657_mp4-0164
UAV-OBB/train/images/VID20251222082657_mp4-0178_jpg.rf.19797ce546f0b86d129f097605c8f8ba.jpg,reserve_B,vid20251222082657_mp4-0178
UAV-OBB/train/images/VID20251222082657_mp4-0178_jpg.rf.73c36abdde5f045251faaaf2079ae131.jpg,reserve_B,vid20251222082657_mp4-0178
UAV-OBB/train/images/VID20251222082657_mp4-0178_jpg.rf.f386592aff8998f694e16b3edca5de02.jpg,reserve_B,vid20251222082657_mp4-0178
UAV-OBB/train/images/VID20251222082657_mp4-0182_jpg.rf.2cf56c0540a9c5035467620f15120018.jpg,reserve_B,vid20251222082657_mp4-0182
UAV-OBB/train/images/VID20251222082657_mp4-0182_jpg.rf.606350cd925823e859b6537499e1cd67.jpg,reserve_B,vid20251222082657_mp4-0182
UAV-OBB/train/images/VID20251222082657_mp4-0182_jpg.rf.a626f51bc1700e858e86462eea1ce44d.jpg,reserve_B,vid20251222082657_mp4-0182
UAV-OBB/train/images/VID20251222082657_mp4-0185_jpg.rf.148737062a36abd31da0d50828c752d9.jpg,reserve_B,vid20251222082657_mp4-0185
UAV-OBB/train/images/VID20251222082657_mp4-0185_jpg.rf.4052f41a669f0bec8128cdbb4414c054.jpg,reserve_B,vid20251222082657_mp4-0185
UAV-OBB/train/images/VID20251222082657_mp4-0185_jpg.rf.c8df629c283336a73f8b7790d9cd9bfa.jpg,reserve_B,vid20251222082657_mp4-0185
UAV-OBB/train/images/VID20251222082657_mp4-0193_jpg.rf.6abb470cf794be45d2d32d6c054994bc.jpg,reserve_B,vid20251222082657_mp4-0193
UAV-OBB/train/images/VID20251222082657_mp4-0193_jpg.rf.8950f4a0300bc20593b90107c836626d.jpg,reserve_B,vid20251222082657_mp4-0193
UAV-OBB/train/images/VID20251222082657_mp4-0193_jpg.rf.c689a51fd67e7bc3b13acae29b3026c4.jpg,reserve_B,vid20251222082657_mp4-0193
UAV-OBB/train/images/VID20251222082657_mp4-0212_jpg.rf.3c856d551dd6a068d1e35e691f498cb9.jpg,reserve_B,vid20251222082657_mp4-0212
UAV-OBB/train/images/VID20251222082657_mp4-0212_jpg.rf.655176911a3b34725b90691e884d96a2.jpg,reserve_B,vid20251222082657_mp4-0212
UAV-OBB/train/images/VID20251222082657_mp4-0212_jpg.rf.ce5dfa0f91936d194787083ca0c38e66.jpg,reserve_B,vid20251222082657_mp4-0212
UAV-OBB/train/images/VID20251222082657_mp4-0223_jpg.rf.1d8563489e312dc4bb1aa0f624104909.jpg,reserve_B,vid20251222082657_mp4-0223
UAV-OBB/train/images/VID20251222082657_mp4-0223_jpg.rf.25aa7b1dff0a135d26ce799d3de673da.jpg,reserve_B,vid20251222082657_mp4-0223
UAV-OBB/train/images/VID20251222082657_mp4-0223_jpg.rf.f896afaa4b9ed9b58c260e5e1eac8319.jpg,reserve_B,vid20251222082657_mp4-0223
UAV-OBB/train/images/VID20251222082657_mp4-0636_jpg.rf.1d2be3a6c69efb2737ba153ee72a95f8.jpg,reserve_B,vid20251222082657_mp4-0636
UAV-OBB/train/images/VID20251222082657_mp4-0636_jpg.rf.53a5ce358cc4495f6bbf41b60af6aa70.jpg,reserve_B,vid20251222082657_mp4-0636
UAV-OBB/train/images/VID20251222082657_mp4-0636_jpg.rf.9e4cbc960f863a6dca87a178a54f45bc.jpg,reserve_B,vid20251222082657_mp4-0636
UAV-OBB/train/images/VID20251222161918_mp4-0148_jpg.rf.7b44d85638c563c218a25cf5805a6728.jpg,reserve_B,vid20251222161918_mp4-0148
UAV-OBB/train/images/VID20251222161918_mp4-0148_jpg.rf.ac17fcc4217d541ca677c0fd2c6ba87c.jpg,reserve_B,vid20251222161918_mp4-0148
UAV-OBB/train/images/VID20251222161918_mp4-0148_jpg.rf.cf8840c079c8396ece150091515db10b.jpg,reserve_B,vid20251222161918_mp4-0148
UAV-OBB/train/images/VID20251222161918_mp4-0151_jpg.rf.9512c8c8da1241e80d6c89826688c6a4.jpg,reserve_B,vid20251222161918_mp4-0151
UAV-OBB/train/images/VID20251222161918_mp4-0151_jpg.rf.ad45dba08299a1650656ccd4da04c46c.jpg,reserve_B,vid20251222161918_mp4-0151
UAV-OBB/train/images/VID20251222161918_mp4-0151_jpg.rf.dfcd623d041669b669844a8e91ae6f39.jpg,reserve_B,vid20251222161918_mp4-0151
UAV-OBB/train/images/VID20251222161918_mp4-0157_jpg.rf.66b63a0bd29499f83fd863fdb6481b72.jpg,reserve_B,vid20251222161918_mp4-0157
UAV-OBB/train/images/VID20251222161918_mp4-0157_jpg.rf.82cadce5f631664f14a25e16b3cfbcd5.jpg,reserve_B,vid20251222161918_mp4-0157
UAV-OBB/train/images/VID20251222161918_mp4-0157_jpg.rf.e81ecc51859ff711b57d01aa58205486.jpg,reserve_B,vid20251222161918_mp4-0157
UAV-OBB/train/images/VID20251222161918_mp4-0162_jpg.rf.256d47b6660b176ae99a012a155139fa.jpg,reserve_B,vid20251222161918_mp4-0162
UAV-OBB/train/images/VID20251222161918_mp4-0162_jpg.rf.4ea7fa79563d903e5aac676cf89ddd95.jpg,reserve_B,vid20251222161918_mp4-0162
UAV-OBB/train/images/VID20251222161918_mp4-0162_jpg.rf.5beced19f3e78a08424ec14ea812c124.jpg,reserve_B,vid20251222161918_mp4-0162
UAV-OBB/train/images/VID20251222161918_mp4-0170_jpg.rf.6dbdf4f63373ba99b4ef3226ffa90007.jpg,reserve_B,vid20251222161918_mp4-0170
UAV-OBB/train/images/VID20251222161918_mp4-0170_jpg.rf.8abc520dade1e5ae07263023988cf8e6.jpg,reserve_B,vid20251222161918_mp4-0170
UAV-OBB/train/images/VID20251222161918_mp4-0170_jpg.rf.dc6a67ecfc1bed650a3f5b3db0a17c44.jpg,reserve_B,vid20251222161918_mp4-0170
UAV-OBB/train/images/VID20251222161918_mp4-0173_jpg.rf.61004ee2dbd6432f87dd712bc5018b22.jpg,reserve_B,vid20251222161918_mp4-0173
UAV-OBB/train/images/VID20251222161918_mp4-0173_jpg.rf.8db919905b180ec9a72246008401b089.jpg,reserve_B,vid20251222161918_mp4-0173
UAV-OBB/train/images/VID20251222161918_mp4-0173_jpg.rf.fc14ea4af3d7f86e85385dbad8179739.jpg,reserve_B,vid20251222161918_mp4-0173
UAV-OBB/train/images/VID20251222161918_mp4-0179_jpg.rf.6e9d37d039e3ee6ac82359c3ddf600f4.jpg,reserve_B,vid20251222161918_mp4-0179
UAV-OBB/train/images/VID20251222161918_mp4-0179_jpg.rf.84b7f21af010af06d035d824bb46f3ce.jpg,reserve_B,vid20251222161918_mp4-0179
UAV-OBB/train/images/VID20251222161918_mp4-0179_jpg.rf.9fdd4a1f574f8032960bc675921c6967.jpg,reserve_B,vid20251222161918_mp4-0179
UAV-OBB/train/images/VID20251222161918_mp4-0184_jpg.rf.56e2550bc554e5577713df21ca17dadc.jpg,reserve_B,vid20251222161918_mp4-0184
UAV-OBB/train/images/VID20251222161918_mp4-0184_jpg.rf.85a227b5d3b9dba940b62639a3572e18.jpg,reserve_B,vid20251222161918_mp4-0184
UAV-OBB/train/images/VID20251222161918_mp4-0184_jpg.rf.8fa82f7b07609eb05e254cc95cc53735.jpg,reserve_B,vid20251222161918_mp4-0184
UAV-OBB/train/images/VID20251222161918_mp4-0187_jpg.rf.202ba3d7d7b5a6a015c837c00a4b1465.jpg,reserve_B,vid20251222161918_mp4-0187
UAV-OBB/train/images/VID20251222161918_mp4-0187_jpg.rf.6f1a82b506a550e620b1ba1bc7624359.jpg,reserve_B,vid20251222161918_mp4-0187
UAV-OBB/train/images/VID20251222161918_mp4-0187_jpg.rf.6f44e15d95ab4f4dbdf1a8c267c3c396.jpg,reserve_B,vid20251222161918_mp4-0187
UAV-OBB/train/images/VID20251222161918_mp4-0195_jpg.rf.1e843240ed8331abc1a3e873af792560.jpg,reserve_B,vid20251222161918_mp4-0195
UAV-OBB/train/images/VID20251222161918_mp4-0195_jpg.rf.5c447b207075c6a1ae6a818ff73afe23.jpg,reserve_B,vid20251222161918_mp4-0195
UAV-OBB/train/images/VID20251222161918_mp4-0195_jpg.rf.9bc2022d6debaa65e71541553777668b.jpg,reserve_B,vid20251222161918_mp4-0195
UAV-OBB/train/images/VID20251222161918_mp4-0201_jpg.rf.1704c5e815309c2290aa2cdc07363bb9.jpg,reserve_B,vid20251222161918_mp4-0201
UAV-OBB/train/images/VID20251222161918_mp4-0201_jpg.rf.3c8f55c411f3b3d675fa3d237f808af6.jpg,reserve_B,vid20251222161918_mp4-0201
UAV-OBB/train/images/VID20251222161918_mp4-0201_jpg.rf.884417309fb29bc06617407c4075aac0.jpg,reserve_B,vid20251222161918_mp4-0201
UAV-OBB/train/images/VID20251225083557_frame_010_jpg.rf.292786f1b90b4280f52998d5657ecb01.jpg,reserve_B,vid20251225083557_frame_010
UAV-OBB/train/images/VID20251225083557_frame_021_jpg.rf.ca4649e96a18c7c37b36e7d9ed70aef5.jpg,reserve_B,vid20251225083557_frame_021
UAV-OBB/train/images/VID20251225083557_frame_024_jpg.rf.8a57bacb9c1c59ed352b81a549cc5d8c.jpg,reserve_B,vid20251225083557_frame_024
UAV-OBB/train/images/VID20251228123344_frame_004_jpg.rf.307a286e23ca10f63df04c5a9ac31440.jpg,reserve_B,vid20251228123344_frame_004
UAV-OBB/train/images/VID20251228123344_frame_004_jpg.rf.8bfa0068b83b584eea620db3046de8a8.jpg,reserve_B,vid20251228123344_frame_004
UAV-OBB/train/images/VID20251228123344_frame_004_jpg.rf.a878eab698ff4eb1e6efa84f0e44ea8a.jpg,reserve_B,vid20251228123344_frame_004
UAV-OBB/train/images/VID20251228132158_frame_001_jpg.rf.42cafe9fb08a85f2248d27753134a4ad.jpg,reserve_B,vid20251228132158_frame_001
UAV-OBB/train/images/VID20251228132158_frame_001_jpg.rf.6d67c88bb787a0e5c45e98a4ff68b11c.jpg,reserve_B,vid20251228132158_frame_001
UAV-OBB/train/images/VID20251228132158_frame_001_jpg.rf.db250316dcf77bd8f12ff68d5eee6e84.jpg,reserve_B,vid20251228132158_frame_001
UAV-OBB/train/images/VID20251229082620_frame_004_jpg.rf.62d948009294f4d996b68a71562b492b.jpg,reserve_B,vid20251229082620_frame_004
UAV-OBB/train/images/VID20251229082620_frame_004_jpg.rf.a64dce0b4f6b60f4ec735709919f2eb4.jpg,reserve_B,vid20251229082620_frame_004
UAV-OBB/train/images/VID20251229082620_frame_004_jpg.rf.e19159c494e59388c9f5eae8d687d57b.jpg,reserve_B,vid20251229082620_frame_004
UAV-OBB/train/images/VID20251229082620_frame_005_jpg.rf.d3928be7d450887609fb3cdc5467ae77.jpg,reserve_B,vid20251229082620_frame_005
UAV-OBB/train/images/VID20251229082620_frame_005_jpg.rf.d39abb890d860530a7d320b2a4154fc9.jpg,reserve_B,vid20251229082620_frame_005
UAV-OBB/train/images/VID20251229082620_frame_005_jpg.rf.e66714354369b96fe2de4cb004d7bc92.jpg,reserve_B,vid20251229082620_frame_005
UAV-OBB/train/images/VID20251230173105_frame_004_jpg.rf.50bdc7e77b669cec731b7e05f6691c13.jpg,reserve_B,vid20251230173105_frame_004
UAV-OBB/train/images/VID20251230173105_frame_004_jpg.rf.7bfdf47448943d98ffa8062e94348f94.jpg,reserve_B,vid20251230173105_frame_004
UAV-OBB/train/images/VID20251230173105_frame_004_jpg.rf.88bd462d89b97ac3e5eae86f4f487361.jpg,reserve_B,vid20251230173105_frame_004
UAV-OBB/train/images/VID20251230173105_frame_005_jpg.rf.48a7d37cc692882221a56409a006fda3.jpg,reserve_B,vid20251230173105_frame_005
UAV-OBB/train/images/VID20251230173105_frame_005_jpg.rf.a0d11ad980012496146a2443fc5f7378.jpg,reserve_B,vid20251230173105_frame_005
UAV-OBB/train/images/VID20251230173105_frame_005_jpg.rf.ee87f8638472c5a419f0d8a9ff1a1085.jpg,reserve_B,vid20251230173105_frame_005
UAV-OBB/train/images/VID20251230173105_frame_006_jpg.rf.0d555c57e13746b4655e6431e0b5a881.jpg,reserve_B,vid20251230173105_frame_006
UAV-OBB/train/images/VID20251230173105_frame_006_jpg.rf.60190e22551de112c688dc3cb77fe387.jpg,reserve_B,vid20251230173105_frame_006
UAV-OBB/train/images/VID20251230173105_frame_006_jpg.rf.b993b323b16fa2ae5e38950d96211b4d.jpg,reserve_B,vid20251230173105_frame_006
UAV-OBB/train/images/VID20251230173130_frame_002_jpg.rf.08415359af0f3059928b859ef6df7832.jpg,reserve_B,vid20251230173130_frame_002
UAV-OBB/train/images/VID20251230173130_frame_002_jpg.rf.68622bc62e49079209d868dce17122e2.jpg,reserve_B,vid20251230173130_frame_002
UAV-OBB/train/images/VID20251230173130_frame_002_jpg.rf.829d4b5ec8892db9ea1056c0b997dd22.jpg,reserve_B,vid20251230173130_frame_002
UAV-OBB/train/images/VID20251230173130_frame_002_jpg.rf.829d4b5ec8892db9ea1056c0b997dd22a.jpg,reserve_B,vid20251230173130_frame_002
UAV-OBB/train/images/VID20251230173130_frame_002_jpg.rf.9c336c30257d175b13e7eebce69ff077.jpg,reserve_B,vid20251230173130_frame_002
UAV-OBB/train/images/VID20251230173130_frame_002_jpg.rf.e0f1bacb64f67f06a83fba8841dbb274.jpg,reserve_B,vid20251230173130_frame_002
UAV-OBB/train/images/VID20251230173130_frame_003_jpg.rf.2d5689c8b1c199b5e6543b8337e37541.jpg,reserve_B,vid20251230173130_frame_003
UAV-OBB/train/images/VID20251230173130_frame_003_jpg.rf.5a0136d4e8d3faae305eddd28eea210f.jpg,reserve_B,vid20251230173130_frame_003
UAV-OBB/train/images/VID20251230173130_frame_003_jpg.rf.5a0136d4e8d3faae305eddd28eea210fa.jpg,reserve_B,vid20251230173130_frame_003
UAV-OBB/train/images/VID20251230173130_frame_003_jpg.rf.7a6b4d307f9b1e7c3b502602679000e8.jpg,reserve_B,vid20251230173130_frame_003
UAV-OBB/train/images/VID20251230173130_frame_003_jpg.rf.853a734bcb496ab095aeb80f8da4a25e.jpg,reserve_B,vid20251230173130_frame_003
UAV-OBB/train/images/VID20251230173130_frame_003_jpg.rf.aff8650aa591042178cb17f9f0d8eaba.jpg,reserve_B,vid20251230173130_frame_003
UAV-OBB/train/images/VID20251230173130_frame_004_jpg.rf.0c422ee4332375ab58a276d041e96aea.jpg,reserve_B,vid20251230173130_frame_004
UAV-OBB/train/images/VID20251230173130_frame_004_jpg.rf.ed1f5babb78e60b4182d70371c64cbe0.jpg,reserve_B,vid20251230173130_frame_004
UAV-OBB/train/images/VID20251230173130_frame_004_jpg.rf.fadb2aa0c4c7640a7de3e715d359433e.jpg,reserve_B,vid20251230173130_frame_004
UAV-OBB/train/images/VID20251230173143_frame_001_jpg.rf.1118455952ada802e2202f3b58e3c0c0.jpg,reserve_B,vid20251230173143_frame_001
UAV-OBB/train/images/VID20251230173143_frame_001_jpg.rf.a914dc79d200c0b88c783c6238863357.jpg,reserve_B,vid20251230173143_frame_001
UAV-OBB/train/images/VID20251230173143_frame_001_jpg.rf.e9a315d88b913d154d186cb2e66f620b.jpg,reserve_B,vid20251230173143_frame_001
UAV-OBB/train/images/VID20251230173143_frame_003_jpg.rf.1de3ca2ae23858a5b1426f8f35acf77f.jpg,reserve_B,vid20251230173143_frame_003
UAV-OBB/train/images/VID20251230173143_frame_003_jpg.rf.28f67bce8bd1c39044e4a0805a6023bb.jpg,reserve_B,vid20251230173143_frame_003
UAV-OBB/train/images/VID20251230173143_frame_003_jpg.rf.5492da5efdd0d1c42432ab9fe4d7802c.jpg,reserve_B,vid20251230173143_frame_003
UAV-OBB/train/images/VID20251230173143_frame_004_jpg.rf.56a8210228578973fc5794a9ce09464c.jpg,reserve_B,vid20251230173143_frame_004
UAV-OBB/train/images/VID20251230173143_frame_004_jpg.rf.abbe1233656d2c787a3d8ea08c265f8a.jpg,reserve_B,vid20251230173143_frame_004
UAV-OBB/train/images/VID20251230173143_frame_004_jpg.rf.e9e10a085f88abea4ba2e46a88b05a03.jpg,reserve_B,vid20251230173143_frame_004
UAV-OBB/train/images/VID20251230173143_frame_005_jpg.rf.0d0a2b5ad4ad2b5dbf66948e12bd54c6.jpg,reserve_B,vid20251230173143_frame_005
UAV-OBB/train/images/VID20251230173143_frame_005_jpg.rf.59a818e507ed7c8c120f0a9d7eceb34f.jpg,reserve_B,vid20251230173143_frame_005
UAV-OBB/train/images/VID20251230173143_frame_005_jpg.rf.f8c2723210421b3b743f246101a805e1.jpg,reserve_B,vid20251230173143_frame_005
UAV-OBB/train/images/VID20251230173143_frame_011_jpg.rf.3a4aa67589bf7650c69a9979821e1214.jpg,reserve_B,vid20251230173143_frame_011
UAV-OBB/train/images/VID20251230173143_frame_011_jpg.rf.533fc3d414998fcc2888ba7a1906488a.jpg,reserve_B,vid20251230173143_frame_011
UAV-OBB/train/images/VID20251230173143_frame_011_jpg.rf.5548b360854bf7c2a1a7b1fa345dab72.jpg,reserve_B,vid20251230173143_frame_011
UAV-OBB/train/images/VID20251230173143_frame_012_jpg.rf.5403558a067388f1c42ee9cf8deaa40d.jpg,reserve_B,vid20251230173143_frame_012
UAV-OBB/train/images/VID20251230173143_frame_012_jpg.rf.6fb254ddd1d124aff4ac89fefd07a96e.jpg,reserve_B,vid20251230173143_frame_012
UAV-OBB/train/images/VID20251230173143_frame_012_jpg.rf.7e223cdd58186d2c0efa7f9ea91528e7.jpg,reserve_B,vid20251230173143_frame_012
UAV-OBB/train/images/VID20260101144935_frame_001_jpg.rf.35f6efd28622f03016cb598855ab3380.jpg,reserve_B,vid20260101144935_frame_001
UAV-OBB/train/images/VID20260101144935_frame_001_jpg.rf.5b41c2ade0c7055d1b5e9c0d9a019e30.jpg,reserve_B,vid20260101144935_frame_001
UAV-OBB/train/images/VID20260101144935_frame_001_jpg.rf.d88cea175a447db9b872d2cce4c7706a.jpg,reserve_B,vid20260101144935_frame_001
UAV-OBB/train/images/VID20260303081830_frame_007_jpg.rf.909934ec54dff2645b61bd74a105422f.jpg,reserve_B,vid20260303081830_frame_007
UAV-OBB/train/images/VID20260303081830_frame_007_jpg.rf.96e74db8dd6304d23cec7dad96a8b919.jpg,reserve_B,vid20260303081830_frame_007
UAV-OBB/train/images/VID20260303081830_frame_007_jpg.rf.a9ff867b741fdd5cc699f03bf3d9c899.jpg,reserve_B,vid20260303081830_frame_007
UAV-OBB/train/images/VID20260303081830_frame_008_jpg.rf.1061da8b1fad2cd951cdab9e119d8e49.jpg,reserve_B,vid20260303081830_frame_008
UAV-OBB/train/images/VID20260303081830_frame_008_jpg.rf.2982448e79e96fa65e5b4c56a6ef5784.jpg,reserve_B,vid20260303081830_frame_008
UAV-OBB/train/images/VID20260303081830_frame_008_jpg.rf.4a5e7623b7e3d2cbd16bae2c9ae11cd0.jpg,reserve_B,vid20260303081830_frame_008
UAV-OBB/train/images/VID20260303081830_frame_009_jpg.rf.98e67802373cd69d1095116c35e8bfbf.jpg,reserve_B,vid20260303081830_frame_009
UAV-OBB/train/images/VID20260303081830_frame_009_jpg.rf.e413cc5f3473580f5242d655f2eb6f6e.jpg,reserve_B,vid20260303081830_frame_009
UAV-OBB/train/images/VID20260303081830_frame_009_jpg.rf.f0b4830a585a54759e84754315b6ef14.jpg,reserve_B,vid20260303081830_frame_009
UAV-OBB/train/images/VID20260303081830_frame_013_jpg.rf.4e9d803c42f93aa2848c8ba848e10990.jpg,reserve_B,vid20260303081830_frame_013
UAV-OBB/train/images/VID20260303081830_frame_013_jpg.rf.7ec5e0c7db0e24b1b70a60f7ea7539a5.jpg,reserve_B,vid20260303081830_frame_013
UAV-OBB/train/images/VID20260303081830_frame_013_jpg.rf.b4971d4ff9a7d8ea579db78b08564f41.jpg,reserve_B,vid20260303081830_frame_013
UAV-OBB/train/images/VID20260303081830_frame_014_jpg.rf.10dbdbb8751445d663716a10e53feb62.jpg,reserve_B,vid20260303081830_frame_014
UAV-OBB/train/images/VID20260303081830_frame_014_jpg.rf.4290b45f86ddd744f50ea4ed9d3d933b.jpg,reserve_B,vid20260303081830_frame_014
UAV-OBB/train/images/VID20260303081830_frame_014_jpg.rf.9f3384f8de782b6ea4f0b318cf1851e0.jpg,reserve_B,vid20260303081830_frame_014
UAV-OBB/train/images/VID20260303081830_frame_015_jpg.rf.34205dc89816960522747e75317a7680.jpg,reserve_B,vid20260303081830_frame_015
UAV-OBB/train/images/VID20260303081830_frame_015_jpg.rf.7435abe44e84095029335e857a15f05c.jpg,reserve_B,vid20260303081830_frame_015
UAV-OBB/train/images/VID20260303081830_frame_015_jpg.rf.d1ed331581384a68632085d14b90788e.jpg,reserve_B,vid20260303081830_frame_015
UAV-OBB/train/images/VID20260303081830_frame_018_jpg.rf.6491da98465c6c3225f8cdfb8cb3f65b.jpg,reserve_B,vid20260303081830_frame_018
UAV-OBB/train/images/VID20260303081830_frame_018_jpg.rf.7cc550435730a74dc2e29a5b93094475.jpg,reserve_B,vid20260303081830_frame_018
UAV-OBB/train/images/VID20260303081830_frame_018_jpg.rf.a5c6870421abe70bace1070319aafa61.jpg,reserve_B,vid20260303081830_frame_018
UAV-OBB/train/images/VID20260306082843_frame_005_jpg.rf.0bd21873ff55862f6c95225b92c0c78e.jpg,reserve_B,vid20260306082843_frame_005
UAV-OBB/train/images/VID20260306082843_frame_005_jpg.rf.2bdf7ff800bdbebb3b92fb233796ca18.jpg,reserve_B,vid20260306082843_frame_005
UAV-OBB/train/images/VID20260306082843_frame_005_jpg.rf.dcdf39f3d23b6c5c37d91f87fee39a24.jpg,reserve_B,vid20260306082843_frame_005
UAV-OBB/train/images/VID20260306082843_frame_006_jpg.rf.56444dcba3dac8cac94cdd81a2e338bf.jpg,reserve_B,vid20260306082843_frame_006
UAV-OBB/train/images/VID20260306082843_frame_006_jpg.rf.718b46602dd69e1303861ecd53c87328.jpg,reserve_B,vid20260306082843_frame_006
UAV-OBB/train/images/VID20260306082843_frame_006_jpg.rf.7a5c99436082bf790d6d82e073f471aa.jpg,reserve_B,vid20260306082843_frame_006
UAV-OBB/train/images/VID20260306082843_frame_007_jpg.rf.2b0f12869224ac76392bf433ef74c44a.jpg,reserve_B,vid20260306082843_frame_007
UAV-OBB/train/images/VID20260306082843_frame_007_jpg.rf.e2031991c2d978fe427855d6bc2b3894.jpg,reserve_B,vid20260306082843_frame_007
UAV-OBB/train/images/VID20260306082843_frame_007_jpg.rf.f056927d6ed97fdda73499d1fb5f3c76.jpg,reserve_B,vid20260306082843_frame_007
UAV-OBB/train/images/VID20260306082843_frame_008_jpg.rf.53ce64ae962d09ffc12ea46141b94b60.jpg,reserve_B,vid20260306082843_frame_008
UAV-OBB/train/images/VID20260306082843_frame_008_jpg.rf.71ddab9a8d7c2c7c0b001c35683d68ee.jpg,reserve_B,vid20260306082843_frame_008
UAV-OBB/train/images/VID20260306082843_frame_008_jpg.rf.bb91a842f7347b89830e9aadd84988e2.jpg,reserve_B,vid20260306082843_frame_008
UAV-OBB/train/images/VID20260306170602_frame_001_jpg.rf.6f28a8a4bebf7d1a83937ee025c8cda2.jpg,reserve_B,vid20260306170602_frame_001
UAV-OBB/train/images/VID20260306170602_frame_001_jpg.rf.832a19373df3116f00bca66a173e8296.jpg,reserve_B,vid20260306170602_frame_001
UAV-OBB/train/images/VID20260306170602_frame_001_jpg.rf.89851fde1cf25eefa3ba93a1dcf7e000.jpg,reserve_B,vid20260306170602_frame_001
UAV-OBB/train/images/frame_000039_jpg.rf.8efd63f53d54342c41e264951bc73fe2.jpg,reserve_B,frame_000039
UAV-OBB/train/images/frame_000039_jpg.rf.c71b815e0d67f611e6dc0b1ba82dc99d.jpg,reserve_B,frame_000039
UAV-OBB/train/images/frame_000039_jpg.rf.e9638ba474c36b71e505f0b7bd6aa44a.jpg,reserve_B,frame_000039
UAV-OBB/train/images/frame_000064_jpg.rf.1aaa43187f19d66c135d46d2261c869e.jpg,reserve_B,frame_000064
UAV-OBB/train/images/frame_000064_jpg.rf.99b7bf67d62d989b34f2d3d071052ff7.jpg,reserve_B,frame_000064
UAV-OBB/train/images/frame_000064_jpg.rf.c156873e36d800b33944118dbc752d3b.jpg,reserve_B,frame_000064
UAV-OBB/train/images/frame_000142_jpg.rf.236b14c55777af8f171187299d9e251d.jpg,reserve_B,frame_000142
UAV-OBB/train/images/frame_000142_jpg.rf.a528fa884915e90487768df763d0cb0f.jpg,reserve_B,frame_000142
UAV-OBB/train/images/frame_000142_jpg.rf.d5996307668ea1e9ff324349d5dafc48.jpg,reserve_B,frame_000142
UAV-OBB/train/images/frame_000151_jpg.rf.a7f64c8a95c3a15b2a21f1ce9d4304a5.jpg,reserve_B,frame_000151
UAV-OBB/train/images/frame_000151_jpg.rf.b31d87cfc55555d5fab2a8fd736ad749.jpg,reserve_B,frame_000151
UAV-OBB/train/images/frame_000151_jpg.rf.cc0423c06baa91ecf044d3d7fe35cea9.jpg,reserve_B,frame_000151
UAV-OBB/train/images/frame_000155_jpg.rf.037998064b1801babf7e25a43e91075b.jpg,reserve_B,frame_000155
UAV-OBB/train/images/frame_000155_jpg.rf.16f57d8dd0cbf74cd5f66adc27646a86.jpg,reserve_B,frame_000155
UAV-OBB/train/images/frame_000155_jpg.rf.b3a6832406247f4185ad82101f10260a.jpg,reserve_B,frame_000155
UAV-OBB/train/images/frame_000158_jpg.rf.09a742b4ec2dc613ed2d498d1af7609b.jpg,reserve_B,frame_000158
UAV-OBB/train/images/frame_000158_jpg.rf.3cd9316ff73653fc50ee2f05a98b4cf1.jpg,reserve_B,frame_000158
UAV-OBB/train/images/frame_000158_jpg.rf.827df441b8b69c2fe7e75cdfe9da3c7f.jpg,reserve_B,frame_000158
UAV-OBB/train/images/frame_000165_jpg.rf.1ece52273b551c99bfb82491fbc0eaca.jpg,reserve_B,frame_000165
UAV-OBB/train/images/frame_000165_jpg.rf.41a3df950cdd23a1005411ccf7597a50.jpg,reserve_B,frame_000165
UAV-OBB/train/images/frame_000165_jpg.rf.c8432b19109b1062e5fcb1fd084a1072.jpg,reserve_B,frame_000165
UAV-OBB/train/images/frame_000174_jpg.rf.02b9b6c9ff996b80f25091268eb89374.jpg,reserve_B,frame_000174
UAV-OBB/train/images/frame_000174_jpg.rf.36102da556734e03c32db3da4a080e90.jpg,reserve_B,frame_000174
UAV-OBB/train/images/frame_000174_jpg.rf.fa90338be76f03dfa7dd4561f05bf9a6.jpg,reserve_B,frame_000174
UAV-OBB/train/images/frame_000188_jpg.rf.03004e4051560cf6170df0350e43a00b.jpg,reserve_B,frame_000188
UAV-OBB/train/images/frame_000188_jpg.rf.a9902fccf69ab18d0858f8d64fc9e176.jpg,reserve_B,frame_000188
UAV-OBB/train/images/frame_000188_jpg.rf.fa84b173f18894e3ef2bfc7ade5790d2.jpg,reserve_B,frame_000188
UAV-OBB/train/images/frame_000206_jpg.rf.19cdc56a445b9ba80a607d8a21d97456.jpg,reserve_B,frame_000206
UAV-OBB/train/images/frame_000206_jpg.rf.8c469f0147c2594bea727784c3187542.jpg,reserve_B,frame_000206
UAV-OBB/train/images/frame_000206_jpg.rf.db4ce375b903e3862a3906a7cdb0103f.jpg,reserve_B,frame_000206
UAV-OBB/train/images/frame_000210_jpg.rf.2547378f530c384d5c46e1b21aefa6f0.jpg,reserve_B,frame_000210
UAV-OBB/train/images/frame_000210_jpg.rf.2b16d8c869b1e0ac4ec5cb489689b394.jpg,reserve_B,frame_000210
UAV-OBB/train/images/frame_000210_jpg.rf.3d0afe8036f31872230df5b111834471.jpg,reserve_B,frame_000210
UAV-OBB/train/images/frame_000225_jpg.rf.42d1698fb0d216bc87891c09d0c22bec.jpg,reserve_B,frame_000225
UAV-OBB/train/images/frame_000225_jpg.rf.9b08d25d156cc166d365a7a367cb3e95.jpg,reserve_B,frame_000225
UAV-OBB/train/images/frame_000225_jpg.rf.ee297cfcff66f263be75ee6b071a94bc.jpg,reserve_B,frame_000225
UAV-OBB/train/images/frame_000255_jpg.rf.0fc3228583c10ea809313aaa606dfc4a.jpg,reserve_B,frame_000255
UAV-OBB/train/images/frame_000255_jpg.rf.404d5ad46aad1d8e2c418fb3ae9c58e7.jpg,reserve_B,frame_000255
UAV-OBB/train/images/frame_000255_jpg.rf.8fb6615b08b86e7a701b5dfb35ca3961.jpg,reserve_B,frame_000255
UAV-OBB/train/images/frame_000347_jpg.rf.05a5b397b2e9d3b08ec343bd872bcae2.jpg,reserve_B,frame_000347
UAV-OBB/train/images/frame_000347_jpg.rf.a8df309e5124202d7d7bb66ccef3a286.jpg,reserve_B,frame_000347
UAV-OBB/train/images/frame_000347_jpg.rf.dbdca0ae74b9d1adb5a66693631f4ad4.jpg,reserve_B,frame_000347
UAV-OBB/train/images/frame_000407_jpg.rf.7cb6104bd12c58b9248f9132f6d83562.jpg,reserve_B,frame_000407
UAV-OBB/train/images/frame_000407_jpg.rf.9baa08b370544aac7404bf2ea5a2f07d.jpg,reserve_B,frame_000407
UAV-OBB/train/images/frame_000407_jpg.rf.dc0a2fa50aab78ad8091d0d02f0d1f77.jpg,reserve_B,frame_000407
UAV-OBB/train/images/frame_000823_jpg.rf.126951aaec30bbdc74e9925f57bad599.jpg,reserve_B,frame_000823
UAV-OBB/train/images/frame_000823_jpg.rf.59c33acc3371b05f4619e5385ac9b4ea.jpg,reserve_B,frame_000823
UAV-OBB/train/images/frame_000823_jpg.rf.dd0ba427fc537f3ee9971c9aa189561c.jpg,reserve_B,frame_000823
UAV-OBB/train/images/frame_000932_jpg.rf.5bdcd7d54b753d4e058fee2c6d66a01c.jpg,reserve_B,frame_000932
UAV-OBB/train/images/frame_000932_jpg.rf.7970c76b9afc4aa39f20793b3888b730.jpg,reserve_B,frame_000932
UAV-OBB/train/images/frame_000932_jpg.rf.fbf2b646b089c59e96945c079d0b6c5b.jpg,reserve_B,frame_000932
UAV-OBB/train/images/frame_000942_jpg.rf.1ea88104777833fcb0f6f2501c9625e7.jpg,reserve_B,frame_000942
UAV-OBB/train/images/frame_000942_jpg.rf.28d2ec92c50672a6de2d7c920c1903d9.jpg,reserve_B,frame_000942
UAV-OBB/train/images/frame_000942_jpg.rf.2f53d2ec806afae8945c96bde7cc325c.jpg,reserve_B,frame_000942
UAV-OBB/train/images/frame_000943_jpg.rf.1f09921cf527dfcc2233a4cd3269c2fa.jpg,reserve_B,frame_000943
UAV-OBB/train/images/frame_000943_jpg.rf.2cd1889befbb6697d43f6c9194ebd94e.jpg,reserve_B,frame_000943
UAV-OBB/train/images/frame_000943_jpg.rf.f73b2545cabbbe560b75e09bb2c87f96.jpg,reserve_B,frame_000943
UAV-OBB/train/images/frame_000972_jpg.rf.edeb53cdbe0aab2ddef5d6a2a34a7cc7.jpg,reserve_B,frame_000972
UAV-OBB/train/images/frame_000972_jpg.rf.f080374f4a79a0bf6205e0f187e94cfd.jpg,reserve_B,frame_000972
UAV-OBB/train/images/frame_000972_jpg.rf.fac7f2458c3c49d85c67c6e095ab49b4.jpg,reserve_B,frame_000972
UAV-OBB/train/images/frame_000999_jpg.rf.95f46eb726840e5e46ffc4a4f1b82a42.jpg,reserve_B,frame_000999
UAV-OBB/train/images/frame_000999_jpg.rf.9fb23fbdbaca384f6b4fa23aeb7151f9.jpg,reserve_B,frame_000999
UAV-OBB/train/images/frame_000999_jpg.rf.d8eb84c2e45e418c04fc0d25dd5c2c88.jpg,reserve_B,frame_000999
UAV-OBB/train/images/frame_001003_jpg.rf.9b01bc43de3c27497617513530c3a914.jpg,reserve_B,frame_001003
UAV-OBB/train/images/frame_001003_jpg.rf.a43798a4618f24395901d9f7be58cc9b.jpg,reserve_B,frame_001003
UAV-OBB/train/images/frame_001003_jpg.rf.ba381d9fb1a56707805e741352252199.jpg,reserve_B,frame_001003
UAV-OBB/train/images/frame_001011_jpg.rf.48657bd145150665cefae3da1c0179cc.jpg,reserve_B,frame_001011
UAV-OBB/train/images/frame_001011_jpg.rf.6db53aca791f7c759e714c3ae0c5d340.jpg,reserve_B,frame_001011
UAV-OBB/train/images/frame_001011_jpg.rf.cc23908413defb04b129dd6cf318ea4f.jpg,reserve_B,frame_001011
UAV-OBB/train/images/frame_001019_jpg.rf.1b475a56dbca85b7bd7054925aa56632.jpg,reserve_B,frame_001019
UAV-OBB/train/images/frame_001019_jpg.rf.5dbbbd0674065c4745eb9dbd52bd280a.jpg,reserve_B,frame_001019
UAV-OBB/train/images/frame_001019_jpg.rf.5f95830ef0d3d2e0d9cd74794dcd0dba.jpg,reserve_B,frame_001019
UAV-OBB/train/images/frame_001108_jpg.rf.75fa315ef2e2dcf5cbb236dace7c4182.jpg,reserve_B,frame_001108
UAV-OBB/train/images/frame_001108_jpg.rf.92d87ad7aa4d8c48c0e7e2ac4ac7a907.jpg,reserve_B,frame_001108
UAV-OBB/train/images/frame_001108_jpg.rf.a2256bed38f0846bd6e6b4a1b9e78789.jpg,reserve_B,frame_001108
UAV-OBB/train/images/frame_001165_jpg.rf.3d3521e1cad02715c1a64d39365cd5d5.jpg,reserve_B,frame_001165
UAV-OBB/train/images/frame_001165_jpg.rf.91936f98d7396b11986155f97338c811.jpg,reserve_B,frame_001165
UAV-OBB/train/images/frame_001165_jpg.rf.f0c43189e51774e07c095f409d51ee2f.jpg,reserve_B,frame_001165
UAV-OBB/train/images/frame_001172_jpg.rf.153e75b2df764fa62ad9548412ba4e50.jpg,reserve_B,frame_001172
UAV-OBB/train/images/frame_001172_jpg.rf.775381050159985606b6f411549e7a9c.jpg,reserve_B,frame_001172
UAV-OBB/train/images/frame_001172_jpg.rf.8d68cdec2f318d18309f5067ddda4b45.jpg,reserve_B,frame_001172
UAV-OBB/train/images/frame_001181_jpg.rf.9d9094f0251ddc16caf7351ed1b47774.jpg,reserve_B,frame_001181
UAV-OBB/train/images/frame_001181_jpg.rf.beaf286b591035b90cc631748a5bbce2.jpg,reserve_B,frame_001181
UAV-OBB/train/images/frame_001181_jpg.rf.dcabd7bbc130b8c48d2419822ccc4104.jpg,reserve_B,frame_001181
UAV-OBB/train/images/frame_001183_jpg.rf.24488bb54c175cc31815161408da004e.jpg,reserve_B,frame_001183
UAV-OBB/train/images/frame_001183_jpg.rf.d13a531909148fb97d5f787f6224b65f.jpg,reserve_B,frame_001183
UAV-OBB/train/images/frame_001183_jpg.rf.e58647690620f57a9af052fb0d08e96f.jpg,reserve_B,frame_001183
UAV-OBB/train/images/frame_001556_jpg.rf.54391d06da43568ad34dd7a526b88c6a.jpg,reserve_B,frame_001556
UAV-OBB/train/images/frame_001556_jpg.rf.90a7660d3be3b643dd9edab5bfa925b5.jpg,reserve_B,frame_001556
UAV-OBB/train/images/frame_001556_jpg.rf.fb23d0f6a1baac51da6ba09a8be566f8.jpg,reserve_B,frame_001556
UAV-OBB/train/images/frame_002267_jpg.rf.2bb0c18ec16651af1efb82a9129491b0.jpg,reserve_B,frame_002267
UAV-OBB/train/images/frame_002267_jpg.rf.63c7b461c503366203e857790f354808.jpg,reserve_B,frame_002267
UAV-OBB/train/images/frame_002267_jpg.rf.6e4a9ba14272ef74cf87146c3df0eefe.jpg,reserve_B,frame_002267
